solid OpenSCAD_Model
  facet normal -0.989176 -0.146736 0
    outer loop
      vertex -2.32314 0.819638 0
      vertex -2.38074 1.20793 6.8
      vertex -2.38074 1.20793 0
    endloop
  endfacet
  facet normal -0.989176 -0.146736 0
    outer loop
      vertex -2.38074 1.20793 6.8
      vertex -2.32314 0.819638 0
      vertex -2.32314 0.819638 6.8
    endloop
  endfacet
  facet normal -0.998796 0.049061 0
    outer loop
      vertex -2.4 28.4 0
      vertex -2.38074 28.7921 6.8
      vertex -2.38074 28.7921 0
    endloop
  endfacet
  facet normal -0.998796 0.049061 0
    outer loop
      vertex -2.38074 28.7921 6.8
      vertex -2.4 28.4 0
      vertex -2.4 28.4 6.8
    endloop
  endfacet
  facet normal 0 1 -0
    outer loop
      vertex 63.4 32.4 0
      vertex 1.6 32.4 6.8
      vertex 63.4 32.4 6.8
    endloop
  endfacet
  facet normal 0 1 0
    outer loop
      vertex 1.6 32.4 6.8
      vertex 63.4 32.4 0
      vertex 1.6 32.4 0
    endloop
  endfacet
  facet normal 0.80313 -0.595804 0
    outer loop
      vertex 66.492 -0.937572 6.8
      vertex 66.7259 -0.62228 0
      vertex 66.7259 -0.62228 6.8
    endloop
  endfacet
  facet normal 0.80313 -0.595804 0
    outer loop
      vertex 66.7259 -0.62228 0
      vertex 66.492 -0.937572 6.8
      vertex 66.492 -0.937572 0
    endloop
  endfacet
  facet normal -0.427571 -0.903982 0
    outer loop
      vertex -0.285586 -1.92768 0
      vertex 0.0692654 -2.09552 6.8
      vertex -0.285586 -1.92768 6.8
    endloop
  endfacet
  facet normal -0.427571 -0.903982 -0
    outer loop
      vertex 0.0692654 -2.09552 6.8
      vertex -0.285586 -1.92768 0
      vertex 0.0692654 -2.09552 0
    endloop
  endfacet
  facet normal -0.803203 -0.595705 0
    outer loop
      vertex -1.49204 -0.937572 0
      vertex -1.72588 -0.62228 6.8
      vertex -1.72588 -0.62228 0
    endloop
  endfacet
  facet normal -0.803203 -0.595705 0
    outer loop
      vertex -1.72588 -0.62228 6.8
      vertex -1.49204 -0.937572 0
      vertex -1.49204 -0.937572 6.8
    endloop
  endfacet
  facet normal -0.146736 -0.989176 0
    outer loop
      vertex 0.819638 -2.32314 0
      vertex 1.20793 -2.38074 6.8
      vertex 0.819638 -2.32314 6.8
    endloop
  endfacet
  facet normal -0.146736 -0.989176 -0
    outer loop
      vertex 1.20793 -2.38074 6.8
      vertex 0.819638 -2.32314 0
      vertex 1.20793 -2.38074 0
    endloop
  endfacet
  facet normal 0.146733 -0.989176 0
    outer loop
      vertex 63.7921 -2.38074 0
      vertex 64.1804 -2.32314 6.8
      vertex 63.7921 -2.38074 6.8
    endloop
  endfacet
  facet normal 0.146733 -0.989176 0
    outer loop
      vertex 64.1804 -2.32314 6.8
      vertex 63.7921 -2.38074 0
      vertex 64.1804 -2.32314 0
    endloop
  endfacet
  facet normal 0.998791 -0.0491664 0
    outer loop
      vertex 67.3807 1.20793 6.8
      vertex 67.4 1.6 0
      vertex 67.4 1.6 6.8
    endloop
  endfacet
  facet normal 0.998791 -0.0491664 0
    outer loop
      vertex 67.4 1.6 0
      vertex 67.3807 1.20793 6.8
      vertex 67.3807 1.20793 0
    endloop
  endfacet
  facet normal 0.242835 0.970068 -0
    outer loop
      vertex 64.5611 32.2278 0
      vertex 64.1804 32.3231 6.8
      vertex 64.5611 32.2278 6.8
    endloop
  endfacet
  facet normal 0.242835 0.970068 0
    outer loop
      vertex 64.1804 32.3231 6.8
      vertex 64.5611 32.2278 0
      vertex 64.1804 32.3231 0
    endloop
  endfacet
  facet normal 0.671621 -0.740895 0
    outer loop
      vertex 65.9376 -1.49204 0
      vertex 66.2284 -1.22843 6.8
      vertex 65.9376 -1.49204 6.8
    endloop
  endfacet
  facet normal 0.671621 -0.740895 0
    outer loop
      vertex 66.2284 -1.22843 6.8
      vertex 65.9376 -1.49204 0
      vertex 66.2284 -1.22843 0
    endloop
  endfacet
  facet normal 0 -1 0
    outer loop
      vertex 1.6 -2.4 6.8
      vertex 4.3 -2.4 4.5
      vertex 4.3 -2.4 6.8
    endloop
  endfacet
  facet normal 0 -1 -0
    outer loop
      vertex 4.3 -2.4 4.5
      vertex 1.6 -2.4 0
      vertex 20.4 -2.4 4.5
    endloop
  endfacet
  facet normal 0 -1 0
    outer loop
      vertex 1.6 -2.4 0
      vertex 4.3 -2.4 4.5
      vertex 1.6 -2.4 6.8
    endloop
  endfacet
  facet normal 0 -1 0
    outer loop
      vertex 20.4 -2.4 6.8
      vertex 32.55 -2.4 4.65
      vertex 32.55 -2.4 6.8
    endloop
  endfacet
  facet normal 0 -1 0
    outer loop
      vertex 63.4 -2.4 0
      vertex 45.65 -2.4 4.65
      vertex 32.55 -2.4 4.65
    endloop
  endfacet
  facet normal 0 -1 0
    outer loop
      vertex 45.65 -2.4 4.65
      vertex 63.4 -2.4 0
      vertex 47.05 -2.4 4.65
    endloop
  endfacet
  facet normal 0 -1 0
    outer loop
      vertex 1.6 -2.4 0
      vertex 32.55 -2.4 4.65
      vertex 20.4 -2.4 4.5
    endloop
  endfacet
  facet normal 0 -1 0
    outer loop
      vertex 20.4 -2.4 4.5
      vertex 32.55 -2.4 4.65
      vertex 20.4 -2.4 6.8
    endloop
  endfacet
  facet normal 0 -1 0
    outer loop
      vertex 45.65 -2.4 4.65
      vertex 47.05 -2.4 6.8
      vertex 45.65 -2.4 6.8
    endloop
  endfacet
  facet normal 0 -1 -0
    outer loop
      vertex 47.05 -2.4 6.8
      vertex 45.65 -2.4 4.65
      vertex 47.05 -2.4 4.65
    endloop
  endfacet
  facet normal 0 -1 0
    outer loop
      vertex 60.15 -2.4 4.65
      vertex 63.4 -2.4 6.8
      vertex 60.15 -2.4 6.8
    endloop
  endfacet
  facet normal 0 -1 -0
    outer loop
      vertex 32.55 -2.4 4.65
      vertex 1.6 -2.4 0
      vertex 63.4 -2.4 0
    endloop
  endfacet
  facet normal 0 -1 0
    outer loop
      vertex 60.15 -2.4 4.65
      vertex 63.4 -2.4 0
      vertex 63.4 -2.4 6.8
    endloop
  endfacet
  facet normal 0 -1 0
    outer loop
      vertex 47.05 -2.4 4.65
      vertex 63.4 -2.4 0
      vertex 60.15 -2.4 4.65
    endloop
  endfacet
  facet normal -1 0 0
    outer loop
      vertex -2.4 20.0086 5.82458
      vertex -2.4 28.4 6.8
      vertex -2.4 28.4 0
    endloop
  endfacet
  facet normal -1 -0 0
    outer loop
      vertex -2.4 28.4 6.8
      vertex -2.4 20.1517 6.1327
      vertex -2.4 20.3053 6.8
    endloop
  endfacet
  facet normal -1 0 0
    outer loop
      vertex -2.4 28.4 6.8
      vertex -2.4 20.0086 5.82458
      vertex -2.4 20.1517 6.1327
    endloop
  endfacet
  facet normal -1 0 0
    outer loop
      vertex -2.4 28.4 0
      vertex -2.4 19.7045 5.1702
      vertex -2.4 20.0086 5.82458
    endloop
  endfacet
  facet normal -1 0 0
    outer loop
      vertex -2.4 28.4 0
      vertex -2.4 19.2951 4.59244
      vertex -2.4 19.7045 5.1702
    endloop
  endfacet
  facet normal -1 0 0
    outer loop
      vertex -2.4 28.4 0
      vertex -2.4 18.9701 4.2311
      vertex -2.4 19.2951 4.59244
    endloop
  endfacet
  facet normal -1 0 0
    outer loop
      vertex -2.4 28.4 0
      vertex -2.4 18.3195 3.70126
      vertex -2.4 18.9701 4.2311
    endloop
  endfacet
  facet normal -1 0 0
    outer loop
      vertex -2.4 28.4 0
      vertex -2.4 18.0728 3.55638
      vertex -2.4 18.3195 3.70126
    endloop
  endfacet
  facet normal -1 0 0
    outer loop
      vertex -2.4 28.4 0
      vertex -2.4 17.6779 3.32445
      vertex -2.4 18.0728 3.55638
    endloop
  endfacet
  facet normal -1 0 0
    outer loop
      vertex -2.4 28.4 0
      vertex -2.4 17.4004 3.19818
      vertex -2.4 17.6779 3.32445
    endloop
  endfacet
  facet normal -1 0 0
    outer loop
      vertex -2.4 28.4 0
      vertex -2.4 16.8008 3.03339
      vertex -2.4 17.4004 3.19818
    endloop
  endfacet
  facet normal -1 0 0
    outer loop
      vertex -2.4 28.4 0
      vertex -2.4 16.5167 2.9553
      vertex -2.4 16.8008 3.03339
    endloop
  endfacet
  facet normal -1 0 0
    outer loop
      vertex -2.4 28.4 0
      vertex -2.4 16.1209 2.91892
      vertex -2.4 16.5167 2.9553
    endloop
  endfacet
  facet normal -1 0 0
    outer loop
      vertex -2.4 28.4 0
      vertex -2.4 15.65 2.87564
      vertex -2.4 16.1209 2.91892
    endloop
  endfacet
  facet normal -1 0 0
    outer loop
      vertex -2.4 1.6 0
      vertex -2.4 15.65 2.87564
      vertex -2.4 28.4 0
    endloop
  endfacet
  facet normal -1 -0 0
    outer loop
      vertex -2.4 15.65 2.87564
      vertex -2.4 1.6 0
      vertex -2.4 15.1791 2.91892
    endloop
  endfacet
  facet normal -1 0 0
    outer loop
      vertex -2.4 1.6 0
      vertex -2.4 13.2272 3.55638
      vertex -2.4 13.6221 3.32445
    endloop
  endfacet
  facet normal -1 0 0
    outer loop
      vertex -2.4 1.6 0
      vertex -2.4 11.2914 5.82458
      vertex -2.4 11.5955 5.1702
    endloop
  endfacet
  facet normal -1 -0 0
    outer loop
      vertex -2.4 15.1791 2.91892
      vertex -2.4 1.6 0
      vertex -2.4 14.7833 2.9553
    endloop
  endfacet
  facet normal -1 0 0
    outer loop
      vertex -2.4 1.6 0
      vertex -2.4 14.4992 3.03339
      vertex -2.4 14.7833 2.9553
    endloop
  endfacet
  facet normal -1 0 0
    outer loop
      vertex -2.4 1.6 0
      vertex -2.4 13.8996 3.19818
      vertex -2.4 14.4992 3.03339
    endloop
  endfacet
  facet normal -1 0 0
    outer loop
      vertex -2.4 1.6 0
      vertex -2.4 13.6221 3.32445
      vertex -2.4 13.8996 3.19818
    endloop
  endfacet
  facet normal -1 -0 0
    outer loop
      vertex -2.4 13.2272 3.55638
      vertex -2.4 1.6 0
      vertex -2.4 12.9805 3.70126
    endloop
  endfacet
  facet normal -1 0 0
    outer loop
      vertex -2.4 1.6 0
      vertex -2.4 12.3299 4.2311
      vertex -2.4 12.9805 3.70126
    endloop
  endfacet
  facet normal -1 0 0
    outer loop
      vertex -2.4 1.6 0
      vertex -2.4 12.0049 4.59244
      vertex -2.4 12.3299 4.2311
    endloop
  endfacet
  facet normal -1 0 0
    outer loop
      vertex -2.4 1.6 0
      vertex -2.4 11.5955 5.1702
      vertex -2.4 12.0049 4.59244
    endloop
  endfacet
  facet normal -1 0 0
    outer loop
      vertex -2.4 1.6 6.8
      vertex -2.4 11.2914 5.82458
      vertex -2.4 1.6 0
    endloop
  endfacet
  facet normal -1 0 0
    outer loop
      vertex -2.4 11.2914 5.82458
      vertex -2.4 1.6 6.8
      vertex -2.4 11.1483 6.1327
    endloop
  endfacet
  facet normal -1 0 0
    outer loop
      vertex -2.4 11.1483 6.1327
      vertex -2.4 1.6 6.8
      vertex -2.4 10.9947 6.8
    endloop
  endfacet
  facet normal -0.0491664 0.998791 0
    outer loop
      vertex 1.6 32.4 0
      vertex 1.20793 32.3807 6.8
      vertex 1.6 32.4 6.8
    endloop
  endfacet
  facet normal -0.0491664 0.998791 0
    outer loop
      vertex 1.20793 32.3807 6.8
      vertex 1.6 32.4 0
      vertex 1.20793 32.3807 0
    endloop
  endfacet
  facet normal -0.146736 0.989176 0
    outer loop
      vertex 1.20793 32.3807 0
      vertex 0.819638 32.3231 6.8
      vertex 1.20793 32.3807 6.8
    endloop
  endfacet
  facet normal -0.146736 0.989176 0
    outer loop
      vertex 0.819638 32.3231 6.8
      vertex 1.20793 32.3807 0
      vertex 0.819638 32.3231 0
    endloop
  endfacet
  facet normal 0.42744 0.904044 -0
    outer loop
      vertex 65.2856 31.9277 0
      vertex 64.9307 32.0955 6.8
      vertex 65.2856 31.9277 6.8
    endloop
  endfacet
  facet normal 0.42744 0.904044 0
    outer loop
      vertex 64.9307 32.0955 6.8
      vertex 65.2856 31.9277 0
      vertex 64.9307 32.0955 0
    endloop
  endfacet
  facet normal -0.998796 -0.0490647 0
    outer loop
      vertex -2.38074 1.20793 0
      vertex -2.4 1.6 6.8
      vertex -2.4 1.6 0
    endloop
  endfacet
  facet normal -0.998796 -0.0490647 0
    outer loop
      vertex -2.4 1.6 6.8
      vertex -2.38074 1.20793 0
      vertex -2.38074 1.20793 6.8
    endloop
  endfacet
  facet normal 0.0491626 0.998791 -0
    outer loop
      vertex 63.7921 32.3807 0
      vertex 63.4 32.4 6.8
      vertex 63.7921 32.3807 6.8
    endloop
  endfacet
  facet normal 0.0491626 0.998791 0
    outer loop
      vertex 63.4 32.4 6.8
      vertex 63.7921 32.3807 0
      vertex 63.4 32.4 0
    endloop
  endfacet
  facet normal -0.903982 -0.427571 0
    outer loop
      vertex -1.92768 -0.285586 0
      vertex -2.09552 0.0692654 6.8
      vertex -2.09552 0.0692654 0
    endloop
  endfacet
  facet normal -0.903982 -0.427571 0
    outer loop
      vertex -2.09552 0.0692654 6.8
      vertex -1.92768 -0.285586 0
      vertex -1.92768 -0.285586 6.8
    endloop
  endfacet
  facet normal 0.427523 -0.904004 0
    outer loop
      vertex 64.9307 -2.09552 0
      vertex 65.2856 -1.92768 6.8
      vertex 64.9307 -2.09552 6.8
    endloop
  endfacet
  facet normal 0.427523 -0.904004 0
    outer loop
      vertex 65.2856 -1.92768 6.8
      vertex 64.9307 -2.09552 0
      vertex 65.2856 -1.92768 0
    endloop
  endfacet
  facet normal 1 -0 0
    outer loop
      vertex 67.4 1.6 6.8
      vertex 67.4 28.4 0
      vertex 67.4 28.4 6.8
    endloop
  endfacet
  facet normal 1 0 0
    outer loop
      vertex 67.4 28.4 0
      vertex 67.4 1.6 6.8
      vertex 67.4 1.6 0
    endloop
  endfacet
  facet normal -0.242981 -0.970031 0
    outer loop
      vertex 0.438861 -2.22776 0
      vertex 0.819638 -2.32314 6.8
      vertex 0.438861 -2.22776 6.8
    endloop
  endfacet
  facet normal -0.242981 -0.970031 -0
    outer loop
      vertex 0.819638 -2.32314 6.8
      vertex 0.438861 -2.22776 0
      vertex 0.819638 -2.32314 0
    endloop
  endfacet
  facet normal -0.941548 0.336879 0
    outer loop
      vertex -2.22776 29.5611 0
      vertex -2.09552 29.9307 6.8
      vertex -2.09552 29.9307 0
    endloop
  endfacet
  facet normal -0.941548 0.336879 0
    outer loop
      vertex -2.09552 29.9307 6.8
      vertex -2.22776 29.5611 0
      vertex -2.22776 29.5611 6.8
    endloop
  endfacet
  facet normal 0.970079 -0.242789 0
    outer loop
      vertex 67.2278 0.438861 6.8
      vertex 67.3231 0.819638 0
      vertex 67.3231 0.819638 6.8
    endloop
  endfacet
  facet normal 0.970079 -0.242789 0
    outer loop
      vertex 67.3231 0.819638 0
      vertex 67.2278 0.438861 6.8
      vertex 67.2278 0.438861 0
    endloop
  endfacet
  facet normal 0.514084 0.85774 -0
    outer loop
      vertex 65.6223 31.7259 0
      vertex 65.2856 31.9277 6.8
      vertex 65.6223 31.7259 6.8
    endloop
  endfacet
  facet normal 0.514084 0.85774 0
    outer loop
      vertex 65.2856 31.9277 6.8
      vertex 65.6223 31.7259 0
      vertex 65.2856 31.9277 0
    endloop
  endfacet
  facet normal -0.51409 0.857736 0
    outer loop
      vertex -0.285586 31.9277 0
      vertex -0.62228 31.7259 6.8
      vertex -0.285586 31.9277 6.8
    endloop
  endfacet
  facet normal -0.51409 0.857736 0
    outer loop
      vertex -0.62228 31.7259 6.8
      vertex -0.285586 31.9277 0
      vertex -0.62228 31.7259 0
    endloop
  endfacet
  facet normal 0.671607 0.740908 -0
    outer loop
      vertex 66.2284 31.2284 0
      vertex 65.9376 31.492 6.8
      vertex 66.2284 31.2284 6.8
    endloop
  endfacet
  facet normal 0.671607 0.740908 0
    outer loop
      vertex 65.9376 31.492 6.8
      vertex 66.2284 31.2284 0
      vertex 65.9376 31.492 0
    endloop
  endfacet
  facet normal 0.337014 0.9415 -0
    outer loop
      vertex 64.9307 32.0955 0
      vertex 64.5611 32.2278 6.8
      vertex 64.9307 32.0955 6.8
    endloop
  endfacet
  facet normal 0.337014 0.9415 0
    outer loop
      vertex 64.5611 32.2278 6.8
      vertex 64.9307 32.0955 0
      vertex 64.5611 32.2278 0
    endloop
  endfacet
  facet normal -0.941547 -0.336882 0
    outer loop
      vertex -2.09552 0.0692654 0
      vertex -2.22776 0.438861 6.8
      vertex -2.22776 0.438861 0
    endloop
  endfacet
  facet normal -0.941547 -0.336882 0
    outer loop
      vertex -2.22776 0.438861 6.8
      vertex -2.09552 0.0692654 0
      vertex -2.09552 0.0692654 6.8
    endloop
  endfacet
  facet normal 0.989176 0.146733 0
    outer loop
      vertex 67.3807 28.7921 6.8
      vertex 67.3231 29.1804 0
      vertex 67.3231 29.1804 6.8
    endloop
  endfacet
  facet normal 0.989176 0.146733 0
    outer loop
      vertex 67.3231 29.1804 0
      vertex 67.3807 28.7921 6.8
      vertex 67.3807 28.7921 0
    endloop
  endfacet
  facet normal 0.049061 -0.998796 0
    outer loop
      vertex 63.4 -2.4 0
      vertex 63.7921 -2.38074 6.8
      vertex 63.4 -2.4 6.8
    endloop
  endfacet
  facet normal 0.049061 -0.998796 0
    outer loop
      vertex 63.7921 -2.38074 6.8
      vertex 63.4 -2.4 0
      vertex 63.7921 -2.38074 0
    endloop
  endfacet
  facet normal -0.970031 -0.242981 0
    outer loop
      vertex -2.22776 0.438861 0
      vertex -2.32314 0.819638 6.8
      vertex -2.32314 0.819638 0
    endloop
  endfacet
  facet normal -0.970031 -0.242981 0
    outer loop
      vertex -2.32314 0.819638 6.8
      vertex -2.22776 0.438861 0
      vertex -2.22776 0.438861 6.8
    endloop
  endfacet
  facet normal 0.9415 0.337014 0
    outer loop
      vertex 67.2278 29.5611 6.8
      vertex 67.0955 29.9307 0
      vertex 67.0955 29.9307 6.8
    endloop
  endfacet
  facet normal 0.9415 0.337014 0
    outer loop
      vertex 67.0955 29.9307 0
      vertex 67.2278 29.5611 6.8
      vertex 67.2278 29.5611 0
    endloop
  endfacet
  facet normal -0.740962 -0.671547 0
    outer loop
      vertex -1.22843 -1.22843 0
      vertex -1.49204 -0.937572 6.8
      vertex -1.49204 -0.937572 0
    endloop
  endfacet
  facet normal -0.740962 -0.671547 0
    outer loop
      vertex -1.49204 -0.937572 6.8
      vertex -1.22843 -1.22843 0
      vertex -1.22843 -1.22843 6.8
    endloop
  endfacet
  facet normal 0.336879 -0.941548 0
    outer loop
      vertex 64.5611 -2.22776 0
      vertex 64.9307 -2.09552 6.8
      vertex 64.5611 -2.22776 6.8
    endloop
  endfacet
  facet normal 0.336879 -0.941548 0
    outer loop
      vertex 64.9307 -2.09552 6.8
      vertex 64.5611 -2.22776 0
      vertex 64.9307 -2.09552 0
    endloop
  endfacet
  facet normal 0.243027 -0.970019 0
    outer loop
      vertex 64.1804 -2.32314 0
      vertex 64.5611 -2.22776 6.8
      vertex 64.1804 -2.32314 6.8
    endloop
  endfacet
  facet normal 0.243027 -0.970019 0
    outer loop
      vertex 64.5611 -2.22776 6.8
      vertex 64.1804 -2.32314 0
      vertex 64.5611 -2.22776 0
    endloop
  endfacet
  facet normal -0.242789 0.970079 0
    outer loop
      vertex 0.819638 32.3231 0
      vertex 0.438861 32.2278 6.8
      vertex 0.819638 32.3231 6.8
    endloop
  endfacet
  facet normal -0.242789 0.970079 0
    outer loop
      vertex 0.438861 32.2278 6.8
      vertex 0.819638 32.3231 0
      vertex 0.438861 32.2278 0
    endloop
  endfacet
  facet normal 0.595695 -0.80321 0
    outer loop
      vertex 65.6223 -1.72588 0
      vertex 65.9376 -1.49204 6.8
      vertex 65.6223 -1.72588 6.8
    endloop
  endfacet
  facet normal 0.595695 -0.80321 0
    outer loop
      vertex 65.9376 -1.49204 6.8
      vertex 65.6223 -1.72588 0
      vertex 65.9376 -1.49204 0
    endloop
  endfacet
  facet normal -0.595705 -0.803203 0
    outer loop
      vertex -0.937572 -1.49204 0
      vertex -0.62228 -1.72588 6.8
      vertex -0.937572 -1.49204 6.8
    endloop
  endfacet
  facet normal -0.595705 -0.803203 -0
    outer loop
      vertex -0.62228 -1.72588 6.8
      vertex -0.937572 -1.49204 0
      vertex -0.62228 -1.72588 0
    endloop
  endfacet
  facet normal -0.336882 -0.941547 0
    outer loop
      vertex 0.0692654 -2.09552 0
      vertex 0.438861 -2.22776 6.8
      vertex 0.0692654 -2.09552 6.8
    endloop
  endfacet
  facet normal -0.336882 -0.941547 -0
    outer loop
      vertex 0.438861 -2.22776 6.8
      vertex 0.0692654 -2.09552 0
      vertex 0.438861 -2.22776 0
    endloop
  endfacet
  facet normal 0.803137 0.595794 0
    outer loop
      vertex 66.7259 30.6223 6.8
      vertex 66.492 30.9376 0
      vertex 66.492 30.9376 6.8
    endloop
  endfacet
  facet normal 0.803137 0.595794 0
    outer loop
      vertex 66.492 30.9376 0
      vertex 66.7259 30.6223 6.8
      vertex 66.7259 30.6223 0
    endloop
  endfacet
  facet normal -0.989176 0.146733 0
    outer loop
      vertex -2.38074 28.7921 0
      vertex -2.32314 29.1804 6.8
      vertex -2.32314 29.1804 0
    endloop
  endfacet
  facet normal -0.989176 0.146733 0
    outer loop
      vertex -2.32314 29.1804 6.8
      vertex -2.38074 28.7921 0
      vertex -2.38074 28.7921 6.8
    endloop
  endfacet
  facet normal 0.857736 -0.51409 0
    outer loop
      vertex 66.7259 -0.62228 6.8
      vertex 66.9277 -0.285586 0
      vertex 66.9277 -0.285586 6.8
    endloop
  endfacet
  facet normal 0.857736 -0.51409 0
    outer loop
      vertex 66.9277 -0.285586 0
      vertex 66.7259 -0.62228 6.8
      vertex 66.7259 -0.62228 0
    endloop
  endfacet
  facet normal -0.595804 0.80313 0
    outer loop
      vertex -0.62228 31.7259 0
      vertex -0.937572 31.492 6.8
      vertex -0.62228 31.7259 6.8
    endloop
  endfacet
  facet normal -0.595804 0.80313 0
    outer loop
      vertex -0.937572 31.492 6.8
      vertex -0.62228 31.7259 0
      vertex -0.937572 31.492 0
    endloop
  endfacet
  facet normal -0.857736 -0.51409 0
    outer loop
      vertex -1.72588 -0.62228 0
      vertex -1.92768 -0.285586 6.8
      vertex -1.92768 -0.285586 0
    endloop
  endfacet
  facet normal -0.857736 -0.51409 0
    outer loop
      vertex -1.92768 -0.285586 6.8
      vertex -1.72588 -0.62228 0
      vertex -1.72588 -0.62228 6.8
    endloop
  endfacet
  facet normal -0.671533 0.740974 0
    outer loop
      vertex -0.937572 31.492 0
      vertex -1.22843 31.2284 6.8
      vertex -0.937572 31.492 6.8
    endloop
  endfacet
  facet normal -0.671533 0.740974 0
    outer loop
      vertex -1.22843 31.2284 6.8
      vertex -0.937572 31.492 0
      vertex -1.22843 31.2284 0
    endloop
  endfacet
  facet normal 0.941498 -0.337018 0
    outer loop
      vertex 67.0955 0.0692654 6.8
      vertex 67.2278 0.438861 0
      vertex 67.2278 0.438861 6.8
    endloop
  endfacet
  facet normal 0.941498 -0.337018 0
    outer loop
      vertex 67.2278 0.438861 0
      vertex 67.0955 0.0692654 6.8
      vertex 67.0955 0.0692654 0
    endloop
  endfacet
  facet normal -0.970019 0.243027 0
    outer loop
      vertex -2.32314 29.1804 0
      vertex -2.22776 29.5611 6.8
      vertex -2.22776 29.5611 0
    endloop
  endfacet
  facet normal -0.970019 0.243027 0
    outer loop
      vertex -2.22776 29.5611 6.8
      vertex -2.32314 29.1804 0
      vertex -2.32314 29.1804 6.8
    endloop
  endfacet
  facet normal -0.0490647 -0.998796 0
    outer loop
      vertex 1.20793 -2.38074 0
      vertex 1.6 -2.4 6.8
      vertex 1.20793 -2.38074 6.8
    endloop
  endfacet
  facet normal -0.0490647 -0.998796 -0
    outer loop
      vertex 1.6 -2.4 6.8
      vertex 1.20793 -2.38074 0
      vertex 1.6 -2.4 0
    endloop
  endfacet
  facet normal -0.740895 0.671621 0
    outer loop
      vertex -1.49204 30.9376 0
      vertex -1.22843 31.2284 6.8
      vertex -1.22843 31.2284 0
    endloop
  endfacet
  facet normal -0.740895 0.671621 0
    outer loop
      vertex -1.22843 31.2284 6.8
      vertex -1.49204 30.9376 0
      vertex -1.49204 30.9376 6.8
    endloop
  endfacet
  facet normal 0.904044 0.42744 0
    outer loop
      vertex 67.0955 29.9307 6.8
      vertex 66.9277 30.2856 0
      vertex 66.9277 30.2856 6.8
    endloop
  endfacet
  facet normal 0.904044 0.42744 0
    outer loop
      vertex 66.9277 30.2856 0
      vertex 67.0955 29.9307 6.8
      vertex 67.0955 29.9307 0
    endloop
  endfacet
  facet normal -0.427488 0.904021 0
    outer loop
      vertex 0.0692654 32.0955 0
      vertex -0.285586 31.9277 6.8
      vertex 0.0692654 32.0955 6.8
    endloop
  endfacet
  facet normal -0.427488 0.904021 0
    outer loop
      vertex -0.285586 31.9277 6.8
      vertex 0.0692654 32.0955 0
      vertex -0.285586 31.9277 0
    endloop
  endfacet
  facet normal -0.671547 -0.740962 0
    outer loop
      vertex -1.22843 -1.22843 0
      vertex -0.937572 -1.49204 6.8
      vertex -1.22843 -1.22843 6.8
    endloop
  endfacet
  facet normal -0.671547 -0.740962 -0
    outer loop
      vertex -0.937572 -1.49204 6.8
      vertex -1.22843 -1.22843 0
      vertex -0.937572 -1.49204 0
    endloop
  endfacet
  facet normal 0.595794 0.803137 -0
    outer loop
      vertex 65.9376 31.492 0
      vertex 65.6223 31.7259 6.8
      vertex 65.9376 31.492 6.8
    endloop
  endfacet
  facet normal 0.595794 0.803137 0
    outer loop
      vertex 65.6223 31.7259 6.8
      vertex 65.9376 31.492 0
      vertex 65.6223 31.7259 0
    endloop
  endfacet
  facet normal -0.80321 0.595695 0
    outer loop
      vertex -1.72588 30.6223 0
      vertex -1.49204 30.9376 6.8
      vertex -1.49204 30.9376 0
    endloop
  endfacet
  facet normal -0.80321 0.595695 0
    outer loop
      vertex -1.49204 30.9376 6.8
      vertex -1.72588 30.6223 0
      vertex -1.72588 30.6223 6.8
    endloop
  endfacet
  facet normal -0.904004 0.427523 0
    outer loop
      vertex -2.09552 29.9307 0
      vertex -1.92768 30.2856 6.8
      vertex -1.92768 30.2856 0
    endloop
  endfacet
  facet normal -0.904004 0.427523 0
    outer loop
      vertex -1.92768 30.2856 6.8
      vertex -2.09552 29.9307 0
      vertex -2.09552 29.9307 6.8
    endloop
  endfacet
  facet normal 0.989176 -0.146736 0
    outer loop
      vertex 67.3231 0.819638 6.8
      vertex 67.3807 1.20793 0
      vertex 67.3807 1.20793 6.8
    endloop
  endfacet
  facet normal 0.989176 -0.146736 0
    outer loop
      vertex 67.3807 1.20793 0
      vertex 67.3231 0.819638 6.8
      vertex 67.3231 0.819638 0
    endloop
  endfacet
  facet normal 0.904021 -0.427488 0
    outer loop
      vertex 66.9277 -0.285586 6.8
      vertex 67.0955 0.0692654 0
      vertex 67.0955 0.0692654 6.8
    endloop
  endfacet
  facet normal 0.904021 -0.427488 0
    outer loop
      vertex 67.0955 0.0692654 0
      vertex 66.9277 -0.285586 6.8
      vertex 66.9277 -0.285586 0
    endloop
  endfacet
  facet normal -0.51409 -0.857736 0
    outer loop
      vertex -0.62228 -1.72588 0
      vertex -0.285586 -1.92768 6.8
      vertex -0.62228 -1.72588 6.8
    endloop
  endfacet
  facet normal -0.51409 -0.857736 -0
    outer loop
      vertex -0.285586 -1.92768 6.8
      vertex -0.62228 -1.72588 0
      vertex -0.285586 -1.92768 0
    endloop
  endfacet
  facet normal 0.514084 -0.85774 0
    outer loop
      vertex 65.2856 -1.92768 0
      vertex 65.6223 -1.72588 6.8
      vertex 65.2856 -1.92768 6.8
    endloop
  endfacet
  facet normal 0.514084 -0.85774 0
    outer loop
      vertex 65.6223 -1.72588 6.8
      vertex 65.2856 -1.92768 0
      vertex 65.6223 -1.72588 0
    endloop
  endfacet
  facet normal -0.337018 0.941498 0
    outer loop
      vertex 0.438861 32.2278 0
      vertex 0.0692654 32.0955 6.8
      vertex 0.438861 32.2278 6.8
    endloop
  endfacet
  facet normal -0.337018 0.941498 0
    outer loop
      vertex 0.0692654 32.0955 6.8
      vertex 0.438861 32.2278 0
      vertex 0.0692654 32.0955 0
    endloop
  endfacet
  facet normal -0.85774 0.514084 0
    outer loop
      vertex -1.92768 30.2856 0
      vertex -1.72588 30.6223 6.8
      vertex -1.72588 30.6223 0
    endloop
  endfacet
  facet normal -0.85774 0.514084 0
    outer loop
      vertex -1.72588 30.6223 6.8
      vertex -1.92768 30.2856 0
      vertex -1.92768 30.2856 6.8
    endloop
  endfacet
  facet normal 0.146733 0.989176 -0
    outer loop
      vertex 64.1804 32.3231 0
      vertex 63.7921 32.3807 6.8
      vertex 64.1804 32.3231 6.8
    endloop
  endfacet
  facet normal 0.146733 0.989176 0
    outer loop
      vertex 63.7921 32.3807 6.8
      vertex 64.1804 32.3231 0
      vertex 63.7921 32.3807 0
    endloop
  endfacet
  facet normal 0.85774 0.514084 0
    outer loop
      vertex 66.9277 30.2856 6.8
      vertex 66.7259 30.6223 0
      vertex 66.7259 30.6223 6.8
    endloop
  endfacet
  facet normal 0.85774 0.514084 0
    outer loop
      vertex 66.7259 30.6223 0
      vertex 66.9277 30.2856 6.8
      vertex 66.9277 30.2856 0
    endloop
  endfacet
  facet normal 0.740974 -0.671533 0
    outer loop
      vertex 66.2284 -1.22843 6.8
      vertex 66.492 -0.937572 0
      vertex 66.492 -0.937572 6.8
    endloop
  endfacet
  facet normal 0.740974 -0.671533 0
    outer loop
      vertex 66.492 -0.937572 0
      vertex 66.2284 -1.22843 6.8
      vertex 66.2284 -1.22843 0
    endloop
  endfacet
  facet normal 0.998791 0.0491626 0
    outer loop
      vertex 67.4 28.4 6.8
      vertex 67.3807 28.7921 0
      vertex 67.3807 28.7921 6.8
    endloop
  endfacet
  facet normal 0.998791 0.0491626 0
    outer loop
      vertex 67.3807 28.7921 0
      vertex 67.4 28.4 6.8
      vertex 67.4 28.4 0
    endloop
  endfacet
  facet normal 0.970068 0.242835 0
    outer loop
      vertex 67.3231 29.1804 6.8
      vertex 67.2278 29.5611 0
      vertex 67.2278 29.5611 6.8
    endloop
  endfacet
  facet normal 0.970068 0.242835 0
    outer loop
      vertex 67.2278 29.5611 0
      vertex 67.3231 29.1804 6.8
      vertex 67.3231 29.1804 0
    endloop
  endfacet
  facet normal 0.740908 0.671607 0
    outer loop
      vertex 66.492 30.9376 6.8
      vertex 66.2284 31.2284 0
      vertex 66.2284 31.2284 6.8
    endloop
  endfacet
  facet normal 0.740908 0.671607 0
    outer loop
      vertex 66.2284 31.2284 0
      vertex 66.492 30.9376 6.8
      vertex 66.492 30.9376 0
    endloop
  endfacet
  facet normal 0 0 -1
    outer loop
      vertex 5.88556 4.22269 0
      vertex 59.1147 4.22358 0
      vertex 5.94477 3.98629 0
    endloop
  endfacet
  facet normal 0 0 -1
    outer loop
      vertex 59.1971 25.5461 0
      vertex 5.98071 26.2566 0
      vertex 5.99267 26.5 0
    endloop
  endfacet
  facet normal 0 0 -1
    outer loop
      vertex 5.88533 4.22358 0
      vertex 59.1147 4.22358 0
      vertex 5.88556 4.22269 0
    endloop
  endfacet
  facet normal 0 0 -1
    outer loop
      vertex 59.1971 25.5461 0
      vertex 5.98066 26.2557 0
      vertex 5.98071 26.2566 0
    endloop
  endfacet
  facet normal 0 0 -1
    outer loop
      vertex 59.1147 4.22358 0
      vertex 5.88533 4.22358 0
      vertex 59.115 4.22444 0
    endloop
  endfacet
  facet normal 0 0 -1
    outer loop
      vertex 59.1971 25.5461 0
      vertex 5.98053 26.2548 0
      vertex 5.98066 26.2557 0
    endloop
  endfacet
  facet normal -0 0 -1
    outer loop
      vertex 59.115 4.22444 0
      vertex 5.88533 4.22358 0
      vertex 59.1971 4.4539 0
    endloop
  endfacet
  facet normal 0 0 -1
    outer loop
      vertex 59.1971 25.5461 0
      vertex 5.94477 26.0137 0
      vertex 5.98053 26.2548 0
    endloop
  endfacet
  facet normal 0 0 -1
    outer loop
      vertex 5.88502 4.22444 0
      vertex 59.1971 4.4539 0
      vertex 5.88533 4.22358 0
    endloop
  endfacet
  facet normal 0 0 -1
    outer loop
      vertex 59.1971 25.5461 0
      vertex 5.88556 25.7773 0
      vertex 5.94477 26.0137 0
    endloop
  endfacet
  facet normal 0 0 -1
    outer loop
      vertex 5.80292 4.4539 0
      vertex 59.1971 4.4539 0
      vertex 5.88502 4.22444 0
    endloop
  endfacet
  facet normal 0 0 -1
    outer loop
      vertex 59.1971 25.5461 0
      vertex 5.88533 25.7764 0
      vertex 5.88556 25.7773 0
    endloop
  endfacet
  facet normal 0 0 -1
    outer loop
      vertex 59.1971 4.4539 0
      vertex 5.80292 4.4539 0
      vertex 59.1971 25.5461 0
    endloop
  endfacet
  facet normal 0 0 -1
    outer loop
      vertex 59.1971 25.5461 0
      vertex 5.88502 25.7756 0
      vertex 5.88533 25.7764 0
    endloop
  endfacet
  facet normal 0 0 -1
    outer loop
      vertex 5.80292 25.5461 0
      vertex 59.1971 25.5461 0
      vertex 5.80292 4.4539 0
    endloop
  endfacet
  facet normal 0 0 -1
    outer loop
      vertex 59.1971 25.5461 0
      vertex 5.80292 25.5461 0
      vertex 5.88502 25.7756 0
    endloop
  endfacet
  facet normal 0 0 -1
    outer loop
      vertex 5.69873 4.67421 0
      vertex 5.80292 25.5461 0
      vertex 5.80292 4.4539 0
    endloop
  endfacet
  facet normal 0 0 -1
    outer loop
      vertex 5.69873 4.67421 0
      vertex 5.69873 25.3258 0
      vertex 5.80292 25.5461 0
    endloop
  endfacet
  facet normal 0 0 -1
    outer loop
      vertex 5.69834 4.67503 0
      vertex 5.69873 25.3258 0
      vertex 5.69873 4.67421 0
    endloop
  endfacet
  facet normal 0 0 -1
    outer loop
      vertex 5.69834 4.67503 0
      vertex 5.69834 25.325 0
      vertex 5.69873 25.3258 0
    endloop
  endfacet
  facet normal 0 0 -1
    outer loop
      vertex 5.57305 4.88407 0
      vertex 5.69834 25.325 0
      vertex 5.69834 4.67503 0
    endloop
  endfacet
  facet normal 0 0 -1
    outer loop
      vertex 5.57305 4.88407 0
      vertex 5.57305 25.1159 0
      vertex 5.69834 25.325 0
    endloop
  endfacet
  facet normal 0 0 -1
    outer loop
      vertex 5.57258 4.88485 0
      vertex 5.57305 25.1159 0
      vertex 5.57305 4.88407 0
    endloop
  endfacet
  facet normal 0 0 -1
    outer loop
      vertex 5.57258 4.88485 0
      vertex 5.57258 25.1151 0
      vertex 5.57305 25.1159 0
    endloop
  endfacet
  facet normal 0 0 -1
    outer loop
      vertex 5.57203 4.88559 0
      vertex 5.57258 25.1151 0
      vertex 5.57258 4.88485 0
    endloop
  endfacet
  facet normal 0 0 -1
    outer loop
      vertex 5.57203 4.88559 0
      vertex 5.57203 25.1144 0
      vertex 5.57258 25.1151 0
    endloop
  endfacet
  facet normal 0 0 -1
    outer loop
      vertex 5.42686 5.08133 0
      vertex 5.57203 25.1144 0
      vertex 5.57203 4.88559 0
    endloop
  endfacet
  facet normal 0 0 -1
    outer loop
      vertex 5.42686 5.08133 0
      vertex 5.42686 24.9187 0
      vertex 5.57203 25.1144 0
    endloop
  endfacet
  facet normal 0 0 -1
    outer loop
      vertex 5.2632 5.2619 0
      vertex 5.42686 24.9187 0
      vertex 5.42686 5.08133 0
    endloop
  endfacet
  facet normal 0 0 -1
    outer loop
      vertex 5.2632 5.2619 0
      vertex 5.2632 24.7381 0
      vertex 5.42686 24.9187 0
    endloop
  endfacet
  facet normal 0 0 -1
    outer loop
      vertex 5.26258 5.26258 0
      vertex 5.2632 24.7381 0
      vertex 5.2632 5.2619 0
    endloop
  endfacet
  facet normal 0 0 -1
    outer loop
      vertex 5.26258 5.26258 0
      vertex 5.26258 24.7374 0
      vertex 5.2632 24.7381 0
    endloop
  endfacet
  facet normal 0 0 -1
    outer loop
      vertex 5.2619 5.2632 0
      vertex 5.26258 24.7374 0
      vertex 5.26258 5.26258 0
    endloop
  endfacet
  facet normal 0 0 -1
    outer loop
      vertex 5.2619 5.2632 0
      vertex 5.2619 24.7368 0
      vertex 5.26258 24.7374 0
    endloop
  endfacet
  facet normal 0 0 -1
    outer loop
      vertex 5.08133 5.42686 0
      vertex 5.2619 24.7368 0
      vertex 5.2619 5.2632 0
    endloop
  endfacet
  facet normal 0 0 -1
    outer loop
      vertex 5.08133 5.42686 0
      vertex 5.08133 24.5731 0
      vertex 5.2619 24.7368 0
    endloop
  endfacet
  facet normal 0 0 -1
    outer loop
      vertex 4.88559 5.57203 0
      vertex 5.08133 24.5731 0
      vertex 5.08133 5.42686 0
    endloop
  endfacet
  facet normal 0 0 -1
    outer loop
      vertex 4.88559 5.57203 0
      vertex 4.88559 24.428 0
      vertex 5.08133 24.5731 0
    endloop
  endfacet
  facet normal 0 0 -1
    outer loop
      vertex 4.88485 5.57258 0
      vertex 4.88559 24.428 0
      vertex 4.88559 5.57203 0
    endloop
  endfacet
  facet normal 0 0 -1
    outer loop
      vertex 4.88485 5.57258 0
      vertex 4.88485 24.4274 0
      vertex 4.88559 24.428 0
    endloop
  endfacet
  facet normal 0 0 -1
    outer loop
      vertex 4.88407 5.57305 0
      vertex 4.88485 24.4274 0
      vertex 4.88485 5.57258 0
    endloop
  endfacet
  facet normal 0 0 -1
    outer loop
      vertex 4.88407 5.57305 0
      vertex 4.88407 24.427 0
      vertex 4.88485 24.4274 0
    endloop
  endfacet
  facet normal 0 0 -1
    outer loop
      vertex 4.67503 5.69834 0
      vertex 4.88407 24.427 0
      vertex 4.88407 5.57305 0
    endloop
  endfacet
  facet normal 0 0 -1
    outer loop
      vertex 4.67503 5.69834 0
      vertex 4.67503 24.3017 0
      vertex 4.88407 24.427 0
    endloop
  endfacet
  facet normal 0 0 -1
    outer loop
      vertex 4.67421 5.69873 0
      vertex 4.67503 24.3017 0
      vertex 4.67503 5.69834 0
    endloop
  endfacet
  facet normal 0 0 -1
    outer loop
      vertex 4.67421 5.69873 0
      vertex 4.67421 24.3013 0
      vertex 4.67503 24.3017 0
    endloop
  endfacet
  facet normal 0 0 -1
    outer loop
      vertex 4.4539 5.80292 0
      vertex 4.67421 24.3013 0
      vertex 4.67421 5.69873 0
    endloop
  endfacet
  facet normal 0 0 -1
    outer loop
      vertex 4.4539 5.80292 0
      vertex 4.4539 24.1971 0
      vertex 4.67421 24.3013 0
    endloop
  endfacet
  facet normal 0 0 -1
    outer loop
      vertex 4.22444 5.88502 0
      vertex 4.4539 24.1971 0
      vertex 4.4539 5.80292 0
    endloop
  endfacet
  facet normal 0 0 -1
    outer loop
      vertex 4.22444 5.88502 0
      vertex 4.22444 24.115 0
      vertex 4.4539 24.1971 0
    endloop
  endfacet
  facet normal 0 0 -1
    outer loop
      vertex 4.22358 5.88533 0
      vertex 4.22444 24.115 0
      vertex 4.22444 5.88502 0
    endloop
  endfacet
  facet normal 0 0 -1
    outer loop
      vertex 4.22358 5.88533 0
      vertex 4.22358 24.1147 0
      vertex 4.22444 24.115 0
    endloop
  endfacet
  facet normal 0 0 -1
    outer loop
      vertex 4.22269 5.88556 0
      vertex 4.22358 24.1147 0
      vertex 4.22358 5.88533 0
    endloop
  endfacet
  facet normal 0 0 -1
    outer loop
      vertex 4.22269 5.88556 0
      vertex 4.22269 24.1144 0
      vertex 4.22358 24.1147 0
    endloop
  endfacet
  facet normal 0 0 -1
    outer loop
      vertex 3.98629 5.94477 0
      vertex 4.22269 24.1144 0
      vertex 4.22269 5.88556 0
    endloop
  endfacet
  facet normal 0 0 -1
    outer loop
      vertex 3.98629 5.94477 0
      vertex 3.98629 24.0552 0
      vertex 4.22269 24.1144 0
    endloop
  endfacet
  facet normal 0 0 -1
    outer loop
      vertex 3.74523 5.98053 0
      vertex 3.98629 24.0552 0
      vertex 3.98629 5.94477 0
    endloop
  endfacet
  facet normal 0 0 -1
    outer loop
      vertex 3.74523 5.98053 0
      vertex 3.74523 24.0195 0
      vertex 3.98629 24.0552 0
    endloop
  endfacet
  facet normal 0 0 -1
    outer loop
      vertex 3.74432 5.98066 0
      vertex 3.74523 24.0195 0
      vertex 3.74523 5.98053 0
    endloop
  endfacet
  facet normal 0 0 -1
    outer loop
      vertex 3.74432 5.98066 0
      vertex 3.74432 24.0193 0
      vertex 3.74523 24.0195 0
    endloop
  endfacet
  facet normal 0 0 -1
    outer loop
      vertex 3.74341 5.98071 0
      vertex 3.74432 24.0193 0
      vertex 3.74432 5.98066 0
    endloop
  endfacet
  facet normal 0 0 -1
    outer loop
      vertex 3.74341 5.98071 0
      vertex 3.74341 24.0193 0
      vertex 3.74432 24.0193 0
    endloop
  endfacet
  facet normal 0 0 -1
    outer loop
      vertex 3.5 5.99267 0
      vertex 3.74341 24.0193 0
      vertex 3.74341 5.98071 0
    endloop
  endfacet
  facet normal 0 0 -1
    outer loop
      vertex 3.5 5.99267 0
      vertex 3.5 24.0073 0
      vertex 3.74341 24.0193 0
    endloop
  endfacet
  facet normal 0 0 -1
    outer loop
      vertex 3.25659 5.98071 0
      vertex 3.5 24.0073 0
      vertex 3.5 5.99267 0
    endloop
  endfacet
  facet normal 0 0 -1
    outer loop
      vertex 3.25659 5.98071 0
      vertex 3.25659 24.0193 0
      vertex 3.5 24.0073 0
    endloop
  endfacet
  facet normal 0 0 -1
    outer loop
      vertex 3.25568 5.98066 0
      vertex 3.25659 24.0193 0
      vertex 3.25659 5.98071 0
    endloop
  endfacet
  facet normal 0 0 -1
    outer loop
      vertex 3.25568 5.98066 0
      vertex 3.25568 24.0193 0
      vertex 3.25659 24.0193 0
    endloop
  endfacet
  facet normal 0 0 -1
    outer loop
      vertex 3.25477 5.98053 0
      vertex 3.25568 24.0193 0
      vertex 3.25568 5.98066 0
    endloop
  endfacet
  facet normal 0 0 -1
    outer loop
      vertex 3.25477 5.98053 0
      vertex 3.25477 24.0195 0
      vertex 3.25568 24.0193 0
    endloop
  endfacet
  facet normal 0 0 -1
    outer loop
      vertex 3.0137 5.94477 0
      vertex 3.25477 24.0195 0
      vertex 3.25477 5.98053 0
    endloop
  endfacet
  facet normal 0 0 -1
    outer loop
      vertex 3.0137 5.94477 0
      vertex 3.0137 24.0552 0
      vertex 3.25477 24.0195 0
    endloop
  endfacet
  facet normal 0 0 -1
    outer loop
      vertex 2.77731 5.88556 0
      vertex 3.0137 24.0552 0
      vertex 3.0137 5.94477 0
    endloop
  endfacet
  facet normal 0 0 -1
    outer loop
      vertex 2.77731 5.88556 0
      vertex 2.77731 24.1144 0
      vertex 3.0137 24.0552 0
    endloop
  endfacet
  facet normal 0 0 -1
    outer loop
      vertex 2.77642 5.88533 0
      vertex 2.77731 24.1144 0
      vertex 2.77731 5.88556 0
    endloop
  endfacet
  facet normal 0 0 -1
    outer loop
      vertex 2.77642 5.88533 0
      vertex 2.77642 24.1147 0
      vertex 2.77731 24.1144 0
    endloop
  endfacet
  facet normal 0 0 -1
    outer loop
      vertex 2.77555 5.88502 0
      vertex 2.77642 24.1147 0
      vertex 2.77642 5.88533 0
    endloop
  endfacet
  facet normal 0 0 -1
    outer loop
      vertex 2.77555 5.88502 0
      vertex 2.77555 24.115 0
      vertex 2.77642 24.1147 0
    endloop
  endfacet
  facet normal 0 0 -1
    outer loop
      vertex 2.5461 5.80292 0
      vertex 2.77555 24.115 0
      vertex 2.77555 5.88502 0
    endloop
  endfacet
  facet normal 0 0 -1
    outer loop
      vertex 2.5461 5.80292 0
      vertex 2.5461 24.1971 0
      vertex 2.77555 24.115 0
    endloop
  endfacet
  facet normal 0 0 -1
    outer loop
      vertex 2.32579 5.69873 0
      vertex 2.5461 24.1971 0
      vertex 2.5461 5.80292 0
    endloop
  endfacet
  facet normal 0 0 -1
    outer loop
      vertex 2.32579 5.69873 0
      vertex 2.32579 24.3013 0
      vertex 2.5461 24.1971 0
    endloop
  endfacet
  facet normal 0 0 -1
    outer loop
      vertex 2.32496 5.69834 0
      vertex 2.32579 24.3013 0
      vertex 2.32579 5.69873 0
    endloop
  endfacet
  facet normal 0 0 -1
    outer loop
      vertex 2.32496 5.69834 0
      vertex 2.32496 24.3017 0
      vertex 2.32579 24.3013 0
    endloop
  endfacet
  facet normal 0 0 -1
    outer loop
      vertex 2.11593 5.57305 0
      vertex 2.32496 24.3017 0
      vertex 2.32496 5.69834 0
    endloop
  endfacet
  facet normal 0 0 -1
    outer loop
      vertex 2.11593 5.57305 0
      vertex 2.11593 24.427 0
      vertex 2.32496 24.3017 0
    endloop
  endfacet
  facet normal 0 0 -1
    outer loop
      vertex 2.11515 5.57258 0
      vertex 2.11593 24.427 0
      vertex 2.11593 5.57305 0
    endloop
  endfacet
  facet normal 0 0 -1
    outer loop
      vertex 2.11515 5.57258 0
      vertex 2.11515 24.4274 0
      vertex 2.11593 24.427 0
    endloop
  endfacet
  facet normal 0 0 -1
    outer loop
      vertex 2.11441 5.57203 0
      vertex 2.11515 24.4274 0
      vertex 2.11515 5.57258 0
    endloop
  endfacet
  facet normal 0 0 -1
    outer loop
      vertex 2.11441 5.57203 0
      vertex 2.11441 24.428 0
      vertex 2.11515 24.4274 0
    endloop
  endfacet
  facet normal 0 0 -1
    outer loop
      vertex 1.91867 5.42686 0
      vertex 2.11441 24.428 0
      vertex 2.11441 5.57203 0
    endloop
  endfacet
  facet normal 0 0 -1
    outer loop
      vertex 1.91867 5.42686 0
      vertex 1.91867 24.5731 0
      vertex 2.11441 24.428 0
    endloop
  endfacet
  facet normal 0 0 -1
    outer loop
      vertex 1.7381 5.2632 0
      vertex 1.91867 24.5731 0
      vertex 1.91867 5.42686 0
    endloop
  endfacet
  facet normal 0 0 -1
    outer loop
      vertex 1.7381 5.2632 0
      vertex 1.7381 24.7368 0
      vertex 1.91867 24.5731 0
    endloop
  endfacet
  facet normal 0 0 -1
    outer loop
      vertex 1.73742 5.26258 0
      vertex 1.7381 24.7368 0
      vertex 1.7381 5.2632 0
    endloop
  endfacet
  facet normal 0 0 -1
    outer loop
      vertex 1.73742 5.26258 0
      vertex 1.73742 24.7374 0
      vertex 1.7381 24.7368 0
    endloop
  endfacet
  facet normal 0 0 -1
    outer loop
      vertex 1.7368 5.2619 0
      vertex 1.73742 24.7374 0
      vertex 1.73742 5.26258 0
    endloop
  endfacet
  facet normal 0 0 -1
    outer loop
      vertex 1.7368 5.2619 0
      vertex 1.7368 24.7381 0
      vertex 1.73742 24.7374 0
    endloop
  endfacet
  facet normal 0 0 -1
    outer loop
      vertex 1.57314 5.08133 0
      vertex 1.7368 24.7381 0
      vertex 1.7368 5.2619 0
    endloop
  endfacet
  facet normal 0 0 -1
    outer loop
      vertex 1.57314 5.08133 0
      vertex 1.57314 24.9187 0
      vertex 1.7368 24.7381 0
    endloop
  endfacet
  facet normal 0 0 -1
    outer loop
      vertex -2.4 1.6 0
      vertex 1.57314 5.08133 0
      vertex 1.42797 4.88559 0
    endloop
  endfacet
  facet normal -0 0 -1
    outer loop
      vertex 1.57314 5.08133 0
      vertex -2.4 1.6 0
      vertex 1.57314 24.9187 0
    endloop
  endfacet
  facet normal 0 0 -1
    outer loop
      vertex -2.4 1.6 0
      vertex 1.42797 4.88559 0
      vertex 1.42742 4.88485 0
    endloop
  endfacet
  facet normal 0 0 -1
    outer loop
      vertex -2.4 28.4 0
      vertex 1.57314 24.9187 0
      vertex -2.4 1.6 0
    endloop
  endfacet
  facet normal 0 0 -1
    outer loop
      vertex -2.4 1.6 0
      vertex 1.42742 4.88485 0
      vertex 1.42695 4.88407 0
    endloop
  endfacet
  facet normal 0 0 -1
    outer loop
      vertex 1.57314 24.9187 0
      vertex -2.4 28.4 0
      vertex 1.42797 25.1144 0
    endloop
  endfacet
  facet normal 0 0 -1
    outer loop
      vertex -2.4 1.6 0
      vertex 1.42695 4.88407 0
      vertex 1.30166 4.67503 0
    endloop
  endfacet
  facet normal 0 0 -1
    outer loop
      vertex 1.42797 25.1144 0
      vertex -2.4 28.4 0
      vertex 1.42742 25.1151 0
    endloop
  endfacet
  facet normal 0 0 -1
    outer loop
      vertex -2.4 1.6 0
      vertex 1.30166 4.67503 0
      vertex 1.30127 4.67421 0
    endloop
  endfacet
  facet normal 0 0 -1
    outer loop
      vertex 1.42742 25.1151 0
      vertex -2.4 28.4 0
      vertex 1.42695 25.1159 0
    endloop
  endfacet
  facet normal 0 0 -1
    outer loop
      vertex -2.4 1.6 0
      vertex 1.30127 4.67421 0
      vertex 1.19708 4.4539 0
    endloop
  endfacet
  facet normal 0 0 -1
    outer loop
      vertex 1.42695 25.1159 0
      vertex -2.4 28.4 0
      vertex 1.30166 25.325 0
    endloop
  endfacet
  facet normal 0 0 -1
    outer loop
      vertex -2.4 1.6 0
      vertex 1.19708 4.4539 0
      vertex 1.11497 4.22444 0
    endloop
  endfacet
  facet normal 0 0 -1
    outer loop
      vertex 1.30166 25.325 0
      vertex -2.4 28.4 0
      vertex 1.30127 25.3258 0
    endloop
  endfacet
  facet normal 0 0 -1
    outer loop
      vertex -2.4 1.6 0
      vertex 1.11497 4.22444 0
      vertex 1.11467 4.22358 0
    endloop
  endfacet
  facet normal 0 0 -1
    outer loop
      vertex 1.30127 25.3258 0
      vertex -2.4 28.4 0
      vertex 1.19708 25.5461 0
    endloop
  endfacet
  facet normal 0 0 -1
    outer loop
      vertex -2.4 1.6 0
      vertex 1.11467 4.22358 0
      vertex 1.11444 4.22269 0
    endloop
  endfacet
  facet normal 0 0 -1
    outer loop
      vertex 1.19708 25.5461 0
      vertex -2.4 28.4 0
      vertex 1.11497 25.7756 0
    endloop
  endfacet
  facet normal 0 0 -1
    outer loop
      vertex -2.4 1.6 0
      vertex 1.11444 4.22269 0
      vertex 1.05523 3.98629 0
    endloop
  endfacet
  facet normal 0 0 -1
    outer loop
      vertex 1.11497 25.7756 0
      vertex -2.4 28.4 0
      vertex 1.11467 25.7764 0
    endloop
  endfacet
  facet normal 0 0 -1
    outer loop
      vertex -2.4 1.6 0
      vertex 1.05523 3.98629 0
      vertex 1.01947 3.74523 0
    endloop
  endfacet
  facet normal 0 0 -1
    outer loop
      vertex 1.11467 25.7764 0
      vertex -2.4 28.4 0
      vertex 1.11444 25.7773 0
    endloop
  endfacet
  facet normal 0 0 -1
    outer loop
      vertex -2.4 1.6 0
      vertex 1.01947 3.74523 0
      vertex 1.01933 3.74432 0
    endloop
  endfacet
  facet normal 0 0 -1
    outer loop
      vertex 1.11444 25.7773 0
      vertex -2.4 28.4 0
      vertex 1.05523 26.0137 0
    endloop
  endfacet
  facet normal 0 0 -1
    outer loop
      vertex -2.4 1.6 0
      vertex 1.01933 3.74432 0
      vertex 1.01929 3.74341 0
    endloop
  endfacet
  facet normal 0 0 -1
    outer loop
      vertex 1.05523 26.0137 0
      vertex -2.4 28.4 0
      vertex 1.01947 26.2548 0
    endloop
  endfacet
  facet normal 0 0 -1
    outer loop
      vertex -2.4 1.6 0
      vertex 1.01929 3.74341 0
      vertex 1.00733 3.5 0
    endloop
  endfacet
  facet normal 0 0 -1
    outer loop
      vertex 1.01947 26.2548 0
      vertex -2.4 28.4 0
      vertex 1.01933 26.2557 0
    endloop
  endfacet
  facet normal 0 0 -1
    outer loop
      vertex 63.9805 3.74523 0
      vertex 67.4 1.6 0
      vertex 63.9807 3.74432 0
    endloop
  endfacet
  facet normal 0 0 -1
    outer loop
      vertex 67.4 28.4 0
      vertex 63.9807 26.2566 0
      vertex 63.9927 26.5 0
    endloop
  endfacet
  facet normal 0 0 -1
    outer loop
      vertex 63.9448 3.98629 0
      vertex 67.4 1.6 0
      vertex 63.9805 3.74523 0
    endloop
  endfacet
  facet normal 0 0 -1
    outer loop
      vertex 67.4 28.4 0
      vertex 63.9807 26.2557 0
      vertex 63.9807 26.2566 0
    endloop
  endfacet
  facet normal 0 0 -1
    outer loop
      vertex 63.8856 4.22269 0
      vertex 67.4 1.6 0
      vertex 63.9448 3.98629 0
    endloop
  endfacet
  facet normal 0 0 -1
    outer loop
      vertex 67.4 28.4 0
      vertex 63.9805 26.2548 0
      vertex 63.9807 26.2557 0
    endloop
  endfacet
  facet normal 0 0 -1
    outer loop
      vertex 63.8853 4.22358 0
      vertex 67.4 1.6 0
      vertex 63.8856 4.22269 0
    endloop
  endfacet
  facet normal 0 0 -1
    outer loop
      vertex 67.4 28.4 0
      vertex 63.9448 26.0137 0
      vertex 63.9805 26.2548 0
    endloop
  endfacet
  facet normal 0 0 -1
    outer loop
      vertex 63.885 4.22444 0
      vertex 67.4 1.6 0
      vertex 63.8853 4.22358 0
    endloop
  endfacet
  facet normal 0 0 -1
    outer loop
      vertex 67.4 28.4 0
      vertex 63.8856 25.7773 0
      vertex 63.9448 26.0137 0
    endloop
  endfacet
  facet normal 0 0 -1
    outer loop
      vertex 63.8029 4.4539 0
      vertex 67.4 1.6 0
      vertex 63.885 4.22444 0
    endloop
  endfacet
  facet normal 0 0 -1
    outer loop
      vertex 67.4 28.4 0
      vertex 63.8853 25.7764 0
      vertex 63.8856 25.7773 0
    endloop
  endfacet
  facet normal 0 0 -1
    outer loop
      vertex 63.6987 4.67421 0
      vertex 67.4 1.6 0
      vertex 63.8029 4.4539 0
    endloop
  endfacet
  facet normal 0 0 -1
    outer loop
      vertex 67.4 28.4 0
      vertex 63.885 25.7756 0
      vertex 63.8853 25.7764 0
    endloop
  endfacet
  facet normal 0 0 -1
    outer loop
      vertex 63.6983 4.67503 0
      vertex 67.4 1.6 0
      vertex 63.6987 4.67421 0
    endloop
  endfacet
  facet normal 0 0 -1
    outer loop
      vertex 67.4 28.4 0
      vertex 63.8029 25.5461 0
      vertex 63.885 25.7756 0
    endloop
  endfacet
  facet normal 0 0 -1
    outer loop
      vertex 63.573 4.88407 0
      vertex 67.4 1.6 0
      vertex 63.6983 4.67503 0
    endloop
  endfacet
  facet normal 0 0 -1
    outer loop
      vertex 67.4 28.4 0
      vertex 63.6987 25.3258 0
      vertex 63.8029 25.5461 0
    endloop
  endfacet
  facet normal 0 0 -1
    outer loop
      vertex 63.5726 4.88485 0
      vertex 67.4 1.6 0
      vertex 63.573 4.88407 0
    endloop
  endfacet
  facet normal 0 0 -1
    outer loop
      vertex 67.4 28.4 0
      vertex 63.6983 25.325 0
      vertex 63.6987 25.3258 0
    endloop
  endfacet
  facet normal 0 0 -1
    outer loop
      vertex 63.572 4.88559 0
      vertex 67.4 1.6 0
      vertex 63.5726 4.88485 0
    endloop
  endfacet
  facet normal 0 0 -1
    outer loop
      vertex 67.4 28.4 0
      vertex 63.573 25.1159 0
      vertex 63.6983 25.325 0
    endloop
  endfacet
  facet normal 0 0 -1
    outer loop
      vertex 63.4269 5.08133 0
      vertex 67.4 1.6 0
      vertex 63.572 4.88559 0
    endloop
  endfacet
  facet normal 0 0 -1
    outer loop
      vertex 67.4 28.4 0
      vertex 63.5726 25.1151 0
      vertex 63.573 25.1159 0
    endloop
  endfacet
  facet normal 0 0 -1
    outer loop
      vertex 67.4 1.6 0
      vertex 63.4269 5.08133 0
      vertex 67.4 28.4 0
    endloop
  endfacet
  facet normal 0 0 -1
    outer loop
      vertex 67.4 28.4 0
      vertex 63.572 25.1144 0
      vertex 63.5726 25.1151 0
    endloop
  endfacet
  facet normal 0 0 -1
    outer loop
      vertex 63.4269 24.9187 0
      vertex 67.4 28.4 0
      vertex 63.4269 5.08133 0
    endloop
  endfacet
  facet normal 0 0 -1
    outer loop
      vertex 67.4 28.4 0
      vertex 63.4269 24.9187 0
      vertex 63.572 25.1144 0
    endloop
  endfacet
  facet normal 0 0 -1
    outer loop
      vertex 63.2632 5.2619 0
      vertex 63.4269 24.9187 0
      vertex 63.4269 5.08133 0
    endloop
  endfacet
  facet normal 0 0 -1
    outer loop
      vertex 63.2632 5.2619 0
      vertex 63.2632 24.7381 0
      vertex 63.4269 24.9187 0
    endloop
  endfacet
  facet normal 0 0 -1
    outer loop
      vertex 63.2626 5.26258 0
      vertex 63.2632 24.7381 0
      vertex 63.2632 5.2619 0
    endloop
  endfacet
  facet normal 0 0 -1
    outer loop
      vertex 63.2626 5.26258 0
      vertex 63.2626 24.7374 0
      vertex 63.2632 24.7381 0
    endloop
  endfacet
  facet normal 0 0 -1
    outer loop
      vertex 63.2619 5.2632 0
      vertex 63.2626 24.7374 0
      vertex 63.2626 5.26258 0
    endloop
  endfacet
  facet normal 0 0 -1
    outer loop
      vertex 63.2619 5.2632 0
      vertex 63.2619 24.7368 0
      vertex 63.2626 24.7374 0
    endloop
  endfacet
  facet normal 0 0 -1
    outer loop
      vertex 63.0813 5.42686 0
      vertex 63.2619 24.7368 0
      vertex 63.2619 5.2632 0
    endloop
  endfacet
  facet normal 0 0 -1
    outer loop
      vertex 63.0813 5.42686 0
      vertex 63.0813 24.5731 0
      vertex 63.2619 24.7368 0
    endloop
  endfacet
  facet normal 0 0 -1
    outer loop
      vertex 62.8856 5.57203 0
      vertex 63.0813 24.5731 0
      vertex 63.0813 5.42686 0
    endloop
  endfacet
  facet normal 0 0 -1
    outer loop
      vertex 62.8856 5.57203 0
      vertex 62.8856 24.428 0
      vertex 63.0813 24.5731 0
    endloop
  endfacet
  facet normal 0 0 -1
    outer loop
      vertex 62.8849 5.57258 0
      vertex 62.8856 24.428 0
      vertex 62.8856 5.57203 0
    endloop
  endfacet
  facet normal 0 0 -1
    outer loop
      vertex 62.8849 5.57258 0
      vertex 62.8849 24.4274 0
      vertex 62.8856 24.428 0
    endloop
  endfacet
  facet normal 0 0 -1
    outer loop
      vertex 62.8841 5.57305 0
      vertex 62.8849 24.4274 0
      vertex 62.8849 5.57258 0
    endloop
  endfacet
  facet normal 0 0 -1
    outer loop
      vertex 62.8841 5.57305 0
      vertex 62.8841 24.427 0
      vertex 62.8849 24.4274 0
    endloop
  endfacet
  facet normal 0 0 -1
    outer loop
      vertex 62.675 5.69834 0
      vertex 62.8841 24.427 0
      vertex 62.8841 5.57305 0
    endloop
  endfacet
  facet normal 0 0 -1
    outer loop
      vertex 62.675 5.69834 0
      vertex 62.675 24.3017 0
      vertex 62.8841 24.427 0
    endloop
  endfacet
  facet normal 0 0 -1
    outer loop
      vertex 62.6742 5.69873 0
      vertex 62.675 24.3017 0
      vertex 62.675 5.69834 0
    endloop
  endfacet
  facet normal 0 0 -1
    outer loop
      vertex 62.6742 5.69873 0
      vertex 62.6742 24.3013 0
      vertex 62.675 24.3017 0
    endloop
  endfacet
  facet normal 0 0 -1
    outer loop
      vertex 62.4539 5.80292 0
      vertex 62.6742 24.3013 0
      vertex 62.6742 5.69873 0
    endloop
  endfacet
  facet normal 0 0 -1
    outer loop
      vertex 62.4539 5.80292 0
      vertex 62.4539 24.1971 0
      vertex 62.6742 24.3013 0
    endloop
  endfacet
  facet normal 0 0 -1
    outer loop
      vertex 62.2244 5.88502 0
      vertex 62.4539 24.1971 0
      vertex 62.4539 5.80292 0
    endloop
  endfacet
  facet normal 0 0 -1
    outer loop
      vertex 62.2244 5.88502 0
      vertex 62.2244 24.115 0
      vertex 62.4539 24.1971 0
    endloop
  endfacet
  facet normal 0 0 -1
    outer loop
      vertex 62.2236 5.88533 0
      vertex 62.2244 24.115 0
      vertex 62.2244 5.88502 0
    endloop
  endfacet
  facet normal 0 0 -1
    outer loop
      vertex 62.2236 5.88533 0
      vertex 62.2236 24.1147 0
      vertex 62.2244 24.115 0
    endloop
  endfacet
  facet normal 0 0 -1
    outer loop
      vertex 62.2227 5.88556 0
      vertex 62.2236 24.1147 0
      vertex 62.2236 5.88533 0
    endloop
  endfacet
  facet normal 0 0 -1
    outer loop
      vertex 62.2227 5.88556 0
      vertex 62.2227 24.1144 0
      vertex 62.2236 24.1147 0
    endloop
  endfacet
  facet normal 0 0 -1
    outer loop
      vertex 61.9863 5.94477 0
      vertex 62.2227 24.1144 0
      vertex 62.2227 5.88556 0
    endloop
  endfacet
  facet normal 0 0 -1
    outer loop
      vertex 61.9863 5.94477 0
      vertex 61.9863 24.0552 0
      vertex 62.2227 24.1144 0
    endloop
  endfacet
  facet normal 0 0 -1
    outer loop
      vertex 61.7452 5.98053 0
      vertex 61.9863 24.0552 0
      vertex 61.9863 5.94477 0
    endloop
  endfacet
  facet normal 0 0 -1
    outer loop
      vertex 61.7452 5.98053 0
      vertex 61.7452 24.0195 0
      vertex 61.9863 24.0552 0
    endloop
  endfacet
  facet normal 0 0 -1
    outer loop
      vertex 61.7443 5.98066 0
      vertex 61.7452 24.0195 0
      vertex 61.7452 5.98053 0
    endloop
  endfacet
  facet normal 0 0 -1
    outer loop
      vertex 61.7443 5.98066 0
      vertex 61.7443 24.0193 0
      vertex 61.7452 24.0195 0
    endloop
  endfacet
  facet normal 0 0 -1
    outer loop
      vertex 61.7434 5.98071 0
      vertex 61.7443 24.0193 0
      vertex 61.7443 5.98066 0
    endloop
  endfacet
  facet normal 0 0 -1
    outer loop
      vertex 61.7434 5.98071 0
      vertex 61.7434 24.0193 0
      vertex 61.7443 24.0193 0
    endloop
  endfacet
  facet normal 0 0 -1
    outer loop
      vertex 61.5 5.99267 0
      vertex 61.7434 24.0193 0
      vertex 61.7434 5.98071 0
    endloop
  endfacet
  facet normal 0 0 -1
    outer loop
      vertex 61.5 5.99267 0
      vertex 61.5 24.0073 0
      vertex 61.7434 24.0193 0
    endloop
  endfacet
  facet normal 0 0 -1
    outer loop
      vertex 61.2566 5.98071 0
      vertex 61.5 24.0073 0
      vertex 61.5 5.99267 0
    endloop
  endfacet
  facet normal 0 0 -1
    outer loop
      vertex 61.2566 5.98071 0
      vertex 61.2566 24.0193 0
      vertex 61.5 24.0073 0
    endloop
  endfacet
  facet normal 0 0 -1
    outer loop
      vertex 61.2557 5.98066 0
      vertex 61.2566 24.0193 0
      vertex 61.2566 5.98071 0
    endloop
  endfacet
  facet normal 0 0 -1
    outer loop
      vertex 61.2557 5.98066 0
      vertex 61.2557 24.0193 0
      vertex 61.2566 24.0193 0
    endloop
  endfacet
  facet normal 0 0 -1
    outer loop
      vertex 61.2548 5.98053 0
      vertex 61.2557 24.0193 0
      vertex 61.2557 5.98066 0
    endloop
  endfacet
  facet normal 0 0 -1
    outer loop
      vertex 61.2548 5.98053 0
      vertex 61.2548 24.0195 0
      vertex 61.2557 24.0193 0
    endloop
  endfacet
  facet normal 0 0 -1
    outer loop
      vertex 61.0137 5.94477 0
      vertex 61.2548 24.0195 0
      vertex 61.2548 5.98053 0
    endloop
  endfacet
  facet normal 0 0 -1
    outer loop
      vertex 61.0137 5.94477 0
      vertex 61.0137 24.0552 0
      vertex 61.2548 24.0195 0
    endloop
  endfacet
  facet normal 0 0 -1
    outer loop
      vertex 60.7773 5.88556 0
      vertex 61.0137 24.0552 0
      vertex 61.0137 5.94477 0
    endloop
  endfacet
  facet normal 0 0 -1
    outer loop
      vertex 60.7773 5.88556 0
      vertex 60.7773 24.1144 0
      vertex 61.0137 24.0552 0
    endloop
  endfacet
  facet normal 0 0 -1
    outer loop
      vertex 60.7764 5.88533 0
      vertex 60.7773 24.1144 0
      vertex 60.7773 5.88556 0
    endloop
  endfacet
  facet normal 0 0 -1
    outer loop
      vertex 60.7764 5.88533 0
      vertex 60.7764 24.1147 0
      vertex 60.7773 24.1144 0
    endloop
  endfacet
  facet normal 0 0 -1
    outer loop
      vertex 60.7756 5.88502 0
      vertex 60.7764 24.1147 0
      vertex 60.7764 5.88533 0
    endloop
  endfacet
  facet normal 0 0 -1
    outer loop
      vertex 60.7756 5.88502 0
      vertex 60.7756 24.115 0
      vertex 60.7764 24.1147 0
    endloop
  endfacet
  facet normal 0 0 -1
    outer loop
      vertex 60.5461 5.80292 0
      vertex 60.7756 24.115 0
      vertex 60.7756 5.88502 0
    endloop
  endfacet
  facet normal 0 0 -1
    outer loop
      vertex 60.5461 5.80292 0
      vertex 60.5461 24.1971 0
      vertex 60.7756 24.115 0
    endloop
  endfacet
  facet normal 0 0 -1
    outer loop
      vertex 60.3258 5.69873 0
      vertex 60.5461 24.1971 0
      vertex 60.5461 5.80292 0
    endloop
  endfacet
  facet normal 0 0 -1
    outer loop
      vertex 60.3258 5.69873 0
      vertex 60.3258 24.3013 0
      vertex 60.5461 24.1971 0
    endloop
  endfacet
  facet normal 0 0 -1
    outer loop
      vertex 60.325 5.69834 0
      vertex 60.3258 24.3013 0
      vertex 60.3258 5.69873 0
    endloop
  endfacet
  facet normal 0 0 -1
    outer loop
      vertex 60.325 5.69834 0
      vertex 60.325 24.3017 0
      vertex 60.3258 24.3013 0
    endloop
  endfacet
  facet normal 0 0 -1
    outer loop
      vertex 60.1159 5.57305 0
      vertex 60.325 24.3017 0
      vertex 60.325 5.69834 0
    endloop
  endfacet
  facet normal 0 0 -1
    outer loop
      vertex 60.1159 5.57305 0
      vertex 60.1159 24.427 0
      vertex 60.325 24.3017 0
    endloop
  endfacet
  facet normal 0 0 -1
    outer loop
      vertex 60.1151 5.57258 0
      vertex 60.1159 24.427 0
      vertex 60.1159 5.57305 0
    endloop
  endfacet
  facet normal 0 0 -1
    outer loop
      vertex 60.1151 5.57258 0
      vertex 60.1151 24.4274 0
      vertex 60.1159 24.427 0
    endloop
  endfacet
  facet normal 0 0 -1
    outer loop
      vertex 60.1144 5.57203 0
      vertex 60.1151 24.4274 0
      vertex 60.1151 5.57258 0
    endloop
  endfacet
  facet normal 0 0 -1
    outer loop
      vertex 60.1144 5.57203 0
      vertex 60.1144 24.428 0
      vertex 60.1151 24.4274 0
    endloop
  endfacet
  facet normal 0 0 -1
    outer loop
      vertex 59.9187 5.42686 0
      vertex 60.1144 24.428 0
      vertex 60.1144 5.57203 0
    endloop
  endfacet
  facet normal 0 0 -1
    outer loop
      vertex 59.9187 5.42686 0
      vertex 59.9187 24.5731 0
      vertex 60.1144 24.428 0
    endloop
  endfacet
  facet normal 0 0 -1
    outer loop
      vertex 59.7381 5.2632 0
      vertex 59.9187 24.5731 0
      vertex 59.9187 5.42686 0
    endloop
  endfacet
  facet normal 0 0 -1
    outer loop
      vertex 59.7381 5.2632 0
      vertex 59.7381 24.7368 0
      vertex 59.9187 24.5731 0
    endloop
  endfacet
  facet normal 0 0 -1
    outer loop
      vertex 59.7374 5.26258 0
      vertex 59.7381 24.7368 0
      vertex 59.7381 5.2632 0
    endloop
  endfacet
  facet normal 0 0 -1
    outer loop
      vertex 59.7374 5.26258 0
      vertex 59.7374 24.7374 0
      vertex 59.7381 24.7368 0
    endloop
  endfacet
  facet normal 0 0 -1
    outer loop
      vertex 59.7368 5.2619 0
      vertex 59.7374 24.7374 0
      vertex 59.7374 5.26258 0
    endloop
  endfacet
  facet normal 0 0 -1
    outer loop
      vertex 59.7368 5.2619 0
      vertex 59.7368 24.7381 0
      vertex 59.7374 24.7374 0
    endloop
  endfacet
  facet normal 0 0 -1
    outer loop
      vertex 59.5731 5.08133 0
      vertex 59.7368 24.7381 0
      vertex 59.7368 5.2619 0
    endloop
  endfacet
  facet normal 0 0 -1
    outer loop
      vertex 59.5731 5.08133 0
      vertex 59.5731 24.9187 0
      vertex 59.7368 24.7381 0
    endloop
  endfacet
  facet normal 0 0 -1
    outer loop
      vertex 59.428 4.88559 0
      vertex 59.5731 24.9187 0
      vertex 59.5731 5.08133 0
    endloop
  endfacet
  facet normal 0 0 -1
    outer loop
      vertex 59.428 4.88559 0
      vertex 59.428 25.1144 0
      vertex 59.5731 24.9187 0
    endloop
  endfacet
  facet normal 0 0 -1
    outer loop
      vertex 59.4274 4.88485 0
      vertex 59.428 25.1144 0
      vertex 59.428 4.88559 0
    endloop
  endfacet
  facet normal 0 0 -1
    outer loop
      vertex 59.4274 4.88485 0
      vertex 59.4274 25.1151 0
      vertex 59.428 25.1144 0
    endloop
  endfacet
  facet normal 0 0 -1
    outer loop
      vertex 59.427 4.88407 0
      vertex 59.4274 25.1151 0
      vertex 59.4274 4.88485 0
    endloop
  endfacet
  facet normal 0 0 -1
    outer loop
      vertex 59.427 4.88407 0
      vertex 59.427 25.1159 0
      vertex 59.4274 25.1151 0
    endloop
  endfacet
  facet normal 0 0 -1
    outer loop
      vertex 59.3017 4.67503 0
      vertex 59.427 25.1159 0
      vertex 59.427 4.88407 0
    endloop
  endfacet
  facet normal 0 0 -1
    outer loop
      vertex 59.3017 4.67503 0
      vertex 59.3017 25.325 0
      vertex 59.427 25.1159 0
    endloop
  endfacet
  facet normal 0 0 -1
    outer loop
      vertex 59.3013 4.67421 0
      vertex 59.3017 25.325 0
      vertex 59.3017 4.67503 0
    endloop
  endfacet
  facet normal 0 0 -1
    outer loop
      vertex 59.3013 4.67421 0
      vertex 59.3013 25.3258 0
      vertex 59.3017 25.325 0
    endloop
  endfacet
  facet normal 0 0 -1
    outer loop
      vertex 59.1971 4.4539 0
      vertex 59.3013 25.3258 0
      vertex 59.3013 4.67421 0
    endloop
  endfacet
  facet normal 0 0 -1
    outer loop
      vertex 59.1971 4.4539 0
      vertex 59.1971 25.5461 0
      vertex 59.3013 25.3258 0
    endloop
  endfacet
  facet normal 0 0 -1
    outer loop
      vertex 5.94477 3.98629 0
      vertex 59.0552 3.98629 0
      vertex 5.98053 3.74523 0
    endloop
  endfacet
  facet normal 0 0 -1
    outer loop
      vertex 59.0552 3.98629 0
      vertex 5.94477 3.98629 0
      vertex 59.1144 4.22269 0
    endloop
  endfacet
  facet normal 0 0 -1
    outer loop
      vertex 5.98053 3.74523 0
      vertex 59.0552 3.98629 0
      vertex 5.98066 3.74432 0
    endloop
  endfacet
  facet normal -0 0 -1
    outer loop
      vertex 59.1144 4.22269 0
      vertex 5.94477 3.98629 0
      vertex 59.1147 4.22358 0
    endloop
  endfacet
  facet normal -0 0 -1
    outer loop
      vertex 59.0195 3.74523 0
      vertex 5.98066 3.74432 0
      vertex 59.0552 3.98629 0
    endloop
  endfacet
  facet normal 0 0 -1
    outer loop
      vertex 59.1971 25.5461 0
      vertex 5.99267 26.5 0
      vertex 59.115 25.7756 0
    endloop
  endfacet
  facet normal 0 0 -1
    outer loop
      vertex 59.0193 3.74432 0
      vertex 5.98066 3.74432 0
      vertex 59.0195 3.74523 0
    endloop
  endfacet
  facet normal 0 0 -1
    outer loop
      vertex 59.115 25.7756 0
      vertex 5.99267 26.5 0
      vertex 59.1147 25.7764 0
    endloop
  endfacet
  facet normal 0 0 -1
    outer loop
      vertex 5.98066 3.74432 0
      vertex 59.0193 3.74432 0
      vertex 5.98071 3.74341 0
    endloop
  endfacet
  facet normal 0 0 -1
    outer loop
      vertex 59.1147 25.7764 0
      vertex 5.99267 26.5 0
      vertex 59.1144 25.7773 0
    endloop
  endfacet
  facet normal 0 0 -1
    outer loop
      vertex 5.98071 3.74341 0
      vertex 59.0193 3.74432 0
      vertex 5.99267 3.5 0
    endloop
  endfacet
  facet normal 0 0 -1
    outer loop
      vertex 59.1144 25.7773 0
      vertex 5.99267 26.5 0
      vertex 59.0552 26.0137 0
    endloop
  endfacet
  facet normal 0 0 -1
    outer loop
      vertex 5.99267 3.5 0
      vertex 59.0193 3.74432 0
      vertex 59.0193 3.74341 0
    endloop
  endfacet
  facet normal 0 0 -1
    outer loop
      vertex 59.0552 26.0137 0
      vertex 5.99267 26.5 0
      vertex 59.0195 26.2548 0
    endloop
  endfacet
  facet normal 0 0 -1
    outer loop
      vertex 5.99267 3.5 0
      vertex 59.0193 3.74341 0
      vertex 59.0073 3.5 0
    endloop
  endfacet
  facet normal 0 0 -1
    outer loop
      vertex 59.0195 26.2548 0
      vertex 5.99267 26.5 0
      vertex 59.0193 26.2557 0
    endloop
  endfacet
  facet normal 0 0 -1
    outer loop
      vertex 63.6987 2.32579 0
      vertex 67.4 1.6 0
      vertex 67.3807 1.20793 0
    endloop
  endfacet
  facet normal 0 0 -1
    outer loop
      vertex 63.9807 3.74341 0
      vertex 67.4 1.6 0
      vertex 63.9927 3.5 0
    endloop
  endfacet
  facet normal 0 0 -1
    outer loop
      vertex 63.6983 2.32496 0
      vertex 67.3807 1.20793 0
      vertex 67.3231 0.819638 0
    endloop
  endfacet
  facet normal 0 0 -1
    outer loop
      vertex 63.9807 3.74432 0
      vertex 67.4 1.6 0
      vertex 63.9807 3.74341 0
    endloop
  endfacet
  facet normal 0 0 -1
    outer loop
      vertex 63.573 2.11593 0
      vertex 67.3231 0.819638 0
      vertex 67.2278 0.438861 0
    endloop
  endfacet
  facet normal 0 0 -1
    outer loop
      vertex 63.9807 26.7434 0
      vertex 67.4 28.4 0
      vertex 63.9927 26.5 0
    endloop
  endfacet
  facet normal 0 0 -1
    outer loop
      vertex 63.5726 2.11515 0
      vertex 67.2278 0.438861 0
      vertex 67.0955 0.0692654 0
    endloop
  endfacet
  facet normal 0 0 -1
    outer loop
      vertex 63.9807 26.7443 0
      vertex 67.4 28.4 0
      vertex 63.9807 26.7434 0
    endloop
  endfacet
  facet normal 0 0 -1
    outer loop
      vertex 63.572 2.11441 0
      vertex 67.0955 0.0692654 0
      vertex 66.9277 -0.285586 0
    endloop
  endfacet
  facet normal 0 0 -1
    outer loop
      vertex 63.9805 26.7452 0
      vertex 67.4 28.4 0
      vertex 63.9807 26.7443 0
    endloop
  endfacet
  facet normal 0 0 -1
    outer loop
      vertex 63.4269 1.91867 0
      vertex 66.9277 -0.285586 0
      vertex 66.7259 -0.62228 0
    endloop
  endfacet
  facet normal 0 0 -1
    outer loop
      vertex 63.9448 26.9863 0
      vertex 67.4 28.4 0
      vertex 63.9805 26.7452 0
    endloop
  endfacet
  facet normal 0 0 -1
    outer loop
      vertex 63.4269 1.91867 0
      vertex 66.7259 -0.62228 0
      vertex 66.492 -0.937572 0
    endloop
  endfacet
  facet normal 0 0 -1
    outer loop
      vertex 63.8856 27.2227 0
      vertex 67.4 28.4 0
      vertex 63.9448 26.9863 0
    endloop
  endfacet
  facet normal 0 0 -1
    outer loop
      vertex 63.2632 1.7381 0
      vertex 66.492 -0.937572 0
      vertex 66.2284 -1.22843 0
    endloop
  endfacet
  facet normal 0 0 -1
    outer loop
      vertex 63.8853 27.2236 0
      vertex 67.4 28.4 0
      vertex 63.8856 27.2227 0
    endloop
  endfacet
  facet normal 0 0 -1
    outer loop
      vertex 63.2626 1.73742 0
      vertex 66.2284 -1.22843 0
      vertex 65.9376 -1.49204 0
    endloop
  endfacet
  facet normal 0 0 -1
    outer loop
      vertex 63.885 27.2244 0
      vertex 67.4 28.4 0
      vertex 63.8853 27.2236 0
    endloop
  endfacet
  facet normal 0 0 -1
    outer loop
      vertex 63.0813 1.57314 0
      vertex 65.9376 -1.49204 0
      vertex 65.6223 -1.72588 0
    endloop
  endfacet
  facet normal 0 0 -1
    outer loop
      vertex 63.8029 27.4539 0
      vertex 67.4 28.4 0
      vertex 63.885 27.2244 0
    endloop
  endfacet
  facet normal 0 0 -1
    outer loop
      vertex 63.0813 1.57314 0
      vertex 65.6223 -1.72588 0
      vertex 65.2856 -1.92768 0
    endloop
  endfacet
  facet normal 0 0 -1
    outer loop
      vertex 63.6987 27.6742 0
      vertex 67.4 28.4 0
      vertex 63.8029 27.4539 0
    endloop
  endfacet
  facet normal 0 0 -1
    outer loop
      vertex 63.0813 1.57314 0
      vertex 65.2856 -1.92768 0
      vertex 64.9307 -2.09552 0
    endloop
  endfacet
  facet normal -0 0 -1
    outer loop
      vertex 67.4 28.4 0
      vertex 63.6987 27.6742 0
      vertex 67.3807 28.7921 0
    endloop
  endfacet
  facet normal 0 0 -1
    outer loop
      vertex 62.8849 1.42742 0
      vertex 64.9307 -2.09552 0
      vertex 64.5611 -2.22776 0
    endloop
  endfacet
  facet normal 0 0 -1
    outer loop
      vertex 63.6983 27.675 0
      vertex 67.3807 28.7921 0
      vertex 63.6987 27.6742 0
    endloop
  endfacet
  facet normal 0 0 -1
    outer loop
      vertex 62.8841 1.42695 0
      vertex 64.5611 -2.22776 0
      vertex 64.1804 -2.32314 0
    endloop
  endfacet
  facet normal -0 0 -1
    outer loop
      vertex 67.3807 28.7921 0
      vertex 63.6983 27.675 0
      vertex 67.3231 29.1804 0
    endloop
  endfacet
  facet normal 0 0 -1
    outer loop
      vertex 63.573 27.8841 0
      vertex 67.3231 29.1804 0
      vertex 63.6983 27.675 0
    endloop
  endfacet
  facet normal 0 0 -1
    outer loop
      vertex 67.4 1.6 0
      vertex 63.9807 3.25659 0
      vertex 63.9927 3.5 0
    endloop
  endfacet
  facet normal 0 0 -1
    outer loop
      vertex 67.4 1.6 0
      vertex 63.9807 3.25568 0
      vertex 63.9807 3.25659 0
    endloop
  endfacet
  facet normal 0 0 -1
    outer loop
      vertex 67.4 1.6 0
      vertex 63.9805 3.25477 0
      vertex 63.9807 3.25568 0
    endloop
  endfacet
  facet normal 0 0 -1
    outer loop
      vertex 67.4 1.6 0
      vertex 63.9448 3.0137 0
      vertex 63.9805 3.25477 0
    endloop
  endfacet
  facet normal 0 0 -1
    outer loop
      vertex 67.4 1.6 0
      vertex 63.8856 2.77731 0
      vertex 63.9448 3.0137 0
    endloop
  endfacet
  facet normal 0 0 -1
    outer loop
      vertex 67.4 1.6 0
      vertex 63.8853 2.77642 0
      vertex 63.8856 2.77731 0
    endloop
  endfacet
  facet normal 0 0 -1
    outer loop
      vertex 67.4 1.6 0
      vertex 63.885 2.77555 0
      vertex 63.8853 2.77642 0
    endloop
  endfacet
  facet normal 0 0 -1
    outer loop
      vertex 67.4 1.6 0
      vertex 63.8029 2.5461 0
      vertex 63.885 2.77555 0
    endloop
  endfacet
  facet normal 0 0 -1
    outer loop
      vertex 62.675 1.30166 0
      vertex 64.1804 -2.32314 0
      vertex 63.7921 -2.38074 0
    endloop
  endfacet
  facet normal 0 0 -1
    outer loop
      vertex 67.4 1.6 0
      vertex 63.6987 2.32579 0
      vertex 63.8029 2.5461 0
    endloop
  endfacet
  facet normal 0 0 -1
    outer loop
      vertex 67.3807 1.20793 0
      vertex 63.6983 2.32496 0
      vertex 63.6987 2.32579 0
    endloop
  endfacet
  facet normal 0 0 -1
    outer loop
      vertex 67.3231 0.819638 0
      vertex 63.573 2.11593 0
      vertex 63.6983 2.32496 0
    endloop
  endfacet
  facet normal 0 0 -1
    outer loop
      vertex 67.2278 0.438861 0
      vertex 63.5726 2.11515 0
      vertex 63.573 2.11593 0
    endloop
  endfacet
  facet normal 0 0 -1
    outer loop
      vertex 67.0955 0.0692654 0
      vertex 63.572 2.11441 0
      vertex 63.5726 2.11515 0
    endloop
  endfacet
  facet normal 0 0 -1
    outer loop
      vertex 66.9277 -0.285586 0
      vertex 63.4269 1.91867 0
      vertex 63.572 2.11441 0
    endloop
  endfacet
  facet normal 0 0 -1
    outer loop
      vertex 62.675 1.30166 0
      vertex 63.7921 -2.38074 0
      vertex 63.4 -2.4 0
    endloop
  endfacet
  facet normal 0 0 -1
    outer loop
      vertex 66.492 -0.937572 0
      vertex 63.2632 1.7381 0
      vertex 63.4269 1.91867 0
    endloop
  endfacet
  facet normal 0 0 -1
    outer loop
      vertex 66.2284 -1.22843 0
      vertex 63.2626 1.73742 0
      vertex 63.2632 1.7381 0
    endloop
  endfacet
  facet normal 0 0 -1
    outer loop
      vertex 65.9376 -1.49204 0
      vertex 63.2619 1.7368 0
      vertex 63.2626 1.73742 0
    endloop
  endfacet
  facet normal 0 0 -1
    outer loop
      vertex 65.9376 -1.49204 0
      vertex 63.0813 1.57314 0
      vertex 63.2619 1.7368 0
    endloop
  endfacet
  facet normal 0 0 -1
    outer loop
      vertex 64.9307 -2.09552 0
      vertex 62.8856 1.42797 0
      vertex 63.0813 1.57314 0
    endloop
  endfacet
  facet normal 0 0 -1
    outer loop
      vertex 64.9307 -2.09552 0
      vertex 62.8849 1.42742 0
      vertex 62.8856 1.42797 0
    endloop
  endfacet
  facet normal 0 0 -1
    outer loop
      vertex 64.5611 -2.22776 0
      vertex 62.8841 1.42695 0
      vertex 62.8849 1.42742 0
    endloop
  endfacet
  facet normal 0 0 -1
    outer loop
      vertex 64.1804 -2.32314 0
      vertex 62.675 1.30166 0
      vertex 62.8841 1.42695 0
    endloop
  endfacet
  facet normal 0 0 -1
    outer loop
      vertex 63.4 -2.4 0
      vertex 62.6742 1.30127 0
      vertex 62.675 1.30166 0
    endloop
  endfacet
  facet normal 0 0 -1
    outer loop
      vertex 63.4 -2.4 0
      vertex 62.4539 1.19708 0
      vertex 62.6742 1.30127 0
    endloop
  endfacet
  facet normal 0 0 -1
    outer loop
      vertex 63.4 -2.4 0
      vertex 62.2244 1.11497 0
      vertex 62.4539 1.19708 0
    endloop
  endfacet
  facet normal 0 0 -1
    outer loop
      vertex 63.4 -2.4 0
      vertex 62.2236 1.11467 0
      vertex 62.2244 1.11497 0
    endloop
  endfacet
  facet normal 0 0 -1
    outer loop
      vertex 63.4 -2.4 0
      vertex 62.2227 1.11444 0
      vertex 62.2236 1.11467 0
    endloop
  endfacet
  facet normal 0 0 -1
    outer loop
      vertex 63.4 -2.4 0
      vertex 61.9863 1.05523 0
      vertex 62.2227 1.11444 0
    endloop
  endfacet
  facet normal 0 0 -1
    outer loop
      vertex 63.4 -2.4 0
      vertex 61.7452 1.01947 0
      vertex 61.9863 1.05523 0
    endloop
  endfacet
  facet normal 0 0 -1
    outer loop
      vertex 63.4 -2.4 0
      vertex 61.7443 1.01933 0
      vertex 61.7452 1.01947 0
    endloop
  endfacet
  facet normal 0 0 -1
    outer loop
      vertex 63.4 -2.4 0
      vertex 61.7434 1.01929 0
      vertex 61.7443 1.01933 0
    endloop
  endfacet
  facet normal 0 0 -1
    outer loop
      vertex 63.4 -2.4 0
      vertex 61.5 1.00733 0
      vertex 61.7434 1.01929 0
    endloop
  endfacet
  facet normal 0 0 -1
    outer loop
      vertex 63.4 -2.4 0
      vertex 61.2566 1.01929 0
      vertex 61.5 1.00733 0
    endloop
  endfacet
  facet normal 0 0 -1
    outer loop
      vertex 63.4 -2.4 0
      vertex 61.2557 1.01933 0
      vertex 61.2566 1.01929 0
    endloop
  endfacet
  facet normal 0 0 -1
    outer loop
      vertex 63.4 -2.4 0
      vertex 61.2548 1.01947 0
      vertex 61.2557 1.01933 0
    endloop
  endfacet
  facet normal 0 0 -1
    outer loop
      vertex 63.4 -2.4 0
      vertex 61.0137 1.05523 0
      vertex 61.2548 1.01947 0
    endloop
  endfacet
  facet normal 0 0 -1
    outer loop
      vertex 63.4 -2.4 0
      vertex 60.7773 1.11444 0
      vertex 61.0137 1.05523 0
    endloop
  endfacet
  facet normal 0 0 -1
    outer loop
      vertex 63.4 -2.4 0
      vertex 60.7764 1.11467 0
      vertex 60.7773 1.11444 0
    endloop
  endfacet
  facet normal 0 0 -1
    outer loop
      vertex 63.4 -2.4 0
      vertex 60.7756 1.11497 0
      vertex 60.7764 1.11467 0
    endloop
  endfacet
  facet normal 0 0 -1
    outer loop
      vertex 63.4 -2.4 0
      vertex 60.5461 1.19708 0
      vertex 60.7756 1.11497 0
    endloop
  endfacet
  facet normal 0 0 -1
    outer loop
      vertex 63.4 -2.4 0
      vertex 60.3258 1.30127 0
      vertex 60.5461 1.19708 0
    endloop
  endfacet
  facet normal 0 0 -1
    outer loop
      vertex 63.4 -2.4 0
      vertex 60.325 1.30166 0
      vertex 60.3258 1.30127 0
    endloop
  endfacet
  facet normal 0 0 -1
    outer loop
      vertex 63.4 -2.4 0
      vertex 60.1159 1.42695 0
      vertex 60.325 1.30166 0
    endloop
  endfacet
  facet normal 0 0 -1
    outer loop
      vertex 63.4 -2.4 0
      vertex 60.1151 1.42742 0
      vertex 60.1159 1.42695 0
    endloop
  endfacet
  facet normal 0 0 -1
    outer loop
      vertex 63.4 -2.4 0
      vertex 60.1144 1.42797 0
      vertex 60.1151 1.42742 0
    endloop
  endfacet
  facet normal 0 0 -1
    outer loop
      vertex 63.4 -2.4 0
      vertex 59.9187 1.57314 0
      vertex 60.1144 1.42797 0
    endloop
  endfacet
  facet normal 0 0 -1
    outer loop
      vertex 63.4 -2.4 0
      vertex 59.7381 1.7368 0
      vertex 59.9187 1.57314 0
    endloop
  endfacet
  facet normal 0 0 -1
    outer loop
      vertex 63.4 -2.4 0
      vertex 59.7374 1.73742 0
      vertex 59.7381 1.7368 0
    endloop
  endfacet
  facet normal 0 0 -1
    outer loop
      vertex 5.26258 1.73742 0
      vertex 59.7374 1.73742 0
      vertex 63.4 -2.4 0
    endloop
  endfacet
  facet normal 0 0 -1
    outer loop
      vertex 59.7374 1.73742 0
      vertex 5.26258 1.73742 0
      vertex 59.7368 1.7381 0
    endloop
  endfacet
  facet normal 0 0 -1
    outer loop
      vertex 59.4274 2.11515 0
      vertex 59.3017 2.32496 0
      vertex 59.427 2.11593 0
    endloop
  endfacet
  facet normal 0 0 1
    outer loop
      vertex 59.3017 2.32496 0
      vertex 59.1971 2.5461 0
      vertex 59.3013 2.32579 0
    endloop
  endfacet
  facet normal 0 0 1
    outer loop
      vertex 59.1971 2.5461 0
      vertex 59.1147 2.77642 0
      vertex 59.115 2.77555 0
    endloop
  endfacet
  facet normal 0 0 1
    outer loop
      vertex 59.1147 2.77642 0
      vertex 59.0552 3.0137 0
      vertex 59.1144 2.77731 0
    endloop
  endfacet
  facet normal 0 0 -1
    outer loop
      vertex 59.0552 3.0137 0
      vertex 59.0193 3.25568 0
      vertex 59.0195 3.25477 0
    endloop
  endfacet
  facet normal 0 0 -1
    outer loop
      vertex 59.0193 3.25568 0
      vertex 59.0073 3.5 0
      vertex 59.0193 3.25659 0
    endloop
  endfacet
  facet normal 0 0 -1
    outer loop
      vertex 59.0193 26.2557 0
      vertex 5.99267 26.5 0
      vertex 59.0193 26.2566 0
    endloop
  endfacet
  facet normal 0 0 -1
    outer loop
      vertex 59.0193 3.25568 0
      vertex 5.99267 3.5 0
      vertex 59.0073 3.5 0
    endloop
  endfacet
  facet normal 0 0 -1
    outer loop
      vertex 5.98066 3.25568 0
      vertex 59.0193 3.25568 0
      vertex 59.0552 3.0137 0
    endloop
  endfacet
  facet normal 0 0 -1
    outer loop
      vertex 5.94477 3.0137 0
      vertex 59.0552 3.0137 0
      vertex 59.1147 2.77642 0
    endloop
  endfacet
  facet normal 0 0 -1
    outer loop
      vertex 5.88533 2.77642 0
      vertex 59.1147 2.77642 0
      vertex 59.1971 2.5461 0
    endloop
  endfacet
  facet normal 0 0 -1
    outer loop
      vertex 5.80292 2.5461 0
      vertex 59.1971 2.5461 0
      vertex 59.3017 2.32496 0
    endloop
  endfacet
  facet normal 0 0 -1
    outer loop
      vertex 5.69834 2.32496 0
      vertex 59.3017 2.32496 0
      vertex 59.4274 2.11515 0
    endloop
  endfacet
  facet normal 0 0 -1
    outer loop
      vertex 5.57258 2.11515 0
      vertex 59.4274 2.11515 0
      vertex 59.428 2.11441 0
    endloop
  endfacet
  facet normal 0 0 -1
    outer loop
      vertex 5.57258 2.11515 0
      vertex 59.428 2.11441 0
      vertex 59.5731 1.91867 0
    endloop
  endfacet
  facet normal -0 0 -1
    outer loop
      vertex 59.7368 1.7381 0
      vertex 5.26258 1.73742 0
      vertex 59.5731 1.91867 0
    endloop
  endfacet
  facet normal 0 0 -1
    outer loop
      vertex 59.0193 3.25568 0
      vertex 5.98071 3.25659 0
      vertex 5.99267 3.5 0
    endloop
  endfacet
  facet normal 0 0 -1
    outer loop
      vertex 59.0193 3.25568 0
      vertex 5.98066 3.25568 0
      vertex 5.98071 3.25659 0
    endloop
  endfacet
  facet normal 0 0 -1
    outer loop
      vertex 59.0552 3.0137 0
      vertex 5.98053 3.25477 0
      vertex 5.98066 3.25568 0
    endloop
  endfacet
  facet normal 0 0 -1
    outer loop
      vertex 59.0552 3.0137 0
      vertex 5.94477 3.0137 0
      vertex 5.98053 3.25477 0
    endloop
  endfacet
  facet normal 0 0 -1
    outer loop
      vertex 59.1147 2.77642 0
      vertex 5.88556 2.77731 0
      vertex 5.94477 3.0137 0
    endloop
  endfacet
  facet normal 0 0 -1
    outer loop
      vertex 59.1147 2.77642 0
      vertex 5.88533 2.77642 0
      vertex 5.88556 2.77731 0
    endloop
  endfacet
  facet normal 0 0 -1
    outer loop
      vertex 59.1971 2.5461 0
      vertex 5.88502 2.77555 0
      vertex 5.88533 2.77642 0
    endloop
  endfacet
  facet normal 0 0 -1
    outer loop
      vertex 59.1971 2.5461 0
      vertex 5.80292 2.5461 0
      vertex 5.88502 2.77555 0
    endloop
  endfacet
  facet normal 0 0 -1
    outer loop
      vertex 59.3017 2.32496 0
      vertex 5.69873 2.32579 0
      vertex 5.80292 2.5461 0
    endloop
  endfacet
  facet normal 0 0 -1
    outer loop
      vertex 59.3017 2.32496 0
      vertex 5.69834 2.32496 0
      vertex 5.69873 2.32579 0
    endloop
  endfacet
  facet normal 0 0 -1
    outer loop
      vertex 59.4274 2.11515 0
      vertex 5.57305 2.11593 0
      vertex 5.69834 2.32496 0
    endloop
  endfacet
  facet normal 0 0 -1
    outer loop
      vertex 59.4274 2.11515 0
      vertex 5.57258 2.11515 0
      vertex 5.57305 2.11593 0
    endloop
  endfacet
  facet normal 0 0 -1
    outer loop
      vertex 59.5731 1.91867 0
      vertex 5.57203 2.11441 0
      vertex 5.57258 2.11515 0
    endloop
  endfacet
  facet normal 0 0 -1
    outer loop
      vertex 59.5731 1.91867 0
      vertex 5.42686 1.91867 0
      vertex 5.57203 2.11441 0
    endloop
  endfacet
  facet normal -0 0 -1
    outer loop
      vertex 59.5731 1.91867 0
      vertex 5.2632 1.7381 0
      vertex 5.42686 1.91867 0
    endloop
  endfacet
  facet normal 0 0 -1
    outer loop
      vertex 59.5731 1.91867 0
      vertex 5.26258 1.73742 0
      vertex 5.2632 1.7381 0
    endloop
  endfacet
  facet normal 0 0 -1
    outer loop
      vertex 1.6 -2.4 0
      vertex 5.26258 1.73742 0
      vertex 63.4 -2.4 0
    endloop
  endfacet
  facet normal 0 0 -1
    outer loop
      vertex 5.26258 1.73742 0
      vertex 1.6 -2.4 0
      vertex 5.2619 1.7368 0
    endloop
  endfacet
  facet normal 0 0 -1
    outer loop
      vertex 5.2619 1.7368 0
      vertex 1.6 -2.4 0
      vertex 5.08133 1.57314 0
    endloop
  endfacet
  facet normal 0 0 -1
    outer loop
      vertex 5.08133 1.57314 0
      vertex 1.6 -2.4 0
      vertex 4.88559 1.42797 0
    endloop
  endfacet
  facet normal 0 0 -1
    outer loop
      vertex 4.88559 1.42797 0
      vertex 1.6 -2.4 0
      vertex 4.88485 1.42742 0
    endloop
  endfacet
  facet normal 0 0 -1
    outer loop
      vertex 4.88485 1.42742 0
      vertex 1.6 -2.4 0
      vertex 4.88407 1.42695 0
    endloop
  endfacet
  facet normal 0 0 -1
    outer loop
      vertex 4.88407 1.42695 0
      vertex 1.6 -2.4 0
      vertex 4.67503 1.30166 0
    endloop
  endfacet
  facet normal 0 0 -1
    outer loop
      vertex 4.67503 1.30166 0
      vertex 1.6 -2.4 0
      vertex 4.67421 1.30127 0
    endloop
  endfacet
  facet normal 0 0 -1
    outer loop
      vertex 4.67421 1.30127 0
      vertex 1.6 -2.4 0
      vertex 4.4539 1.19708 0
    endloop
  endfacet
  facet normal 0 0 -1
    outer loop
      vertex 4.4539 1.19708 0
      vertex 1.6 -2.4 0
      vertex 4.22444 1.11497 0
    endloop
  endfacet
  facet normal 0 0 -1
    outer loop
      vertex 4.22444 1.11497 0
      vertex 1.6 -2.4 0
      vertex 4.22358 1.11467 0
    endloop
  endfacet
  facet normal 0 0 -1
    outer loop
      vertex 4.22358 1.11467 0
      vertex 1.6 -2.4 0
      vertex 4.22269 1.11444 0
    endloop
  endfacet
  facet normal 0 0 -1
    outer loop
      vertex 4.22269 1.11444 0
      vertex 1.6 -2.4 0
      vertex 3.98629 1.05523 0
    endloop
  endfacet
  facet normal 0 0 -1
    outer loop
      vertex 3.98629 1.05523 0
      vertex 1.6 -2.4 0
      vertex 3.74523 1.01947 0
    endloop
  endfacet
  facet normal 0 0 -1
    outer loop
      vertex 3.74523 1.01947 0
      vertex 1.6 -2.4 0
      vertex 3.74432 1.01933 0
    endloop
  endfacet
  facet normal 0 0 -1
    outer loop
      vertex 3.74432 1.01933 0
      vertex 1.6 -2.4 0
      vertex 3.74341 1.01929 0
    endloop
  endfacet
  facet normal 0 0 -1
    outer loop
      vertex 3.74341 1.01929 0
      vertex 1.6 -2.4 0
      vertex 3.5 1.00733 0
    endloop
  endfacet
  facet normal -0 0 -1
    outer loop
      vertex 3.5 1.00733 0
      vertex 1.6 -2.4 0
      vertex 3.25659 1.01929 0
    endloop
  endfacet
  facet normal 0 0 -1
    outer loop
      vertex 1.6 -2.4 0
      vertex 2.77731 1.11444 0
      vertex 3.0137 1.05523 0
    endloop
  endfacet
  facet normal 0 0 -1
    outer loop
      vertex 1.6 -2.4 0
      vertex 2.77555 1.11497 0
      vertex 2.77642 1.11467 0
    endloop
  endfacet
  facet normal 0 0 -1
    outer loop
      vertex 1.6 -2.4 0
      vertex 2.32579 1.30127 0
      vertex 2.5461 1.19708 0
    endloop
  endfacet
  facet normal 0 0 -1
    outer loop
      vertex 0.819638 -2.32314 0
      vertex 2.11593 1.42695 0
      vertex 2.32496 1.30166 0
    endloop
  endfacet
  facet normal 0 0 -1
    outer loop
      vertex 0.0692654 -2.09552 0
      vertex 2.11441 1.42797 0
      vertex 2.11515 1.42742 0
    endloop
  endfacet
  facet normal -0 0 -1
    outer loop
      vertex 3.25659 1.01929 0
      vertex 1.6 -2.4 0
      vertex 3.25568 1.01933 0
    endloop
  endfacet
  facet normal 0 0 -1
    outer loop
      vertex 1.6 -2.4 0
      vertex 3.25477 1.01947 0
      vertex 3.25568 1.01933 0
    endloop
  endfacet
  facet normal 0 0 -1
    outer loop
      vertex 1.6 -2.4 0
      vertex 3.0137 1.05523 0
      vertex 3.25477 1.01947 0
    endloop
  endfacet
  facet normal -0 0 -1
    outer loop
      vertex 2.77731 1.11444 0
      vertex 1.6 -2.4 0
      vertex 2.77642 1.11467 0
    endloop
  endfacet
  facet normal -0 0 -1
    outer loop
      vertex 2.77555 1.11497 0
      vertex 1.6 -2.4 0
      vertex 2.5461 1.19708 0
    endloop
  endfacet
  facet normal -0 0 -1
    outer loop
      vertex 2.32579 1.30127 0
      vertex 1.6 -2.4 0
      vertex 2.32496 1.30166 0
    endloop
  endfacet
  facet normal 0 0 -1
    outer loop
      vertex 1.20793 -2.38074 0
      vertex 2.32496 1.30166 0
      vertex 1.6 -2.4 0
    endloop
  endfacet
  facet normal 0 0 -1
    outer loop
      vertex 0.819638 -2.32314 0
      vertex 2.32496 1.30166 0
      vertex 1.20793 -2.38074 0
    endloop
  endfacet
  facet normal 0 0 -1
    outer loop
      vertex 0.438861 -2.22776 0
      vertex 2.11593 1.42695 0
      vertex 0.819638 -2.32314 0
    endloop
  endfacet
  facet normal -0 0 -1
    outer loop
      vertex 2.11593 1.42695 0
      vertex 0.438861 -2.22776 0
      vertex 2.11515 1.42742 0
    endloop
  endfacet
  facet normal 0 0 -1
    outer loop
      vertex 0.0692654 -2.09552 0
      vertex 2.11515 1.42742 0
      vertex 0.438861 -2.22776 0
    endloop
  endfacet
  facet normal -0 0 -1
    outer loop
      vertex 2.11441 1.42797 0
      vertex 0.0692654 -2.09552 0
      vertex 1.91867 1.57314 0
    endloop
  endfacet
  facet normal 0 0 -1
    outer loop
      vertex -0.285586 -1.92768 0
      vertex 1.91867 1.57314 0
      vertex 0.0692654 -2.09552 0
    endloop
  endfacet
  facet normal 0 0 -1
    outer loop
      vertex -0.62228 -1.72588 0
      vertex 1.91867 1.57314 0
      vertex -0.285586 -1.92768 0
    endloop
  endfacet
  facet normal 0 0 -1
    outer loop
      vertex -0.937572 -1.49204 0
      vertex 1.91867 1.57314 0
      vertex -0.62228 -1.72588 0
    endloop
  endfacet
  facet normal -0 0 -1
    outer loop
      vertex 1.91867 1.57314 0
      vertex -0.937572 -1.49204 0
      vertex 1.7381 1.7368 0
    endloop
  endfacet
  facet normal -0 0 -1
    outer loop
      vertex 1.7381 1.7368 0
      vertex -0.937572 -1.49204 0
      vertex 1.73742 1.73742 0
    endloop
  endfacet
  facet normal 0 0 -1
    outer loop
      vertex -1.22843 -1.22843 0
      vertex 1.73742 1.73742 0
      vertex -0.937572 -1.49204 0
    endloop
  endfacet
  facet normal -0 0 -1
    outer loop
      vertex 1.73742 1.73742 0
      vertex -1.22843 -1.22843 0
      vertex 1.7368 1.7381 0
    endloop
  endfacet
  facet normal 0 0 -1
    outer loop
      vertex -1.49204 -0.937572 0
      vertex 1.7368 1.7381 0
      vertex -1.22843 -1.22843 0
    endloop
  endfacet
  facet normal -0 0 -1
    outer loop
      vertex 1.7368 1.7381 0
      vertex -1.49204 -0.937572 0
      vertex 1.57314 1.91867 0
    endloop
  endfacet
  facet normal 0 0 -1
    outer loop
      vertex -1.72588 -0.62228 0
      vertex 1.57314 1.91867 0
      vertex -1.49204 -0.937572 0
    endloop
  endfacet
  facet normal 0 0 -1
    outer loop
      vertex -1.92768 -0.285586 0
      vertex 1.57314 1.91867 0
      vertex -1.72588 -0.62228 0
    endloop
  endfacet
  facet normal -0 0 -1
    outer loop
      vertex 1.57314 1.91867 0
      vertex -1.92768 -0.285586 0
      vertex 1.42797 2.11441 0
    endloop
  endfacet
  facet normal 0 0 -1
    outer loop
      vertex -2.09552 0.0692654 0
      vertex 1.42797 2.11441 0
      vertex -1.92768 -0.285586 0
    endloop
  endfacet
  facet normal -0 0 -1
    outer loop
      vertex 1.42797 2.11441 0
      vertex -2.09552 0.0692654 0
      vertex 1.42742 2.11515 0
    endloop
  endfacet
  facet normal 0 0 -1
    outer loop
      vertex -2.22776 0.438861 0
      vertex 1.42742 2.11515 0
      vertex -2.09552 0.0692654 0
    endloop
  endfacet
  facet normal 0 0 -1
    outer loop
      vertex -2.32314 0.819638 0
      vertex 1.42695 2.11593 0
      vertex -2.22776 0.438861 0
    endloop
  endfacet
  facet normal -0 0 -1
    outer loop
      vertex 1.42742 2.11515 0
      vertex -2.22776 0.438861 0
      vertex 1.42695 2.11593 0
    endloop
  endfacet
  facet normal -0 0 -1
    outer loop
      vertex 67.3231 29.1804 0
      vertex 63.573 27.8841 0
      vertex 67.2278 29.5611 0
    endloop
  endfacet
  facet normal 0 0 -1
    outer loop
      vertex 63.5726 27.8849 0
      vertex 67.2278 29.5611 0
      vertex 63.573 27.8841 0
    endloop
  endfacet
  facet normal -0 0 -1
    outer loop
      vertex 67.2278 29.5611 0
      vertex 63.5726 27.8849 0
      vertex 67.0955 29.9307 0
    endloop
  endfacet
  facet normal 0 0 -1
    outer loop
      vertex 63.572 27.8856 0
      vertex 67.0955 29.9307 0
      vertex 63.5726 27.8849 0
    endloop
  endfacet
  facet normal -0 0 -1
    outer loop
      vertex 67.0955 29.9307 0
      vertex 63.572 27.8856 0
      vertex 66.9277 30.2856 0
    endloop
  endfacet
  facet normal 0 0 -1
    outer loop
      vertex 63.4269 28.0813 0
      vertex 66.9277 30.2856 0
      vertex 63.572 27.8856 0
    endloop
  endfacet
  facet normal -0 0 -1
    outer loop
      vertex 66.9277 30.2856 0
      vertex 63.4269 28.0813 0
      vertex 66.7259 30.6223 0
    endloop
  endfacet
  facet normal -0 0 -1
    outer loop
      vertex 66.7259 30.6223 0
      vertex 63.4269 28.0813 0
      vertex 66.492 30.9376 0
    endloop
  endfacet
  facet normal 0 0 -1
    outer loop
      vertex 63.2632 28.2619 0
      vertex 66.492 30.9376 0
      vertex 63.4269 28.0813 0
    endloop
  endfacet
  facet normal -0 0 -1
    outer loop
      vertex 66.492 30.9376 0
      vertex 63.2632 28.2619 0
      vertex 66.2284 31.2284 0
    endloop
  endfacet
  facet normal 0 0 -1
    outer loop
      vertex 63.2626 28.2626 0
      vertex 66.2284 31.2284 0
      vertex 63.2632 28.2619 0
    endloop
  endfacet
  facet normal -0 0 -1
    outer loop
      vertex 66.2284 31.2284 0
      vertex 63.2626 28.2626 0
      vertex 65.9376 31.492 0
    endloop
  endfacet
  facet normal 0 0 -1
    outer loop
      vertex 63.2619 28.2632 0
      vertex 65.9376 31.492 0
      vertex 63.2626 28.2626 0
    endloop
  endfacet
  facet normal 0 0 -1
    outer loop
      vertex 63.0813 28.4269 0
      vertex 65.9376 31.492 0
      vertex 63.2619 28.2632 0
    endloop
  endfacet
  facet normal -0 0 -1
    outer loop
      vertex 65.9376 31.492 0
      vertex 63.0813 28.4269 0
      vertex 65.6223 31.7259 0
    endloop
  endfacet
  facet normal -0 0 -1
    outer loop
      vertex 65.6223 31.7259 0
      vertex 63.0813 28.4269 0
      vertex 65.2856 31.9277 0
    endloop
  endfacet
  facet normal -0 0 -1
    outer loop
      vertex 65.2856 31.9277 0
      vertex 63.0813 28.4269 0
      vertex 64.9307 32.0955 0
    endloop
  endfacet
  facet normal 0 0 -1
    outer loop
      vertex 62.8856 28.572 0
      vertex 64.9307 32.0955 0
      vertex 63.0813 28.4269 0
    endloop
  endfacet
  facet normal 0 0 -1
    outer loop
      vertex 62.8849 28.5726 0
      vertex 64.9307 32.0955 0
      vertex 62.8856 28.572 0
    endloop
  endfacet
  facet normal -0 0 -1
    outer loop
      vertex 64.9307 32.0955 0
      vertex 62.8849 28.5726 0
      vertex 64.5611 32.2278 0
    endloop
  endfacet
  facet normal 0 0 -1
    outer loop
      vertex 62.8841 28.573 0
      vertex 64.5611 32.2278 0
      vertex 62.8849 28.5726 0
    endloop
  endfacet
  facet normal -0 0 -1
    outer loop
      vertex 64.5611 32.2278 0
      vertex 62.8841 28.573 0
      vertex 64.1804 32.3231 0
    endloop
  endfacet
  facet normal 0 0 -1
    outer loop
      vertex 62.675 28.6983 0
      vertex 64.1804 32.3231 0
      vertex 62.8841 28.573 0
    endloop
  endfacet
  facet normal -0 0 -1
    outer loop
      vertex 64.1804 32.3231 0
      vertex 62.675 28.6983 0
      vertex 63.7921 32.3807 0
    endloop
  endfacet
  facet normal -0 0 -1
    outer loop
      vertex 63.7921 32.3807 0
      vertex 62.675 28.6983 0
      vertex 63.4 32.4 0
    endloop
  endfacet
  facet normal 0 0 -1
    outer loop
      vertex 62.6742 28.6987 0
      vertex 63.4 32.4 0
      vertex 62.675 28.6983 0
    endloop
  endfacet
  facet normal 0 0 -1
    outer loop
      vertex 62.4539 28.8029 0
      vertex 63.4 32.4 0
      vertex 62.6742 28.6987 0
    endloop
  endfacet
  facet normal 0 0 -1
    outer loop
      vertex 62.2244 28.885 0
      vertex 63.4 32.4 0
      vertex 62.4539 28.8029 0
    endloop
  endfacet
  facet normal 0 0 -1
    outer loop
      vertex 62.2236 28.8853 0
      vertex 63.4 32.4 0
      vertex 62.2244 28.885 0
    endloop
  endfacet
  facet normal 0 0 -1
    outer loop
      vertex 62.2227 28.8856 0
      vertex 63.4 32.4 0
      vertex 62.2236 28.8853 0
    endloop
  endfacet
  facet normal 0 0 -1
    outer loop
      vertex 61.9863 28.9448 0
      vertex 63.4 32.4 0
      vertex 62.2227 28.8856 0
    endloop
  endfacet
  facet normal 0 0 -1
    outer loop
      vertex 61.7452 28.9805 0
      vertex 63.4 32.4 0
      vertex 61.9863 28.9448 0
    endloop
  endfacet
  facet normal 0 0 -1
    outer loop
      vertex 61.7443 28.9807 0
      vertex 63.4 32.4 0
      vertex 61.7452 28.9805 0
    endloop
  endfacet
  facet normal 0 0 -1
    outer loop
      vertex 61.7434 28.9807 0
      vertex 63.4 32.4 0
      vertex 61.7443 28.9807 0
    endloop
  endfacet
  facet normal 0 0 -1
    outer loop
      vertex 61.5 28.9927 0
      vertex 63.4 32.4 0
      vertex 61.7434 28.9807 0
    endloop
  endfacet
  facet normal 0 0 -1
    outer loop
      vertex 61.2566 28.9807 0
      vertex 63.4 32.4 0
      vertex 61.5 28.9927 0
    endloop
  endfacet
  facet normal 0 0 -1
    outer loop
      vertex 61.2557 28.9807 0
      vertex 63.4 32.4 0
      vertex 61.2566 28.9807 0
    endloop
  endfacet
  facet normal 0 0 -1
    outer loop
      vertex 61.2548 28.9805 0
      vertex 63.4 32.4 0
      vertex 61.2557 28.9807 0
    endloop
  endfacet
  facet normal 0 0 -1
    outer loop
      vertex 61.0137 28.9448 0
      vertex 63.4 32.4 0
      vertex 61.2548 28.9805 0
    endloop
  endfacet
  facet normal 0 0 -1
    outer loop
      vertex 60.7773 28.8856 0
      vertex 63.4 32.4 0
      vertex 61.0137 28.9448 0
    endloop
  endfacet
  facet normal 0 0 -1
    outer loop
      vertex 60.7764 28.8853 0
      vertex 63.4 32.4 0
      vertex 60.7773 28.8856 0
    endloop
  endfacet
  facet normal 0 0 -1
    outer loop
      vertex 60.7756 28.885 0
      vertex 63.4 32.4 0
      vertex 60.7764 28.8853 0
    endloop
  endfacet
  facet normal 0 0 -1
    outer loop
      vertex 60.5461 28.8029 0
      vertex 63.4 32.4 0
      vertex 60.7756 28.885 0
    endloop
  endfacet
  facet normal 0 0 -1
    outer loop
      vertex 60.3258 28.6987 0
      vertex 63.4 32.4 0
      vertex 60.5461 28.8029 0
    endloop
  endfacet
  facet normal 0 0 -1
    outer loop
      vertex 60.325 28.6983 0
      vertex 63.4 32.4 0
      vertex 60.3258 28.6987 0
    endloop
  endfacet
  facet normal 0 0 -1
    outer loop
      vertex 60.1159 28.573 0
      vertex 63.4 32.4 0
      vertex 60.325 28.6983 0
    endloop
  endfacet
  facet normal 0 0 -1
    outer loop
      vertex 60.1151 28.5726 0
      vertex 63.4 32.4 0
      vertex 60.1159 28.573 0
    endloop
  endfacet
  facet normal 0 0 -1
    outer loop
      vertex 60.1144 28.572 0
      vertex 63.4 32.4 0
      vertex 60.1151 28.5726 0
    endloop
  endfacet
  facet normal 0 0 -1
    outer loop
      vertex 59.9187 28.4269 0
      vertex 63.4 32.4 0
      vertex 60.1144 28.572 0
    endloop
  endfacet
  facet normal 0 0 -1
    outer loop
      vertex 59.7381 28.2632 0
      vertex 63.4 32.4 0
      vertex 59.9187 28.4269 0
    endloop
  endfacet
  facet normal 0 0 -1
    outer loop
      vertex 59.7374 28.2626 0
      vertex 63.4 32.4 0
      vertex 59.7381 28.2632 0
    endloop
  endfacet
  facet normal 0 0 -1
    outer loop
      vertex 5.26258 28.2626 0
      vertex 59.7374 28.2626 0
      vertex 59.7368 28.2619 0
    endloop
  endfacet
  facet normal 0 0 -1
    outer loop
      vertex 5.26258 28.2626 0
      vertex 59.7368 28.2619 0
      vertex 59.5731 28.0813 0
    endloop
  endfacet
  facet normal 0 0 -1
    outer loop
      vertex 59.3017 27.675 0
      vertex 59.4274 27.8849 0
      vertex 59.427 27.8841 0
    endloop
  endfacet
  facet normal 0 0 1
    outer loop
      vertex 59.1971 27.4539 0
      vertex 59.3017 27.675 0
      vertex 59.3013 27.6742 0
    endloop
  endfacet
  facet normal 0 0 -1
    outer loop
      vertex 59.1147 27.2236 0
      vertex 59.1971 27.4539 0
      vertex 59.115 27.2244 0
    endloop
  endfacet
  facet normal 0 0 1
    outer loop
      vertex 59.0552 26.9863 0
      vertex 59.1147 27.2236 0
      vertex 59.1144 27.2227 0
    endloop
  endfacet
  facet normal 0 0 -1
    outer loop
      vertex 59.0193 26.7443 0
      vertex 59.0552 26.9863 0
      vertex 59.0195 26.7452 0
    endloop
  endfacet
  facet normal 0 0 -1
    outer loop
      vertex 59.0073 26.5 0
      vertex 59.0193 26.7443 0
      vertex 59.0193 26.7434 0
    endloop
  endfacet
  facet normal 0 0 -1
    outer loop
      vertex 59.0193 26.2566 0
      vertex 5.99267 26.5 0
      vertex 59.0073 26.5 0
    endloop
  endfacet
  facet normal 0 0 -1
    outer loop
      vertex 59.0073 26.5 0
      vertex 5.99267 26.5 0
      vertex 59.0193 26.7443 0
    endloop
  endfacet
  facet normal 0 0 -1
    outer loop
      vertex 5.98071 26.7434 0
      vertex 59.0193 26.7443 0
      vertex 5.99267 26.5 0
    endloop
  endfacet
  facet normal 0 0 -1
    outer loop
      vertex 5.98066 26.7443 0
      vertex 59.0193 26.7443 0
      vertex 5.98071 26.7434 0
    endloop
  endfacet
  facet normal 0 0 -1
    outer loop
      vertex 59.0193 26.7443 0
      vertex 5.98066 26.7443 0
      vertex 59.0552 26.9863 0
    endloop
  endfacet
  facet normal 0 0 -1
    outer loop
      vertex 5.98053 26.7452 0
      vertex 59.0552 26.9863 0
      vertex 5.98066 26.7443 0
    endloop
  endfacet
  facet normal 0 0 -1
    outer loop
      vertex 5.94477 26.9863 0
      vertex 59.0552 26.9863 0
      vertex 5.98053 26.7452 0
    endloop
  endfacet
  facet normal 0 0 -1
    outer loop
      vertex 59.0552 26.9863 0
      vertex 5.94477 26.9863 0
      vertex 59.1147 27.2236 0
    endloop
  endfacet
  facet normal 0 0 -1
    outer loop
      vertex 5.88556 27.2227 0
      vertex 59.1147 27.2236 0
      vertex 5.94477 26.9863 0
    endloop
  endfacet
  facet normal 0 0 -1
    outer loop
      vertex 5.88533 27.2236 0
      vertex 59.1147 27.2236 0
      vertex 5.88556 27.2227 0
    endloop
  endfacet
  facet normal 0 0 -1
    outer loop
      vertex 59.1147 27.2236 0
      vertex 5.88533 27.2236 0
      vertex 59.1971 27.4539 0
    endloop
  endfacet
  facet normal 0 0 -1
    outer loop
      vertex 5.88502 27.2244 0
      vertex 59.1971 27.4539 0
      vertex 5.88533 27.2236 0
    endloop
  endfacet
  facet normal 0 0 -1
    outer loop
      vertex 5.80292 27.4539 0
      vertex 59.1971 27.4539 0
      vertex 5.88502 27.2244 0
    endloop
  endfacet
  facet normal 0 0 -1
    outer loop
      vertex 59.1971 27.4539 0
      vertex 5.80292 27.4539 0
      vertex 59.3017 27.675 0
    endloop
  endfacet
  facet normal 0 0 -1
    outer loop
      vertex 5.69873 27.6742 0
      vertex 59.3017 27.675 0
      vertex 5.80292 27.4539 0
    endloop
  endfacet
  facet normal 0 0 -1
    outer loop
      vertex 5.69834 27.675 0
      vertex 59.3017 27.675 0
      vertex 5.69873 27.6742 0
    endloop
  endfacet
  facet normal 0 0 -1
    outer loop
      vertex 59.3017 27.675 0
      vertex 5.69834 27.675 0
      vertex 59.4274 27.8849 0
    endloop
  endfacet
  facet normal 0 0 -1
    outer loop
      vertex 5.57305 27.8841 0
      vertex 59.4274 27.8849 0
      vertex 5.69834 27.675 0
    endloop
  endfacet
  facet normal 0 0 -1
    outer loop
      vertex 5.57258 27.8849 0
      vertex 59.4274 27.8849 0
      vertex 5.57305 27.8841 0
    endloop
  endfacet
  facet normal 0 0 -1
    outer loop
      vertex 59.4274 27.8849 0
      vertex 5.57258 27.8849 0
      vertex 59.428 27.8856 0
    endloop
  endfacet
  facet normal -0 0 -1
    outer loop
      vertex 59.428 27.8856 0
      vertex 5.57258 27.8849 0
      vertex 59.5731 28.0813 0
    endloop
  endfacet
  facet normal 0 0 -1
    outer loop
      vertex 5.57203 27.8856 0
      vertex 59.5731 28.0813 0
      vertex 5.57258 27.8849 0
    endloop
  endfacet
  facet normal 0 0 -1
    outer loop
      vertex 5.42686 28.0813 0
      vertex 59.5731 28.0813 0
      vertex 5.57203 27.8856 0
    endloop
  endfacet
  facet normal 0 0 -1
    outer loop
      vertex 5.2632 28.2619 0
      vertex 59.5731 28.0813 0
      vertex 5.42686 28.0813 0
    endloop
  endfacet
  facet normal 0 0 -1
    outer loop
      vertex 5.26258 28.2626 0
      vertex 59.5731 28.0813 0
      vertex 5.2632 28.2619 0
    endloop
  endfacet
  facet normal 0 0 -1
    outer loop
      vertex 59.7374 28.2626 0
      vertex 5.26258 28.2626 0
      vertex 63.4 32.4 0
    endloop
  endfacet
  facet normal 0 0 -1
    outer loop
      vertex 1.6 32.4 0
      vertex 5.26258 28.2626 0
      vertex 5.2619 28.2632 0
    endloop
  endfacet
  facet normal 0 0 -1
    outer loop
      vertex 1.6 32.4 0
      vertex 5.2619 28.2632 0
      vertex 5.08133 28.4269 0
    endloop
  endfacet
  facet normal 0 0 -1
    outer loop
      vertex 1.6 32.4 0
      vertex 5.08133 28.4269 0
      vertex 4.88559 28.572 0
    endloop
  endfacet
  facet normal 0 0 -1
    outer loop
      vertex 1.6 32.4 0
      vertex 4.88559 28.572 0
      vertex 4.88485 28.5726 0
    endloop
  endfacet
  facet normal 0 0 -1
    outer loop
      vertex 1.6 32.4 0
      vertex 4.88485 28.5726 0
      vertex 4.88407 28.573 0
    endloop
  endfacet
  facet normal 0 0 -1
    outer loop
      vertex 1.6 32.4 0
      vertex 4.88407 28.573 0
      vertex 4.67503 28.6983 0
    endloop
  endfacet
  facet normal 0 0 -1
    outer loop
      vertex 1.6 32.4 0
      vertex 4.67503 28.6983 0
      vertex 4.67421 28.6987 0
    endloop
  endfacet
  facet normal 0 0 -1
    outer loop
      vertex 1.6 32.4 0
      vertex 4.67421 28.6987 0
      vertex 4.4539 28.8029 0
    endloop
  endfacet
  facet normal 0 0 -1
    outer loop
      vertex 1.6 32.4 0
      vertex 4.4539 28.8029 0
      vertex 4.22444 28.885 0
    endloop
  endfacet
  facet normal 0 0 -1
    outer loop
      vertex 1.6 32.4 0
      vertex 4.22444 28.885 0
      vertex 4.22358 28.8853 0
    endloop
  endfacet
  facet normal 0 0 -1
    outer loop
      vertex 1.6 32.4 0
      vertex 4.22358 28.8853 0
      vertex 4.22269 28.8856 0
    endloop
  endfacet
  facet normal 0 0 -1
    outer loop
      vertex 1.6 32.4 0
      vertex 4.22269 28.8856 0
      vertex 3.98629 28.9448 0
    endloop
  endfacet
  facet normal 0 0 -1
    outer loop
      vertex 1.6 32.4 0
      vertex 3.98629 28.9448 0
      vertex 3.74523 28.9805 0
    endloop
  endfacet
  facet normal 0 0 -1
    outer loop
      vertex 1.6 32.4 0
      vertex 3.74523 28.9805 0
      vertex 3.74432 28.9807 0
    endloop
  endfacet
  facet normal 0 0 -1
    outer loop
      vertex 1.6 32.4 0
      vertex 3.74432 28.9807 0
      vertex 3.74341 28.9807 0
    endloop
  endfacet
  facet normal 0 0 -1
    outer loop
      vertex 1.6 32.4 0
      vertex 3.74341 28.9807 0
      vertex 3.5 28.9927 0
    endloop
  endfacet
  facet normal 0 0 -1
    outer loop
      vertex 1.6 32.4 0
      vertex 3.5 28.9927 0
      vertex 3.25659 28.9807 0
    endloop
  endfacet
  facet normal 0 0 -1
    outer loop
      vertex 1.6 32.4 0
      vertex 3.25659 28.9807 0
      vertex 3.25568 28.9807 0
    endloop
  endfacet
  facet normal 0 0 -1
    outer loop
      vertex 1.6 32.4 0
      vertex 3.25477 28.9805 0
      vertex 3.0137 28.9448 0
    endloop
  endfacet
  facet normal 0 0 -1
    outer loop
      vertex 1.6 32.4 0
      vertex 2.77731 28.8856 0
      vertex 2.77642 28.8853 0
    endloop
  endfacet
  facet normal 0 0 -1
    outer loop
      vertex 1.6 32.4 0
      vertex 2.77555 28.885 0
      vertex 2.5461 28.8029 0
    endloop
  endfacet
  facet normal 0 0 -1
    outer loop
      vertex 1.6 32.4 0
      vertex 2.32579 28.6987 0
      vertex 2.32496 28.6983 0
    endloop
  endfacet
  facet normal 0 0 -1
    outer loop
      vertex -0.937572 31.492 0
      vertex 1.7381 28.2632 0
      vertex 1.73742 28.2626 0
    endloop
  endfacet
  facet normal 0 0 -1
    outer loop
      vertex 5.26258 28.2626 0
      vertex 1.6 32.4 0
      vertex 63.4 32.4 0
    endloop
  endfacet
  facet normal 0 0 -1
    outer loop
      vertex 3.25477 28.9805 0
      vertex 1.6 32.4 0
      vertex 3.25568 28.9807 0
    endloop
  endfacet
  facet normal 0 0 -1
    outer loop
      vertex 2.77731 28.8856 0
      vertex 1.6 32.4 0
      vertex 3.0137 28.9448 0
    endloop
  endfacet
  facet normal 0 0 -1
    outer loop
      vertex 2.77555 28.885 0
      vertex 1.6 32.4 0
      vertex 2.77642 28.8853 0
    endloop
  endfacet
  facet normal 0 0 -1
    outer loop
      vertex 2.32579 28.6987 0
      vertex 1.6 32.4 0
      vertex 2.5461 28.8029 0
    endloop
  endfacet
  facet normal 0 0 -1
    outer loop
      vertex 0.819638 32.3231 0
      vertex 2.32496 28.6983 0
      vertex 2.11593 28.573 0
    endloop
  endfacet
  facet normal 0 0 -1
    outer loop
      vertex 0.438861 32.2278 0
      vertex 2.11593 28.573 0
      vertex 2.11515 28.5726 0
    endloop
  endfacet
  facet normal 0 0 -1
    outer loop
      vertex 0.0692654 32.0955 0
      vertex 2.11515 28.5726 0
      vertex 2.11441 28.572 0
    endloop
  endfacet
  facet normal 0 0 -1
    outer loop
      vertex 0.0692654 32.0955 0
      vertex 2.11441 28.572 0
      vertex 1.91867 28.4269 0
    endloop
  endfacet
  facet normal 0 0 -1
    outer loop
      vertex 1.7381 28.2632 0
      vertex -0.937572 31.492 0
      vertex 1.91867 28.4269 0
    endloop
  endfacet
  facet normal 0 0 -1
    outer loop
      vertex -1.22843 31.2284 0
      vertex 1.73742 28.2626 0
      vertex 1.7368 28.2619 0
    endloop
  endfacet
  facet normal 0 0 -1
    outer loop
      vertex -1.49204 30.9376 0
      vertex 1.7368 28.2619 0
      vertex 1.57314 28.0813 0
    endloop
  endfacet
  facet normal 0 0 -1
    outer loop
      vertex -1.92768 30.2856 0
      vertex 1.57314 28.0813 0
      vertex 1.42797 27.8856 0
    endloop
  endfacet
  facet normal 0 0 -1
    outer loop
      vertex -2.09552 29.9307 0
      vertex 1.42797 27.8856 0
      vertex 1.42742 27.8849 0
    endloop
  endfacet
  facet normal 0 0 -1
    outer loop
      vertex -2.22776 29.5611 0
      vertex 1.42742 27.8849 0
      vertex 1.42695 27.8841 0
    endloop
  endfacet
  facet normal 0 0 -1
    outer loop
      vertex -2.32314 29.1804 0
      vertex 1.42695 27.8841 0
      vertex 1.30166 27.675 0
    endloop
  endfacet
  facet normal 0 0 -1
    outer loop
      vertex -2.38074 28.7921 0
      vertex 1.30166 27.675 0
      vertex 1.30127 27.6742 0
    endloop
  endfacet
  facet normal 0 0 -1
    outer loop
      vertex 2.32496 28.6983 0
      vertex 1.20793 32.3807 0
      vertex 1.6 32.4 0
    endloop
  endfacet
  facet normal 0 0 -1
    outer loop
      vertex -2.4 28.4 0
      vertex 1.30127 27.6742 0
      vertex 1.19708 27.4539 0
    endloop
  endfacet
  facet normal 0 0 -1
    outer loop
      vertex -2.4 28.4 0
      vertex 1.19708 27.4539 0
      vertex 1.11497 27.2244 0
    endloop
  endfacet
  facet normal 0 0 -1
    outer loop
      vertex -2.4 28.4 0
      vertex 1.11497 27.2244 0
      vertex 1.11467 27.2236 0
    endloop
  endfacet
  facet normal 0 0 -1
    outer loop
      vertex -2.4 28.4 0
      vertex 1.11467 27.2236 0
      vertex 1.11444 27.2227 0
    endloop
  endfacet
  facet normal 0 0 -1
    outer loop
      vertex -2.4 28.4 0
      vertex 1.11444 27.2227 0
      vertex 1.05523 26.9863 0
    endloop
  endfacet
  facet normal 0 0 -1
    outer loop
      vertex -2.4 28.4 0
      vertex 1.05523 26.9863 0
      vertex 1.01947 26.7452 0
    endloop
  endfacet
  facet normal 0 0 -1
    outer loop
      vertex -2.4 28.4 0
      vertex 1.01947 26.7452 0
      vertex 1.01933 26.7443 0
    endloop
  endfacet
  facet normal 0 0 -1
    outer loop
      vertex -2.4 28.4 0
      vertex 1.01933 26.7443 0
      vertex 1.01929 26.7434 0
    endloop
  endfacet
  facet normal 0 0 -1
    outer loop
      vertex -2.4 28.4 0
      vertex 1.01929 26.7434 0
      vertex 1.00733 26.5 0
    endloop
  endfacet
  facet normal 0 0 -1
    outer loop
      vertex 2.32496 28.6983 0
      vertex 0.819638 32.3231 0
      vertex 1.20793 32.3807 0
    endloop
  endfacet
  facet normal 0 0 -1
    outer loop
      vertex 1.01933 26.2557 0
      vertex -2.4 28.4 0
      vertex 1.01929 26.2566 0
    endloop
  endfacet
  facet normal -0 0 -1
    outer loop
      vertex 1.42695 2.11593 0
      vertex -2.32314 0.819638 0
      vertex 1.30166 2.32496 0
    endloop
  endfacet
  facet normal 0 0 -1
    outer loop
      vertex 1.01929 26.2566 0
      vertex -2.4 28.4 0
      vertex 1.00733 26.5 0
    endloop
  endfacet
  facet normal 0 0 -1
    outer loop
      vertex -2.38074 1.20793 0
      vertex 1.30166 2.32496 0
      vertex -2.32314 0.819638 0
    endloop
  endfacet
  facet normal 0 0 -1
    outer loop
      vertex 1.30127 27.6742 0
      vertex -2.4 28.4 0
      vertex -2.38074 28.7921 0
    endloop
  endfacet
  facet normal -0 0 -1
    outer loop
      vertex 1.30166 2.32496 0
      vertex -2.38074 1.20793 0
      vertex 1.30127 2.32579 0
    endloop
  endfacet
  facet normal 0 0 -1
    outer loop
      vertex 2.11593 28.573 0
      vertex 0.438861 32.2278 0
      vertex 0.819638 32.3231 0
    endloop
  endfacet
  facet normal 0 0 -1
    outer loop
      vertex -2.4 1.6 0
      vertex 1.30127 2.32579 0
      vertex -2.38074 1.20793 0
    endloop
  endfacet
  facet normal 0 0 -1
    outer loop
      vertex 2.11515 28.5726 0
      vertex 0.0692654 32.0955 0
      vertex 0.438861 32.2278 0
    endloop
  endfacet
  facet normal -0 0 -1
    outer loop
      vertex 1.30127 2.32579 0
      vertex -2.4 1.6 0
      vertex 1.19708 2.5461 0
    endloop
  endfacet
  facet normal 0 0 -1
    outer loop
      vertex 1.91867 28.4269 0
      vertex -0.285586 31.9277 0
      vertex 0.0692654 32.0955 0
    endloop
  endfacet
  facet normal -0 0 -1
    outer loop
      vertex 1.19708 2.5461 0
      vertex -2.4 1.6 0
      vertex 1.11497 2.77555 0
    endloop
  endfacet
  facet normal 0 0 -1
    outer loop
      vertex 1.91867 28.4269 0
      vertex -0.62228 31.7259 0
      vertex -0.285586 31.9277 0
    endloop
  endfacet
  facet normal -0 0 -1
    outer loop
      vertex 1.11497 2.77555 0
      vertex -2.4 1.6 0
      vertex 1.11467 2.77642 0
    endloop
  endfacet
  facet normal 0 0 -1
    outer loop
      vertex 1.91867 28.4269 0
      vertex -0.937572 31.492 0
      vertex -0.62228 31.7259 0
    endloop
  endfacet
  facet normal -0 0 -1
    outer loop
      vertex 1.11467 2.77642 0
      vertex -2.4 1.6 0
      vertex 1.11444 2.77731 0
    endloop
  endfacet
  facet normal 0 0 -1
    outer loop
      vertex 1.73742 28.2626 0
      vertex -1.22843 31.2284 0
      vertex -0.937572 31.492 0
    endloop
  endfacet
  facet normal -0 0 -1
    outer loop
      vertex 1.11444 2.77731 0
      vertex -2.4 1.6 0
      vertex 1.05523 3.0137 0
    endloop
  endfacet
  facet normal 0 0 -1
    outer loop
      vertex 1.7368 28.2619 0
      vertex -1.49204 30.9376 0
      vertex -1.22843 31.2284 0
    endloop
  endfacet
  facet normal -0 0 -1
    outer loop
      vertex 1.05523 3.0137 0
      vertex -2.4 1.6 0
      vertex 1.01947 3.25477 0
    endloop
  endfacet
  facet normal 0 0 -1
    outer loop
      vertex 1.57314 28.0813 0
      vertex -1.72588 30.6223 0
      vertex -1.49204 30.9376 0
    endloop
  endfacet
  facet normal -0 0 -1
    outer loop
      vertex 1.01947 3.25477 0
      vertex -2.4 1.6 0
      vertex 1.01933 3.25568 0
    endloop
  endfacet
  facet normal 0 0 -1
    outer loop
      vertex 1.57314 28.0813 0
      vertex -1.92768 30.2856 0
      vertex -1.72588 30.6223 0
    endloop
  endfacet
  facet normal -0 0 -1
    outer loop
      vertex 1.01933 3.25568 0
      vertex -2.4 1.6 0
      vertex 1.01929 3.25659 0
    endloop
  endfacet
  facet normal 0 0 -1
    outer loop
      vertex 1.42797 27.8856 0
      vertex -2.09552 29.9307 0
      vertex -1.92768 30.2856 0
    endloop
  endfacet
  facet normal -0 0 -1
    outer loop
      vertex 1.01929 3.25659 0
      vertex -2.4 1.6 0
      vertex 1.00733 3.5 0
    endloop
  endfacet
  facet normal 0 0 -1
    outer loop
      vertex 1.42742 27.8849 0
      vertex -2.22776 29.5611 0
      vertex -2.09552 29.9307 0
    endloop
  endfacet
  facet normal 0 0 -1
    outer loop
      vertex 1.42695 27.8841 0
      vertex -2.32314 29.1804 0
      vertex -2.22776 29.5611 0
    endloop
  endfacet
  facet normal 0 0 -1
    outer loop
      vertex 1.30166 27.675 0
      vertex -2.38074 28.7921 0
      vertex -2.32314 29.1804 0
    endloop
  endfacet
  facet normal -0 0 1
    outer loop
      vertex -1.29046 14.674 6.8
      vertex -0.4 1.6 6.8
      vertex -1.27537 14.9811 6.8
    endloop
  endfacet
  facet normal -0 0 1
    outer loop
      vertex -1.33557 14.3699 6.8
      vertex -0.4 1.6 6.8
      vertex -1.29046 14.674 6.8
    endloop
  endfacet
  facet normal -0 0 1
    outer loop
      vertex -1.43384 13.7074 6.8
      vertex -0.4 1.6 6.8
      vertex -1.33557 14.3699 6.8
    endloop
  endfacet
  facet normal -0 0 1
    outer loop
      vertex -1.59657 13.0577 6.8
      vertex -0.4 1.6 6.8
      vertex -1.43384 13.7074 6.8
    endloop
  endfacet
  facet normal -0 0 1
    outer loop
      vertex -1.67128 12.7595 6.8
      vertex -0.4 1.6 6.8
      vertex -1.59657 13.0577 6.8
    endloop
  endfacet
  facet normal -0 0 1
    outer loop
      vertex -1.77486 12.47 6.8
      vertex -0.4 1.6 6.8
      vertex -1.67128 12.7595 6.8
    endloop
  endfacet
  facet normal -0 0 1
    outer loop
      vertex -2.00048 11.8394 6.8
      vertex -0.4 1.6 6.8
      vertex -1.77486 12.47 6.8
    endloop
  endfacet
  facet normal -0 0 1
    outer loop
      vertex -2.28682 11.234 6.8
      vertex -0.4 1.6 6.8
      vertex -2.00048 11.8394 6.8
    endloop
  endfacet
  facet normal 0 -0 1
    outer loop
      vertex -2.38074 1.20793 6.8
      vertex -0.4 1.6 6.8
      vertex -2.4 1.6 6.8
    endloop
  endfacet
  facet normal 0 0 1
    outer loop
      vertex -0.4 1.6 6.8
      vertex -1.72588 -0.62228 6.8
      vertex -1.49204 -0.937572 6.8
    endloop
  endfacet
  facet normal 0 0 1
    outer loop
      vertex -0.4 1.6 6.8
      vertex -1.49204 -0.937572 6.8
      vertex -1.22843 -1.22843 6.8
    endloop
  endfacet
  facet normal 0 0 1
    outer loop
      vertex -0.4 1.6 6.8
      vertex -1.92768 -0.285586 6.8
      vertex -1.72588 -0.62228 6.8
    endloop
  endfacet
  facet normal 0 0 1
    outer loop
      vertex -0.4 1.6 6.8
      vertex -2.09552 0.0692654 6.8
      vertex -1.92768 -0.285586 6.8
    endloop
  endfacet
  facet normal -0 0 1
    outer loop
      vertex -2.4 10.9947 6.8
      vertex -0.4 1.6 6.8
      vertex -2.28682 11.234 6.8
    endloop
  endfacet
  facet normal 0 0 1
    outer loop
      vertex -0.4 1.6 6.8
      vertex -2.22776 0.438861 6.8
      vertex -2.09552 0.0692654 6.8
    endloop
  endfacet
  facet normal 0 0 1
    outer loop
      vertex -0.4 1.6 6.8
      vertex -2.32314 0.819638 6.8
      vertex -2.22776 0.438861 6.8
    endloop
  endfacet
  facet normal 0 0 1
    outer loop
      vertex -0.4 1.6 6.8
      vertex -2.4 10.9947 6.8
      vertex -2.4 1.6 6.8
    endloop
  endfacet
  facet normal 0 0 1
    outer loop
      vertex -0.4 1.6 6.8
      vertex -2.38074 1.20793 6.8
      vertex -2.32314 0.819638 6.8
    endloop
  endfacet
  facet normal 0 0 1
    outer loop
      vertex 65.4 28.4 6.8
      vertex 67.4 28.4 6.8
      vertex 67.3807 28.7921 6.8
    endloop
  endfacet
  facet normal 0 0 1
    outer loop
      vertex 67.4 28.4 6.8
      vertex 65.4 28.4 6.8
      vertex 67.4 1.6 6.8
    endloop
  endfacet
  facet normal 0 0 1
    outer loop
      vertex 65.3904 28.596 6.8
      vertex 67.3807 28.7921 6.8
      vertex 67.3231 29.1804 6.8
    endloop
  endfacet
  facet normal 0 0 1
    outer loop
      vertex 65.4 1.6 6.8
      vertex 67.4 1.6 6.8
      vertex 65.4 28.4 6.8
    endloop
  endfacet
  facet normal 0 0 1
    outer loop
      vertex 65.3616 28.7902 6.8
      vertex 67.3231 29.1804 6.8
      vertex 67.2278 29.5611 6.8
    endloop
  endfacet
  facet normal 0 0 1
    outer loop
      vertex 67.4 1.6 6.8
      vertex 65.4 1.6 6.8
      vertex 67.3807 1.20793 6.8
    endloop
  endfacet
  facet normal 0 0 1
    outer loop
      vertex 65.3139 28.9806 6.8
      vertex 67.2278 29.5611 6.8
      vertex 67.0955 29.9307 6.8
    endloop
  endfacet
  facet normal -0 0 1
    outer loop
      vertex 65.3904 1.40396 6.8
      vertex 67.3807 1.20793 6.8
      vertex 65.4 1.6 6.8
    endloop
  endfacet
  facet normal 0 0 1
    outer loop
      vertex 65.2478 29.1654 6.8
      vertex 67.0955 29.9307 6.8
      vertex 66.9277 30.2856 6.8
    endloop
  endfacet
  facet normal 0 0 1
    outer loop
      vertex 67.3807 1.20793 6.8
      vertex 65.3904 1.40396 6.8
      vertex 67.3231 0.819638 6.8
    endloop
  endfacet
  facet normal 0 0 1
    outer loop
      vertex 65.1638 29.3428 6.8
      vertex 66.9277 30.2856 6.8
      vertex 66.7259 30.6223 6.8
    endloop
  endfacet
  facet normal -0 0 1
    outer loop
      vertex 65.3616 1.20982 6.8
      vertex 67.3231 0.819638 6.8
      vertex 65.3904 1.40396 6.8
    endloop
  endfacet
  facet normal 0 0 1
    outer loop
      vertex 65.0629 29.5111 6.8
      vertex 66.7259 30.6223 6.8
      vertex 66.492 30.9376 6.8
    endloop
  endfacet
  facet normal 0 0 1
    outer loop
      vertex 67.3231 0.819638 6.8
      vertex 65.3616 1.20982 6.8
      vertex 67.2278 0.438861 6.8
    endloop
  endfacet
  facet normal 0 0 1
    outer loop
      vertex 64.946 29.6688 6.8
      vertex 66.492 30.9376 6.8
      vertex 66.2284 31.2284 6.8
    endloop
  endfacet
  facet normal -0 0 1
    outer loop
      vertex 65.3139 1.01943 6.8
      vertex 67.2278 0.438861 6.8
      vertex 65.3616 1.20982 6.8
    endloop
  endfacet
  facet normal 0 0 1
    outer loop
      vertex 64.8142 29.8142 6.8
      vertex 66.2284 31.2284 6.8
      vertex 65.9376 31.492 6.8
    endloop
  endfacet
  facet normal 0 0 1
    outer loop
      vertex 67.2278 0.438861 6.8
      vertex 65.3139 1.01943 6.8
      vertex 67.0955 0.0692654 6.8
    endloop
  endfacet
  facet normal 0 0 1
    outer loop
      vertex 64.6688 29.946 6.8
      vertex 65.9376 31.492 6.8
      vertex 65.6223 31.7259 6.8
    endloop
  endfacet
  facet normal -0 0 1
    outer loop
      vertex 65.2478 0.834633 6.8
      vertex 67.0955 0.0692654 6.8
      vertex 65.3139 1.01943 6.8
    endloop
  endfacet
  facet normal 0 0 1
    outer loop
      vertex 67.0955 0.0692654 6.8
      vertex 65.2478 0.834633 6.8
      vertex 66.9277 -0.285586 6.8
    endloop
  endfacet
  facet normal 0 0 1
    outer loop
      vertex 67.3807 28.7921 6.8
      vertex 65.3904 28.596 6.8
      vertex 65.4 28.4 6.8
    endloop
  endfacet
  facet normal 0 0 1
    outer loop
      vertex 67.3231 29.1804 6.8
      vertex 65.3616 28.7902 6.8
      vertex 65.3904 28.596 6.8
    endloop
  endfacet
  facet normal 0 0 1
    outer loop
      vertex 67.2278 29.5611 6.8
      vertex 65.3139 28.9806 6.8
      vertex 65.3616 28.7902 6.8
    endloop
  endfacet
  facet normal 0 0 1
    outer loop
      vertex 64.5111 30.0629 6.8
      vertex 65.6223 31.7259 6.8
      vertex 65.2856 31.9277 6.8
    endloop
  endfacet
  facet normal 0 0 1
    outer loop
      vertex 67.0955 29.9307 6.8
      vertex 65.2478 29.1654 6.8
      vertex 65.3139 28.9806 6.8
    endloop
  endfacet
  facet normal 0 0 1
    outer loop
      vertex 66.9277 30.2856 6.8
      vertex 65.1638 29.3428 6.8
      vertex 65.2478 29.1654 6.8
    endloop
  endfacet
  facet normal 0 0 1
    outer loop
      vertex 66.7259 30.6223 6.8
      vertex 65.0629 29.5111 6.8
      vertex 65.1638 29.3428 6.8
    endloop
  endfacet
  facet normal 0 0 1
    outer loop
      vertex 66.492 30.9376 6.8
      vertex 64.946 29.6688 6.8
      vertex 65.0629 29.5111 6.8
    endloop
  endfacet
  facet normal 0 0 1
    outer loop
      vertex 64.3428 30.1638 6.8
      vertex 65.2856 31.9277 6.8
      vertex 64.9307 32.0955 6.8
    endloop
  endfacet
  facet normal 0 0 1
    outer loop
      vertex 66.2284 31.2284 6.8
      vertex 64.8142 29.8142 6.8
      vertex 64.946 29.6688 6.8
    endloop
  endfacet
  facet normal 0 0 1
    outer loop
      vertex 65.9376 31.492 6.8
      vertex 64.6688 29.946 6.8
      vertex 64.8142 29.8142 6.8
    endloop
  endfacet
  facet normal 0 0 1
    outer loop
      vertex 64.1654 30.2478 6.8
      vertex 64.9307 32.0955 6.8
      vertex 64.5611 32.2278 6.8
    endloop
  endfacet
  facet normal 0 0 1
    outer loop
      vertex 65.6223 31.7259 6.8
      vertex 64.5111 30.0629 6.8
      vertex 64.6688 29.946 6.8
    endloop
  endfacet
  facet normal 0 0 1
    outer loop
      vertex 65.2856 31.9277 6.8
      vertex 64.3428 30.1638 6.8
      vertex 64.5111 30.0629 6.8
    endloop
  endfacet
  facet normal 0 0 1
    outer loop
      vertex 63.9806 30.3139 6.8
      vertex 64.5611 32.2278 6.8
      vertex 64.1804 32.3231 6.8
    endloop
  endfacet
  facet normal 0 0 1
    outer loop
      vertex 64.9307 32.0955 6.8
      vertex 64.1654 30.2478 6.8
      vertex 64.3428 30.1638 6.8
    endloop
  endfacet
  facet normal 0 0 1
    outer loop
      vertex 64.5611 32.2278 6.8
      vertex 63.9806 30.3139 6.8
      vertex 64.1654 30.2478 6.8
    endloop
  endfacet
  facet normal 0 0 1
    outer loop
      vertex 63.7902 30.3616 6.8
      vertex 64.1804 32.3231 6.8
      vertex 63.7921 32.3807 6.8
    endloop
  endfacet
  facet normal 0 0 1
    outer loop
      vertex 64.1804 32.3231 6.8
      vertex 63.7902 30.3616 6.8
      vertex 63.9806 30.3139 6.8
    endloop
  endfacet
  facet normal 0 0 1
    outer loop
      vertex 63.7921 32.3807 6.8
      vertex 63.596 30.3904 6.8
      vertex 63.7902 30.3616 6.8
    endloop
  endfacet
  facet normal 0 0 1
    outer loop
      vertex 63.4 32.4 6.8
      vertex 63.596 30.3904 6.8
      vertex 63.7921 32.3807 6.8
    endloop
  endfacet
  facet normal 0 0 1
    outer loop
      vertex 63.4 32.4 6.8
      vertex 63.4 30.4 6.8
      vertex 63.596 30.3904 6.8
    endloop
  endfacet
  facet normal -0 0 1
    outer loop
      vertex 1.6 32.4 6.8
      vertex 63.4 30.4 6.8
      vertex 63.4 32.4 6.8
    endloop
  endfacet
  facet normal 0 0 1
    outer loop
      vertex 1.6 32.4 6.8
      vertex 1.6 30.4 6.8
      vertex 63.4 30.4 6.8
    endloop
  endfacet
  facet normal 0 0 1
    outer loop
      vertex 1.6 32.4 6.8
      vertex 1.40396 30.3904 6.8
      vertex 1.6 30.4 6.8
    endloop
  endfacet
  facet normal -0 0 1
    outer loop
      vertex 1.20793 32.3807 6.8
      vertex 1.40396 30.3904 6.8
      vertex 1.6 32.4 6.8
    endloop
  endfacet
  facet normal 0 0 1
    outer loop
      vertex 1.40396 30.3904 6.8
      vertex 1.20793 32.3807 6.8
      vertex 1.20982 30.3616 6.8
    endloop
  endfacet
  facet normal -0 0 1
    outer loop
      vertex 0.819638 32.3231 6.8
      vertex 1.20982 30.3616 6.8
      vertex 1.20793 32.3807 6.8
    endloop
  endfacet
  facet normal 0 0 1
    outer loop
      vertex 1.20982 30.3616 6.8
      vertex 0.819638 32.3231 6.8
      vertex 1.01943 30.3139 6.8
    endloop
  endfacet
  facet normal -0 0 1
    outer loop
      vertex 0.438861 32.2278 6.8
      vertex 1.01943 30.3139 6.8
      vertex 0.819638 32.3231 6.8
    endloop
  endfacet
  facet normal 0 0 1
    outer loop
      vertex 1.01943 30.3139 6.8
      vertex 0.438861 32.2278 6.8
      vertex 0.834633 30.2478 6.8
    endloop
  endfacet
  facet normal -0 0 1
    outer loop
      vertex 0.0692654 32.0955 6.8
      vertex 0.834633 30.2478 6.8
      vertex 0.438861 32.2278 6.8
    endloop
  endfacet
  facet normal 0 0 1
    outer loop
      vertex 0.834633 30.2478 6.8
      vertex 0.0692654 32.0955 6.8
      vertex 0.657206 30.1638 6.8
    endloop
  endfacet
  facet normal -0 0 1
    outer loop
      vertex -0.285586 31.9277 6.8
      vertex 0.657206 30.1638 6.8
      vertex 0.0692654 32.0955 6.8
    endloop
  endfacet
  facet normal 0 0 1
    outer loop
      vertex 0.657206 30.1638 6.8
      vertex -0.285586 31.9277 6.8
      vertex 0.488859 30.0629 6.8
    endloop
  endfacet
  facet normal -0 0 1
    outer loop
      vertex -0.62228 31.7259 6.8
      vertex 0.488859 30.0629 6.8
      vertex -0.285586 31.9277 6.8
    endloop
  endfacet
  facet normal 0 0 1
    outer loop
      vertex 0.488859 30.0629 6.8
      vertex -0.62228 31.7259 6.8
      vertex 0.331213 29.946 6.8
    endloop
  endfacet
  facet normal -0 0 1
    outer loop
      vertex -0.937572 31.492 6.8
      vertex 0.331213 29.946 6.8
      vertex -0.62228 31.7259 6.8
    endloop
  endfacet
  facet normal 0 0 1
    outer loop
      vertex 0.331213 29.946 6.8
      vertex -0.937572 31.492 6.8
      vertex 0.185786 29.8142 6.8
    endloop
  endfacet
  facet normal -0 0 1
    outer loop
      vertex -1.22843 31.2284 6.8
      vertex 0.185786 29.8142 6.8
      vertex -0.937572 31.492 6.8
    endloop
  endfacet
  facet normal 0 0 1
    outer loop
      vertex 0.185786 29.8142 6.8
      vertex -1.22843 31.2284 6.8
      vertex 0.0539789 29.6688 6.8
    endloop
  endfacet
  facet normal -0 0 1
    outer loop
      vertex -1.49204 30.9376 6.8
      vertex 0.0539789 29.6688 6.8
      vertex -1.22843 31.2284 6.8
    endloop
  endfacet
  facet normal 0 0 1
    outer loop
      vertex 0.0539789 29.6688 6.8
      vertex -1.49204 30.9376 6.8
      vertex -0.0629387 29.5111 6.8
    endloop
  endfacet
  facet normal -0 0 1
    outer loop
      vertex -1.72588 30.6223 6.8
      vertex -0.0629387 29.5111 6.8
      vertex -1.49204 30.9376 6.8
    endloop
  endfacet
  facet normal 0 0 1
    outer loop
      vertex -0.0629387 29.5111 6.8
      vertex -1.72588 30.6223 6.8
      vertex -0.163842 29.3428 6.8
    endloop
  endfacet
  facet normal 0 0 1
    outer loop
      vertex -0.163842 29.3428 6.8
      vertex -1.92768 30.2856 6.8
      vertex -0.247759 29.1654 6.8
    endloop
  endfacet
  facet normal -0 0 1
    outer loop
      vertex -1.92768 30.2856 6.8
      vertex -0.163842 29.3428 6.8
      vertex -1.72588 30.6223 6.8
    endloop
  endfacet
  facet normal -0 0 1
    outer loop
      vertex 65.1638 0.657206 6.8
      vertex 66.9277 -0.285586 6.8
      vertex 65.2478 0.834633 6.8
    endloop
  endfacet
  facet normal 0 0 1
    outer loop
      vertex 66.9277 -0.285586 6.8
      vertex 65.1638 0.657206 6.8
      vertex 66.7259 -0.62228 6.8
    endloop
  endfacet
  facet normal -0 0 1
    outer loop
      vertex 65.0629 0.488859 6.8
      vertex 66.7259 -0.62228 6.8
      vertex 65.1638 0.657206 6.8
    endloop
  endfacet
  facet normal 0 0 1
    outer loop
      vertex 66.7259 -0.62228 6.8
      vertex 65.0629 0.488859 6.8
      vertex 66.492 -0.937572 6.8
    endloop
  endfacet
  facet normal -0 0 1
    outer loop
      vertex 64.946 0.331213 6.8
      vertex 66.492 -0.937572 6.8
      vertex 65.0629 0.488859 6.8
    endloop
  endfacet
  facet normal 0 0 1
    outer loop
      vertex 66.492 -0.937572 6.8
      vertex 64.946 0.331213 6.8
      vertex 66.2284 -1.22843 6.8
    endloop
  endfacet
  facet normal -0 0 1
    outer loop
      vertex 64.8142 0.185786 6.8
      vertex 66.2284 -1.22843 6.8
      vertex 64.946 0.331213 6.8
    endloop
  endfacet
  facet normal 0 0 1
    outer loop
      vertex 66.2284 -1.22843 6.8
      vertex 64.8142 0.185786 6.8
      vertex 65.9376 -1.49204 6.8
    endloop
  endfacet
  facet normal -0 0 1
    outer loop
      vertex 64.6688 0.0539789 6.8
      vertex 65.9376 -1.49204 6.8
      vertex 64.8142 0.185786 6.8
    endloop
  endfacet
  facet normal 0 0 1
    outer loop
      vertex 65.9376 -1.49204 6.8
      vertex 64.6688 0.0539789 6.8
      vertex 65.6223 -1.72588 6.8
    endloop
  endfacet
  facet normal -0 0 1
    outer loop
      vertex 64.5111 -0.0629387 6.8
      vertex 65.6223 -1.72588 6.8
      vertex 64.6688 0.0539789 6.8
    endloop
  endfacet
  facet normal 0 0 1
    outer loop
      vertex 65.6223 -1.72588 6.8
      vertex 64.5111 -0.0629387 6.8
      vertex 65.2856 -1.92768 6.8
    endloop
  endfacet
  facet normal -0 0 1
    outer loop
      vertex 64.3428 -0.163842 6.8
      vertex 65.2856 -1.92768 6.8
      vertex 64.5111 -0.0629387 6.8
    endloop
  endfacet
  facet normal 0 0 1
    outer loop
      vertex 65.2856 -1.92768 6.8
      vertex 64.3428 -0.163842 6.8
      vertex 64.9307 -2.09552 6.8
    endloop
  endfacet
  facet normal -0 0 1
    outer loop
      vertex 64.1654 -0.247759 6.8
      vertex 64.9307 -2.09552 6.8
      vertex 64.3428 -0.163842 6.8
    endloop
  endfacet
  facet normal 0 0 1
    outer loop
      vertex 64.9307 -2.09552 6.8
      vertex 64.1654 -0.247759 6.8
      vertex 64.5611 -2.22776 6.8
    endloop
  endfacet
  facet normal -0 0 1
    outer loop
      vertex 63.9806 -0.31388 6.8
      vertex 64.5611 -2.22776 6.8
      vertex 64.1654 -0.247759 6.8
    endloop
  endfacet
  facet normal 0 0 1
    outer loop
      vertex 64.5611 -2.22776 6.8
      vertex 63.9806 -0.31388 6.8
      vertex 64.1804 -2.32314 6.8
    endloop
  endfacet
  facet normal -0 0 1
    outer loop
      vertex 63.7902 -0.36157 6.8
      vertex 64.1804 -2.32314 6.8
      vertex 63.9806 -0.31388 6.8
    endloop
  endfacet
  facet normal 0 0 1
    outer loop
      vertex 64.1804 -2.32314 6.8
      vertex 63.7902 -0.36157 6.8
      vertex 63.7921 -2.38074 6.8
    endloop
  endfacet
  facet normal -0 0 1
    outer loop
      vertex 63.596 -0.390369 6.8
      vertex 63.7921 -2.38074 6.8
      vertex 63.7902 -0.36157 6.8
    endloop
  endfacet
  facet normal -0 0 1
    outer loop
      vertex 63.4 -0.4 6.8
      vertex 63.7921 -2.38074 6.8
      vertex 63.596 -0.390369 6.8
    endloop
  endfacet
  facet normal 0 0 1
    outer loop
      vertex 63.4 -0.4 6.8
      vertex 63.4 -2.4 6.8
      vertex 63.7921 -2.38074 6.8
    endloop
  endfacet
  facet normal 0 0 1
    outer loop
      vertex 63.4 -0.4 6.8
      vertex 60.15 -1.2 6.8
      vertex 63.4 -2.4 6.8
    endloop
  endfacet
  facet normal 0 0 1
    outer loop
      vertex 63.4 -0.4 6.8
      vertex 47.05 -1.2 6.8
      vertex 60.15 -1.2 6.8
    endloop
  endfacet
  facet normal 0 0 1
    outer loop
      vertex 47.05 -1.2 6.8
      vertex 45.65 -1.2 6.8
      vertex 47.05 -2.4 6.8
    endloop
  endfacet
  facet normal 0 0 1
    outer loop
      vertex 63.4 -0.4 6.8
      vertex 45.65 -1.2 6.8
      vertex 47.05 -1.2 6.8
    endloop
  endfacet
  facet normal 0 0 1
    outer loop
      vertex 63.4 -0.4 6.8
      vertex 32.55 -1.2 6.8
      vertex 45.65 -1.2 6.8
    endloop
  endfacet
  facet normal 0 0 1
    outer loop
      vertex 32.55 -1.2 6.8
      vertex 20.4 -1.2 6.8
      vertex 32.55 -2.4 6.8
    endloop
  endfacet
  facet normal -0 0 1
    outer loop
      vertex 1.6 -0.4 6.8
      vertex 32.55 -1.2 6.8
      vertex 63.4 -0.4 6.8
    endloop
  endfacet
  facet normal 0 0 1
    outer loop
      vertex 32.55 -1.2 6.8
      vertex 1.6 -0.4 6.8
      vertex 20.4 -1.2 6.8
    endloop
  endfacet
  facet normal 0 0 1
    outer loop
      vertex 20.4 -1.2 6.8
      vertex 1.6 -0.4 6.8
      vertex 4.3 -1.2 6.8
    endloop
  endfacet
  facet normal 0 0 1
    outer loop
      vertex 1.6 -2.4 6.8
      vertex 4.3 -1.2 6.8
      vertex 1.6 -0.4 6.8
    endloop
  endfacet
  facet normal 0 0 1
    outer loop
      vertex 4.3 -1.2 6.8
      vertex 1.6 -2.4 6.8
      vertex 4.3 -2.4 6.8
    endloop
  endfacet
  facet normal 0 0 1
    outer loop
      vertex 1.40396 -0.390369 6.8
      vertex 1.6 -2.4 6.8
      vertex 1.6 -0.4 6.8
    endloop
  endfacet
  facet normal 0 0 1
    outer loop
      vertex 1.20793 -2.38074 6.8
      vertex 1.40396 -0.390369 6.8
      vertex 1.20982 -0.36157 6.8
    endloop
  endfacet
  facet normal 0 0 1
    outer loop
      vertex 1.40396 -0.390369 6.8
      vertex 1.20793 -2.38074 6.8
      vertex 1.6 -2.4 6.8
    endloop
  endfacet
  facet normal 0 0 1
    outer loop
      vertex 0.819638 -2.32314 6.8
      vertex 1.20982 -0.36157 6.8
      vertex 1.01943 -0.31388 6.8
    endloop
  endfacet
  facet normal 0 0 1
    outer loop
      vertex 0.438861 -2.22776 6.8
      vertex 1.01943 -0.31388 6.8
      vertex 0.834633 -0.247759 6.8
    endloop
  endfacet
  facet normal 0 0 1
    outer loop
      vertex 1.20982 -0.36157 6.8
      vertex 0.819638 -2.32314 6.8
      vertex 1.20793 -2.38074 6.8
    endloop
  endfacet
  facet normal 0 0 1
    outer loop
      vertex 0.0692654 -2.09552 6.8
      vertex 0.834633 -0.247759 6.8
      vertex 0.657206 -0.163842 6.8
    endloop
  endfacet
  facet normal 0 0 1
    outer loop
      vertex -0.285586 -1.92768 6.8
      vertex 0.657206 -0.163842 6.8
      vertex 0.488859 -0.0629387 6.8
    endloop
  endfacet
  facet normal 0 0 1
    outer loop
      vertex 1.01943 -0.31388 6.8
      vertex 0.438861 -2.22776 6.8
      vertex 0.819638 -2.32314 6.8
    endloop
  endfacet
  facet normal 0 0 1
    outer loop
      vertex -0.62228 -1.72588 6.8
      vertex 0.488859 -0.0629387 6.8
      vertex 0.331213 0.0539789 6.8
    endloop
  endfacet
  facet normal 0 0 1
    outer loop
      vertex -0.937572 -1.49204 6.8
      vertex 0.331213 0.0539789 6.8
      vertex 0.185786 0.185786 6.8
    endloop
  endfacet
  facet normal 0 0 1
    outer loop
      vertex 0.834633 -0.247759 6.8
      vertex 0.0692654 -2.09552 6.8
      vertex 0.438861 -2.22776 6.8
    endloop
  endfacet
  facet normal 0 0 1
    outer loop
      vertex -1.22843 -1.22843 6.8
      vertex 0.185786 0.185786 6.8
      vertex 0.0539789 0.331213 6.8
    endloop
  endfacet
  facet normal 0 0 1
    outer loop
      vertex -1.22843 -1.22843 6.8
      vertex 0.0539789 0.331213 6.8
      vertex -0.0629387 0.488859 6.8
    endloop
  endfacet
  facet normal 0 0 1
    outer loop
      vertex -1.22843 -1.22843 6.8
      vertex -0.0629387 0.488859 6.8
      vertex -0.163842 0.657206 6.8
    endloop
  endfacet
  facet normal 0 0 1
    outer loop
      vertex -1.22843 -1.22843 6.8
      vertex -0.163842 0.657206 6.8
      vertex -0.247759 0.834633 6.8
    endloop
  endfacet
  facet normal 0 0 1
    outer loop
      vertex 0.657206 -0.163842 6.8
      vertex -0.285586 -1.92768 6.8
      vertex 0.0692654 -2.09552 6.8
    endloop
  endfacet
  facet normal 0 0 1
    outer loop
      vertex -1.22843 -1.22843 6.8
      vertex -0.247759 0.834633 6.8
      vertex -0.31388 1.01943 6.8
    endloop
  endfacet
  facet normal 0 0 1
    outer loop
      vertex -1.22843 -1.22843 6.8
      vertex -0.31388 1.01943 6.8
      vertex -0.36157 1.20982 6.8
    endloop
  endfacet
  facet normal 0 0 1
    outer loop
      vertex -1.22843 -1.22843 6.8
      vertex -0.36157 1.20982 6.8
      vertex -0.390369 1.40396 6.8
    endloop
  endfacet
  facet normal 0 0 1
    outer loop
      vertex -1.22843 -1.22843 6.8
      vertex -0.390369 1.40396 6.8
      vertex -0.4 1.6 6.8
    endloop
  endfacet
  facet normal 0 0 1
    outer loop
      vertex 0.488859 -0.0629387 6.8
      vertex -0.62228 -1.72588 6.8
      vertex -0.285586 -1.92768 6.8
    endloop
  endfacet
  facet normal 0 0 1
    outer loop
      vertex -0.4 28.4 6.8
      vertex -1.24251 15.65 6.8
      vertex -0.4 1.6 6.8
    endloop
  endfacet
  facet normal -0 0 1
    outer loop
      vertex -2.09552 29.9307 6.8
      vertex -0.247759 29.1654 6.8
      vertex -1.92768 30.2856 6.8
    endloop
  endfacet
  facet normal -0 0 1
    outer loop
      vertex -1.27537 14.9811 6.8
      vertex -0.4 1.6 6.8
      vertex -1.24251 15.65 6.8
    endloop
  endfacet
  facet normal 0 0 1
    outer loop
      vertex -0.247759 29.1654 6.8
      vertex -2.09552 29.9307 6.8
      vertex -0.31388 28.9806 6.8
    endloop
  endfacet
  facet normal 0 0 1
    outer loop
      vertex 0.185786 0.185786 6.8
      vertex -1.22843 -1.22843 6.8
      vertex -0.937572 -1.49204 6.8
    endloop
  endfacet
  facet normal 0 0 1
    outer loop
      vertex 0.331213 0.0539789 6.8
      vertex -0.937572 -1.49204 6.8
      vertex -0.62228 -1.72588 6.8
    endloop
  endfacet
  facet normal 0 0 1
    outer loop
      vertex -0.4 28.4 6.8
      vertex -1.27537 16.3189 6.8
      vertex -1.24251 15.65 6.8
    endloop
  endfacet
  facet normal 0 0 1
    outer loop
      vertex -0.4 28.4 6.8
      vertex -1.29046 16.626 6.8
      vertex -1.27537 16.3189 6.8
    endloop
  endfacet
  facet normal 0 0 1
    outer loop
      vertex -0.4 28.4 6.8
      vertex -1.33557 16.9301 6.8
      vertex -1.29046 16.626 6.8
    endloop
  endfacet
  facet normal 0 0 1
    outer loop
      vertex -0.4 28.4 6.8
      vertex -1.43384 17.5926 6.8
      vertex -1.33557 16.9301 6.8
    endloop
  endfacet
  facet normal -0 0 1
    outer loop
      vertex -2.22776 29.5611 6.8
      vertex -0.31388 28.9806 6.8
      vertex -2.09552 29.9307 6.8
    endloop
  endfacet
  facet normal 0 0 1
    outer loop
      vertex -0.4 28.4 6.8
      vertex -1.59657 18.2423 6.8
      vertex -1.43384 17.5926 6.8
    endloop
  endfacet
  facet normal 0 0 1
    outer loop
      vertex -0.4 28.4 6.8
      vertex -1.67128 18.5405 6.8
      vertex -1.59657 18.2423 6.8
    endloop
  endfacet
  facet normal 0 0 1
    outer loop
      vertex -0.31388 28.9806 6.8
      vertex -2.22776 29.5611 6.8
      vertex -0.36157 28.7902 6.8
    endloop
  endfacet
  facet normal 0 0 1
    outer loop
      vertex -0.4 28.4 6.8
      vertex -1.77486 18.83 6.8
      vertex -1.67128 18.5405 6.8
    endloop
  endfacet
  facet normal -0 0 1
    outer loop
      vertex -2.32314 29.1804 6.8
      vertex -0.36157 28.7902 6.8
      vertex -2.22776 29.5611 6.8
    endloop
  endfacet
  facet normal 0 0 1
    outer loop
      vertex -2.4 20.3053 6.8
      vertex -0.4 28.4 6.8
      vertex -2.4 28.4 6.8
    endloop
  endfacet
  facet normal 0 0 1
    outer loop
      vertex -0.36157 28.7902 6.8
      vertex -2.32314 29.1804 6.8
      vertex -0.390369 28.596 6.8
    endloop
  endfacet
  facet normal -0 0 1
    outer loop
      vertex -2.38074 28.7921 6.8
      vertex -0.390369 28.596 6.8
      vertex -2.32314 29.1804 6.8
    endloop
  endfacet
  facet normal 0 0 1
    outer loop
      vertex -0.4 28.4 6.8
      vertex -2.00048 19.4606 6.8
      vertex -1.77486 18.83 6.8
    endloop
  endfacet
  facet normal 0 0 1
    outer loop
      vertex -0.390369 28.596 6.8
      vertex -2.38074 28.7921 6.8
      vertex -0.4 28.4 6.8
    endloop
  endfacet
  facet normal 0 0 1
    outer loop
      vertex -0.4 28.4 6.8
      vertex -2.38074 28.7921 6.8
      vertex -2.4 28.4 6.8
    endloop
  endfacet
  facet normal 0 0 1
    outer loop
      vertex -0.4 28.4 6.8
      vertex -2.28682 20.066 6.8
      vertex -2.00048 19.4606 6.8
    endloop
  endfacet
  facet normal 0 0 1
    outer loop
      vertex -0.4 28.4 6.8
      vertex -2.4 20.3053 6.8
      vertex -2.28682 20.066 6.8
    endloop
  endfacet
  facet normal 0 0 1
    outer loop
      vertex 63.4 -2.4 6.8
      vertex 60.15 -1.2 6.8
      vertex 60.15 -2.4 6.8
    endloop
  endfacet
  facet normal 0 0 1
    outer loop
      vertex 47.05 -2.4 6.8
      vertex 45.65 -1.2 6.8
      vertex 45.65 -2.4 6.8
    endloop
  endfacet
  facet normal 0 0 1
    outer loop
      vertex 32.55 -2.4 6.8
      vertex 20.4 -1.2 6.8
      vertex 20.4 -2.4 6.8
    endloop
  endfacet
  facet normal 0.427902 -0.903825 0
    outer loop
      vertex 0.657206 30.1638 2.6
      vertex 0.834633 30.2478 6.8
      vertex 0.657206 30.1638 6.8
    endloop
  endfacet
  facet normal 0.427902 -0.903825 0
    outer loop
      vertex 0.834633 30.2478 6.8
      vertex 0.657206 30.1638 2.6
      vertex 0.834633 30.2478 2.6
    endloop
  endfacet
  facet normal -0.427955 -0.9038 0
    outer loop
      vertex 64.1654 30.2478 2.6
      vertex 64.3428 30.1638 6.8
      vertex 64.1654 30.2478 6.8
    endloop
  endfacet
  facet normal -0.427955 -0.9038 -0
    outer loop
      vertex 64.3428 30.1638 6.8
      vertex 64.1654 30.2478 2.6
      vertex 64.3428 30.1638 2.6
    endloop
  endfacet
  facet normal -0.941579 0.336793 0
    outer loop
      vertex 65.2478 0.834633 2.6
      vertex 65.3139 1.01943 6.8
      vertex 65.3139 1.01943 2.6
    endloop
  endfacet
  facet normal -0.941579 0.336793 0
    outer loop
      vertex 65.3139 1.01943 6.8
      vertex 65.2478 0.834633 2.6
      vertex 65.2478 0.834633 6.8
    endloop
  endfacet
  facet normal 0.989182 -0.146691 0
    outer loop
      vertex -0.390369 28.596 6.8
      vertex -0.36157 28.7902 2.6
      vertex -0.36157 28.7902 6.8
    endloop
  endfacet
  facet normal 0.989182 -0.146691 0
    outer loop
      vertex -0.36157 28.7902 2.6
      vertex -0.390369 28.596 6.8
      vertex -0.390369 28.596 2.6
    endloop
  endfacet
  facet normal -0.146691 0.989182 0
    outer loop
      vertex 63.7902 -0.36157 2.6
      vertex 63.596 -0.390369 6.8
      vertex 63.7902 -0.36157 6.8
    endloop
  endfacet
  facet normal -0.146691 0.989182 0
    outer loop
      vertex 63.596 -0.390369 6.8
      vertex 63.7902 -0.36157 2.6
      vertex 63.596 -0.390369 2.6
    endloop
  endfacet
  facet normal 0 -1 0
    outer loop
      vertex 1.6 30.4 2.6
      vertex 63.4 30.4 6.8
      vertex 1.6 30.4 6.8
    endloop
  endfacet
  facet normal 0 -1 -0
    outer loop
      vertex 63.4 30.4 6.8
      vertex 1.6 30.4 2.6
      vertex 63.4 30.4 2.6
    endloop
  endfacet
  facet normal -0.9038 -0.427955 0
    outer loop
      vertex 65.2478 29.1654 2.6
      vertex 65.1638 29.3428 6.8
      vertex 65.1638 29.3428 2.6
    endloop
  endfacet
  facet normal -0.9038 -0.427955 0
    outer loop
      vertex 65.1638 29.3428 6.8
      vertex 65.2478 29.1654 2.6
      vertex 65.2478 29.1654 6.8
    endloop
  endfacet
  facet normal -0.94158 -0.336788 0
    outer loop
      vertex 65.3139 28.9806 2.6
      vertex 65.2478 29.1654 6.8
      vertex 65.2478 29.1654 2.6
    endloop
  endfacet
  facet normal -0.94158 -0.336788 0
    outer loop
      vertex 65.2478 29.1654 6.8
      vertex 65.3139 28.9806 2.6
      vertex 65.3139 28.9806 6.8
    endloop
  endfacet
  facet normal -0.427609 0.903964 0
    outer loop
      vertex 64.3428 -0.163842 2.6
      vertex 64.1654 -0.247759 6.8
      vertex 64.3428 -0.163842 6.8
    endloop
  endfacet
  facet normal -0.427609 0.903964 0
    outer loop
      vertex 64.1654 -0.247759 6.8
      vertex 64.3428 -0.163842 2.6
      vertex 64.1654 -0.247759 2.6
    endloop
  endfacet
  facet normal 1 -0 0
    outer loop
      vertex -0.4 1.6 6.8
      vertex -0.4 28.4 2.6
      vertex -0.4 28.4 6.8
    endloop
  endfacet
  facet normal 1 0 0
    outer loop
      vertex -0.4 28.4 2.6
      vertex -0.4 1.6 6.8
      vertex -0.4 1.6 2.6
    endloop
  endfacet
  facet normal 0.146741 -0.989175 0
    outer loop
      vertex 1.20982 30.3616 2.6
      vertex 1.40396 30.3904 6.8
      vertex 1.20982 30.3616 6.8
    endloop
  endfacet
  facet normal 0.146741 -0.989175 0
    outer loop
      vertex 1.40396 30.3904 6.8
      vertex 1.20982 30.3616 2.6
      vertex 1.40396 30.3904 2.6
    endloop
  endfacet
  facet normal 0.998795 0.0490686 0
    outer loop
      vertex -0.390369 1.40396 6.8
      vertex -0.4 1.6 2.6
      vertex -0.4 1.6 6.8
    endloop
  endfacet
  facet normal 0.998795 0.0490686 0
    outer loop
      vertex -0.4 1.6 2.6
      vertex -0.390369 1.40396 6.8
      vertex -0.390369 1.40396 2.6
    endloop
  endfacet
  facet normal -0.80335 -0.595508 0
    outer loop
      vertex 65.0629 29.5111 2.6
      vertex 64.946 29.6688 6.8
      vertex 64.946 29.6688 2.6
    endloop
  endfacet
  facet normal -0.80335 -0.595508 0
    outer loop
      vertex 64.946 29.6688 6.8
      vertex 65.0629 29.5111 2.6
      vertex 65.0629 29.5111 6.8
    endloop
  endfacet
  facet normal 0 1 -0
    outer loop
      vertex 63.4 -0.4 2.6
      vertex 1.6 -0.4 6.8
      vertex 63.4 -0.4 6.8
    endloop
  endfacet
  facet normal 0 1 0
    outer loop
      vertex 1.6 -0.4 6.8
      vertex 63.4 -0.4 2.6
      vertex 1.6 -0.4 2.6
    endloop
  endfacet
  facet normal -1 0 0
    outer loop
      vertex 65.4 1.6 2.6
      vertex 65.4 28.4 6.8
      vertex 65.4 28.4 2.6
    endloop
  endfacet
  facet normal -1 -0 0
    outer loop
      vertex 65.4 28.4 6.8
      vertex 65.4 1.6 2.6
      vertex 65.4 1.6 6.8
    endloop
  endfacet
  facet normal -0.857736 0.51409 0
    outer loop
      vertex 65.0629 0.488859 2.6
      vertex 65.1638 0.657206 6.8
      vertex 65.1638 0.657206 2.6
    endloop
  endfacet
  facet normal -0.857736 0.51409 0
    outer loop
      vertex 65.1638 0.657206 6.8
      vertex 65.0629 0.488859 2.6
      vertex 65.0629 0.488859 6.8
    endloop
  endfacet
  facet normal -0.970019 0.243027 0
    outer loop
      vertex 65.3139 1.01943 2.6
      vertex 65.3616 1.20982 6.8
      vertex 65.3616 1.20982 2.6
    endloop
  endfacet
  facet normal -0.970019 0.243027 0
    outer loop
      vertex 65.3616 1.20982 6.8
      vertex 65.3139 1.01943 2.6
      vertex 65.3139 1.01943 6.8
    endloop
  endfacet
  facet normal 0.998795 -0.0490785 0
    outer loop
      vertex -0.4 28.4 6.8
      vertex -0.390369 28.596 2.6
      vertex -0.390369 28.596 6.8
    endloop
  endfacet
  facet normal 0.998795 -0.0490785 0
    outer loop
      vertex -0.390369 28.596 2.6
      vertex -0.4 28.4 6.8
      vertex -0.4 28.4 2.6
    endloop
  endfacet
  facet normal 0.048911 -0.998803 0
    outer loop
      vertex 1.40396 30.3904 2.6
      vertex 1.6 30.4 6.8
      vertex 1.40396 30.3904 6.8
    endloop
  endfacet
  facet normal 0.048911 -0.998803 0
    outer loop
      vertex 1.6 30.4 6.8
      vertex 1.40396 30.3904 2.6
      vertex 1.6 30.4 2.6
    endloop
  endfacet
  facet normal -0.0489209 -0.998803 0
    outer loop
      vertex 63.4 30.4 2.6
      vertex 63.596 30.3904 6.8
      vertex 63.4 30.4 6.8
    endloop
  endfacet
  facet normal -0.0489209 -0.998803 -0
    outer loop
      vertex 63.596 30.3904 6.8
      vertex 63.4 30.4 2.6
      vertex 63.596 30.3904 2.6
    endloop
  endfacet
  facet normal -0.989175 0.146741 0
    outer loop
      vertex 65.3616 1.20982 2.6
      vertex 65.3904 1.40396 6.8
      vertex 65.3904 1.40396 2.6
    endloop
  endfacet
  facet normal -0.989175 0.146741 0
    outer loop
      vertex 65.3904 1.40396 6.8
      vertex 65.3616 1.20982 2.6
      vertex 65.3616 1.20982 6.8
    endloop
  endfacet
  facet normal -0.998803 -0.0489209 0
    outer loop
      vertex 65.4 28.4 2.6
      vertex 65.3904 28.596 6.8
      vertex 65.3904 28.596 2.6
    endloop
  endfacet
  facet normal -0.998803 -0.0489209 0
    outer loop
      vertex 65.3904 28.596 6.8
      vertex 65.4 28.4 2.6
      vertex 65.4 28.4 6.8
    endloop
  endfacet
  facet normal -0.989182 -0.146696 0
    outer loop
      vertex 65.3904 28.596 2.6
      vertex 65.3616 28.7902 6.8
      vertex 65.3616 28.7902 2.6
    endloop
  endfacet
  facet normal -0.989182 -0.146696 0
    outer loop
      vertex 65.3616 28.7902 6.8
      vertex 65.3904 28.596 2.6
      vertex 65.3904 28.596 6.8
    endloop
  endfacet
  facet normal 0.51409 -0.857736 0
    outer loop
      vertex 0.488859 30.0629 2.6
      vertex 0.657206 30.1638 6.8
      vertex 0.488859 30.0629 6.8
    endloop
  endfacet
  facet normal 0.51409 -0.857736 0
    outer loop
      vertex 0.657206 30.1638 6.8
      vertex 0.488859 30.0629 2.6
      vertex 0.657206 30.1638 2.6
    endloop
  endfacet
  facet normal -0.595508 -0.80335 0
    outer loop
      vertex 64.5111 30.0629 2.6
      vertex 64.6688 29.946 6.8
      vertex 64.5111 30.0629 6.8
    endloop
  endfacet
  facet normal -0.595508 -0.80335 -0
    outer loop
      vertex 64.6688 29.946 6.8
      vertex 64.5111 30.0629 2.6
      vertex 64.6688 29.946 2.6
    endloop
  endfacet
  facet normal 0.336888 0.941545 -0
    outer loop
      vertex 1.01943 -0.31388 2.6
      vertex 0.834633 -0.247759 6.8
      vertex 1.01943 -0.31388 6.8
    endloop
  endfacet
  facet normal 0.336888 0.941545 0
    outer loop
      vertex 0.834633 -0.247759 6.8
      vertex 1.01943 -0.31388 2.6
      vertex 0.834633 -0.247759 2.6
    endloop
  endfacet
  facet normal -0.595566 0.803307 0
    outer loop
      vertex 64.6688 0.0539789 2.6
      vertex 64.5111 -0.0629387 6.8
      vertex 64.6688 0.0539789 6.8
    endloop
  endfacet
  facet normal -0.595566 0.803307 0
    outer loop
      vertex 64.5111 -0.0629387 6.8
      vertex 64.6688 0.0539789 2.6
      vertex 64.5111 -0.0629387 2.6
    endloop
  endfacet
  facet normal 0.0490686 0.998795 -0
    outer loop
      vertex 1.6 -0.4 2.6
      vertex 1.40396 -0.390369 6.8
      vertex 1.6 -0.4 6.8
    endloop
  endfacet
  facet normal 0.0490686 0.998795 0
    outer loop
      vertex 1.40396 -0.390369 6.8
      vertex 1.6 -0.4 2.6
      vertex 1.40396 -0.390369 2.6
    endloop
  endfacet
  facet normal -0.74097 0.671538 0
    outer loop
      vertex 64.8142 0.185786 2.6
      vertex 64.946 0.331213 6.8
      vertex 64.946 0.331213 2.6
    endloop
  endfacet
  facet normal -0.74097 0.671538 0
    outer loop
      vertex 64.946 0.331213 6.8
      vertex 64.8142 0.185786 2.6
      vertex 64.8142 0.185786 6.8
    endloop
  endfacet
  facet normal 0.803307 -0.595566 0
    outer loop
      vertex -0.0629387 29.5111 6.8
      vertex 0.0539789 29.6688 2.6
      vertex 0.0539789 29.6688 6.8
    endloop
  endfacet
  facet normal 0.803307 -0.595566 0
    outer loop
      vertex 0.0539789 29.6688 2.6
      vertex -0.0629387 29.5111 6.8
      vertex -0.0629387 29.5111 2.6
    endloop
  endfacet
  facet normal 0.336793 -0.941579 0
    outer loop
      vertex 0.834633 30.2478 2.6
      vertex 1.01943 30.3139 6.8
      vertex 0.834633 30.2478 6.8
    endloop
  endfacet
  facet normal 0.336793 -0.941579 0
    outer loop
      vertex 1.01943 30.3139 6.8
      vertex 0.834633 30.2478 2.6
      vertex 1.01943 30.3139 2.6
    endloop
  endfacet
  facet normal 0.243027 -0.970019 0
    outer loop
      vertex 1.01943 30.3139 2.6
      vertex 1.20982 30.3616 6.8
      vertex 1.01943 30.3139 6.8
    endloop
  endfacet
  facet normal 0.243027 -0.970019 0
    outer loop
      vertex 1.20982 30.3616 6.8
      vertex 1.01943 30.3139 2.6
      vertex 1.20982 30.3616 2.6
    endloop
  endfacet
  facet normal -0.514196 -0.857673 0
    outer loop
      vertex 64.3428 30.1638 2.6
      vertex 64.5111 30.0629 6.8
      vertex 64.3428 30.1638 6.8
    endloop
  endfacet
  facet normal -0.514196 -0.857673 -0
    outer loop
      vertex 64.5111 30.0629 6.8
      vertex 64.3428 30.1638 2.6
      vertex 64.5111 30.0629 2.6
    endloop
  endfacet
  facet normal -0.857673 -0.514196 0
    outer loop
      vertex 65.1638 29.3428 2.6
      vertex 65.0629 29.5111 6.8
      vertex 65.0629 29.5111 2.6
    endloop
  endfacet
  facet normal -0.857673 -0.514196 0
    outer loop
      vertex 65.0629 29.5111 6.8
      vertex 65.1638 29.3428 2.6
      vertex 65.1638 29.3428 6.8
    endloop
  endfacet
  facet normal 0.427556 0.903989 -0
    outer loop
      vertex 0.834633 -0.247759 2.6
      vertex 0.657206 -0.163842 6.8
      vertex 0.834633 -0.247759 6.8
    endloop
  endfacet
  facet normal 0.427556 0.903989 0
    outer loop
      vertex 0.657206 -0.163842 6.8
      vertex 0.834633 -0.247759 2.6
      vertex 0.657206 -0.163842 2.6
    endloop
  endfacet
  facet normal -0.903825 0.427902 0
    outer loop
      vertex 65.1638 0.657206 2.6
      vertex 65.2478 0.834633 6.8
      vertex 65.2478 0.834633 2.6
    endloop
  endfacet
  facet normal -0.903825 0.427902 0
    outer loop
      vertex 65.2478 0.834633 6.8
      vertex 65.1638 0.657206 2.6
      vertex 65.1638 0.657206 6.8
    endloop
  endfacet
  facet normal -0.970023 -0.243015 0
    outer loop
      vertex 65.3616 28.7902 2.6
      vertex 65.3139 28.9806 6.8
      vertex 65.3139 28.9806 2.6
    endloop
  endfacet
  facet normal -0.970023 -0.243015 0
    outer loop
      vertex 65.3139 28.9806 6.8
      vertex 65.3616 28.7902 2.6
      vertex 65.3616 28.7902 6.8
    endloop
  endfacet
  facet normal 0.146736 0.989176 -0
    outer loop
      vertex 1.40396 -0.390369 2.6
      vertex 1.20982 -0.36157 6.8
      vertex 1.40396 -0.390369 6.8
    endloop
  endfacet
  facet normal 0.146736 0.989176 0
    outer loop
      vertex 1.20982 -0.36157 6.8
      vertex 1.40396 -0.390369 2.6
      vertex 1.20982 -0.36157 2.6
    endloop
  endfacet
  facet normal -0.243015 -0.970023 0
    outer loop
      vertex 63.7902 30.3616 2.6
      vertex 63.9806 30.3139 6.8
      vertex 63.7902 30.3616 6.8
    endloop
  endfacet
  facet normal -0.243015 -0.970023 -0
    outer loop
      vertex 63.9806 30.3139 6.8
      vertex 63.7902 30.3616 2.6
      vertex 63.9806 30.3139 2.6
    endloop
  endfacet
  facet normal -0.740908 -0.671607 0
    outer loop
      vertex 64.946 29.6688 2.6
      vertex 64.8142 29.8142 6.8
      vertex 64.8142 29.8142 2.6
    endloop
  endfacet
  facet normal -0.740908 -0.671607 0
    outer loop
      vertex 64.8142 29.8142 6.8
      vertex 64.946 29.6688 2.6
      vertex 64.946 29.6688 6.8
    endloop
  endfacet
  facet normal -0.803252 0.595639 0
    outer loop
      vertex 64.946 0.331213 2.6
      vertex 65.0629 0.488859 6.8
      vertex 65.0629 0.488859 2.6
    endloop
  endfacet
  facet normal -0.803252 0.595639 0
    outer loop
      vertex 65.0629 0.488859 6.8
      vertex 64.946 0.331213 2.6
      vertex 64.946 0.331213 6.8
    endloop
  endfacet
  facet normal -0.146696 -0.989182 0
    outer loop
      vertex 63.596 30.3904 2.6
      vertex 63.7902 30.3616 6.8
      vertex 63.596 30.3904 6.8
    endloop
  endfacet
  facet normal -0.146696 -0.989182 -0
    outer loop
      vertex 63.7902 30.3616 6.8
      vertex 63.596 30.3904 2.6
      vertex 63.7902 30.3616 2.6
    endloop
  endfacet
  facet normal 0.595639 -0.803252 0
    outer loop
      vertex 0.331213 29.946 2.6
      vertex 0.488859 30.0629 6.8
      vertex 0.331213 29.946 6.8
    endloop
  endfacet
  facet normal 0.595639 -0.803252 0
    outer loop
      vertex 0.488859 30.0629 6.8
      vertex 0.331213 29.946 2.6
      vertex 0.488859 30.0629 2.6
    endloop
  endfacet
  facet normal -0.0490785 0.998795 0
    outer loop
      vertex 63.596 -0.390369 2.6
      vertex 63.4 -0.4 6.8
      vertex 63.596 -0.390369 6.8
    endloop
  endfacet
  facet normal -0.0490785 0.998795 0
    outer loop
      vertex 63.4 -0.4 6.8
      vertex 63.596 -0.390369 2.6
      vertex 63.4 -0.4 2.6
    endloop
  endfacet
  facet normal -0.514208 0.857665 0
    outer loop
      vertex 64.5111 -0.0629387 2.6
      vertex 64.3428 -0.163842 6.8
      vertex 64.5111 -0.0629387 6.8
    endloop
  endfacet
  facet normal -0.514208 0.857665 0
    outer loop
      vertex 64.3428 -0.163842 6.8
      vertex 64.5111 -0.0629387 2.6
      vertex 64.3428 -0.163842 2.6
    endloop
  endfacet
  facet normal 0.903964 -0.427609 0
    outer loop
      vertex -0.247759 29.1654 6.8
      vertex -0.163842 29.3428 2.6
      vertex -0.163842 29.3428 6.8
    endloop
  endfacet
  facet normal 0.903964 -0.427609 0
    outer loop
      vertex -0.163842 29.3428 2.6
      vertex -0.247759 29.1654 6.8
      vertex -0.247759 29.1654 2.6
    endloop
  endfacet
  facet normal 0.989176 0.146736 0
    outer loop
      vertex -0.36157 1.20982 6.8
      vertex -0.390369 1.40396 2.6
      vertex -0.390369 1.40396 6.8
    endloop
  endfacet
  facet normal 0.989176 0.146736 0
    outer loop
      vertex -0.390369 1.40396 2.6
      vertex -0.36157 1.20982 6.8
      vertex -0.36157 1.20982 2.6
    endloop
  endfacet
  facet normal 0.903989 0.427556 0
    outer loop
      vertex -0.163842 0.657206 6.8
      vertex -0.247759 0.834633 2.6
      vertex -0.247759 0.834633 6.8
    endloop
  endfacet
  facet normal 0.903989 0.427556 0
    outer loop
      vertex -0.247759 0.834633 2.6
      vertex -0.163842 0.657206 6.8
      vertex -0.163842 0.657206 2.6
    endloop
  endfacet
  facet normal -0.336788 -0.94158 0
    outer loop
      vertex 63.9806 30.3139 2.6
      vertex 64.1654 30.2478 6.8
      vertex 63.9806 30.3139 6.8
    endloop
  endfacet
  facet normal -0.336788 -0.94158 -0
    outer loop
      vertex 64.1654 30.2478 6.8
      vertex 63.9806 30.3139 2.6
      vertex 64.1654 30.2478 2.6
    endloop
  endfacet
  facet normal 0.74089 -0.671627 0
    outer loop
      vertex 0.0539789 29.6688 6.8
      vertex 0.185786 29.8142 2.6
      vertex 0.185786 29.8142 6.8
    endloop
  endfacet
  facet normal 0.74089 -0.671627 0
    outer loop
      vertex 0.185786 29.8142 2.6
      vertex 0.0539789 29.6688 6.8
      vertex 0.0539789 29.6688 2.6
    endloop
  endfacet
  facet normal 0.595697 0.803209 -0
    outer loop
      vertex 0.488859 -0.0629387 2.6
      vertex 0.331213 0.0539789 6.8
      vertex 0.488859 -0.0629387 6.8
    endloop
  endfacet
  facet normal 0.595697 0.803209 0
    outer loop
      vertex 0.331213 0.0539789 6.8
      vertex 0.488859 -0.0629387 2.6
      vertex 0.331213 0.0539789 2.6
    endloop
  endfacet
  facet normal -0.242967 0.970035 0
    outer loop
      vertex 63.9806 -0.31388 2.6
      vertex 63.7902 -0.36157 6.8
      vertex 63.9806 -0.31388 6.8
    endloop
  endfacet
  facet normal -0.242967 0.970035 0
    outer loop
      vertex 63.7902 -0.36157 6.8
      vertex 63.9806 -0.31388 2.6
      vertex 63.7902 -0.36157 2.6
    endloop
  endfacet
  facet normal -0.671607 -0.740908 0
    outer loop
      vertex 64.6688 29.946 2.6
      vertex 64.8142 29.8142 6.8
      vertex 64.6688 29.946 6.8
    endloop
  endfacet
  facet normal -0.671607 -0.740908 -0
    outer loop
      vertex 64.8142 29.8142 6.8
      vertex 64.6688 29.946 2.6
      vertex 64.8142 29.8142 2.6
    endloop
  endfacet
  facet normal 0.514103 0.857729 -0
    outer loop
      vertex 0.657206 -0.163842 2.6
      vertex 0.488859 -0.0629387 6.8
      vertex 0.657206 -0.163842 6.8
    endloop
  endfacet
  facet normal 0.514103 0.857729 0
    outer loop
      vertex 0.488859 -0.0629387 6.8
      vertex 0.657206 -0.163842 2.6
      vertex 0.488859 -0.0629387 2.6
    endloop
  endfacet
  facet normal -0.336883 0.941546 0
    outer loop
      vertex 64.1654 -0.247759 2.6
      vertex 63.9806 -0.31388 6.8
      vertex 64.1654 -0.247759 6.8
    endloop
  endfacet
  facet normal -0.336883 0.941546 0
    outer loop
      vertex 63.9806 -0.31388 6.8
      vertex 64.1654 -0.247759 2.6
      vertex 63.9806 -0.31388 2.6
    endloop
  endfacet
  facet normal -0.671627 0.74089 0
    outer loop
      vertex 64.8142 0.185786 2.6
      vertex 64.6688 0.0539789 6.8
      vertex 64.8142 0.185786 6.8
    endloop
  endfacet
  facet normal -0.671627 0.74089 0
    outer loop
      vertex 64.6688 0.0539789 6.8
      vertex 64.8142 0.185786 2.6
      vertex 64.6688 0.0539789 2.6
    endloop
  endfacet
  facet normal 0.857665 -0.514208 0
    outer loop
      vertex -0.163842 29.3428 6.8
      vertex -0.0629387 29.5111 2.6
      vertex -0.0629387 29.5111 6.8
    endloop
  endfacet
  facet normal 0.857665 -0.514208 0
    outer loop
      vertex -0.0629387 29.5111 2.6
      vertex -0.163842 29.3428 6.8
      vertex -0.163842 29.3428 2.6
    endloop
  endfacet
  facet normal 0.857729 0.514103 0
    outer loop
      vertex -0.0629387 0.488859 6.8
      vertex -0.163842 0.657206 2.6
      vertex -0.163842 0.657206 6.8
    endloop
  endfacet
  facet normal 0.857729 0.514103 0
    outer loop
      vertex -0.163842 0.657206 2.6
      vertex -0.0629387 0.488859 6.8
      vertex -0.0629387 0.488859 2.6
    endloop
  endfacet
  facet normal 0.671538 -0.74097 0
    outer loop
      vertex 0.185786 29.8142 2.6
      vertex 0.331213 29.946 6.8
      vertex 0.185786 29.8142 6.8
    endloop
  endfacet
  facet normal 0.671538 -0.74097 0
    outer loop
      vertex 0.331213 29.946 6.8
      vertex 0.185786 29.8142 2.6
      vertex 0.331213 29.946 2.6
    endloop
  endfacet
  facet normal 0.941546 -0.336883 0
    outer loop
      vertex -0.31388 28.9806 6.8
      vertex -0.247759 29.1654 2.6
      vertex -0.247759 29.1654 6.8
    endloop
  endfacet
  facet normal 0.941546 -0.336883 0
    outer loop
      vertex -0.247759 29.1654 2.6
      vertex -0.31388 28.9806 6.8
      vertex -0.31388 28.9806 2.6
    endloop
  endfacet
  facet normal 0.242979 0.970032 -0
    outer loop
      vertex 1.20982 -0.36157 2.6
      vertex 1.01943 -0.31388 6.8
      vertex 1.20982 -0.36157 6.8
    endloop
  endfacet
  facet normal 0.242979 0.970032 0
    outer loop
      vertex 1.01943 -0.31388 6.8
      vertex 1.20982 -0.36157 2.6
      vertex 1.01943 -0.31388 2.6
    endloop
  endfacet
  facet normal 0.803209 0.595697 0
    outer loop
      vertex 0.0539789 0.331213 6.8
      vertex -0.0629387 0.488859 2.6
      vertex -0.0629387 0.488859 6.8
    endloop
  endfacet
  facet normal 0.803209 0.595697 0
    outer loop
      vertex -0.0629387 0.488859 2.6
      vertex 0.0539789 0.331213 6.8
      vertex 0.0539789 0.331213 2.6
    endloop
  endfacet
  facet normal 0 0 1
    outer loop
      vertex 58.6292 25.6291 2.6
      vertex 6.37082 25.6291 2.6
      vertex 58.7284 25.3519 2.6
    endloop
  endfacet
  facet normal 0 0 1
    outer loop
      vertex 58.7284 4.64805 2.6
      vertex 6.48555 3.79405 2.6
      vertex 6.5 3.5 2.6
    endloop
  endfacet
  facet normal 0 0 1
    outer loop
      vertex 6.27164 25.3519 2.6
      vertex 58.7284 25.3519 2.6
      vertex 6.37082 25.6291 2.6
    endloop
  endfacet
  facet normal 0 0 1
    outer loop
      vertex 58.7284 4.64805 2.6
      vertex 6.44236 4.08527 2.6
      vertex 6.48555 3.79405 2.6
    endloop
  endfacet
  facet normal 0 0 1
    outer loop
      vertex 58.7284 25.3519 2.6
      vertex 6.27164 25.3519 2.6
      vertex 58.7284 4.64805 2.6
    endloop
  endfacet
  facet normal 0 0 1
    outer loop
      vertex 58.7284 4.64805 2.6
      vertex 6.37082 4.37085 2.6
      vertex 6.44236 4.08527 2.6
    endloop
  endfacet
  facet normal 0 0 1
    outer loop
      vertex 6.27164 4.64805 2.6
      vertex 58.7284 4.64805 2.6
      vertex 6.27164 25.3519 2.6
    endloop
  endfacet
  facet normal 0 0 1
    outer loop
      vertex 58.7284 4.64805 2.6
      vertex 6.27164 4.64805 2.6
      vertex 6.37082 4.37085 2.6
    endloop
  endfacet
  facet normal -0 0 1
    outer loop
      vertex 6.14576 25.0858 2.6
      vertex 6.27164 4.64805 2.6
      vertex 6.27164 25.3519 2.6
    endloop
  endfacet
  facet normal 0 0 1
    outer loop
      vertex 6.14576 25.0858 2.6
      vertex 6.14576 4.91419 2.6
      vertex 6.27164 4.64805 2.6
    endloop
  endfacet
  facet normal -0 0 1
    outer loop
      vertex 5.99441 24.8333 2.6
      vertex 6.14576 4.91419 2.6
      vertex 6.14576 25.0858 2.6
    endloop
  endfacet
  facet normal 0 0 1
    outer loop
      vertex 5.99441 24.8333 2.6
      vertex 5.99441 5.16671 2.6
      vertex 6.14576 4.91419 2.6
    endloop
  endfacet
  facet normal -0 0 1
    outer loop
      vertex 5.81903 24.5968 2.6
      vertex 5.99441 5.16671 2.6
      vertex 5.99441 24.8333 2.6
    endloop
  endfacet
  facet normal 0 0 1
    outer loop
      vertex 5.81903 24.5968 2.6
      vertex 5.81903 5.40318 2.6
      vertex 5.99441 5.16671 2.6
    endloop
  endfacet
  facet normal -0 0 1
    outer loop
      vertex 5.62132 24.3787 2.6
      vertex 5.81903 5.40318 2.6
      vertex 5.81903 24.5968 2.6
    endloop
  endfacet
  facet normal 0 0 1
    outer loop
      vertex 5.62132 24.3787 2.6
      vertex 5.62132 5.62132 2.6
      vertex 5.81903 5.40318 2.6
    endloop
  endfacet
  facet normal -0 0 1
    outer loop
      vertex 5.40318 24.181 2.6
      vertex 5.62132 5.62132 2.6
      vertex 5.62132 24.3787 2.6
    endloop
  endfacet
  facet normal 0 0 1
    outer loop
      vertex 5.40318 24.181 2.6
      vertex 5.40318 5.81903 2.6
      vertex 5.62132 5.62132 2.6
    endloop
  endfacet
  facet normal -0 0 1
    outer loop
      vertex 5.16671 24.0056 2.6
      vertex 5.40318 5.81903 2.6
      vertex 5.40318 24.181 2.6
    endloop
  endfacet
  facet normal 0 0 1
    outer loop
      vertex 5.16671 24.0056 2.6
      vertex 5.16671 5.99441 2.6
      vertex 5.40318 5.81903 2.6
    endloop
  endfacet
  facet normal -0 0 1
    outer loop
      vertex 4.91419 23.8542 2.6
      vertex 5.16671 5.99441 2.6
      vertex 5.16671 24.0056 2.6
    endloop
  endfacet
  facet normal 0 0 1
    outer loop
      vertex 4.91419 23.8542 2.6
      vertex 4.91419 6.14576 2.6
      vertex 5.16671 5.99441 2.6
    endloop
  endfacet
  facet normal -0 0 1
    outer loop
      vertex 4.64805 23.7284 2.6
      vertex 4.91419 6.14576 2.6
      vertex 4.91419 23.8542 2.6
    endloop
  endfacet
  facet normal 0 0 1
    outer loop
      vertex 4.64805 23.7284 2.6
      vertex 4.64805 6.27164 2.6
      vertex 4.91419 6.14576 2.6
    endloop
  endfacet
  facet normal -0 0 1
    outer loop
      vertex 4.37085 23.6292 2.6
      vertex 4.64805 6.27164 2.6
      vertex 4.64805 23.7284 2.6
    endloop
  endfacet
  facet normal 0 0 1
    outer loop
      vertex 4.37085 23.6292 2.6
      vertex 4.37085 6.37082 2.6
      vertex 4.64805 6.27164 2.6
    endloop
  endfacet
  facet normal -0 0 1
    outer loop
      vertex 4.08527 23.5576 2.6
      vertex 4.37085 6.37082 2.6
      vertex 4.37085 23.6292 2.6
    endloop
  endfacet
  facet normal 0 0 1
    outer loop
      vertex 4.08527 23.5576 2.6
      vertex 4.08527 6.44236 2.6
      vertex 4.37085 6.37082 2.6
    endloop
  endfacet
  facet normal -0 0 1
    outer loop
      vertex 3.79405 23.5144 2.6
      vertex 4.08527 6.44236 2.6
      vertex 4.08527 23.5576 2.6
    endloop
  endfacet
  facet normal 0 0 1
    outer loop
      vertex 3.79405 23.5144 2.6
      vertex 3.79405 6.48555 2.6
      vertex 4.08527 6.44236 2.6
    endloop
  endfacet
  facet normal -0 0 1
    outer loop
      vertex 3.5 23.5 2.6
      vertex 3.79405 6.48555 2.6
      vertex 3.79405 23.5144 2.6
    endloop
  endfacet
  facet normal 0 0 1
    outer loop
      vertex 3.5 23.5 2.6
      vertex 3.5 6.5 2.6
      vertex 3.79405 6.48555 2.6
    endloop
  endfacet
  facet normal 0 0 1
    outer loop
      vertex 3.20595 23.5144 2.6
      vertex 3.5 6.5 2.6
      vertex 3.5 23.5 2.6
    endloop
  endfacet
  facet normal 0 0 1
    outer loop
      vertex 3.20595 23.5144 2.6
      vertex 3.20595 6.48555 2.6
      vertex 3.5 6.5 2.6
    endloop
  endfacet
  facet normal 0 0 1
    outer loop
      vertex 2.91473 23.5576 2.6
      vertex 3.20595 6.48555 2.6
      vertex 3.20595 23.5144 2.6
    endloop
  endfacet
  facet normal 0 0 1
    outer loop
      vertex 2.91473 23.5576 2.6
      vertex 2.91473 6.44236 2.6
      vertex 3.20595 6.48555 2.6
    endloop
  endfacet
  facet normal 0 0 1
    outer loop
      vertex 2.62915 23.6292 2.6
      vertex 2.91473 6.44236 2.6
      vertex 2.91473 23.5576 2.6
    endloop
  endfacet
  facet normal 0 0 1
    outer loop
      vertex 2.62915 23.6292 2.6
      vertex 2.62915 6.37082 2.6
      vertex 2.91473 6.44236 2.6
    endloop
  endfacet
  facet normal 0 0 1
    outer loop
      vertex 2.35195 23.7284 2.6
      vertex 2.62915 6.37082 2.6
      vertex 2.62915 23.6292 2.6
    endloop
  endfacet
  facet normal 0 0 1
    outer loop
      vertex 2.35195 23.7284 2.6
      vertex 2.35195 6.27164 2.6
      vertex 2.62915 6.37082 2.6
    endloop
  endfacet
  facet normal 0 0 1
    outer loop
      vertex 2.08581 23.8542 2.6
      vertex 2.35195 6.27164 2.6
      vertex 2.35195 23.7284 2.6
    endloop
  endfacet
  facet normal 0 0 1
    outer loop
      vertex 2.08581 23.8542 2.6
      vertex 2.08581 6.14576 2.6
      vertex 2.35195 6.27164 2.6
    endloop
  endfacet
  facet normal 0 0 1
    outer loop
      vertex 1.83329 24.0056 2.6
      vertex 2.08581 6.14576 2.6
      vertex 2.08581 23.8542 2.6
    endloop
  endfacet
  facet normal 0 0 1
    outer loop
      vertex 1.83329 24.0056 2.6
      vertex 1.83329 5.99441 2.6
      vertex 2.08581 6.14576 2.6
    endloop
  endfacet
  facet normal 0 0 1
    outer loop
      vertex 1.59682 24.181 2.6
      vertex 1.83329 5.99441 2.6
      vertex 1.83329 24.0056 2.6
    endloop
  endfacet
  facet normal 0 0 1
    outer loop
      vertex 1.59682 24.181 2.6
      vertex 1.59682 5.81903 2.6
      vertex 1.83329 5.99441 2.6
    endloop
  endfacet
  facet normal 0 0 1
    outer loop
      vertex 1.37868 24.3787 2.6
      vertex 1.59682 5.81903 2.6
      vertex 1.59682 24.181 2.6
    endloop
  endfacet
  facet normal 0 0 1
    outer loop
      vertex 1.37868 24.3787 2.6
      vertex 1.37868 5.62132 2.6
      vertex 1.59682 5.81903 2.6
    endloop
  endfacet
  facet normal 0 0 1
    outer loop
      vertex 1.18097 24.5968 2.6
      vertex 1.37868 5.62132 2.6
      vertex 1.37868 24.3787 2.6
    endloop
  endfacet
  facet normal 0 0 1
    outer loop
      vertex 1.18097 24.5968 2.6
      vertex 1.18097 5.40318 2.6
      vertex 1.37868 5.62132 2.6
    endloop
  endfacet
  facet normal 0 0 1
    outer loop
      vertex 1.00559 24.8333 2.6
      vertex 1.18097 5.40318 2.6
      vertex 1.18097 24.5968 2.6
    endloop
  endfacet
  facet normal 0 0 1
    outer loop
      vertex 1.00559 24.8333 2.6
      vertex 1.00559 5.16671 2.6
      vertex 1.18097 5.40318 2.6
    endloop
  endfacet
  facet normal 0 0 1
    outer loop
      vertex 0.854236 25.0858 2.6
      vertex 1.00559 5.16671 2.6
      vertex 1.00559 24.8333 2.6
    endloop
  endfacet
  facet normal 0 0 1
    outer loop
      vertex 0.854236 25.0858 2.6
      vertex 0.854236 4.91419 2.6
      vertex 1.00559 5.16671 2.6
    endloop
  endfacet
  facet normal 0 0 1
    outer loop
      vertex 0.728361 25.3519 2.6
      vertex 0.854236 4.91419 2.6
      vertex 0.854236 25.0858 2.6
    endloop
  endfacet
  facet normal 0 0 1
    outer loop
      vertex 0.728361 25.3519 2.6
      vertex 0.728361 4.64805 2.6
      vertex 0.854236 4.91419 2.6
    endloop
  endfacet
  facet normal 0 0 1
    outer loop
      vertex 0.629178 25.6291 2.6
      vertex 0.728361 4.64805 2.6
      vertex 0.728361 25.3519 2.6
    endloop
  endfacet
  facet normal 0 0 1
    outer loop
      vertex 0.629178 25.6291 2.6
      vertex 0.629178 4.37085 2.6
      vertex 0.728361 4.64805 2.6
    endloop
  endfacet
  facet normal 0 0 1
    outer loop
      vertex -0.4 28.4 2.6
      vertex 0.629178 25.6291 2.6
      vertex 0.557644 25.9147 2.6
    endloop
  endfacet
  facet normal 0 0 1
    outer loop
      vertex 0.629178 25.6291 2.6
      vertex -0.4 28.4 2.6
      vertex 0.629178 4.37085 2.6
    endloop
  endfacet
  facet normal 0 0 1
    outer loop
      vertex -0.4 28.4 2.6
      vertex 0.557644 25.9147 2.6
      vertex 0.514445 26.2059 2.6
    endloop
  endfacet
  facet normal 0 0 1
    outer loop
      vertex -0.4 1.6 2.6
      vertex 0.629178 4.37085 2.6
      vertex -0.4 28.4 2.6
    endloop
  endfacet
  facet normal 0 0 1
    outer loop
      vertex -0.4 28.4 2.6
      vertex 0.514445 26.2059 2.6
      vertex 0.5 26.5 2.6
    endloop
  endfacet
  facet normal 0 0 1
    outer loop
      vertex 0.629178 4.37085 2.6
      vertex -0.4 1.6 2.6
      vertex 0.557644 4.08527 2.6
    endloop
  endfacet
  facet normal 0 0 1
    outer loop
      vertex 64.3708 25.6291 2.6
      vertex 65.4 28.4 2.6
      vertex 64.4424 25.9147 2.6
    endloop
  endfacet
  facet normal 0 0 1
    outer loop
      vertex 65.4 1.6 2.6
      vertex 64.4855 3.79405 2.6
      vertex 64.5 3.5 2.6
    endloop
  endfacet
  facet normal 0 0 1
    outer loop
      vertex 65.4 28.4 2.6
      vertex 64.3708 25.6291 2.6
      vertex 65.4 1.6 2.6
    endloop
  endfacet
  facet normal 0 0 1
    outer loop
      vertex 65.4 1.6 2.6
      vertex 64.4424 4.08527 2.6
      vertex 64.4855 3.79405 2.6
    endloop
  endfacet
  facet normal -0 0 1
    outer loop
      vertex 64.3708 4.37085 2.6
      vertex 65.4 1.6 2.6
      vertex 64.3708 25.6291 2.6
    endloop
  endfacet
  facet normal 0 0 1
    outer loop
      vertex 65.4 1.6 2.6
      vertex 64.3708 4.37085 2.6
      vertex 64.4424 4.08527 2.6
    endloop
  endfacet
  facet normal -0 0 1
    outer loop
      vertex 64.2716 25.3519 2.6
      vertex 64.3708 4.37085 2.6
      vertex 64.3708 25.6291 2.6
    endloop
  endfacet
  facet normal 0 0 1
    outer loop
      vertex 64.2716 25.3519 2.6
      vertex 64.2716 4.64805 2.6
      vertex 64.3708 4.37085 2.6
    endloop
  endfacet
  facet normal -0 0 1
    outer loop
      vertex 64.1458 25.0858 2.6
      vertex 64.2716 4.64805 2.6
      vertex 64.2716 25.3519 2.6
    endloop
  endfacet
  facet normal 0 0 1
    outer loop
      vertex 64.1458 25.0858 2.6
      vertex 64.1458 4.91419 2.6
      vertex 64.2716 4.64805 2.6
    endloop
  endfacet
  facet normal -0 0 1
    outer loop
      vertex 63.9944 24.8333 2.6
      vertex 64.1458 4.91419 2.6
      vertex 64.1458 25.0858 2.6
    endloop
  endfacet
  facet normal 0 0 1
    outer loop
      vertex 63.9944 24.8333 2.6
      vertex 63.9944 5.16671 2.6
      vertex 64.1458 4.91419 2.6
    endloop
  endfacet
  facet normal -0 0 1
    outer loop
      vertex 63.819 24.5968 2.6
      vertex 63.9944 5.16671 2.6
      vertex 63.9944 24.8333 2.6
    endloop
  endfacet
  facet normal 0 0 1
    outer loop
      vertex 63.819 24.5968 2.6
      vertex 63.819 5.40318 2.6
      vertex 63.9944 5.16671 2.6
    endloop
  endfacet
  facet normal -0 0 1
    outer loop
      vertex 63.6213 24.3787 2.6
      vertex 63.819 5.40318 2.6
      vertex 63.819 24.5968 2.6
    endloop
  endfacet
  facet normal 0 0 1
    outer loop
      vertex 63.6213 24.3787 2.6
      vertex 63.6213 5.62132 2.6
      vertex 63.819 5.40318 2.6
    endloop
  endfacet
  facet normal -0 0 1
    outer loop
      vertex 63.4032 24.181 2.6
      vertex 63.6213 5.62132 2.6
      vertex 63.6213 24.3787 2.6
    endloop
  endfacet
  facet normal 0 0 1
    outer loop
      vertex 63.4032 24.181 2.6
      vertex 63.4032 5.81903 2.6
      vertex 63.6213 5.62132 2.6
    endloop
  endfacet
  facet normal -0 0 1
    outer loop
      vertex 63.1667 24.0056 2.6
      vertex 63.4032 5.81903 2.6
      vertex 63.4032 24.181 2.6
    endloop
  endfacet
  facet normal 0 0 1
    outer loop
      vertex 63.1667 24.0056 2.6
      vertex 63.1667 5.99441 2.6
      vertex 63.4032 5.81903 2.6
    endloop
  endfacet
  facet normal -0 0 1
    outer loop
      vertex 62.9142 23.8542 2.6
      vertex 63.1667 5.99441 2.6
      vertex 63.1667 24.0056 2.6
    endloop
  endfacet
  facet normal 0 0 1
    outer loop
      vertex 62.9142 23.8542 2.6
      vertex 62.9142 6.14576 2.6
      vertex 63.1667 5.99441 2.6
    endloop
  endfacet
  facet normal -0 0 1
    outer loop
      vertex 62.648 23.7284 2.6
      vertex 62.9142 6.14576 2.6
      vertex 62.9142 23.8542 2.6
    endloop
  endfacet
  facet normal 0 0 1
    outer loop
      vertex 62.648 23.7284 2.6
      vertex 62.648 6.27164 2.6
      vertex 62.9142 6.14576 2.6
    endloop
  endfacet
  facet normal -0 0 1
    outer loop
      vertex 62.3709 23.6292 2.6
      vertex 62.648 6.27164 2.6
      vertex 62.648 23.7284 2.6
    endloop
  endfacet
  facet normal 0 0 1
    outer loop
      vertex 62.3709 23.6292 2.6
      vertex 62.3709 6.37082 2.6
      vertex 62.648 6.27164 2.6
    endloop
  endfacet
  facet normal -0 0 1
    outer loop
      vertex 62.0853 23.5576 2.6
      vertex 62.3709 6.37082 2.6
      vertex 62.3709 23.6292 2.6
    endloop
  endfacet
  facet normal 0 0 1
    outer loop
      vertex 62.0853 23.5576 2.6
      vertex 62.0853 6.44236 2.6
      vertex 62.3709 6.37082 2.6
    endloop
  endfacet
  facet normal -0 0 1
    outer loop
      vertex 61.7941 23.5144 2.6
      vertex 62.0853 6.44236 2.6
      vertex 62.0853 23.5576 2.6
    endloop
  endfacet
  facet normal 0 0 1
    outer loop
      vertex 61.7941 23.5144 2.6
      vertex 61.7941 6.48555 2.6
      vertex 62.0853 6.44236 2.6
    endloop
  endfacet
  facet normal -0 0 1
    outer loop
      vertex 61.5 23.5 2.6
      vertex 61.7941 6.48555 2.6
      vertex 61.7941 23.5144 2.6
    endloop
  endfacet
  facet normal 0 0 1
    outer loop
      vertex 61.5 23.5 2.6
      vertex 61.5 6.5 2.6
      vertex 61.7941 6.48555 2.6
    endloop
  endfacet
  facet normal 0 0 1
    outer loop
      vertex 61.2059 23.5144 2.6
      vertex 61.5 6.5 2.6
      vertex 61.5 23.5 2.6
    endloop
  endfacet
  facet normal 0 0 1
    outer loop
      vertex 61.2059 23.5144 2.6
      vertex 61.2059 6.48555 2.6
      vertex 61.5 6.5 2.6
    endloop
  endfacet
  facet normal 0 0 1
    outer loop
      vertex 60.9147 23.5576 2.6
      vertex 61.2059 6.48555 2.6
      vertex 61.2059 23.5144 2.6
    endloop
  endfacet
  facet normal 0 0 1
    outer loop
      vertex 60.9147 23.5576 2.6
      vertex 60.9147 6.44236 2.6
      vertex 61.2059 6.48555 2.6
    endloop
  endfacet
  facet normal 0 0 1
    outer loop
      vertex 60.6291 23.6292 2.6
      vertex 60.9147 6.44236 2.6
      vertex 60.9147 23.5576 2.6
    endloop
  endfacet
  facet normal 0 0 1
    outer loop
      vertex 60.6291 23.6292 2.6
      vertex 60.6291 6.37082 2.6
      vertex 60.9147 6.44236 2.6
    endloop
  endfacet
  facet normal 0 0 1
    outer loop
      vertex 60.352 23.7284 2.6
      vertex 60.6291 6.37082 2.6
      vertex 60.6291 23.6292 2.6
    endloop
  endfacet
  facet normal 0 0 1
    outer loop
      vertex 60.352 23.7284 2.6
      vertex 60.352 6.27164 2.6
      vertex 60.6291 6.37082 2.6
    endloop
  endfacet
  facet normal 0 0 1
    outer loop
      vertex 60.0858 23.8542 2.6
      vertex 60.352 6.27164 2.6
      vertex 60.352 23.7284 2.6
    endloop
  endfacet
  facet normal 0 0 1
    outer loop
      vertex 60.0858 23.8542 2.6
      vertex 60.0858 6.14576 2.6
      vertex 60.352 6.27164 2.6
    endloop
  endfacet
  facet normal 0 0 1
    outer loop
      vertex 59.8333 24.0056 2.6
      vertex 60.0858 6.14576 2.6
      vertex 60.0858 23.8542 2.6
    endloop
  endfacet
  facet normal 0 0 1
    outer loop
      vertex 59.8333 24.0056 2.6
      vertex 59.8333 5.99441 2.6
      vertex 60.0858 6.14576 2.6
    endloop
  endfacet
  facet normal 0 0 1
    outer loop
      vertex 59.5968 24.181 2.6
      vertex 59.8333 5.99441 2.6
      vertex 59.8333 24.0056 2.6
    endloop
  endfacet
  facet normal 0 0 1
    outer loop
      vertex 59.5968 24.181 2.6
      vertex 59.5968 5.81903 2.6
      vertex 59.8333 5.99441 2.6
    endloop
  endfacet
  facet normal 0 0 1
    outer loop
      vertex 59.3787 24.3787 2.6
      vertex 59.5968 5.81903 2.6
      vertex 59.5968 24.181 2.6
    endloop
  endfacet
  facet normal 0 0 1
    outer loop
      vertex 59.3787 24.3787 2.6
      vertex 59.3787 5.62132 2.6
      vertex 59.5968 5.81903 2.6
    endloop
  endfacet
  facet normal 0 0 1
    outer loop
      vertex 59.181 24.5968 2.6
      vertex 59.3787 5.62132 2.6
      vertex 59.3787 24.3787 2.6
    endloop
  endfacet
  facet normal 0 0 1
    outer loop
      vertex 59.181 24.5968 2.6
      vertex 59.181 5.40318 2.6
      vertex 59.3787 5.62132 2.6
    endloop
  endfacet
  facet normal 0 0 1
    outer loop
      vertex 59.0056 24.8333 2.6
      vertex 59.181 5.40318 2.6
      vertex 59.181 24.5968 2.6
    endloop
  endfacet
  facet normal 0 0 1
    outer loop
      vertex 59.0056 24.8333 2.6
      vertex 59.0056 5.16671 2.6
      vertex 59.181 5.40318 2.6
    endloop
  endfacet
  facet normal 0 0 1
    outer loop
      vertex 58.8542 25.0858 2.6
      vertex 59.0056 5.16671 2.6
      vertex 59.0056 24.8333 2.6
    endloop
  endfacet
  facet normal 0 0 1
    outer loop
      vertex 58.8542 25.0858 2.6
      vertex 58.8542 4.91419 2.6
      vertex 59.0056 5.16671 2.6
    endloop
  endfacet
  facet normal 0 0 1
    outer loop
      vertex 58.7284 25.3519 2.6
      vertex 58.8542 4.91419 2.6
      vertex 58.8542 25.0858 2.6
    endloop
  endfacet
  facet normal 0 0 1
    outer loop
      vertex 58.7284 25.3519 2.6
      vertex 58.7284 4.64805 2.6
      vertex 58.8542 4.91419 2.6
    endloop
  endfacet
  facet normal 0 0 1
    outer loop
      vertex 6.44236 25.9147 2.6
      vertex 58.5576 25.9147 2.6
      vertex 6.48555 26.2059 2.6
    endloop
  endfacet
  facet normal 0 0 1
    outer loop
      vertex 58.5576 25.9147 2.6
      vertex 6.44236 25.9147 2.6
      vertex 58.6292 25.6291 2.6
    endloop
  endfacet
  facet normal 0 0 1
    outer loop
      vertex 58.5144 26.2059 2.6
      vertex 6.48555 26.2059 2.6
      vertex 58.5576 25.9147 2.6
    endloop
  endfacet
  facet normal 0 0 1
    outer loop
      vertex 6.37082 25.6291 2.6
      vertex 58.6292 25.6291 2.6
      vertex 6.44236 25.9147 2.6
    endloop
  endfacet
  facet normal 0 0 1
    outer loop
      vertex 6.48555 26.2059 2.6
      vertex 58.5144 26.2059 2.6
      vertex 6.5 26.5 2.6
    endloop
  endfacet
  facet normal 0 0 1
    outer loop
      vertex 58.7284 4.64805 2.6
      vertex 6.5 3.5 2.6
      vertex 58.6292 4.37085 2.6
    endloop
  endfacet
  facet normal -0 0 1
    outer loop
      vertex 6.5 26.5 2.6
      vertex 58.5144 26.2059 2.6
      vertex 58.5 26.5 2.6
    endloop
  endfacet
  facet normal 0 0 1
    outer loop
      vertex 58.6292 4.37085 2.6
      vertex 6.5 3.5 2.6
      vertex 58.5576 4.08527 2.6
    endloop
  endfacet
  facet normal 0 0 1
    outer loop
      vertex 63.9944 28.1667 2.6
      vertex 65.4 28.4 2.6
      vertex 65.3904 28.596 2.6
    endloop
  endfacet
  facet normal 0 0 1
    outer loop
      vertex 64.4855 26.2059 2.6
      vertex 65.4 28.4 2.6
      vertex 64.5 26.5 2.6
    endloop
  endfacet
  facet normal 0 0 1
    outer loop
      vertex 63.9944 28.1667 2.6
      vertex 65.3904 28.596 2.6
      vertex 65.3616 28.7902 2.6
    endloop
  endfacet
  facet normal 0 0 1
    outer loop
      vertex 64.4424 25.9147 2.6
      vertex 65.4 28.4 2.6
      vertex 64.4855 26.2059 2.6
    endloop
  endfacet
  facet normal 0 0 1
    outer loop
      vertex 63.9944 28.1667 2.6
      vertex 65.3616 28.7902 2.6
      vertex 65.3139 28.9806 2.6
    endloop
  endfacet
  facet normal -0 0 1
    outer loop
      vertex 64.4855 3.20595 2.6
      vertex 65.4 1.6 2.6
      vertex 64.5 3.5 2.6
    endloop
  endfacet
  facet normal 0 0 1
    outer loop
      vertex 63.819 28.4032 2.6
      vertex 65.3139 28.9806 2.6
      vertex 65.2478 29.1654 2.6
    endloop
  endfacet
  facet normal -0 0 1
    outer loop
      vertex 64.4424 2.91473 2.6
      vertex 65.4 1.6 2.6
      vertex 64.4855 3.20595 2.6
    endloop
  endfacet
  facet normal 0 0 1
    outer loop
      vertex 63.819 28.4032 2.6
      vertex 65.2478 29.1654 2.6
      vertex 65.1638 29.3428 2.6
    endloop
  endfacet
  facet normal -0 0 1
    outer loop
      vertex 64.3708 2.62915 2.6
      vertex 65.4 1.6 2.6
      vertex 64.4424 2.91473 2.6
    endloop
  endfacet
  facet normal 0 0 1
    outer loop
      vertex 63.819 28.4032 2.6
      vertex 65.1638 29.3428 2.6
      vertex 65.0629 29.5111 2.6
    endloop
  endfacet
  facet normal -0 0 1
    outer loop
      vertex 64.2716 2.35195 2.6
      vertex 65.4 1.6 2.6
      vertex 64.3708 2.62915 2.6
    endloop
  endfacet
  facet normal 0 0 1
    outer loop
      vertex 63.6213 28.6213 2.6
      vertex 65.0629 29.5111 2.6
      vertex 64.946 29.6688 2.6
    endloop
  endfacet
  facet normal -0 0 1
    outer loop
      vertex 64.1458 2.08581 2.6
      vertex 65.4 1.6 2.6
      vertex 64.2716 2.35195 2.6
    endloop
  endfacet
  facet normal 0 0 1
    outer loop
      vertex 63.6213 28.6213 2.6
      vertex 64.946 29.6688 2.6
      vertex 64.8142 29.8142 2.6
    endloop
  endfacet
  facet normal -0 0 1
    outer loop
      vertex 63.9944 1.83329 2.6
      vertex 65.4 1.6 2.6
      vertex 64.1458 2.08581 2.6
    endloop
  endfacet
  facet normal 0 0 1
    outer loop
      vertex 63.6213 28.6213 2.6
      vertex 64.8142 29.8142 2.6
      vertex 64.6688 29.946 2.6
    endloop
  endfacet
  facet normal 0 0 1
    outer loop
      vertex 65.4 1.6 2.6
      vertex 63.9944 1.83329 2.6
      vertex 65.3904 1.40396 2.6
    endloop
  endfacet
  facet normal 0 0 1
    outer loop
      vertex 63.6213 28.6213 2.6
      vertex 64.6688 29.946 2.6
      vertex 64.5111 30.0629 2.6
    endloop
  endfacet
  facet normal 0 0 1
    outer loop
      vertex 65.3904 1.40396 2.6
      vertex 63.9944 1.83329 2.6
      vertex 65.3616 1.20982 2.6
    endloop
  endfacet
  facet normal 0 0 1
    outer loop
      vertex 65.3616 1.20982 2.6
      vertex 63.9944 1.83329 2.6
      vertex 65.3139 1.01943 2.6
    endloop
  endfacet
  facet normal 0 0 1
    outer loop
      vertex 65.4 28.4 2.6
      vertex 64.4855 26.7941 2.6
      vertex 64.5 26.5 2.6
    endloop
  endfacet
  facet normal 0 0 1
    outer loop
      vertex 65.4 28.4 2.6
      vertex 64.4424 27.0853 2.6
      vertex 64.4855 26.7941 2.6
    endloop
  endfacet
  facet normal 0 0 1
    outer loop
      vertex 65.4 28.4 2.6
      vertex 64.3708 27.3709 2.6
      vertex 64.4424 27.0853 2.6
    endloop
  endfacet
  facet normal 0 0 1
    outer loop
      vertex 63.4032 28.819 2.6
      vertex 64.5111 30.0629 2.6
      vertex 64.3428 30.1638 2.6
    endloop
  endfacet
  facet normal 0 0 1
    outer loop
      vertex 65.4 28.4 2.6
      vertex 64.2716 27.648 2.6
      vertex 64.3708 27.3709 2.6
    endloop
  endfacet
  facet normal 0 0 1
    outer loop
      vertex 63.4032 28.819 2.6
      vertex 64.3428 30.1638 2.6
      vertex 64.1654 30.2478 2.6
    endloop
  endfacet
  facet normal 0 0 1
    outer loop
      vertex 65.4 28.4 2.6
      vertex 64.1458 27.9142 2.6
      vertex 64.2716 27.648 2.6
    endloop
  endfacet
  facet normal 0 0 1
    outer loop
      vertex 65.4 28.4 2.6
      vertex 63.9944 28.1667 2.6
      vertex 64.1458 27.9142 2.6
    endloop
  endfacet
  facet normal 0 0 1
    outer loop
      vertex 63.4032 28.819 2.6
      vertex 64.1654 30.2478 2.6
      vertex 63.9806 30.3139 2.6
    endloop
  endfacet
  facet normal 0 0 1
    outer loop
      vertex 65.3139 28.9806 2.6
      vertex 63.819 28.4032 2.6
      vertex 63.9944 28.1667 2.6
    endloop
  endfacet
  facet normal 0 0 1
    outer loop
      vertex 63.1667 28.9944 2.6
      vertex 63.9806 30.3139 2.6
      vertex 63.7902 30.3616 2.6
    endloop
  endfacet
  facet normal 0 0 1
    outer loop
      vertex 65.0629 29.5111 2.6
      vertex 63.6213 28.6213 2.6
      vertex 63.819 28.4032 2.6
    endloop
  endfacet
  facet normal 0 0 1
    outer loop
      vertex 63.1667 28.9944 2.6
      vertex 63.7902 30.3616 2.6
      vertex 63.596 30.3904 2.6
    endloop
  endfacet
  facet normal 0 0 1
    outer loop
      vertex 64.5111 30.0629 2.6
      vertex 63.4032 28.819 2.6
      vertex 63.6213 28.6213 2.6
    endloop
  endfacet
  facet normal 0 0 1
    outer loop
      vertex 63.1667 28.9944 2.6
      vertex 63.596 30.3904 2.6
      vertex 63.4 30.4 2.6
    endloop
  endfacet
  facet normal 0 0 1
    outer loop
      vertex 63.9806 30.3139 2.6
      vertex 63.1667 28.9944 2.6
      vertex 63.4032 28.819 2.6
    endloop
  endfacet
  facet normal 0 0 1
    outer loop
      vertex 63.4 30.4 2.6
      vertex 62.9142 29.1458 2.6
      vertex 63.1667 28.9944 2.6
    endloop
  endfacet
  facet normal 0 0 1
    outer loop
      vertex 63.4 30.4 2.6
      vertex 62.648 29.2716 2.6
      vertex 62.9142 29.1458 2.6
    endloop
  endfacet
  facet normal 0 0 1
    outer loop
      vertex 63.4 30.4 2.6
      vertex 62.3709 29.3708 2.6
      vertex 62.648 29.2716 2.6
    endloop
  endfacet
  facet normal 0 0 1
    outer loop
      vertex 63.4 30.4 2.6
      vertex 62.0853 29.4424 2.6
      vertex 62.3709 29.3708 2.6
    endloop
  endfacet
  facet normal 0 0 1
    outer loop
      vertex 63.4 30.4 2.6
      vertex 61.7941 29.4856 2.6
      vertex 62.0853 29.4424 2.6
    endloop
  endfacet
  facet normal 0 0 1
    outer loop
      vertex 63.4 30.4 2.6
      vertex 61.5 29.5 2.6
      vertex 61.7941 29.4856 2.6
    endloop
  endfacet
  facet normal 0 0 1
    outer loop
      vertex 63.4 30.4 2.6
      vertex 61.2059 29.4856 2.6
      vertex 61.5 29.5 2.6
    endloop
  endfacet
  facet normal 0 0 1
    outer loop
      vertex 63.4 30.4 2.6
      vertex 60.9147 29.4424 2.6
      vertex 61.2059 29.4856 2.6
    endloop
  endfacet
  facet normal 0 0 1
    outer loop
      vertex 63.4 30.4 2.6
      vertex 60.6291 29.3708 2.6
      vertex 60.9147 29.4424 2.6
    endloop
  endfacet
  facet normal 0 0 1
    outer loop
      vertex 63.4 30.4 2.6
      vertex 60.352 29.2716 2.6
      vertex 60.6291 29.3708 2.6
    endloop
  endfacet
  facet normal 0 0 1
    outer loop
      vertex 58.5576 4.08527 2.6
      vertex 6.5 3.5 2.6
      vertex 58.5144 3.79405 2.6
    endloop
  endfacet
  facet normal 0 0 1
    outer loop
      vertex 58.5144 26.7941 2.6
      vertex 6.5 26.5 2.6
      vertex 58.5 26.5 2.6
    endloop
  endfacet
  facet normal 0 0 1
    outer loop
      vertex 6.48555 26.7941 2.6
      vertex 58.5144 26.7941 2.6
      vertex 58.5576 27.0853 2.6
    endloop
  endfacet
  facet normal 0 0 1
    outer loop
      vertex 6.44236 27.0853 2.6
      vertex 58.5576 27.0853 2.6
      vertex 58.6292 27.3709 2.6
    endloop
  endfacet
  facet normal 0 0 1
    outer loop
      vertex 6.37082 27.3709 2.6
      vertex 58.6292 27.3709 2.6
      vertex 58.7284 27.648 2.6
    endloop
  endfacet
  facet normal 0 0 1
    outer loop
      vertex 6.27164 27.648 2.6
      vertex 58.7284 27.648 2.6
      vertex 58.8542 27.9142 2.6
    endloop
  endfacet
  facet normal 0 0 1
    outer loop
      vertex 6.14576 27.9142 2.6
      vertex 58.8542 27.9142 2.6
      vertex 59.0056 28.1667 2.6
    endloop
  endfacet
  facet normal 0 0 1
    outer loop
      vertex 5.99441 28.1667 2.6
      vertex 59.0056 28.1667 2.6
      vertex 59.181 28.4032 2.6
    endloop
  endfacet
  facet normal 0 0 1
    outer loop
      vertex 5.81903 28.4032 2.6
      vertex 59.181 28.4032 2.6
      vertex 59.3787 28.6213 2.6
    endloop
  endfacet
  facet normal 0 0 1
    outer loop
      vertex 5.62132 28.6213 2.6
      vertex 59.3787 28.6213 2.6
      vertex 59.5968 28.819 2.6
    endloop
  endfacet
  facet normal 0 0 1
    outer loop
      vertex 5.40318 28.819 2.6
      vertex 59.5968 28.819 2.6
      vertex 59.8333 28.9944 2.6
    endloop
  endfacet
  facet normal 0 0 1
    outer loop
      vertex 5.16671 28.9944 2.6
      vertex 59.8333 28.9944 2.6
      vertex 60.0858 29.1458 2.6
    endloop
  endfacet
  facet normal 0 0 1
    outer loop
      vertex 4.91419 29.1458 2.6
      vertex 60.0858 29.1458 2.6
      vertex 60.352 29.2716 2.6
    endloop
  endfacet
  facet normal 0 0 1
    outer loop
      vertex 4.64805 29.2716 2.6
      vertex 60.352 29.2716 2.6
      vertex 63.4 30.4 2.6
    endloop
  endfacet
  facet normal 0 0 1
    outer loop
      vertex 58.5144 26.7941 2.6
      vertex 6.48555 26.7941 2.6
      vertex 6.5 26.5 2.6
    endloop
  endfacet
  facet normal 0 0 1
    outer loop
      vertex 58.5576 27.0853 2.6
      vertex 6.44236 27.0853 2.6
      vertex 6.48555 26.7941 2.6
    endloop
  endfacet
  facet normal 0 0 1
    outer loop
      vertex 58.6292 27.3709 2.6
      vertex 6.37082 27.3709 2.6
      vertex 6.44236 27.0853 2.6
    endloop
  endfacet
  facet normal 0 0 1
    outer loop
      vertex 58.7284 27.648 2.6
      vertex 6.27164 27.648 2.6
      vertex 6.37082 27.3709 2.6
    endloop
  endfacet
  facet normal 0 0 1
    outer loop
      vertex 58.8542 27.9142 2.6
      vertex 6.14576 27.9142 2.6
      vertex 6.27164 27.648 2.6
    endloop
  endfacet
  facet normal 0 0 1
    outer loop
      vertex 59.0056 28.1667 2.6
      vertex 5.99441 28.1667 2.6
      vertex 6.14576 27.9142 2.6
    endloop
  endfacet
  facet normal 0 0 1
    outer loop
      vertex 59.181 28.4032 2.6
      vertex 5.81903 28.4032 2.6
      vertex 5.99441 28.1667 2.6
    endloop
  endfacet
  facet normal 0 0 1
    outer loop
      vertex 59.3787 28.6213 2.6
      vertex 5.62132 28.6213 2.6
      vertex 5.81903 28.4032 2.6
    endloop
  endfacet
  facet normal 0 0 1
    outer loop
      vertex 59.5968 28.819 2.6
      vertex 5.40318 28.819 2.6
      vertex 5.62132 28.6213 2.6
    endloop
  endfacet
  facet normal 0 0 1
    outer loop
      vertex 59.8333 28.9944 2.6
      vertex 5.16671 28.9944 2.6
      vertex 5.40318 28.819 2.6
    endloop
  endfacet
  facet normal 0 0 1
    outer loop
      vertex 60.0858 29.1458 2.6
      vertex 4.91419 29.1458 2.6
      vertex 5.16671 28.9944 2.6
    endloop
  endfacet
  facet normal 0 0 1
    outer loop
      vertex 60.352 29.2716 2.6
      vertex 4.64805 29.2716 2.6
      vertex 4.91419 29.1458 2.6
    endloop
  endfacet
  facet normal 0 0 1
    outer loop
      vertex 63.4 30.4 2.6
      vertex 4.37085 29.3708 2.6
      vertex 4.64805 29.2716 2.6
    endloop
  endfacet
  facet normal -0 0 1
    outer loop
      vertex 1.6 30.4 2.6
      vertex 4.37085 29.3708 2.6
      vertex 63.4 30.4 2.6
    endloop
  endfacet
  facet normal 0 0 1
    outer loop
      vertex 4.37085 29.3708 2.6
      vertex 1.6 30.4 2.6
      vertex 4.08527 29.4424 2.6
    endloop
  endfacet
  facet normal 0 0 1
    outer loop
      vertex 4.08527 29.4424 2.6
      vertex 1.6 30.4 2.6
      vertex 3.79405 29.4856 2.6
    endloop
  endfacet
  facet normal 0 0 1
    outer loop
      vertex 3.79405 29.4856 2.6
      vertex 1.6 30.4 2.6
      vertex 3.5 29.5 2.6
    endloop
  endfacet
  facet normal 0 0 1
    outer loop
      vertex 1.6 30.4 2.6
      vertex 3.20595 29.4856 2.6
      vertex 3.5 29.5 2.6
    endloop
  endfacet
  facet normal 0 0 1
    outer loop
      vertex 1.6 30.4 2.6
      vertex 2.91473 29.4424 2.6
      vertex 3.20595 29.4856 2.6
    endloop
  endfacet
  facet normal 0 0 1
    outer loop
      vertex 1.6 30.4 2.6
      vertex 2.62915 29.3708 2.6
      vertex 2.91473 29.4424 2.6
    endloop
  endfacet
  facet normal 0 0 1
    outer loop
      vertex 1.6 30.4 2.6
      vertex 2.35195 29.2716 2.6
      vertex 2.62915 29.3708 2.6
    endloop
  endfacet
  facet normal 0 0 1
    outer loop
      vertex 1.6 30.4 2.6
      vertex 2.08581 29.1458 2.6
      vertex 2.35195 29.2716 2.6
    endloop
  endfacet
  facet normal 0 0 1
    outer loop
      vertex 1.6 30.4 2.6
      vertex 1.83329 28.9944 2.6
      vertex 2.08581 29.1458 2.6
    endloop
  endfacet
  facet normal -0 0 1
    outer loop
      vertex 1.40396 30.3904 2.6
      vertex 1.83329 28.9944 2.6
      vertex 1.6 30.4 2.6
    endloop
  endfacet
  facet normal -0 0 1
    outer loop
      vertex 1.20982 30.3616 2.6
      vertex 1.83329 28.9944 2.6
      vertex 1.40396 30.3904 2.6
    endloop
  endfacet
  facet normal -0 0 1
    outer loop
      vertex 1.01943 30.3139 2.6
      vertex 1.83329 28.9944 2.6
      vertex 1.20982 30.3616 2.6
    endloop
  endfacet
  facet normal 0 0 1
    outer loop
      vertex 1.83329 28.9944 2.6
      vertex 1.01943 30.3139 2.6
      vertex 1.59682 28.819 2.6
    endloop
  endfacet
  facet normal -0 0 1
    outer loop
      vertex 0.834633 30.2478 2.6
      vertex 1.59682 28.819 2.6
      vertex 1.01943 30.3139 2.6
    endloop
  endfacet
  facet normal -0 0 1
    outer loop
      vertex 0.657206 30.1638 2.6
      vertex 1.59682 28.819 2.6
      vertex 0.834633 30.2478 2.6
    endloop
  endfacet
  facet normal -0 0 1
    outer loop
      vertex 0.488859 30.0629 2.6
      vertex 1.59682 28.819 2.6
      vertex 0.657206 30.1638 2.6
    endloop
  endfacet
  facet normal 0 0 1
    outer loop
      vertex 1.59682 28.819 2.6
      vertex 0.488859 30.0629 2.6
      vertex 1.37868 28.6213 2.6
    endloop
  endfacet
  facet normal -0 0 1
    outer loop
      vertex 0.331213 29.946 2.6
      vertex 1.37868 28.6213 2.6
      vertex 0.488859 30.0629 2.6
    endloop
  endfacet
  facet normal -0 0 1
    outer loop
      vertex 0.185786 29.8142 2.6
      vertex 1.37868 28.6213 2.6
      vertex 0.331213 29.946 2.6
    endloop
  endfacet
  facet normal -0 0 1
    outer loop
      vertex 0.0539789 29.6688 2.6
      vertex 1.37868 28.6213 2.6
      vertex 0.185786 29.8142 2.6
    endloop
  endfacet
  facet normal -0 0 1
    outer loop
      vertex -0.0629387 29.5111 2.6
      vertex 1.37868 28.6213 2.6
      vertex 0.0539789 29.6688 2.6
    endloop
  endfacet
  facet normal 0 0 1
    outer loop
      vertex 1.37868 28.6213 2.6
      vertex -0.0629387 29.5111 2.6
      vertex 1.18097 28.4032 2.6
    endloop
  endfacet
  facet normal -0 0 1
    outer loop
      vertex -0.163842 29.3428 2.6
      vertex 1.18097 28.4032 2.6
      vertex -0.0629387 29.5111 2.6
    endloop
  endfacet
  facet normal -0 0 1
    outer loop
      vertex -0.247759 29.1654 2.6
      vertex 1.18097 28.4032 2.6
      vertex -0.163842 29.3428 2.6
    endloop
  endfacet
  facet normal 0 0 1
    outer loop
      vertex 0.514445 26.7941 2.6
      vertex -0.4 28.4 2.6
      vertex 0.5 26.5 2.6
    endloop
  endfacet
  facet normal -0 0 1
    outer loop
      vertex -0.31388 28.9806 2.6
      vertex 1.18097 28.4032 2.6
      vertex -0.247759 29.1654 2.6
    endloop
  endfacet
  facet normal -0 0 1
    outer loop
      vertex 63.819 1.59682 2.6
      vertex 65.3139 1.01943 2.6
      vertex 63.9944 1.83329 2.6
    endloop
  endfacet
  facet normal 0 0 1
    outer loop
      vertex 65.3139 1.01943 2.6
      vertex 63.819 1.59682 2.6
      vertex 65.2478 0.834633 2.6
    endloop
  endfacet
  facet normal 0 0 1
    outer loop
      vertex 65.2478 0.834633 2.6
      vertex 63.819 1.59682 2.6
      vertex 65.1638 0.657206 2.6
    endloop
  endfacet
  facet normal 0 0 1
    outer loop
      vertex 65.1638 0.657206 2.6
      vertex 63.819 1.59682 2.6
      vertex 65.0629 0.488859 2.6
    endloop
  endfacet
  facet normal -0 0 1
    outer loop
      vertex 63.6213 1.37868 2.6
      vertex 65.0629 0.488859 2.6
      vertex 63.819 1.59682 2.6
    endloop
  endfacet
  facet normal 0 0 1
    outer loop
      vertex 65.0629 0.488859 2.6
      vertex 63.6213 1.37868 2.6
      vertex 64.946 0.331213 2.6
    endloop
  endfacet
  facet normal 0 0 1
    outer loop
      vertex 64.946 0.331213 2.6
      vertex 63.6213 1.37868 2.6
      vertex 64.8142 0.185786 2.6
    endloop
  endfacet
  facet normal 0 0 1
    outer loop
      vertex 64.8142 0.185786 2.6
      vertex 63.6213 1.37868 2.6
      vertex 64.6688 0.0539789 2.6
    endloop
  endfacet
  facet normal 0 0 1
    outer loop
      vertex 64.6688 0.0539789 2.6
      vertex 63.6213 1.37868 2.6
      vertex 64.5111 -0.0629387 2.6
    endloop
  endfacet
  facet normal -0 0 1
    outer loop
      vertex 63.4032 1.18097 2.6
      vertex 64.5111 -0.0629387 2.6
      vertex 63.6213 1.37868 2.6
    endloop
  endfacet
  facet normal 0 0 1
    outer loop
      vertex 64.5111 -0.0629387 2.6
      vertex 63.4032 1.18097 2.6
      vertex 64.3428 -0.163842 2.6
    endloop
  endfacet
  facet normal 0 0 1
    outer loop
      vertex 64.3428 -0.163842 2.6
      vertex 63.4032 1.18097 2.6
      vertex 64.1654 -0.247759 2.6
    endloop
  endfacet
  facet normal 0 0 1
    outer loop
      vertex 64.1654 -0.247759 2.6
      vertex 63.4032 1.18097 2.6
      vertex 63.9806 -0.31388 2.6
    endloop
  endfacet
  facet normal -0 0 1
    outer loop
      vertex 63.1667 1.00559 2.6
      vertex 63.9806 -0.31388 2.6
      vertex 63.4032 1.18097 2.6
    endloop
  endfacet
  facet normal 0 0 1
    outer loop
      vertex 63.9806 -0.31388 2.6
      vertex 63.1667 1.00559 2.6
      vertex 63.7902 -0.36157 2.6
    endloop
  endfacet
  facet normal 0 0 1
    outer loop
      vertex 63.7902 -0.36157 2.6
      vertex 63.1667 1.00559 2.6
      vertex 63.596 -0.390369 2.6
    endloop
  endfacet
  facet normal 0 0 1
    outer loop
      vertex 63.596 -0.390369 2.6
      vertex 63.1667 1.00559 2.6
      vertex 63.4 -0.4 2.6
    endloop
  endfacet
  facet normal -0 0 1
    outer loop
      vertex 62.9142 0.854236 2.6
      vertex 63.4 -0.4 2.6
      vertex 63.1667 1.00559 2.6
    endloop
  endfacet
  facet normal -0 0 1
    outer loop
      vertex 62.648 0.728361 2.6
      vertex 63.4 -0.4 2.6
      vertex 62.9142 0.854236 2.6
    endloop
  endfacet
  facet normal -0 0 1
    outer loop
      vertex 62.3709 0.629178 2.6
      vertex 63.4 -0.4 2.6
      vertex 62.648 0.728361 2.6
    endloop
  endfacet
  facet normal -0 0 1
    outer loop
      vertex 62.0853 0.557644 2.6
      vertex 63.4 -0.4 2.6
      vertex 62.3709 0.629178 2.6
    endloop
  endfacet
  facet normal -0 0 1
    outer loop
      vertex 61.7941 0.514445 2.6
      vertex 63.4 -0.4 2.6
      vertex 62.0853 0.557644 2.6
    endloop
  endfacet
  facet normal -0 0 1
    outer loop
      vertex 61.5 0.5 2.6
      vertex 63.4 -0.4 2.6
      vertex 61.7941 0.514445 2.6
    endloop
  endfacet
  facet normal 0 0 1
    outer loop
      vertex 61.2059 0.514445 2.6
      vertex 63.4 -0.4 2.6
      vertex 61.5 0.5 2.6
    endloop
  endfacet
  facet normal 0 0 1
    outer loop
      vertex 60.9147 0.557644 2.6
      vertex 63.4 -0.4 2.6
      vertex 61.2059 0.514445 2.6
    endloop
  endfacet
  facet normal 0 0 1
    outer loop
      vertex 60.6291 0.629178 2.6
      vertex 63.4 -0.4 2.6
      vertex 60.9147 0.557644 2.6
    endloop
  endfacet
  facet normal 0 0 1
    outer loop
      vertex 60.352 0.728361 2.6
      vertex 63.4 -0.4 2.6
      vertex 60.6291 0.629178 2.6
    endloop
  endfacet
  facet normal 0 0 1
    outer loop
      vertex 58.5144 3.79405 2.6
      vertex 6.5 3.5 2.6
      vertex 58.5 3.5 2.6
    endloop
  endfacet
  facet normal 0 0 1
    outer loop
      vertex 58.5 3.5 2.6
      vertex 6.5 3.5 2.6
      vertex 58.5144 3.20595 2.6
    endloop
  endfacet
  facet normal 0 0 1
    outer loop
      vertex 6.48555 3.20595 2.6
      vertex 58.5144 3.20595 2.6
      vertex 6.5 3.5 2.6
    endloop
  endfacet
  facet normal 0 0 1
    outer loop
      vertex 58.5144 3.20595 2.6
      vertex 6.48555 3.20595 2.6
      vertex 58.5576 2.91473 2.6
    endloop
  endfacet
  facet normal 0 0 1
    outer loop
      vertex 6.44236 2.91473 2.6
      vertex 58.5576 2.91473 2.6
      vertex 6.48555 3.20595 2.6
    endloop
  endfacet
  facet normal 0 0 1
    outer loop
      vertex 58.5576 2.91473 2.6
      vertex 6.44236 2.91473 2.6
      vertex 58.6292 2.62915 2.6
    endloop
  endfacet
  facet normal 0 0 1
    outer loop
      vertex 6.37082 2.62915 2.6
      vertex 58.6292 2.62915 2.6
      vertex 6.44236 2.91473 2.6
    endloop
  endfacet
  facet normal 0 0 1
    outer loop
      vertex 58.6292 2.62915 2.6
      vertex 6.37082 2.62915 2.6
      vertex 58.7284 2.35195 2.6
    endloop
  endfacet
  facet normal 0 0 1
    outer loop
      vertex 6.27164 2.35195 2.6
      vertex 58.7284 2.35195 2.6
      vertex 6.37082 2.62915 2.6
    endloop
  endfacet
  facet normal 0 0 1
    outer loop
      vertex 58.7284 2.35195 2.6
      vertex 6.27164 2.35195 2.6
      vertex 58.8542 2.08581 2.6
    endloop
  endfacet
  facet normal 0 0 1
    outer loop
      vertex 6.14576 2.08581 2.6
      vertex 58.8542 2.08581 2.6
      vertex 6.27164 2.35195 2.6
    endloop
  endfacet
  facet normal 0 0 1
    outer loop
      vertex 58.8542 2.08581 2.6
      vertex 6.14576 2.08581 2.6
      vertex 59.0056 1.83329 2.6
    endloop
  endfacet
  facet normal 0 0 1
    outer loop
      vertex 5.99441 1.83329 2.6
      vertex 59.0056 1.83329 2.6
      vertex 6.14576 2.08581 2.6
    endloop
  endfacet
  facet normal 0 0 1
    outer loop
      vertex 59.0056 1.83329 2.6
      vertex 5.99441 1.83329 2.6
      vertex 59.181 1.59682 2.6
    endloop
  endfacet
  facet normal 0 0 1
    outer loop
      vertex 5.81903 1.59682 2.6
      vertex 59.181 1.59682 2.6
      vertex 5.99441 1.83329 2.6
    endloop
  endfacet
  facet normal 0 0 1
    outer loop
      vertex 59.181 1.59682 2.6
      vertex 5.81903 1.59682 2.6
      vertex 59.3787 1.37868 2.6
    endloop
  endfacet
  facet normal 0 0 1
    outer loop
      vertex 5.62132 1.37868 2.6
      vertex 59.3787 1.37868 2.6
      vertex 5.81903 1.59682 2.6
    endloop
  endfacet
  facet normal 0 0 1
    outer loop
      vertex 59.3787 1.37868 2.6
      vertex 5.62132 1.37868 2.6
      vertex 59.5968 1.18097 2.6
    endloop
  endfacet
  facet normal 0 0 1
    outer loop
      vertex 5.40318 1.18097 2.6
      vertex 59.5968 1.18097 2.6
      vertex 5.62132 1.37868 2.6
    endloop
  endfacet
  facet normal 0 0 1
    outer loop
      vertex 59.5968 1.18097 2.6
      vertex 5.40318 1.18097 2.6
      vertex 59.8333 1.00559 2.6
    endloop
  endfacet
  facet normal 0 0 1
    outer loop
      vertex 5.16671 1.00559 2.6
      vertex 59.8333 1.00559 2.6
      vertex 5.40318 1.18097 2.6
    endloop
  endfacet
  facet normal 0 0 1
    outer loop
      vertex 59.8333 1.00559 2.6
      vertex 5.16671 1.00559 2.6
      vertex 60.0858 0.854236 2.6
    endloop
  endfacet
  facet normal 0 0 1
    outer loop
      vertex 4.91419 0.854236 2.6
      vertex 60.0858 0.854236 2.6
      vertex 5.16671 1.00559 2.6
    endloop
  endfacet
  facet normal 0 0 1
    outer loop
      vertex 60.0858 0.854236 2.6
      vertex 4.91419 0.854236 2.6
      vertex 60.352 0.728361 2.6
    endloop
  endfacet
  facet normal 0 0 1
    outer loop
      vertex 4.64805 0.728361 2.6
      vertex 60.352 0.728361 2.6
      vertex 4.91419 0.854236 2.6
    endloop
  endfacet
  facet normal 0 0 1
    outer loop
      vertex 60.352 0.728361 2.6
      vertex 4.64805 0.728361 2.6
      vertex 63.4 -0.4 2.6
    endloop
  endfacet
  facet normal -0 0 1
    outer loop
      vertex 4.37085 0.629178 2.6
      vertex 63.4 -0.4 2.6
      vertex 4.64805 0.728361 2.6
    endloop
  endfacet
  facet normal 0 0 1
    outer loop
      vertex 1.6 -0.4 2.6
      vertex 4.37085 0.629178 2.6
      vertex 4.08527 0.557644 2.6
    endloop
  endfacet
  facet normal 0 0 1
    outer loop
      vertex 1.6 -0.4 2.6
      vertex 4.08527 0.557644 2.6
      vertex 3.79405 0.514445 2.6
    endloop
  endfacet
  facet normal 0 0 1
    outer loop
      vertex 1.6 -0.4 2.6
      vertex 3.79405 0.514445 2.6
      vertex 3.5 0.5 2.6
    endloop
  endfacet
  facet normal 0 0 1
    outer loop
      vertex 4.37085 0.629178 2.6
      vertex 1.6 -0.4 2.6
      vertex 63.4 -0.4 2.6
    endloop
  endfacet
  facet normal 0 0 1
    outer loop
      vertex 3.20595 0.514445 2.6
      vertex 1.6 -0.4 2.6
      vertex 3.5 0.5 2.6
    endloop
  endfacet
  facet normal 0 0 1
    outer loop
      vertex 2.91473 0.557644 2.6
      vertex 1.6 -0.4 2.6
      vertex 3.20595 0.514445 2.6
    endloop
  endfacet
  facet normal 0 0 1
    outer loop
      vertex 2.62915 0.629178 2.6
      vertex 1.6 -0.4 2.6
      vertex 2.91473 0.557644 2.6
    endloop
  endfacet
  facet normal 0 0 1
    outer loop
      vertex 2.35195 0.728361 2.6
      vertex 1.6 -0.4 2.6
      vertex 2.62915 0.629178 2.6
    endloop
  endfacet
  facet normal 0 0 1
    outer loop
      vertex 2.08581 0.854236 2.6
      vertex 1.6 -0.4 2.6
      vertex 2.35195 0.728361 2.6
    endloop
  endfacet
  facet normal 0 0 1
    outer loop
      vertex 1.83329 1.00559 2.6
      vertex 1.6 -0.4 2.6
      vertex 2.08581 0.854236 2.6
    endloop
  endfacet
  facet normal 0 0 1
    outer loop
      vertex 1.01943 -0.31388 2.6
      vertex 1.83329 1.00559 2.6
      vertex 1.59682 1.18097 2.6
    endloop
  endfacet
  facet normal 0 0 1
    outer loop
      vertex 1.83329 1.00559 2.6
      vertex 1.40396 -0.390369 2.6
      vertex 1.6 -0.4 2.6
    endloop
  endfacet
  facet normal 0 0 1
    outer loop
      vertex 0.488859 -0.0629387 2.6
      vertex 1.59682 1.18097 2.6
      vertex 1.37868 1.37868 2.6
    endloop
  endfacet
  facet normal 0 0 1
    outer loop
      vertex 1.83329 1.00559 2.6
      vertex 1.20982 -0.36157 2.6
      vertex 1.40396 -0.390369 2.6
    endloop
  endfacet
  facet normal 0 0 1
    outer loop
      vertex -0.0629387 0.488859 2.6
      vertex 1.37868 1.37868 2.6
      vertex 1.18097 1.59682 2.6
    endloop
  endfacet
  facet normal 0 0 1
    outer loop
      vertex 1.83329 1.00559 2.6
      vertex 1.01943 -0.31388 2.6
      vertex 1.20982 -0.36157 2.6
    endloop
  endfacet
  facet normal 0 0 1
    outer loop
      vertex -0.31388 1.01943 2.6
      vertex 1.18097 1.59682 2.6
      vertex 1.00559 1.83329 2.6
    endloop
  endfacet
  facet normal 0 0 1
    outer loop
      vertex -0.4 1.6 2.6
      vertex 1.00559 1.83329 2.6
      vertex 0.854236 2.08581 2.6
    endloop
  endfacet
  facet normal 0 0 1
    outer loop
      vertex 1.59682 1.18097 2.6
      vertex 0.834633 -0.247759 2.6
      vertex 1.01943 -0.31388 2.6
    endloop
  endfacet
  facet normal 0 0 1
    outer loop
      vertex -0.4 1.6 2.6
      vertex 0.854236 2.08581 2.6
      vertex 0.728361 2.35195 2.6
    endloop
  endfacet
  facet normal 0 0 1
    outer loop
      vertex 1.59682 1.18097 2.6
      vertex 0.657206 -0.163842 2.6
      vertex 0.834633 -0.247759 2.6
    endloop
  endfacet
  facet normal 0 0 1
    outer loop
      vertex -0.4 1.6 2.6
      vertex 0.728361 2.35195 2.6
      vertex 0.629178 2.62915 2.6
    endloop
  endfacet
  facet normal 0 0 1
    outer loop
      vertex -0.4 1.6 2.6
      vertex 0.629178 2.62915 2.6
      vertex 0.557644 2.91473 2.6
    endloop
  endfacet
  facet normal 0 0 1
    outer loop
      vertex -0.4 1.6 2.6
      vertex 0.557644 2.91473 2.6
      vertex 0.514445 3.20595 2.6
    endloop
  endfacet
  facet normal 0 0 1
    outer loop
      vertex -0.4 1.6 2.6
      vertex 0.514445 3.20595 2.6
      vertex 0.5 3.5 2.6
    endloop
  endfacet
  facet normal 0 0 1
    outer loop
      vertex 1.00559 1.83329 2.6
      vertex -0.4 1.6 2.6
      vertex -0.390369 1.40396 2.6
    endloop
  endfacet
  facet normal 0 0 1
    outer loop
      vertex 0.557644 4.08527 2.6
      vertex -0.4 1.6 2.6
      vertex 0.514445 3.79405 2.6
    endloop
  endfacet
  facet normal 0 0 1
    outer loop
      vertex 1.18097 28.4032 2.6
      vertex -0.31388 28.9806 2.6
      vertex 1.00559 28.1667 2.6
    endloop
  endfacet
  facet normal 0 0 1
    outer loop
      vertex 0.514445 3.79405 2.6
      vertex -0.4 1.6 2.6
      vertex 0.5 3.5 2.6
    endloop
  endfacet
  facet normal -0 0 1
    outer loop
      vertex -0.36157 28.7902 2.6
      vertex 1.00559 28.1667 2.6
      vertex -0.31388 28.9806 2.6
    endloop
  endfacet
  facet normal 0 0 1
    outer loop
      vertex 1.59682 1.18097 2.6
      vertex 0.488859 -0.0629387 2.6
      vertex 0.657206 -0.163842 2.6
    endloop
  endfacet
  facet normal -0 0 1
    outer loop
      vertex -0.390369 28.596 2.6
      vertex 1.00559 28.1667 2.6
      vertex -0.36157 28.7902 2.6
    endloop
  endfacet
  facet normal 0 0 1
    outer loop
      vertex 1.37868 1.37868 2.6
      vertex 0.331213 0.0539789 2.6
      vertex 0.488859 -0.0629387 2.6
    endloop
  endfacet
  facet normal -0 0 1
    outer loop
      vertex -0.4 28.4 2.6
      vertex 1.00559 28.1667 2.6
      vertex -0.390369 28.596 2.6
    endloop
  endfacet
  facet normal 0 0 1
    outer loop
      vertex 1.37868 1.37868 2.6
      vertex 0.185786 0.185786 2.6
      vertex 0.331213 0.0539789 2.6
    endloop
  endfacet
  facet normal 0 0 1
    outer loop
      vertex 1.00559 28.1667 2.6
      vertex -0.4 28.4 2.6
      vertex 0.854236 27.9142 2.6
    endloop
  endfacet
  facet normal 0 0 1
    outer loop
      vertex 1.37868 1.37868 2.6
      vertex 0.0539789 0.331213 2.6
      vertex 0.185786 0.185786 2.6
    endloop
  endfacet
  facet normal 0 0 1
    outer loop
      vertex 0.854236 27.9142 2.6
      vertex -0.4 28.4 2.6
      vertex 0.728361 27.648 2.6
    endloop
  endfacet
  facet normal 0 0 1
    outer loop
      vertex 1.37868 1.37868 2.6
      vertex -0.0629387 0.488859 2.6
      vertex 0.0539789 0.331213 2.6
    endloop
  endfacet
  facet normal 0 0 1
    outer loop
      vertex 0.557644 27.0853 2.6
      vertex -0.4 28.4 2.6
      vertex 0.514445 26.7941 2.6
    endloop
  endfacet
  facet normal 0 0 1
    outer loop
      vertex 1.18097 1.59682 2.6
      vertex -0.163842 0.657206 2.6
      vertex -0.0629387 0.488859 2.6
    endloop
  endfacet
  facet normal 0 0 1
    outer loop
      vertex 0.728361 27.648 2.6
      vertex -0.4 28.4 2.6
      vertex 0.629178 27.3709 2.6
    endloop
  endfacet
  facet normal 0 0 1
    outer loop
      vertex 1.18097 1.59682 2.6
      vertex -0.247759 0.834633 2.6
      vertex -0.163842 0.657206 2.6
    endloop
  endfacet
  facet normal 0 0 1
    outer loop
      vertex 0.629178 27.3709 2.6
      vertex -0.4 28.4 2.6
      vertex 0.557644 27.0853 2.6
    endloop
  endfacet
  facet normal 0 0 1
    outer loop
      vertex 1.18097 1.59682 2.6
      vertex -0.31388 1.01943 2.6
      vertex -0.247759 0.834633 2.6
    endloop
  endfacet
  facet normal 0 0 1
    outer loop
      vertex 1.00559 1.83329 2.6
      vertex -0.36157 1.20982 2.6
      vertex -0.31388 1.01943 2.6
    endloop
  endfacet
  facet normal 0 0 1
    outer loop
      vertex 1.00559 1.83329 2.6
      vertex -0.390369 1.40396 2.6
      vertex -0.36157 1.20982 2.6
    endloop
  endfacet
  facet normal 0.671558 0.740952 -0
    outer loop
      vertex 0.331213 0.0539789 2.6
      vertex 0.185786 0.185786 6.8
      vertex 0.331213 0.0539789 6.8
    endloop
  endfacet
  facet normal 0.671558 0.740952 0
    outer loop
      vertex 0.185786 0.185786 6.8
      vertex 0.331213 0.0539789 2.6
      vertex 0.185786 0.185786 2.6
    endloop
  endfacet
  facet normal 0.740952 0.671558 0
    outer loop
      vertex 0.185786 0.185786 6.8
      vertex 0.0539789 0.331213 2.6
      vertex 0.0539789 0.331213 6.8
    endloop
  endfacet
  facet normal 0.740952 0.671558 0
    outer loop
      vertex 0.0539789 0.331213 2.6
      vertex 0.185786 0.185786 6.8
      vertex 0.185786 0.185786 2.6
    endloop
  endfacet
  facet normal 0.970035 -0.242967 0
    outer loop
      vertex -0.36157 28.7902 6.8
      vertex -0.31388 28.9806 2.6
      vertex -0.31388 28.9806 6.8
    endloop
  endfacet
  facet normal 0.970035 -0.242967 0
    outer loop
      vertex -0.31388 28.9806 2.6
      vertex -0.36157 28.7902 6.8
      vertex -0.36157 28.7902 2.6
    endloop
  endfacet
  facet normal 0.941545 0.336888 0
    outer loop
      vertex -0.247759 0.834633 6.8
      vertex -0.31388 1.01943 2.6
      vertex -0.31388 1.01943 6.8
    endloop
  endfacet
  facet normal 0.941545 0.336888 0
    outer loop
      vertex -0.31388 1.01943 2.6
      vertex -0.247759 0.834633 6.8
      vertex -0.247759 0.834633 2.6
    endloop
  endfacet
  facet normal 0.970032 0.242979 0
    outer loop
      vertex -0.31388 1.01943 6.8
      vertex -0.36157 1.20982 2.6
      vertex -0.36157 1.20982 6.8
    endloop
  endfacet
  facet normal 0.970032 0.242979 0
    outer loop
      vertex -0.36157 1.20982 2.6
      vertex -0.31388 1.01943 6.8
      vertex -0.31388 1.01943 2.6
    endloop
  endfacet
  facet normal -0.998803 0.048911 0
    outer loop
      vertex 65.3904 1.40396 2.6
      vertex 65.4 1.6 6.8
      vertex 65.4 1.6 2.6
    endloop
  endfacet
  facet normal -0.998803 0.048911 0
    outer loop
      vertex 65.4 1.6 6.8
      vertex 65.3904 1.40396 2.6
      vertex 65.3904 1.40396 6.8
    endloop
  endfacet
  facet normal 0.989181 -0.146703 0
    outer loop
      vertex 6.44236 2.91473 5.2
      vertex 6.48555 3.20595 2.6
      vertex 6.48555 3.20595 5.2
    endloop
  endfacet
  facet normal 0.989181 -0.146703 0
    outer loop
      vertex 6.48555 3.20595 2.6
      vertex 6.44236 2.91473 5.2
      vertex 6.44236 2.91473 2.6
    endloop
  endfacet
  facet normal -0.941545 0.336888 0
    outer loop
      vertex 0.629178 4.37085 2.6
      vertex 0.728361 4.64805 5.2
      vertex 0.728361 4.64805 2.6
    endloop
  endfacet
  facet normal -0.941545 0.336888 0
    outer loop
      vertex 0.728361 4.64805 5.2
      vertex 0.629178 4.37085 2.6
      vertex 0.629178 4.37085 5.2
    endloop
  endfacet
  facet normal 0.146732 -0.989176 0
    outer loop
      vertex 3.79405 0.514445 2.6
      vertex 4.08527 0.557644 5.2
      vertex 3.79405 0.514445 5.2
    endloop
  endfacet
  facet normal 0.146732 -0.989176 0
    outer loop
      vertex 4.08527 0.557644 5.2
      vertex 3.79405 0.514445 2.6
      vertex 4.08527 0.557644 2.6
    endloop
  endfacet
  facet normal 0.146703 0.989181 -0
    outer loop
      vertex 4.08527 6.44236 2.6
      vertex 3.79405 6.48555 5.2
      vertex 4.08527 6.44236 5.2
    endloop
  endfacet
  facet normal 0.146703 0.989181 0
    outer loop
      vertex 3.79405 6.48555 5.2
      vertex 4.08527 6.44236 2.6
      vertex 3.79405 6.48555 2.6
    endloop
  endfacet
  facet normal -0.0490821 0.998795 0
    outer loop
      vertex 3.5 6.5 2.6
      vertex 3.20595 6.48555 5.2
      vertex 3.5 6.5 5.2
    endloop
  endfacet
  facet normal -0.0490821 0.998795 0
    outer loop
      vertex 3.20595 6.48555 5.2
      vertex 3.5 6.5 2.6
      vertex 3.20595 6.48555 2.6
    endloop
  endfacet
  facet normal -0.0490651 -0.998796 0
    outer loop
      vertex 3.20595 0.514445 2.6
      vertex 3.5 0.5 5.2
      vertex 3.20595 0.514445 5.2
    endloop
  endfacet
  facet normal -0.0490651 -0.998796 -0
    outer loop
      vertex 3.5 0.5 5.2
      vertex 3.20595 0.514445 2.6
      vertex 3.5 0.5 2.6
    endloop
  endfacet
  facet normal -0.146732 -0.989176 0
    outer loop
      vertex 2.91473 0.557644 2.6
      vertex 3.20595 0.514445 5.2
      vertex 2.91473 0.557644 5.2
    endloop
  endfacet
  facet normal -0.146732 -0.989176 -0
    outer loop
      vertex 3.20595 0.514445 5.2
      vertex 2.91473 0.557644 2.6
      vertex 3.20595 0.514445 2.6
    endloop
  endfacet
  facet normal -0.242999 0.970027 0
    outer loop
      vertex 2.91473 6.44236 2.6
      vertex 2.62915 6.37082 5.2
      vertex 2.91473 6.44236 5.2
    endloop
  endfacet
  facet normal -0.242999 0.970027 0
    outer loop
      vertex 2.62915 6.37082 5.2
      vertex 2.91473 6.44236 2.6
      vertex 2.62915 6.37082 2.6
    endloop
  endfacet
  facet normal 0.514101 -0.85773 0
    outer loop
      vertex 4.91419 0.854236 2.6
      vertex 5.16671 1.00559 5.2
      vertex 4.91419 0.854236 5.2
    endloop
  endfacet
  facet normal 0.514101 -0.85773 0
    outer loop
      vertex 5.16671 1.00559 5.2
      vertex 4.91419 0.854236 2.6
      vertex 5.16671 1.00559 2.6
    endloop
  endfacet
  facet normal -0.595703 0.803204 0
    outer loop
      vertex 1.83329 5.99441 2.6
      vertex 1.59682 5.81903 5.2
      vertex 1.83329 5.99441 5.2
    endloop
  endfacet
  facet normal -0.595703 0.803204 0
    outer loop
      vertex 1.59682 5.81903 5.2
      vertex 1.83329 5.99441 2.6
      vertex 1.59682 5.81903 2.6
    endloop
  endfacet
  facet normal -0.427556 -0.903989 0
    outer loop
      vertex 2.08581 0.854236 2.6
      vertex 2.35195 0.728361 5.2
      vertex 2.08581 0.854236 5.2
    endloop
  endfacet
  facet normal -0.427556 -0.903989 -0
    outer loop
      vertex 2.35195 0.728361 5.2
      vertex 2.08581 0.854236 2.6
      vertex 2.35195 0.728361 2.6
    endloop
  endfacet
  facet normal -0.671558 -0.740952 0
    outer loop
      vertex 1.37868 1.37868 2.6
      vertex 1.59682 1.18097 5.2
      vertex 1.37868 1.37868 5.2
    endloop
  endfacet
  facet normal -0.671558 -0.740952 -0
    outer loop
      vertex 1.59682 1.18097 5.2
      vertex 1.37868 1.37868 2.6
      vertex 1.59682 1.18097 2.6
    endloop
  endfacet
  facet normal 0.941548 0.336879 0
    outer loop
      vertex 6.37082 4.37085 5.2
      vertex 6.27164 4.64805 2.6
      vertex 6.27164 4.64805 5.2
    endloop
  endfacet
  facet normal 0.941548 0.336879 0
    outer loop
      vertex 6.27164 4.64805 2.6
      vertex 6.37082 4.37085 5.2
      vertex 6.37082 4.37085 2.6
    endloop
  endfacet
  facet normal 0.671558 0.740952 -0
    outer loop
      vertex 5.62132 5.62132 2.6
      vertex 5.40318 5.81903 5.2
      vertex 5.62132 5.62132 5.2
    endloop
  endfacet
  facet normal 0.671558 0.740952 0
    outer loop
      vertex 5.40318 5.81903 5.2
      vertex 5.62132 5.62132 2.6
      vertex 5.40318 5.81903 2.6
    endloop
  endfacet
  facet normal 0.0490651 -0.998796 0
    outer loop
      vertex 3.5 0.5 2.6
      vertex 3.79405 0.514445 5.2
      vertex 3.5 0.5 5.2
    endloop
  endfacet
  facet normal 0.0490651 -0.998796 0
    outer loop
      vertex 3.79405 0.514445 5.2
      vertex 3.5 0.5 2.6
      vertex 3.79405 0.514445 2.6
    endloop
  endfacet
  facet normal 0.336879 0.941548 -0
    outer loop
      vertex 4.64805 6.27164 2.6
      vertex 4.37085 6.37082 5.2
      vertex 4.64805 6.27164 5.2
    endloop
  endfacet
  facet normal 0.336879 0.941548 0
    outer loop
      vertex 4.37085 6.37082 5.2
      vertex 4.64805 6.27164 2.6
      vertex 4.37085 6.37082 2.6
    endloop
  endfacet
  facet normal -0.336888 -0.941545 0
    outer loop
      vertex 2.35195 0.728361 2.6
      vertex 2.62915 0.629178 5.2
      vertex 2.35195 0.728361 5.2
    endloop
  endfacet
  facet normal -0.336888 -0.941545 -0
    outer loop
      vertex 2.62915 0.629178 5.2
      vertex 2.35195 0.728361 2.6
      vertex 2.62915 0.629178 2.6
    endloop
  endfacet
  facet normal 0.989181 0.146703 0
    outer loop
      vertex 6.48555 3.79405 5.2
      vertex 6.44236 4.08527 2.6
      vertex 6.44236 4.08527 5.2
    endloop
  endfacet
  facet normal 0.989181 0.146703 0
    outer loop
      vertex 6.44236 4.08527 2.6
      vertex 6.48555 3.79405 5.2
      vertex 6.48555 3.79405 2.6
    endloop
  endfacet
  facet normal 0.998795 0.0490821 0
    outer loop
      vertex 6.5 3.5 5.2
      vertex 6.48555 3.79405 2.6
      vertex 6.48555 3.79405 5.2
    endloop
  endfacet
  facet normal 0.998795 0.0490821 0
    outer loop
      vertex 6.48555 3.79405 2.6
      vertex 6.5 3.5 5.2
      vertex 6.5 3.5 2.6
    endloop
  endfacet
  facet normal 0.595703 -0.803204 0
    outer loop
      vertex 5.16671 1.00559 2.6
      vertex 5.40318 1.18097 5.2
      vertex 5.16671 1.00559 5.2
    endloop
  endfacet
  facet normal 0.595703 -0.803204 0
    outer loop
      vertex 5.40318 1.18097 5.2
      vertex 5.16671 1.00559 2.6
      vertex 5.40318 1.18097 2.6
    endloop
  endfacet
  facet normal 0.242999 0.970027 -0
    outer loop
      vertex 4.37085 6.37082 2.6
      vertex 4.08527 6.44236 5.2
      vertex 4.37085 6.37082 5.2
    endloop
  endfacet
  facet normal 0.242999 0.970027 0
    outer loop
      vertex 4.08527 6.44236 5.2
      vertex 4.37085 6.37082 2.6
      vertex 4.08527 6.44236 2.6
    endloop
  endfacet
  facet normal -0.970031 -0.24298 0
    outer loop
      vertex 0.629178 2.62915 2.6
      vertex 0.557644 2.91473 5.2
      vertex 0.557644 2.91473 2.6
    endloop
  endfacet
  facet normal -0.970031 -0.24298 0
    outer loop
      vertex 0.557644 2.91473 5.2
      vertex 0.629178 2.62915 2.6
      vertex 0.629178 2.62915 5.2
    endloop
  endfacet
  facet normal 0.427569 0.903983 -0
    outer loop
      vertex 4.91419 6.14576 2.6
      vertex 4.64805 6.27164 5.2
      vertex 4.91419 6.14576 5.2
    endloop
  endfacet
  facet normal 0.427569 0.903983 0
    outer loop
      vertex 4.64805 6.27164 5.2
      vertex 4.91419 6.14576 2.6
      vertex 4.64805 6.27164 2.6
    endloop
  endfacet
  facet normal -0.146703 0.989181 0
    outer loop
      vertex 3.20595 6.48555 2.6
      vertex 2.91473 6.44236 5.2
      vertex 3.20595 6.48555 5.2
    endloop
  endfacet
  facet normal -0.146703 0.989181 0
    outer loop
      vertex 2.91473 6.44236 5.2
      vertex 3.20595 6.48555 2.6
      vertex 2.91473 6.44236 2.6
    endloop
  endfacet
  facet normal 0.803204 -0.595703 0
    outer loop
      vertex 5.81903 1.59682 5.2
      vertex 5.99441 1.83329 2.6
      vertex 5.99441 1.83329 5.2
    endloop
  endfacet
  facet normal 0.803204 -0.595703 0
    outer loop
      vertex 5.99441 1.83329 2.6
      vertex 5.81903 1.59682 5.2
      vertex 5.81903 1.59682 2.6
    endloop
  endfacet
  facet normal -0.903989 0.427556 0
    outer loop
      vertex 0.728361 4.64805 2.6
      vertex 0.854236 4.91419 5.2
      vertex 0.854236 4.91419 2.6
    endloop
  endfacet
  facet normal -0.903989 0.427556 0
    outer loop
      vertex 0.854236 4.91419 5.2
      vertex 0.728361 4.64805 2.6
      vertex 0.728361 4.64805 5.2
    endloop
  endfacet
  facet normal 0.970027 -0.242999 0
    outer loop
      vertex 6.37082 2.62915 5.2
      vertex 6.44236 2.91473 2.6
      vertex 6.44236 2.91473 5.2
    endloop
  endfacet
  facet normal 0.970027 -0.242999 0
    outer loop
      vertex 6.44236 2.91473 2.6
      vertex 6.37082 2.62915 5.2
      vertex 6.37082 2.62915 2.6
    endloop
  endfacet
  facet normal 0.970027 0.242999 0
    outer loop
      vertex 6.44236 4.08527 5.2
      vertex 6.37082 4.37085 2.6
      vertex 6.37082 4.37085 5.2
    endloop
  endfacet
  facet normal 0.970027 0.242999 0
    outer loop
      vertex 6.37082 4.37085 2.6
      vertex 6.44236 4.08527 5.2
      vertex 6.44236 4.08527 2.6
    endloop
  endfacet
  facet normal -0.989176 -0.146732 0
    outer loop
      vertex 0.557644 2.91473 2.6
      vertex 0.514445 3.20595 5.2
      vertex 0.514445 3.20595 2.6
    endloop
  endfacet
  facet normal -0.989176 -0.146732 0
    outer loop
      vertex 0.514445 3.20595 5.2
      vertex 0.557644 2.91473 2.6
      vertex 0.557644 2.91473 5.2
    endloop
  endfacet
  facet normal -0.803204 0.595703 0
    outer loop
      vertex 1.00559 5.16671 2.6
      vertex 1.18097 5.40318 5.2
      vertex 1.18097 5.40318 2.6
    endloop
  endfacet
  facet normal -0.803204 0.595703 0
    outer loop
      vertex 1.18097 5.40318 5.2
      vertex 1.00559 5.16671 2.6
      vertex 1.00559 5.16671 5.2
    endloop
  endfacet
  facet normal 0.336888 -0.941545 0
    outer loop
      vertex 4.37085 0.629178 2.6
      vertex 4.64805 0.728361 5.2
      vertex 4.37085 0.629178 5.2
    endloop
  endfacet
  facet normal 0.336888 -0.941545 0
    outer loop
      vertex 4.64805 0.728361 5.2
      vertex 4.37085 0.629178 2.6
      vertex 4.64805 0.728361 2.6
    endloop
  endfacet
  facet normal -0.336879 0.941548 0
    outer loop
      vertex 2.62915 6.37082 2.6
      vertex 2.35195 6.27164 5.2
      vertex 2.62915 6.37082 5.2
    endloop
  endfacet
  facet normal -0.336879 0.941548 0
    outer loop
      vertex 2.35195 6.27164 5.2
      vertex 2.62915 6.37082 2.6
      vertex 2.35195 6.27164 2.6
    endloop
  endfacet
  facet normal -0.740952 -0.671558 0
    outer loop
      vertex 1.37868 1.37868 2.6
      vertex 1.18097 1.59682 5.2
      vertex 1.18097 1.59682 2.6
    endloop
  endfacet
  facet normal -0.740952 -0.671558 0
    outer loop
      vertex 1.18097 1.59682 5.2
      vertex 1.37868 1.37868 2.6
      vertex 1.37868 1.37868 5.2
    endloop
  endfacet
  facet normal 0.595703 0.803204 -0
    outer loop
      vertex 5.40318 5.81903 2.6
      vertex 5.16671 5.99441 5.2
      vertex 5.40318 5.81903 5.2
    endloop
  endfacet
  facet normal 0.595703 0.803204 0
    outer loop
      vertex 5.16671 5.99441 5.2
      vertex 5.40318 5.81903 2.6
      vertex 5.16671 5.99441 2.6
    endloop
  endfacet
  facet normal -0.427569 0.903983 0
    outer loop
      vertex 2.35195 6.27164 2.6
      vertex 2.08581 6.14576 5.2
      vertex 2.35195 6.27164 5.2
    endloop
  endfacet
  facet normal -0.427569 0.903983 0
    outer loop
      vertex 2.08581 6.14576 5.2
      vertex 2.35195 6.27164 2.6
      vertex 2.08581 6.14576 2.6
    endloop
  endfacet
  facet normal -0.514101 -0.85773 0
    outer loop
      vertex 1.83329 1.00559 2.6
      vertex 2.08581 0.854236 5.2
      vertex 1.83329 1.00559 5.2
    endloop
  endfacet
  facet normal -0.514101 -0.85773 -0
    outer loop
      vertex 2.08581 0.854236 5.2
      vertex 1.83329 1.00559 2.6
      vertex 2.08581 0.854236 2.6
    endloop
  endfacet
  facet normal -0.85773 0.514101 0
    outer loop
      vertex 0.854236 4.91419 2.6
      vertex 1.00559 5.16671 5.2
      vertex 1.00559 5.16671 2.6
    endloop
  endfacet
  facet normal -0.85773 0.514101 0
    outer loop
      vertex 1.00559 5.16671 5.2
      vertex 0.854236 4.91419 2.6
      vertex 0.854236 4.91419 5.2
    endloop
  endfacet
  facet normal -0.903989 -0.427556 0
    outer loop
      vertex 0.854236 2.08581 2.6
      vertex 0.728361 2.35195 5.2
      vertex 0.728361 2.35195 2.6
    endloop
  endfacet
  facet normal -0.903989 -0.427556 0
    outer loop
      vertex 0.728361 2.35195 5.2
      vertex 0.854236 2.08581 2.6
      vertex 0.854236 2.08581 5.2
    endloop
  endfacet
  facet normal 0.857736 0.514091 0
    outer loop
      vertex 6.14576 4.91419 5.2
      vertex 5.99441 5.16671 2.6
      vertex 5.99441 5.16671 5.2
    endloop
  endfacet
  facet normal 0.857736 0.514091 0
    outer loop
      vertex 5.99441 5.16671 2.6
      vertex 6.14576 4.91419 5.2
      vertex 6.14576 4.91419 2.6
    endloop
  endfacet
  facet normal 0.514091 0.857736 -0
    outer loop
      vertex 5.16671 5.99441 2.6
      vertex 4.91419 6.14576 5.2
      vertex 5.16671 5.99441 5.2
    endloop
  endfacet
  facet normal 0.514091 0.857736 0
    outer loop
      vertex 4.91419 6.14576 5.2
      vertex 5.16671 5.99441 2.6
      vertex 4.91419 6.14576 2.6
    endloop
  endfacet
  facet normal 0.998795 -0.0490821 0
    outer loop
      vertex 6.48555 3.20595 5.2
      vertex 6.5 3.5 2.6
      vertex 6.5 3.5 5.2
    endloop
  endfacet
  facet normal 0.998795 -0.0490821 0
    outer loop
      vertex 6.5 3.5 2.6
      vertex 6.48555 3.20595 5.2
      vertex 6.48555 3.20595 2.6
    endloop
  endfacet
  facet normal -0.970031 0.24298 0
    outer loop
      vertex 0.557644 4.08527 2.6
      vertex 0.629178 4.37085 5.2
      vertex 0.629178 4.37085 2.6
    endloop
  endfacet
  facet normal -0.970031 0.24298 0
    outer loop
      vertex 0.629178 4.37085 5.2
      vertex 0.557644 4.08527 2.6
      vertex 0.557644 4.08527 5.2
    endloop
  endfacet
  facet normal 0.24298 -0.970031 0
    outer loop
      vertex 4.08527 0.557644 2.6
      vertex 4.37085 0.629178 5.2
      vertex 4.08527 0.557644 5.2
    endloop
  endfacet
  facet normal 0.24298 -0.970031 0
    outer loop
      vertex 4.37085 0.629178 5.2
      vertex 4.08527 0.557644 2.6
      vertex 4.37085 0.629178 2.6
    endloop
  endfacet
  facet normal 0.0490821 0.998795 -0
    outer loop
      vertex 3.79405 6.48555 2.6
      vertex 3.5 6.5 5.2
      vertex 3.79405 6.48555 5.2
    endloop
  endfacet
  facet normal 0.0490821 0.998795 0
    outer loop
      vertex 3.5 6.5 5.2
      vertex 3.79405 6.48555 2.6
      vertex 3.5 6.5 2.6
    endloop
  endfacet
  facet normal 0.903983 0.427569 0
    outer loop
      vertex 6.27164 4.64805 5.2
      vertex 6.14576 4.91419 2.6
      vertex 6.14576 4.91419 5.2
    endloop
  endfacet
  facet normal 0.903983 0.427569 0
    outer loop
      vertex 6.14576 4.91419 2.6
      vertex 6.27164 4.64805 5.2
      vertex 6.27164 4.64805 2.6
    endloop
  endfacet
  facet normal 0.803204 0.595703 0
    outer loop
      vertex 5.99441 5.16671 5.2
      vertex 5.81903 5.40318 2.6
      vertex 5.81903 5.40318 5.2
    endloop
  endfacet
  facet normal 0.803204 0.595703 0
    outer loop
      vertex 5.81903 5.40318 2.6
      vertex 5.99441 5.16671 5.2
      vertex 5.99441 5.16671 2.6
    endloop
  endfacet
  facet normal -0.989176 0.146732 0
    outer loop
      vertex 0.514445 3.79405 2.6
      vertex 0.557644 4.08527 5.2
      vertex 0.557644 4.08527 2.6
    endloop
  endfacet
  facet normal -0.989176 0.146732 0
    outer loop
      vertex 0.557644 4.08527 5.2
      vertex 0.514445 3.79405 2.6
      vertex 0.514445 3.79405 5.2
    endloop
  endfacet
  facet normal -0.740952 0.671558 0
    outer loop
      vertex 1.18097 5.40318 2.6
      vertex 1.37868 5.62132 5.2
      vertex 1.37868 5.62132 2.6
    endloop
  endfacet
  facet normal -0.740952 0.671558 0
    outer loop
      vertex 1.37868 5.62132 5.2
      vertex 1.18097 5.40318 2.6
      vertex 1.18097 5.40318 5.2
    endloop
  endfacet
  facet normal -0.671558 0.740952 0
    outer loop
      vertex 1.59682 5.81903 2.6
      vertex 1.37868 5.62132 5.2
      vertex 1.59682 5.81903 5.2
    endloop
  endfacet
  facet normal -0.671558 0.740952 0
    outer loop
      vertex 1.37868 5.62132 5.2
      vertex 1.59682 5.81903 2.6
      vertex 1.37868 5.62132 2.6
    endloop
  endfacet
  facet normal -0.941545 -0.336888 0
    outer loop
      vertex 0.728361 2.35195 2.6
      vertex 0.629178 2.62915 5.2
      vertex 0.629178 2.62915 2.6
    endloop
  endfacet
  facet normal -0.941545 -0.336888 0
    outer loop
      vertex 0.629178 2.62915 5.2
      vertex 0.728361 2.35195 2.6
      vertex 0.728361 2.35195 5.2
    endloop
  endfacet
  facet normal -0.514091 0.857736 0
    outer loop
      vertex 2.08581 6.14576 2.6
      vertex 1.83329 5.99441 5.2
      vertex 2.08581 6.14576 5.2
    endloop
  endfacet
  facet normal -0.514091 0.857736 0
    outer loop
      vertex 1.83329 5.99441 5.2
      vertex 2.08581 6.14576 2.6
      vertex 1.83329 5.99441 2.6
    endloop
  endfacet
  facet normal 0.941548 -0.336879 0
    outer loop
      vertex 6.27164 2.35195 5.2
      vertex 6.37082 2.62915 2.6
      vertex 6.37082 2.62915 5.2
    endloop
  endfacet
  facet normal 0.941548 -0.336879 0
    outer loop
      vertex 6.37082 2.62915 2.6
      vertex 6.27164 2.35195 5.2
      vertex 6.27164 2.35195 2.6
    endloop
  endfacet
  facet normal 0.740952 0.671558 0
    outer loop
      vertex 5.81903 5.40318 5.2
      vertex 5.62132 5.62132 2.6
      vertex 5.62132 5.62132 5.2
    endloop
  endfacet
  facet normal 0.740952 0.671558 0
    outer loop
      vertex 5.62132 5.62132 2.6
      vertex 5.81903 5.40318 5.2
      vertex 5.81903 5.40318 2.6
    endloop
  endfacet
  facet normal -0.998796 0.0490651 0
    outer loop
      vertex 0.5 3.5 2.6
      vertex 0.514445 3.79405 5.2
      vertex 0.514445 3.79405 2.6
    endloop
  endfacet
  facet normal -0.998796 0.0490651 0
    outer loop
      vertex 0.514445 3.79405 5.2
      vertex 0.5 3.5 2.6
      vertex 0.5 3.5 5.2
    endloop
  endfacet
  facet normal 0.857736 -0.514091 0
    outer loop
      vertex 5.99441 1.83329 5.2
      vertex 6.14576 2.08581 2.6
      vertex 6.14576 2.08581 5.2
    endloop
  endfacet
  facet normal 0.857736 -0.514091 0
    outer loop
      vertex 6.14576 2.08581 2.6
      vertex 5.99441 1.83329 5.2
      vertex 5.99441 1.83329 2.6
    endloop
  endfacet
  facet normal 0.427556 -0.903989 0
    outer loop
      vertex 4.64805 0.728361 2.6
      vertex 4.91419 0.854236 5.2
      vertex 4.64805 0.728361 5.2
    endloop
  endfacet
  facet normal 0.427556 -0.903989 0
    outer loop
      vertex 4.91419 0.854236 5.2
      vertex 4.64805 0.728361 2.6
      vertex 4.91419 0.854236 2.6
    endloop
  endfacet
  facet normal -0.998796 -0.0490651 0
    outer loop
      vertex 0.514445 3.20595 2.6
      vertex 0.5 3.5 5.2
      vertex 0.5 3.5 2.6
    endloop
  endfacet
  facet normal -0.998796 -0.0490651 0
    outer loop
      vertex 0.5 3.5 5.2
      vertex 0.514445 3.20595 2.6
      vertex 0.514445 3.20595 5.2
    endloop
  endfacet
  facet normal -0.595703 -0.803204 0
    outer loop
      vertex 1.59682 1.18097 2.6
      vertex 1.83329 1.00559 5.2
      vertex 1.59682 1.18097 5.2
    endloop
  endfacet
  facet normal -0.595703 -0.803204 -0
    outer loop
      vertex 1.83329 1.00559 5.2
      vertex 1.59682 1.18097 2.6
      vertex 1.83329 1.00559 2.6
    endloop
  endfacet
  facet normal -0.803204 -0.595703 0
    outer loop
      vertex 1.18097 1.59682 2.6
      vertex 1.00559 1.83329 5.2
      vertex 1.00559 1.83329 2.6
    endloop
  endfacet
  facet normal -0.803204 -0.595703 0
    outer loop
      vertex 1.00559 1.83329 5.2
      vertex 1.18097 1.59682 2.6
      vertex 1.18097 1.59682 5.2
    endloop
  endfacet
  facet normal -0.85773 -0.514101 0
    outer loop
      vertex 1.00559 1.83329 2.6
      vertex 0.854236 2.08581 5.2
      vertex 0.854236 2.08581 2.6
    endloop
  endfacet
  facet normal -0.85773 -0.514101 0
    outer loop
      vertex 0.854236 2.08581 5.2
      vertex 1.00559 1.83329 2.6
      vertex 1.00559 1.83329 5.2
    endloop
  endfacet
  facet normal -0.24298 -0.970031 0
    outer loop
      vertex 2.62915 0.629178 2.6
      vertex 2.91473 0.557644 5.2
      vertex 2.62915 0.629178 5.2
    endloop
  endfacet
  facet normal -0.24298 -0.970031 -0
    outer loop
      vertex 2.91473 0.557644 5.2
      vertex 2.62915 0.629178 2.6
      vertex 2.91473 0.557644 2.6
    endloop
  endfacet
  facet normal 0.903983 -0.427569 0
    outer loop
      vertex 6.14576 2.08581 5.2
      vertex 6.27164 2.35195 2.6
      vertex 6.27164 2.35195 5.2
    endloop
  endfacet
  facet normal 0.903983 -0.427569 0
    outer loop
      vertex 6.27164 2.35195 2.6
      vertex 6.14576 2.08581 5.2
      vertex 6.14576 2.08581 2.6
    endloop
  endfacet
  facet normal 0.740952 -0.671558 0
    outer loop
      vertex 5.62132 1.37868 5.2
      vertex 5.81903 1.59682 2.6
      vertex 5.81903 1.59682 5.2
    endloop
  endfacet
  facet normal 0.740952 -0.671558 0
    outer loop
      vertex 5.81903 1.59682 2.6
      vertex 5.62132 1.37868 5.2
      vertex 5.62132 1.37868 2.6
    endloop
  endfacet
  facet normal 0.671558 -0.740952 0
    outer loop
      vertex 5.40318 1.18097 2.6
      vertex 5.62132 1.37868 5.2
      vertex 5.40318 1.18097 5.2
    endloop
  endfacet
  facet normal 0.671558 -0.740952 0
    outer loop
      vertex 5.62132 1.37868 5.2
      vertex 5.40318 1.18097 2.6
      vertex 5.62132 1.37868 2.6
    endloop
  endfacet
  facet normal 0 0 1
    outer loop
      vertex 4.9 3.5 5.2
      vertex 6.5 3.5 5.2
      vertex 6.48555 3.79405 5.2
    endloop
  endfacet
  facet normal 0 0 1
    outer loop
      vertex 4.89326 3.63722 5.2
      vertex 6.48555 3.79405 5.2
      vertex 6.44236 4.08527 5.2
    endloop
  endfacet
  facet normal 0 0 1
    outer loop
      vertex 6.5 3.5 5.2
      vertex 4.9 3.5 5.2
      vertex 6.48555 3.20595 5.2
    endloop
  endfacet
  facet normal 0 0 1
    outer loop
      vertex 4.8731 3.77313 5.2
      vertex 6.44236 4.08527 5.2
      vertex 6.37082 4.37085 5.2
    endloop
  endfacet
  facet normal -0 0 1
    outer loop
      vertex 4.89326 3.36278 5.2
      vertex 6.48555 3.20595 5.2
      vertex 4.9 3.5 5.2
    endloop
  endfacet
  facet normal 0 0 1
    outer loop
      vertex 4.83972 3.9064 5.2
      vertex 6.37082 4.37085 5.2
      vertex 6.27164 4.64805 5.2
    endloop
  endfacet
  facet normal 0 0 1
    outer loop
      vertex 6.48555 3.20595 5.2
      vertex 4.89326 3.36278 5.2
      vertex 6.44236 2.91473 5.2
    endloop
  endfacet
  facet normal 0 0 1
    outer loop
      vertex 4.79343 4.03576 5.2
      vertex 6.27164 4.64805 5.2
      vertex 6.14576 4.91419 5.2
    endloop
  endfacet
  facet normal -0 0 1
    outer loop
      vertex 4.8731 3.22687 5.2
      vertex 6.44236 2.91473 5.2
      vertex 4.89326 3.36278 5.2
    endloop
  endfacet
  facet normal 0 0 1
    outer loop
      vertex 4.73469 4.15996 5.2
      vertex 6.14576 4.91419 5.2
      vertex 5.99441 5.16671 5.2
    endloop
  endfacet
  facet normal 0 0 1
    outer loop
      vertex 6.44236 2.91473 5.2
      vertex 4.8731 3.22687 5.2
      vertex 6.37082 2.62915 5.2
    endloop
  endfacet
  facet normal 0 0 1
    outer loop
      vertex 4.66406 4.2778 5.2
      vertex 5.99441 5.16671 5.2
      vertex 5.81903 5.40318 5.2
    endloop
  endfacet
  facet normal -0 0 1
    outer loop
      vertex 4.83972 3.0936 5.2
      vertex 6.37082 2.62915 5.2
      vertex 4.8731 3.22687 5.2
    endloop
  endfacet
  facet normal 0 0 1
    outer loop
      vertex 4.58221 4.38815 5.2
      vertex 5.81903 5.40318 5.2
      vertex 5.62132 5.62132 5.2
    endloop
  endfacet
  facet normal 0 0 1
    outer loop
      vertex 6.37082 2.62915 5.2
      vertex 4.83972 3.0936 5.2
      vertex 6.27164 2.35195 5.2
    endloop
  endfacet
  facet normal 0 0 1
    outer loop
      vertex 4.48995 4.48995 5.2
      vertex 5.62132 5.62132 5.2
      vertex 5.40318 5.81903 5.2
    endloop
  endfacet
  facet normal -0 0 1
    outer loop
      vertex 4.79343 2.96424 5.2
      vertex 6.27164 2.35195 5.2
      vertex 4.83972 3.0936 5.2
    endloop
  endfacet
  facet normal 0 0 1
    outer loop
      vertex 4.38815 4.58221 5.2
      vertex 5.40318 5.81903 5.2
      vertex 5.16671 5.99441 5.2
    endloop
  endfacet
  facet normal 0 0 1
    outer loop
      vertex 6.27164 2.35195 5.2
      vertex 4.79343 2.96424 5.2
      vertex 6.14576 2.08581 5.2
    endloop
  endfacet
  facet normal 0 0 1
    outer loop
      vertex 4.2778 4.66406 5.2
      vertex 5.16671 5.99441 5.2
      vertex 4.91419 6.14576 5.2
    endloop
  endfacet
  facet normal -0 0 1
    outer loop
      vertex 4.73469 2.84004 5.2
      vertex 6.14576 2.08581 5.2
      vertex 4.79343 2.96424 5.2
    endloop
  endfacet
  facet normal 0 0 1
    outer loop
      vertex 6.14576 2.08581 5.2
      vertex 4.73469 2.84004 5.2
      vertex 5.99441 1.83329 5.2
    endloop
  endfacet
  facet normal 0 0 1
    outer loop
      vertex 6.48555 3.79405 5.2
      vertex 4.89326 3.63722 5.2
      vertex 4.9 3.5 5.2
    endloop
  endfacet
  facet normal 0 0 1
    outer loop
      vertex 6.44236 4.08527 5.2
      vertex 4.8731 3.77313 5.2
      vertex 4.89326 3.63722 5.2
    endloop
  endfacet
  facet normal 0 0 1
    outer loop
      vertex 6.37082 4.37085 5.2
      vertex 4.83972 3.9064 5.2
      vertex 4.8731 3.77313 5.2
    endloop
  endfacet
  facet normal 0 0 1
    outer loop
      vertex 6.27164 4.64805 5.2
      vertex 4.79343 4.03576 5.2
      vertex 4.83972 3.9064 5.2
    endloop
  endfacet
  facet normal 0 0 1
    outer loop
      vertex 6.14576 4.91419 5.2
      vertex 4.73469 4.15996 5.2
      vertex 4.79343 4.03576 5.2
    endloop
  endfacet
  facet normal 0 0 1
    outer loop
      vertex 5.99441 5.16671 5.2
      vertex 4.66406 4.2778 5.2
      vertex 4.73469 4.15996 5.2
    endloop
  endfacet
  facet normal 0 0 1
    outer loop
      vertex 4.15996 4.73469 5.2
      vertex 4.91419 6.14576 5.2
      vertex 4.64805 6.27164 5.2
    endloop
  endfacet
  facet normal 0 0 1
    outer loop
      vertex 5.81903 5.40318 5.2
      vertex 4.58221 4.38815 5.2
      vertex 4.66406 4.2778 5.2
    endloop
  endfacet
  facet normal 0 0 1
    outer loop
      vertex 5.62132 5.62132 5.2
      vertex 4.48995 4.48995 5.2
      vertex 4.58221 4.38815 5.2
    endloop
  endfacet
  facet normal 0 0 1
    outer loop
      vertex 5.40318 5.81903 5.2
      vertex 4.38815 4.58221 5.2
      vertex 4.48995 4.48995 5.2
    endloop
  endfacet
  facet normal 0 0 1
    outer loop
      vertex 4.03576 4.79343 5.2
      vertex 4.64805 6.27164 5.2
      vertex 4.37085 6.37082 5.2
    endloop
  endfacet
  facet normal 0 0 1
    outer loop
      vertex 5.16671 5.99441 5.2
      vertex 4.2778 4.66406 5.2
      vertex 4.38815 4.58221 5.2
    endloop
  endfacet
  facet normal 0 0 1
    outer loop
      vertex 4.91419 6.14576 5.2
      vertex 4.15996 4.73469 5.2
      vertex 4.2778 4.66406 5.2
    endloop
  endfacet
  facet normal 0 0 1
    outer loop
      vertex 3.9064 4.83972 5.2
      vertex 4.37085 6.37082 5.2
      vertex 4.08527 6.44236 5.2
    endloop
  endfacet
  facet normal 0 0 1
    outer loop
      vertex 4.64805 6.27164 5.2
      vertex 4.03576 4.79343 5.2
      vertex 4.15996 4.73469 5.2
    endloop
  endfacet
  facet normal 0 0 1
    outer loop
      vertex 4.37085 6.37082 5.2
      vertex 3.9064 4.83972 5.2
      vertex 4.03576 4.79343 5.2
    endloop
  endfacet
  facet normal 0 0 1
    outer loop
      vertex 3.77313 4.8731 5.2
      vertex 4.08527 6.44236 5.2
      vertex 3.79405 6.48555 5.2
    endloop
  endfacet
  facet normal 0 0 1
    outer loop
      vertex 4.08527 6.44236 5.2
      vertex 3.77313 4.8731 5.2
      vertex 3.9064 4.83972 5.2
    endloop
  endfacet
  facet normal 0 0 1
    outer loop
      vertex 3.79405 6.48555 5.2
      vertex 3.63722 4.89326 5.2
      vertex 3.77313 4.8731 5.2
    endloop
  endfacet
  facet normal 0 0 1
    outer loop
      vertex 3.5 6.5 5.2
      vertex 3.63722 4.89326 5.2
      vertex 3.79405 6.48555 5.2
    endloop
  endfacet
  facet normal 0 0 1
    outer loop
      vertex 3.5 6.5 5.2
      vertex 3.5 4.9 5.2
      vertex 3.63722 4.89326 5.2
    endloop
  endfacet
  facet normal 0 0 1
    outer loop
      vertex 3.5 6.5 5.2
      vertex 3.36278 4.89326 5.2
      vertex 3.5 4.9 5.2
    endloop
  endfacet
  facet normal -0 0 1
    outer loop
      vertex 3.20595 6.48555 5.2
      vertex 3.36278 4.89326 5.2
      vertex 3.5 6.5 5.2
    endloop
  endfacet
  facet normal 0 0 1
    outer loop
      vertex 3.36278 4.89326 5.2
      vertex 3.20595 6.48555 5.2
      vertex 3.22687 4.8731 5.2
    endloop
  endfacet
  facet normal -0 0 1
    outer loop
      vertex 2.91473 6.44236 5.2
      vertex 3.22687 4.8731 5.2
      vertex 3.20595 6.48555 5.2
    endloop
  endfacet
  facet normal 0 0 1
    outer loop
      vertex 3.22687 4.8731 5.2
      vertex 2.91473 6.44236 5.2
      vertex 3.0936 4.83972 5.2
    endloop
  endfacet
  facet normal -0 0 1
    outer loop
      vertex 2.62915 6.37082 5.2
      vertex 3.0936 4.83972 5.2
      vertex 2.91473 6.44236 5.2
    endloop
  endfacet
  facet normal 0 0 1
    outer loop
      vertex 3.0936 4.83972 5.2
      vertex 2.62915 6.37082 5.2
      vertex 2.96424 4.79343 5.2
    endloop
  endfacet
  facet normal -0 0 1
    outer loop
      vertex 2.35195 6.27164 5.2
      vertex 2.96424 4.79343 5.2
      vertex 2.62915 6.37082 5.2
    endloop
  endfacet
  facet normal 0 0 1
    outer loop
      vertex 2.96424 4.79343 5.2
      vertex 2.35195 6.27164 5.2
      vertex 2.84004 4.73469 5.2
    endloop
  endfacet
  facet normal -0 0 1
    outer loop
      vertex 2.08581 6.14576 5.2
      vertex 2.84004 4.73469 5.2
      vertex 2.35195 6.27164 5.2
    endloop
  endfacet
  facet normal 0 0 1
    outer loop
      vertex 2.84004 4.73469 5.2
      vertex 2.08581 6.14576 5.2
      vertex 2.7222 4.66406 5.2
    endloop
  endfacet
  facet normal -0 0 1
    outer loop
      vertex 1.83329 5.99441 5.2
      vertex 2.7222 4.66406 5.2
      vertex 2.08581 6.14576 5.2
    endloop
  endfacet
  facet normal 0 0 1
    outer loop
      vertex 2.7222 4.66406 5.2
      vertex 1.83329 5.99441 5.2
      vertex 2.61185 4.58221 5.2
    endloop
  endfacet
  facet normal -0 0 1
    outer loop
      vertex 1.59682 5.81903 5.2
      vertex 2.61185 4.58221 5.2
      vertex 1.83329 5.99441 5.2
    endloop
  endfacet
  facet normal 0 0 1
    outer loop
      vertex 2.61185 4.58221 5.2
      vertex 1.59682 5.81903 5.2
      vertex 2.51005 4.48995 5.2
    endloop
  endfacet
  facet normal -0 0 1
    outer loop
      vertex 1.37868 5.62132 5.2
      vertex 2.51005 4.48995 5.2
      vertex 1.59682 5.81903 5.2
    endloop
  endfacet
  facet normal 0 0 1
    outer loop
      vertex 2.51005 4.48995 5.2
      vertex 1.37868 5.62132 5.2
      vertex 2.41778 4.38815 5.2
    endloop
  endfacet
  facet normal -0 0 1
    outer loop
      vertex 1.18097 5.40318 5.2
      vertex 2.41778 4.38815 5.2
      vertex 1.37868 5.62132 5.2
    endloop
  endfacet
  facet normal 0 0 1
    outer loop
      vertex 2.41778 4.38815 5.2
      vertex 1.18097 5.40318 5.2
      vertex 2.33594 4.2778 5.2
    endloop
  endfacet
  facet normal 0 0 1
    outer loop
      vertex 2.33594 4.2778 5.2
      vertex 1.00559 5.16671 5.2
      vertex 2.26531 4.15996 5.2
    endloop
  endfacet
  facet normal -0 0 1
    outer loop
      vertex 1.00559 5.16671 5.2
      vertex 2.33594 4.2778 5.2
      vertex 1.18097 5.40318 5.2
    endloop
  endfacet
  facet normal -0 0 1
    outer loop
      vertex 4.66406 2.7222 5.2
      vertex 5.99441 1.83329 5.2
      vertex 4.73469 2.84004 5.2
    endloop
  endfacet
  facet normal 0 0 1
    outer loop
      vertex 5.99441 1.83329 5.2
      vertex 4.66406 2.7222 5.2
      vertex 5.81903 1.59682 5.2
    endloop
  endfacet
  facet normal -0 0 1
    outer loop
      vertex 4.58221 2.61185 5.2
      vertex 5.81903 1.59682 5.2
      vertex 4.66406 2.7222 5.2
    endloop
  endfacet
  facet normal 0 0 1
    outer loop
      vertex 5.81903 1.59682 5.2
      vertex 4.58221 2.61185 5.2
      vertex 5.62132 1.37868 5.2
    endloop
  endfacet
  facet normal -0 0 1
    outer loop
      vertex 4.48995 2.51005 5.2
      vertex 5.62132 1.37868 5.2
      vertex 4.58221 2.61185 5.2
    endloop
  endfacet
  facet normal 0 0 1
    outer loop
      vertex 5.62132 1.37868 5.2
      vertex 4.48995 2.51005 5.2
      vertex 5.40318 1.18097 5.2
    endloop
  endfacet
  facet normal -0 0 1
    outer loop
      vertex 4.38815 2.41778 5.2
      vertex 5.40318 1.18097 5.2
      vertex 4.48995 2.51005 5.2
    endloop
  endfacet
  facet normal 0 0 1
    outer loop
      vertex 5.40318 1.18097 5.2
      vertex 4.38815 2.41778 5.2
      vertex 5.16671 1.00559 5.2
    endloop
  endfacet
  facet normal -0 0 1
    outer loop
      vertex 4.2778 2.33594 5.2
      vertex 5.16671 1.00559 5.2
      vertex 4.38815 2.41778 5.2
    endloop
  endfacet
  facet normal 0 0 1
    outer loop
      vertex 5.16671 1.00559 5.2
      vertex 4.2778 2.33594 5.2
      vertex 4.91419 0.854236 5.2
    endloop
  endfacet
  facet normal -0 0 1
    outer loop
      vertex 4.15996 2.26531 5.2
      vertex 4.91419 0.854236 5.2
      vertex 4.2778 2.33594 5.2
    endloop
  endfacet
  facet normal 0 0 1
    outer loop
      vertex 4.91419 0.854236 5.2
      vertex 4.15996 2.26531 5.2
      vertex 4.64805 0.728361 5.2
    endloop
  endfacet
  facet normal -0 0 1
    outer loop
      vertex 4.03576 2.20657 5.2
      vertex 4.64805 0.728361 5.2
      vertex 4.15996 2.26531 5.2
    endloop
  endfacet
  facet normal 0 0 1
    outer loop
      vertex 4.64805 0.728361 5.2
      vertex 4.03576 2.20657 5.2
      vertex 4.37085 0.629178 5.2
    endloop
  endfacet
  facet normal -0 0 1
    outer loop
      vertex 3.9064 2.16028 5.2
      vertex 4.37085 0.629178 5.2
      vertex 4.03576 2.20657 5.2
    endloop
  endfacet
  facet normal 0 0 1
    outer loop
      vertex 4.37085 0.629178 5.2
      vertex 3.9064 2.16028 5.2
      vertex 4.08527 0.557644 5.2
    endloop
  endfacet
  facet normal -0 0 1
    outer loop
      vertex 3.77313 2.1269 5.2
      vertex 4.08527 0.557644 5.2
      vertex 3.9064 2.16028 5.2
    endloop
  endfacet
  facet normal 0 0 1
    outer loop
      vertex 4.08527 0.557644 5.2
      vertex 3.77313 2.1269 5.2
      vertex 3.79405 0.514445 5.2
    endloop
  endfacet
  facet normal -0 0 1
    outer loop
      vertex 3.63722 2.10674 5.2
      vertex 3.79405 0.514445 5.2
      vertex 3.77313 2.1269 5.2
    endloop
  endfacet
  facet normal -0 0 1
    outer loop
      vertex 3.5 2.1 5.2
      vertex 3.79405 0.514445 5.2
      vertex 3.63722 2.10674 5.2
    endloop
  endfacet
  facet normal 0 0 1
    outer loop
      vertex 3.5 2.1 5.2
      vertex 3.5 0.5 5.2
      vertex 3.79405 0.514445 5.2
    endloop
  endfacet
  facet normal 0 0 1
    outer loop
      vertex 3.36278 2.10674 5.2
      vertex 3.5 0.5 5.2
      vertex 3.5 2.1 5.2
    endloop
  endfacet
  facet normal 0 0 1
    outer loop
      vertex 3.20595 0.514445 5.2
      vertex 3.36278 2.10674 5.2
      vertex 3.22687 2.1269 5.2
    endloop
  endfacet
  facet normal 0 0 1
    outer loop
      vertex 3.36278 2.10674 5.2
      vertex 3.20595 0.514445 5.2
      vertex 3.5 0.5 5.2
    endloop
  endfacet
  facet normal 0 0 1
    outer loop
      vertex 2.91473 0.557644 5.2
      vertex 3.22687 2.1269 5.2
      vertex 3.0936 2.16028 5.2
    endloop
  endfacet
  facet normal 0 0 1
    outer loop
      vertex 2.62915 0.629178 5.2
      vertex 3.0936 2.16028 5.2
      vertex 2.96424 2.20657 5.2
    endloop
  endfacet
  facet normal 0 0 1
    outer loop
      vertex 3.22687 2.1269 5.2
      vertex 2.91473 0.557644 5.2
      vertex 3.20595 0.514445 5.2
    endloop
  endfacet
  facet normal 0 0 1
    outer loop
      vertex 2.35195 0.728361 5.2
      vertex 2.96424 2.20657 5.2
      vertex 2.84004 2.26531 5.2
    endloop
  endfacet
  facet normal 0 0 1
    outer loop
      vertex 2.08581 0.854236 5.2
      vertex 2.84004 2.26531 5.2
      vertex 2.7222 2.33594 5.2
    endloop
  endfacet
  facet normal 0 0 1
    outer loop
      vertex 3.0936 2.16028 5.2
      vertex 2.62915 0.629178 5.2
      vertex 2.91473 0.557644 5.2
    endloop
  endfacet
  facet normal 0 0 1
    outer loop
      vertex 1.83329 1.00559 5.2
      vertex 2.7222 2.33594 5.2
      vertex 2.61185 2.41778 5.2
    endloop
  endfacet
  facet normal 0 0 1
    outer loop
      vertex 1.59682 1.18097 5.2
      vertex 2.61185 2.41778 5.2
      vertex 2.51005 2.51005 5.2
    endloop
  endfacet
  facet normal 0 0 1
    outer loop
      vertex 1.37868 1.37868 5.2
      vertex 2.51005 2.51005 5.2
      vertex 2.41778 2.61185 5.2
    endloop
  endfacet
  facet normal 0 0 1
    outer loop
      vertex 2.96424 2.20657 5.2
      vertex 2.35195 0.728361 5.2
      vertex 2.62915 0.629178 5.2
    endloop
  endfacet
  facet normal 0 0 1
    outer loop
      vertex 1.18097 1.59682 5.2
      vertex 2.41778 2.61185 5.2
      vertex 2.33594 2.7222 5.2
    endloop
  endfacet
  facet normal 0 0 1
    outer loop
      vertex 1.00559 1.83329 5.2
      vertex 2.33594 2.7222 5.2
      vertex 2.26531 2.84004 5.2
    endloop
  endfacet
  facet normal 0 0 1
    outer loop
      vertex 0.854236 2.08581 5.2
      vertex 2.26531 2.84004 5.2
      vertex 2.20657 2.96424 5.2
    endloop
  endfacet
  facet normal 0 0 1
    outer loop
      vertex 0.728361 2.35195 5.2
      vertex 2.20657 2.96424 5.2
      vertex 2.16028 3.0936 5.2
    endloop
  endfacet
  facet normal 0 0 1
    outer loop
      vertex 0.629178 2.62915 5.2
      vertex 2.16028 3.0936 5.2
      vertex 2.1269 3.22687 5.2
    endloop
  endfacet
  facet normal 0 0 1
    outer loop
      vertex 0.557644 2.91473 5.2
      vertex 2.1269 3.22687 5.2
      vertex 2.10674 3.36278 5.2
    endloop
  endfacet
  facet normal 0 0 1
    outer loop
      vertex 2.84004 2.26531 5.2
      vertex 2.08581 0.854236 5.2
      vertex 2.35195 0.728361 5.2
    endloop
  endfacet
  facet normal 0 0 1
    outer loop
      vertex 0.514445 3.20595 5.2
      vertex 2.10674 3.36278 5.2
      vertex 2.1 3.5 5.2
    endloop
  endfacet
  facet normal -0 0 1
    outer loop
      vertex 0.854236 4.91419 5.2
      vertex 2.26531 4.15996 5.2
      vertex 1.00559 5.16671 5.2
    endloop
  endfacet
  facet normal 0 0 1
    outer loop
      vertex 2.26531 4.15996 5.2
      vertex 0.854236 4.91419 5.2
      vertex 2.20657 4.03576 5.2
    endloop
  endfacet
  facet normal 0 0 1
    outer loop
      vertex 2.7222 2.33594 5.2
      vertex 1.83329 1.00559 5.2
      vertex 2.08581 0.854236 5.2
    endloop
  endfacet
  facet normal -0 0 1
    outer loop
      vertex 0.728361 4.64805 5.2
      vertex 2.20657 4.03576 5.2
      vertex 0.854236 4.91419 5.2
    endloop
  endfacet
  facet normal 0 0 1
    outer loop
      vertex 2.61185 2.41778 5.2
      vertex 1.59682 1.18097 5.2
      vertex 1.83329 1.00559 5.2
    endloop
  endfacet
  facet normal 0 0 1
    outer loop
      vertex 2.20657 4.03576 5.2
      vertex 0.728361 4.64805 5.2
      vertex 2.16028 3.9064 5.2
    endloop
  endfacet
  facet normal 0 0 1
    outer loop
      vertex 2.51005 2.51005 5.2
      vertex 1.37868 1.37868 5.2
      vertex 1.59682 1.18097 5.2
    endloop
  endfacet
  facet normal -0 0 1
    outer loop
      vertex 0.629178 4.37085 5.2
      vertex 2.16028 3.9064 5.2
      vertex 0.728361 4.64805 5.2
    endloop
  endfacet
  facet normal 0 0 1
    outer loop
      vertex 2.41778 2.61185 5.2
      vertex 1.18097 1.59682 5.2
      vertex 1.37868 1.37868 5.2
    endloop
  endfacet
  facet normal 0 0 1
    outer loop
      vertex 2.16028 3.9064 5.2
      vertex 0.629178 4.37085 5.2
      vertex 2.1269 3.77313 5.2
    endloop
  endfacet
  facet normal 0 0 1
    outer loop
      vertex 2.33594 2.7222 5.2
      vertex 1.00559 1.83329 5.2
      vertex 1.18097 1.59682 5.2
    endloop
  endfacet
  facet normal -0 0 1
    outer loop
      vertex 0.557644 4.08527 5.2
      vertex 2.1269 3.77313 5.2
      vertex 0.629178 4.37085 5.2
    endloop
  endfacet
  facet normal 0 0 1
    outer loop
      vertex 2.26531 2.84004 5.2
      vertex 0.854236 2.08581 5.2
      vertex 1.00559 1.83329 5.2
    endloop
  endfacet
  facet normal 0 0 1
    outer loop
      vertex 2.1269 3.77313 5.2
      vertex 0.557644 4.08527 5.2
      vertex 2.10674 3.63722 5.2
    endloop
  endfacet
  facet normal 0 0 1
    outer loop
      vertex 2.20657 2.96424 5.2
      vertex 0.728361 2.35195 5.2
      vertex 0.854236 2.08581 5.2
    endloop
  endfacet
  facet normal -0 0 1
    outer loop
      vertex 0.514445 3.79405 5.2
      vertex 2.10674 3.63722 5.2
      vertex 0.557644 4.08527 5.2
    endloop
  endfacet
  facet normal 0 0 1
    outer loop
      vertex 2.16028 3.0936 5.2
      vertex 0.629178 2.62915 5.2
      vertex 0.728361 2.35195 5.2
    endloop
  endfacet
  facet normal 0 0 1
    outer loop
      vertex 2.10674 3.63722 5.2
      vertex 0.514445 3.79405 5.2
      vertex 2.1 3.5 5.2
    endloop
  endfacet
  facet normal 0 0 1
    outer loop
      vertex 2.1269 3.22687 5.2
      vertex 0.557644 2.91473 5.2
      vertex 0.629178 2.62915 5.2
    endloop
  endfacet
  facet normal 0 0 1
    outer loop
      vertex 0.5 3.5 5.2
      vertex 2.1 3.5 5.2
      vertex 0.514445 3.79405 5.2
    endloop
  endfacet
  facet normal 0 0 1
    outer loop
      vertex 2.10674 3.36278 5.2
      vertex 0.514445 3.20595 5.2
      vertex 0.557644 2.91473 5.2
    endloop
  endfacet
  facet normal 0 0 1
    outer loop
      vertex 2.1 3.5 5.2
      vertex 0.5 3.5 5.2
      vertex 0.514445 3.20595 5.2
    endloop
  endfacet
  facet normal -0.336939 -0.941527 0
    outer loop
      vertex 2.35195 23.7284 2.6
      vertex 2.62915 23.6292 5.2
      vertex 2.35195 23.7284 5.2
    endloop
  endfacet
  facet normal -0.336939 -0.941527 -0
    outer loop
      vertex 2.62915 23.6292 5.2
      vertex 2.35195 23.7284 2.6
      vertex 2.62915 23.6292 2.6
    endloop
  endfacet
  facet normal 0.989179 0.146712 0
    outer loop
      vertex 6.48555 26.7941 5.2
      vertex 6.44236 27.0853 2.6
      vertex 6.44236 27.0853 5.2
    endloop
  endfacet
  facet normal 0.989179 0.146712 0
    outer loop
      vertex 6.44236 27.0853 2.6
      vertex 6.48555 26.7941 5.2
      vertex 6.48555 26.7941 2.6
    endloop
  endfacet
  facet normal 0.998795 0.0490738 0
    outer loop
      vertex 6.5 26.5 5.2
      vertex 6.48555 26.7941 2.6
      vertex 6.48555 26.7941 5.2
    endloop
  endfacet
  facet normal 0.998795 0.0490738 0
    outer loop
      vertex 6.48555 26.7941 2.6
      vertex 6.5 26.5 5.2
      vertex 6.5 26.5 2.6
    endloop
  endfacet
  facet normal 0.970031 0.242983 0
    outer loop
      vertex 6.44236 27.0853 5.2
      vertex 6.37082 27.3709 2.6
      vertex 6.37082 27.3709 5.2
    endloop
  endfacet
  facet normal 0.970031 0.242983 0
    outer loop
      vertex 6.37082 27.3709 2.6
      vertex 6.44236 27.0853 5.2
      vertex 6.44236 27.0853 2.6
    endloop
  endfacet
  facet normal -0.989175 0.146742 0
    outer loop
      vertex 0.514445 26.7941 2.6
      vertex 0.557644 27.0853 5.2
      vertex 0.557644 27.0853 2.6
    endloop
  endfacet
  facet normal -0.989175 0.146742 0
    outer loop
      vertex 0.557644 27.0853 5.2
      vertex 0.514445 26.7941 2.6
      vertex 0.514445 26.7941 5.2
    endloop
  endfacet
  facet normal -0.243191 -0.969978 0
    outer loop
      vertex 2.62915 23.6292 2.6
      vertex 2.91473 23.5576 5.2
      vertex 2.62915 23.6292 5.2
    endloop
  endfacet
  facet normal -0.243191 -0.969978 -0
    outer loop
      vertex 2.91473 23.5576 5.2
      vertex 2.62915 23.6292 2.6
      vertex 2.91473 23.5576 2.6
    endloop
  endfacet
  facet normal 0.336939 0.941527 -0
    outer loop
      vertex 4.64805 29.2716 2.6
      vertex 4.37085 29.3708 5.2
      vertex 4.64805 29.2716 5.2
    endloop
  endfacet
  facet normal 0.336939 0.941527 0
    outer loop
      vertex 4.37085 29.3708 5.2
      vertex 4.64805 29.2716 2.6
      vertex 4.37085 29.3708 2.6
    endloop
  endfacet
  facet normal -0.514216 0.857661 0
    outer loop
      vertex 2.08581 29.1458 2.6
      vertex 1.83329 28.9944 5.2
      vertex 2.08581 29.1458 5.2
    endloop
  endfacet
  facet normal -0.514216 0.857661 0
    outer loop
      vertex 1.83329 28.9944 5.2
      vertex 2.08581 29.1458 2.6
      vertex 1.83329 28.9944 2.6
    endloop
  endfacet
  facet normal -0.903964 -0.427608 0
    outer loop
      vertex 0.854236 25.0858 2.6
      vertex 0.728361 25.3519 5.2
      vertex 0.728361 25.3519 2.6
    endloop
  endfacet
  facet normal -0.903964 -0.427608 0
    outer loop
      vertex 0.728361 25.3519 5.2
      vertex 0.854236 25.0858 2.6
      vertex 0.854236 25.0858 5.2
    endloop
  endfacet
  facet normal -0.243191 0.969978 0
    outer loop
      vertex 2.91473 29.4424 2.6
      vertex 2.62915 29.3708 5.2
      vertex 2.91473 29.4424 5.2
    endloop
  endfacet
  facet normal -0.243191 0.969978 0
    outer loop
      vertex 2.62915 29.3708 5.2
      vertex 2.91473 29.4424 2.6
      vertex 2.62915 29.3708 2.6
    endloop
  endfacet
  facet normal -0.857712 -0.514131 0
    outer loop
      vertex 1.00559 24.8333 2.6
      vertex 0.854236 25.0858 5.2
      vertex 0.854236 25.0858 2.6
    endloop
  endfacet
  facet normal -0.857712 -0.514131 0
    outer loop
      vertex 0.854236 25.0858 5.2
      vertex 1.00559 24.8333 2.6
      vertex 1.00559 24.8333 5.2
    endloop
  endfacet
  facet normal 0.243191 -0.969978 0
    outer loop
      vertex 4.08527 23.5576 2.6
      vertex 4.37085 23.6292 5.2
      vertex 4.08527 23.5576 5.2
    endloop
  endfacet
  facet normal 0.243191 -0.969978 0
    outer loop
      vertex 4.37085 23.6292 5.2
      vertex 4.08527 23.5576 2.6
      vertex 4.37085 23.6292 2.6
    endloop
  endfacet
  facet normal -0.595747 -0.803172 0
    outer loop
      vertex 1.59682 24.181 2.6
      vertex 1.83329 24.0056 5.2
      vertex 1.59682 24.181 5.2
    endloop
  endfacet
  facet normal -0.595747 -0.803172 -0
    outer loop
      vertex 1.83329 24.0056 5.2
      vertex 1.59682 24.181 2.6
      vertex 1.83329 24.0056 2.6
    endloop
  endfacet
  facet normal 0.514216 -0.857661 0
    outer loop
      vertex 4.91419 23.8542 2.6
      vertex 5.16671 24.0056 5.2
      vertex 4.91419 23.8542 5.2
    endloop
  endfacet
  facet normal 0.514216 -0.857661 0
    outer loop
      vertex 5.16671 24.0056 5.2
      vertex 4.91419 23.8542 2.6
      vertex 5.16671 24.0056 2.6
    endloop
  endfacet
  facet normal 0.803241 -0.595655 0
    outer loop
      vertex 5.81903 24.5968 5.2
      vertex 5.99441 24.8333 2.6
      vertex 5.99441 24.8333 5.2
    endloop
  endfacet
  facet normal 0.803241 -0.595655 0
    outer loop
      vertex 5.99441 24.8333 2.6
      vertex 5.81903 24.5968 5.2
      vertex 5.81903 24.5968 2.6
    endloop
  endfacet
  facet normal 0.146736 0.989176 -0
    outer loop
      vertex 4.08527 29.4424 2.6
      vertex 3.79405 29.4856 5.2
      vertex 4.08527 29.4424 5.2
    endloop
  endfacet
  facet normal 0.146736 0.989176 0
    outer loop
      vertex 3.79405 29.4856 5.2
      vertex 4.08527 29.4424 2.6
      vertex 3.79405 29.4856 2.6
    endloop
  endfacet
  facet normal -0.595747 0.803172 0
    outer loop
      vertex 1.83329 28.9944 2.6
      vertex 1.59682 28.819 5.2
      vertex 1.83329 28.9944 5.2
    endloop
  endfacet
  facet normal -0.595747 0.803172 0
    outer loop
      vertex 1.59682 28.819 5.2
      vertex 1.83329 28.9944 2.6
      vertex 1.59682 28.819 2.6
    endloop
  endfacet
  facet normal -0.803241 0.595655 0
    outer loop
      vertex 1.00559 28.1667 2.6
      vertex 1.18097 28.4032 5.2
      vertex 1.18097 28.4032 2.6
    endloop
  endfacet
  facet normal -0.803241 0.595655 0
    outer loop
      vertex 1.18097 28.4032 5.2
      vertex 1.00559 28.1667 2.6
      vertex 1.00559 28.1667 5.2
    endloop
  endfacet
  facet normal 0.989179 -0.146712 0
    outer loop
      vertex 6.44236 25.9147 5.2
      vertex 6.48555 26.2059 2.6
      vertex 6.48555 26.2059 5.2
    endloop
  endfacet
  facet normal 0.989179 -0.146712 0
    outer loop
      vertex 6.48555 26.2059 2.6
      vertex 6.44236 25.9147 5.2
      vertex 6.44236 25.9147 2.6
    endloop
  endfacet
  facet normal -0.941506 0.336995 0
    outer loop
      vertex 0.629178 27.3709 2.6
      vertex 0.728361 27.648 5.2
      vertex 0.728361 27.648 2.6
    endloop
  endfacet
  facet normal -0.941506 0.336995 0
    outer loop
      vertex 0.728361 27.648 5.2
      vertex 0.629178 27.3709 2.6
      vertex 0.629178 27.3709 5.2
    endloop
  endfacet
  facet normal 0.427347 0.904088 -0
    outer loop
      vertex 4.91419 29.1458 2.6
      vertex 4.64805 29.2716 5.2
      vertex 4.91419 29.1458 5.2
    endloop
  endfacet
  facet normal 0.427347 0.904088 0
    outer loop
      vertex 4.64805 29.2716 5.2
      vertex 4.91419 29.1458 2.6
      vertex 4.64805 29.2716 2.6
    endloop
  endfacet
  facet normal -0.941545 -0.336888 0
    outer loop
      vertex 0.728361 25.3519 2.6
      vertex 0.629178 25.6291 5.2
      vertex 0.629178 25.6291 2.6
    endloop
  endfacet
  facet normal -0.941545 -0.336888 0
    outer loop
      vertex 0.629178 25.6291 5.2
      vertex 0.728361 25.3519 2.6
      vertex 0.728361 25.3519 5.2
    endloop
  endfacet
  facet normal 0.970031 -0.242983 0
    outer loop
      vertex 6.37082 25.6291 5.2
      vertex 6.44236 25.9147 2.6
      vertex 6.44236 25.9147 5.2
    endloop
  endfacet
  facet normal 0.970031 -0.242983 0
    outer loop
      vertex 6.44236 25.9147 2.6
      vertex 6.37082 25.6291 5.2
      vertex 6.37082 25.6291 2.6
    endloop
  endfacet
  facet normal -0.0489126 0.998803 0
    outer loop
      vertex 3.5 29.5 2.6
      vertex 3.20595 29.4856 5.2
      vertex 3.5 29.5 5.2
    endloop
  endfacet
  facet normal -0.0489126 0.998803 0
    outer loop
      vertex 3.20595 29.4856 5.2
      vertex 3.5 29.5 2.6
      vertex 3.20595 29.4856 2.6
    endloop
  endfacet
  facet normal 0.671539 0.740969 -0
    outer loop
      vertex 5.62132 28.6213 2.6
      vertex 5.40318 28.819 5.2
      vertex 5.62132 28.6213 5.2
    endloop
  endfacet
  facet normal 0.671539 0.740969 0
    outer loop
      vertex 5.40318 28.819 5.2
      vertex 5.62132 28.6213 2.6
      vertex 5.40318 28.819 2.6
    endloop
  endfacet
  facet normal -0.427347 0.904088 0
    outer loop
      vertex 2.35195 29.2716 2.6
      vertex 2.08581 29.1458 5.2
      vertex 2.35195 29.2716 5.2
    endloop
  endfacet
  facet normal -0.427347 0.904088 0
    outer loop
      vertex 2.08581 29.1458 5.2
      vertex 2.35195 29.2716 2.6
      vertex 2.08581 29.1458 2.6
    endloop
  endfacet
  facet normal -0.671539 0.740969 0
    outer loop
      vertex 1.59682 28.819 2.6
      vertex 1.37868 28.6213 5.2
      vertex 1.59682 28.819 5.2
    endloop
  endfacet
  facet normal -0.671539 0.740969 0
    outer loop
      vertex 1.37868 28.6213 5.2
      vertex 1.59682 28.819 2.6
      vertex 1.37868 28.6213 2.6
    endloop
  endfacet
  facet normal 0.336939 -0.941527 0
    outer loop
      vertex 4.37085 23.6292 2.6
      vertex 4.64805 23.7284 5.2
      vertex 4.37085 23.6292 5.2
    endloop
  endfacet
  facet normal 0.336939 -0.941527 0
    outer loop
      vertex 4.64805 23.7284 5.2
      vertex 4.37085 23.6292 2.6
      vertex 4.64805 23.7284 2.6
    endloop
  endfacet
  facet normal -0.336939 0.941527 0
    outer loop
      vertex 2.62915 29.3708 2.6
      vertex 2.35195 29.2716 5.2
      vertex 2.62915 29.3708 5.2
    endloop
  endfacet
  facet normal -0.336939 0.941527 0
    outer loop
      vertex 2.35195 29.2716 5.2
      vertex 2.62915 29.3708 2.6
      vertex 2.35195 29.2716 2.6
    endloop
  endfacet
  facet normal 0.803241 0.595655 0
    outer loop
      vertex 5.99441 28.1667 5.2
      vertex 5.81903 28.4032 2.6
      vertex 5.81903 28.4032 5.2
    endloop
  endfacet
  facet normal 0.803241 0.595655 0
    outer loop
      vertex 5.81903 28.4032 2.6
      vertex 5.99441 28.1667 5.2
      vertex 5.99441 28.1667 2.6
    endloop
  endfacet
  facet normal -0.857712 0.514131 0
    outer loop
      vertex 0.854236 27.9142 2.6
      vertex 1.00559 28.1667 5.2
      vertex 1.00559 28.1667 2.6
    endloop
  endfacet
  facet normal -0.857712 0.514131 0
    outer loop
      vertex 1.00559 28.1667 5.2
      vertex 0.854236 27.9142 2.6
      vertex 0.854236 27.9142 5.2
    endloop
  endfacet
  facet normal 0.998795 -0.0490738 0
    outer loop
      vertex 6.48555 26.2059 5.2
      vertex 6.5 26.5 2.6
      vertex 6.5 26.5 5.2
    endloop
  endfacet
  facet normal 0.998795 -0.0490738 0
    outer loop
      vertex 6.5 26.5 2.6
      vertex 6.48555 26.2059 5.2
      vertex 6.48555 26.2059 2.6
    endloop
  endfacet
  facet normal 0.903958 -0.427622 0
    outer loop
      vertex 6.14576 25.0858 5.2
      vertex 6.27164 25.3519 2.6
      vertex 6.27164 25.3519 5.2
    endloop
  endfacet
  facet normal 0.903958 -0.427622 0
    outer loop
      vertex 6.27164 25.3519 2.6
      vertex 6.14576 25.0858 5.2
      vertex 6.14576 25.0858 2.6
    endloop
  endfacet
  facet normal 0 0 1
    outer loop
      vertex 4.9 26.5 5.2
      vertex 6.5 26.5 5.2
      vertex 6.48555 26.7941 5.2
    endloop
  endfacet
  facet normal 0 0 1
    outer loop
      vertex 4.89326 26.6372 5.2
      vertex 6.48555 26.7941 5.2
      vertex 6.44236 27.0853 5.2
    endloop
  endfacet
  facet normal 0 0 1
    outer loop
      vertex 6.5 26.5 5.2
      vertex 4.9 26.5 5.2
      vertex 6.48555 26.2059 5.2
    endloop
  endfacet
  facet normal 0 0 1
    outer loop
      vertex 4.8731 26.7731 5.2
      vertex 6.44236 27.0853 5.2
      vertex 6.37082 27.3709 5.2
    endloop
  endfacet
  facet normal -0 0 1
    outer loop
      vertex 4.89326 26.3628 5.2
      vertex 6.48555 26.2059 5.2
      vertex 4.9 26.5 5.2
    endloop
  endfacet
  facet normal 0 0 1
    outer loop
      vertex 4.83972 26.9064 5.2
      vertex 6.37082 27.3709 5.2
      vertex 6.27164 27.648 5.2
    endloop
  endfacet
  facet normal 0 0 1
    outer loop
      vertex 6.48555 26.2059 5.2
      vertex 4.89326 26.3628 5.2
      vertex 6.44236 25.9147 5.2
    endloop
  endfacet
  facet normal 0 0 1
    outer loop
      vertex 4.79343 27.0358 5.2
      vertex 6.27164 27.648 5.2
      vertex 6.14576 27.9142 5.2
    endloop
  endfacet
  facet normal -0 0 1
    outer loop
      vertex 4.8731 26.2269 5.2
      vertex 6.44236 25.9147 5.2
      vertex 4.89326 26.3628 5.2
    endloop
  endfacet
  facet normal 0 0 1
    outer loop
      vertex 4.73469 27.16 5.2
      vertex 6.14576 27.9142 5.2
      vertex 5.99441 28.1667 5.2
    endloop
  endfacet
  facet normal 0 0 1
    outer loop
      vertex 6.44236 25.9147 5.2
      vertex 4.8731 26.2269 5.2
      vertex 6.37082 25.6291 5.2
    endloop
  endfacet
  facet normal 0 0 1
    outer loop
      vertex 4.66406 27.2778 5.2
      vertex 5.99441 28.1667 5.2
      vertex 5.81903 28.4032 5.2
    endloop
  endfacet
  facet normal -0 0 1
    outer loop
      vertex 4.83972 26.0936 5.2
      vertex 6.37082 25.6291 5.2
      vertex 4.8731 26.2269 5.2
    endloop
  endfacet
  facet normal 0 0 1
    outer loop
      vertex 4.58221 27.3881 5.2
      vertex 5.81903 28.4032 5.2
      vertex 5.62132 28.6213 5.2
    endloop
  endfacet
  facet normal 0 0 1
    outer loop
      vertex 6.37082 25.6291 5.2
      vertex 4.83972 26.0936 5.2
      vertex 6.27164 25.3519 5.2
    endloop
  endfacet
  facet normal 0 0 1
    outer loop
      vertex 4.48995 27.4899 5.2
      vertex 5.62132 28.6213 5.2
      vertex 5.40318 28.819 5.2
    endloop
  endfacet
  facet normal -0 0 1
    outer loop
      vertex 4.79343 25.9642 5.2
      vertex 6.27164 25.3519 5.2
      vertex 4.83972 26.0936 5.2
    endloop
  endfacet
  facet normal 0 0 1
    outer loop
      vertex 4.38815 27.5822 5.2
      vertex 5.40318 28.819 5.2
      vertex 5.16671 28.9944 5.2
    endloop
  endfacet
  facet normal 0 0 1
    outer loop
      vertex 6.27164 25.3519 5.2
      vertex 4.79343 25.9642 5.2
      vertex 6.14576 25.0858 5.2
    endloop
  endfacet
  facet normal 0 0 1
    outer loop
      vertex 4.2778 27.6641 5.2
      vertex 5.16671 28.9944 5.2
      vertex 4.91419 29.1458 5.2
    endloop
  endfacet
  facet normal -0 0 1
    outer loop
      vertex 4.73469 25.84 5.2
      vertex 6.14576 25.0858 5.2
      vertex 4.79343 25.9642 5.2
    endloop
  endfacet
  facet normal 0 0 1
    outer loop
      vertex 6.14576 25.0858 5.2
      vertex 4.73469 25.84 5.2
      vertex 5.99441 24.8333 5.2
    endloop
  endfacet
  facet normal 0 0 1
    outer loop
      vertex 6.48555 26.7941 5.2
      vertex 4.89326 26.6372 5.2
      vertex 4.9 26.5 5.2
    endloop
  endfacet
  facet normal 0 0 1
    outer loop
      vertex 6.44236 27.0853 5.2
      vertex 4.8731 26.7731 5.2
      vertex 4.89326 26.6372 5.2
    endloop
  endfacet
  facet normal 0 0 1
    outer loop
      vertex 6.37082 27.3709 5.2
      vertex 4.83972 26.9064 5.2
      vertex 4.8731 26.7731 5.2
    endloop
  endfacet
  facet normal 0 0 1
    outer loop
      vertex 6.27164 27.648 5.2
      vertex 4.79343 27.0358 5.2
      vertex 4.83972 26.9064 5.2
    endloop
  endfacet
  facet normal 0 0 1
    outer loop
      vertex 6.14576 27.9142 5.2
      vertex 4.73469 27.16 5.2
      vertex 4.79343 27.0358 5.2
    endloop
  endfacet
  facet normal 0 0 1
    outer loop
      vertex 5.99441 28.1667 5.2
      vertex 4.66406 27.2778 5.2
      vertex 4.73469 27.16 5.2
    endloop
  endfacet
  facet normal 0 0 1
    outer loop
      vertex 4.15996 27.7347 5.2
      vertex 4.91419 29.1458 5.2
      vertex 4.64805 29.2716 5.2
    endloop
  endfacet
  facet normal 0 0 1
    outer loop
      vertex 5.81903 28.4032 5.2
      vertex 4.58221 27.3881 5.2
      vertex 4.66406 27.2778 5.2
    endloop
  endfacet
  facet normal 0 0 1
    outer loop
      vertex 5.62132 28.6213 5.2
      vertex 4.48995 27.4899 5.2
      vertex 4.58221 27.3881 5.2
    endloop
  endfacet
  facet normal 0 0 1
    outer loop
      vertex 5.40318 28.819 5.2
      vertex 4.38815 27.5822 5.2
      vertex 4.48995 27.4899 5.2
    endloop
  endfacet
  facet normal 0 0 1
    outer loop
      vertex 4.03576 27.7934 5.2
      vertex 4.64805 29.2716 5.2
      vertex 4.37085 29.3708 5.2
    endloop
  endfacet
  facet normal 0 0 1
    outer loop
      vertex 5.16671 28.9944 5.2
      vertex 4.2778 27.6641 5.2
      vertex 4.38815 27.5822 5.2
    endloop
  endfacet
  facet normal 0 0 1
    outer loop
      vertex 4.91419 29.1458 5.2
      vertex 4.15996 27.7347 5.2
      vertex 4.2778 27.6641 5.2
    endloop
  endfacet
  facet normal 0 0 1
    outer loop
      vertex 3.9064 27.8397 5.2
      vertex 4.37085 29.3708 5.2
      vertex 4.08527 29.4424 5.2
    endloop
  endfacet
  facet normal 0 0 1
    outer loop
      vertex 4.64805 29.2716 5.2
      vertex 4.03576 27.7934 5.2
      vertex 4.15996 27.7347 5.2
    endloop
  endfacet
  facet normal 0 0 1
    outer loop
      vertex 4.37085 29.3708 5.2
      vertex 3.9064 27.8397 5.2
      vertex 4.03576 27.7934 5.2
    endloop
  endfacet
  facet normal 0 0 1
    outer loop
      vertex 3.77313 27.8731 5.2
      vertex 4.08527 29.4424 5.2
      vertex 3.79405 29.4856 5.2
    endloop
  endfacet
  facet normal 0 0 1
    outer loop
      vertex 4.08527 29.4424 5.2
      vertex 3.77313 27.8731 5.2
      vertex 3.9064 27.8397 5.2
    endloop
  endfacet
  facet normal 0 0 1
    outer loop
      vertex 3.79405 29.4856 5.2
      vertex 3.63722 27.8933 5.2
      vertex 3.77313 27.8731 5.2
    endloop
  endfacet
  facet normal 0 0 1
    outer loop
      vertex 3.5 29.5 5.2
      vertex 3.63722 27.8933 5.2
      vertex 3.79405 29.4856 5.2
    endloop
  endfacet
  facet normal 0 0 1
    outer loop
      vertex 3.5 29.5 5.2
      vertex 3.5 27.9 5.2
      vertex 3.63722 27.8933 5.2
    endloop
  endfacet
  facet normal 0 0 1
    outer loop
      vertex 3.5 29.5 5.2
      vertex 3.36278 27.8933 5.2
      vertex 3.5 27.9 5.2
    endloop
  endfacet
  facet normal -0 0 1
    outer loop
      vertex 3.20595 29.4856 5.2
      vertex 3.36278 27.8933 5.2
      vertex 3.5 29.5 5.2
    endloop
  endfacet
  facet normal 0 0 1
    outer loop
      vertex 3.36278 27.8933 5.2
      vertex 3.20595 29.4856 5.2
      vertex 3.22687 27.8731 5.2
    endloop
  endfacet
  facet normal -0 0 1
    outer loop
      vertex 2.91473 29.4424 5.2
      vertex 3.22687 27.8731 5.2
      vertex 3.20595 29.4856 5.2
    endloop
  endfacet
  facet normal 0 0 1
    outer loop
      vertex 3.22687 27.8731 5.2
      vertex 2.91473 29.4424 5.2
      vertex 3.0936 27.8397 5.2
    endloop
  endfacet
  facet normal -0 0 1
    outer loop
      vertex 2.62915 29.3708 5.2
      vertex 3.0936 27.8397 5.2
      vertex 2.91473 29.4424 5.2
    endloop
  endfacet
  facet normal 0 0 1
    outer loop
      vertex 3.0936 27.8397 5.2
      vertex 2.62915 29.3708 5.2
      vertex 2.96424 27.7934 5.2
    endloop
  endfacet
  facet normal -0 0 1
    outer loop
      vertex 2.35195 29.2716 5.2
      vertex 2.96424 27.7934 5.2
      vertex 2.62915 29.3708 5.2
    endloop
  endfacet
  facet normal 0 0 1
    outer loop
      vertex 2.96424 27.7934 5.2
      vertex 2.35195 29.2716 5.2
      vertex 2.84004 27.7347 5.2
    endloop
  endfacet
  facet normal -0 0 1
    outer loop
      vertex 2.08581 29.1458 5.2
      vertex 2.84004 27.7347 5.2
      vertex 2.35195 29.2716 5.2
    endloop
  endfacet
  facet normal 0 0 1
    outer loop
      vertex 2.84004 27.7347 5.2
      vertex 2.08581 29.1458 5.2
      vertex 2.7222 27.6641 5.2
    endloop
  endfacet
  facet normal -0 0 1
    outer loop
      vertex 1.83329 28.9944 5.2
      vertex 2.7222 27.6641 5.2
      vertex 2.08581 29.1458 5.2
    endloop
  endfacet
  facet normal 0 0 1
    outer loop
      vertex 2.7222 27.6641 5.2
      vertex 1.83329 28.9944 5.2
      vertex 2.61185 27.5822 5.2
    endloop
  endfacet
  facet normal -0 0 1
    outer loop
      vertex 1.59682 28.819 5.2
      vertex 2.61185 27.5822 5.2
      vertex 1.83329 28.9944 5.2
    endloop
  endfacet
  facet normal 0 0 1
    outer loop
      vertex 2.61185 27.5822 5.2
      vertex 1.59682 28.819 5.2
      vertex 2.51005 27.4899 5.2
    endloop
  endfacet
  facet normal -0 0 1
    outer loop
      vertex 1.37868 28.6213 5.2
      vertex 2.51005 27.4899 5.2
      vertex 1.59682 28.819 5.2
    endloop
  endfacet
  facet normal 0 0 1
    outer loop
      vertex 2.51005 27.4899 5.2
      vertex 1.37868 28.6213 5.2
      vertex 2.41778 27.3881 5.2
    endloop
  endfacet
  facet normal -0 0 1
    outer loop
      vertex 1.18097 28.4032 5.2
      vertex 2.41778 27.3881 5.2
      vertex 1.37868 28.6213 5.2
    endloop
  endfacet
  facet normal 0 0 1
    outer loop
      vertex 2.41778 27.3881 5.2
      vertex 1.18097 28.4032 5.2
      vertex 2.33594 27.2778 5.2
    endloop
  endfacet
  facet normal 0 0 1
    outer loop
      vertex 2.33594 27.2778 5.2
      vertex 1.00559 28.1667 5.2
      vertex 2.26531 27.16 5.2
    endloop
  endfacet
  facet normal -0 0 1
    outer loop
      vertex 1.00559 28.1667 5.2
      vertex 2.33594 27.2778 5.2
      vertex 1.18097 28.4032 5.2
    endloop
  endfacet
  facet normal -0 0 1
    outer loop
      vertex 4.66406 25.7222 5.2
      vertex 5.99441 24.8333 5.2
      vertex 4.73469 25.84 5.2
    endloop
  endfacet
  facet normal 0 0 1
    outer loop
      vertex 5.99441 24.8333 5.2
      vertex 4.66406 25.7222 5.2
      vertex 5.81903 24.5968 5.2
    endloop
  endfacet
  facet normal -0 0 1
    outer loop
      vertex 4.58221 25.6118 5.2
      vertex 5.81903 24.5968 5.2
      vertex 4.66406 25.7222 5.2
    endloop
  endfacet
  facet normal 0 0 1
    outer loop
      vertex 5.81903 24.5968 5.2
      vertex 4.58221 25.6118 5.2
      vertex 5.62132 24.3787 5.2
    endloop
  endfacet
  facet normal -0 0 1
    outer loop
      vertex 4.48995 25.51 5.2
      vertex 5.62132 24.3787 5.2
      vertex 4.58221 25.6118 5.2
    endloop
  endfacet
  facet normal 0 0 1
    outer loop
      vertex 5.62132 24.3787 5.2
      vertex 4.48995 25.51 5.2
      vertex 5.40318 24.181 5.2
    endloop
  endfacet
  facet normal -0 0 1
    outer loop
      vertex 4.38815 25.4178 5.2
      vertex 5.40318 24.181 5.2
      vertex 4.48995 25.51 5.2
    endloop
  endfacet
  facet normal 0 0 1
    outer loop
      vertex 5.40318 24.181 5.2
      vertex 4.38815 25.4178 5.2
      vertex 5.16671 24.0056 5.2
    endloop
  endfacet
  facet normal -0 0 1
    outer loop
      vertex 4.2778 25.3359 5.2
      vertex 5.16671 24.0056 5.2
      vertex 4.38815 25.4178 5.2
    endloop
  endfacet
  facet normal 0 0 1
    outer loop
      vertex 5.16671 24.0056 5.2
      vertex 4.2778 25.3359 5.2
      vertex 4.91419 23.8542 5.2
    endloop
  endfacet
  facet normal -0 0 1
    outer loop
      vertex 4.15996 25.2653 5.2
      vertex 4.91419 23.8542 5.2
      vertex 4.2778 25.3359 5.2
    endloop
  endfacet
  facet normal 0 0 1
    outer loop
      vertex 4.91419 23.8542 5.2
      vertex 4.15996 25.2653 5.2
      vertex 4.64805 23.7284 5.2
    endloop
  endfacet
  facet normal -0 0 1
    outer loop
      vertex 4.03576 25.2066 5.2
      vertex 4.64805 23.7284 5.2
      vertex 4.15996 25.2653 5.2
    endloop
  endfacet
  facet normal 0 0 1
    outer loop
      vertex 4.64805 23.7284 5.2
      vertex 4.03576 25.2066 5.2
      vertex 4.37085 23.6292 5.2
    endloop
  endfacet
  facet normal -0 0 1
    outer loop
      vertex 3.9064 25.1603 5.2
      vertex 4.37085 23.6292 5.2
      vertex 4.03576 25.2066 5.2
    endloop
  endfacet
  facet normal 0 0 1
    outer loop
      vertex 4.37085 23.6292 5.2
      vertex 3.9064 25.1603 5.2
      vertex 4.08527 23.5576 5.2
    endloop
  endfacet
  facet normal -0 0 1
    outer loop
      vertex 3.77313 25.1269 5.2
      vertex 4.08527 23.5576 5.2
      vertex 3.9064 25.1603 5.2
    endloop
  endfacet
  facet normal 0 0 1
    outer loop
      vertex 4.08527 23.5576 5.2
      vertex 3.77313 25.1269 5.2
      vertex 3.79405 23.5144 5.2
    endloop
  endfacet
  facet normal -0 0 1
    outer loop
      vertex 3.63722 25.1067 5.2
      vertex 3.79405 23.5144 5.2
      vertex 3.77313 25.1269 5.2
    endloop
  endfacet
  facet normal -0 0 1
    outer loop
      vertex 3.5 25.1 5.2
      vertex 3.79405 23.5144 5.2
      vertex 3.63722 25.1067 5.2
    endloop
  endfacet
  facet normal 0 0 1
    outer loop
      vertex 3.5 25.1 5.2
      vertex 3.5 23.5 5.2
      vertex 3.79405 23.5144 5.2
    endloop
  endfacet
  facet normal 0 0 1
    outer loop
      vertex 3.36278 25.1067 5.2
      vertex 3.5 23.5 5.2
      vertex 3.5 25.1 5.2
    endloop
  endfacet
  facet normal 0 0 1
    outer loop
      vertex 3.20595 23.5144 5.2
      vertex 3.36278 25.1067 5.2
      vertex 3.22687 25.1269 5.2
    endloop
  endfacet
  facet normal 0 0 1
    outer loop
      vertex 3.36278 25.1067 5.2
      vertex 3.20595 23.5144 5.2
      vertex 3.5 23.5 5.2
    endloop
  endfacet
  facet normal 0 0 1
    outer loop
      vertex 2.91473 23.5576 5.2
      vertex 3.22687 25.1269 5.2
      vertex 3.0936 25.1603 5.2
    endloop
  endfacet
  facet normal 0 0 1
    outer loop
      vertex 2.62915 23.6292 5.2
      vertex 3.0936 25.1603 5.2
      vertex 2.96424 25.2066 5.2
    endloop
  endfacet
  facet normal 0 0 1
    outer loop
      vertex 3.22687 25.1269 5.2
      vertex 2.91473 23.5576 5.2
      vertex 3.20595 23.5144 5.2
    endloop
  endfacet
  facet normal 0 0 1
    outer loop
      vertex 2.35195 23.7284 5.2
      vertex 2.96424 25.2066 5.2
      vertex 2.84004 25.2653 5.2
    endloop
  endfacet
  facet normal 0 0 1
    outer loop
      vertex 2.08581 23.8542 5.2
      vertex 2.84004 25.2653 5.2
      vertex 2.7222 25.3359 5.2
    endloop
  endfacet
  facet normal 0 0 1
    outer loop
      vertex 3.0936 25.1603 5.2
      vertex 2.62915 23.6292 5.2
      vertex 2.91473 23.5576 5.2
    endloop
  endfacet
  facet normal 0 0 1
    outer loop
      vertex 1.83329 24.0056 5.2
      vertex 2.7222 25.3359 5.2
      vertex 2.61185 25.4178 5.2
    endloop
  endfacet
  facet normal 0 0 1
    outer loop
      vertex 1.59682 24.181 5.2
      vertex 2.61185 25.4178 5.2
      vertex 2.51005 25.51 5.2
    endloop
  endfacet
  facet normal 0 0 1
    outer loop
      vertex 1.37868 24.3787 5.2
      vertex 2.51005 25.51 5.2
      vertex 2.41778 25.6118 5.2
    endloop
  endfacet
  facet normal 0 0 1
    outer loop
      vertex 2.96424 25.2066 5.2
      vertex 2.35195 23.7284 5.2
      vertex 2.62915 23.6292 5.2
    endloop
  endfacet
  facet normal 0 0 1
    outer loop
      vertex 1.18097 24.5968 5.2
      vertex 2.41778 25.6118 5.2
      vertex 2.33594 25.7222 5.2
    endloop
  endfacet
  facet normal 0 0 1
    outer loop
      vertex 1.00559 24.8333 5.2
      vertex 2.33594 25.7222 5.2
      vertex 2.26531 25.84 5.2
    endloop
  endfacet
  facet normal 0 0 1
    outer loop
      vertex 0.854236 25.0858 5.2
      vertex 2.26531 25.84 5.2
      vertex 2.20657 25.9642 5.2
    endloop
  endfacet
  facet normal 0 0 1
    outer loop
      vertex 0.728361 25.3519 5.2
      vertex 2.20657 25.9642 5.2
      vertex 2.16028 26.0936 5.2
    endloop
  endfacet
  facet normal 0 0 1
    outer loop
      vertex 0.629178 25.6291 5.2
      vertex 2.16028 26.0936 5.2
      vertex 2.1269 26.2269 5.2
    endloop
  endfacet
  facet normal 0 0 1
    outer loop
      vertex 0.557644 25.9147 5.2
      vertex 2.1269 26.2269 5.2
      vertex 2.10674 26.3628 5.2
    endloop
  endfacet
  facet normal 0 0 1
    outer loop
      vertex 2.84004 25.2653 5.2
      vertex 2.08581 23.8542 5.2
      vertex 2.35195 23.7284 5.2
    endloop
  endfacet
  facet normal 0 0 1
    outer loop
      vertex 0.514445 26.2059 5.2
      vertex 2.10674 26.3628 5.2
      vertex 2.1 26.5 5.2
    endloop
  endfacet
  facet normal -0 0 1
    outer loop
      vertex 0.854236 27.9142 5.2
      vertex 2.26531 27.16 5.2
      vertex 1.00559 28.1667 5.2
    endloop
  endfacet
  facet normal 0 0 1
    outer loop
      vertex 2.26531 27.16 5.2
      vertex 0.854236 27.9142 5.2
      vertex 2.20657 27.0358 5.2
    endloop
  endfacet
  facet normal 0 0 1
    outer loop
      vertex 2.7222 25.3359 5.2
      vertex 1.83329 24.0056 5.2
      vertex 2.08581 23.8542 5.2
    endloop
  endfacet
  facet normal -0 0 1
    outer loop
      vertex 0.728361 27.648 5.2
      vertex 2.20657 27.0358 5.2
      vertex 0.854236 27.9142 5.2
    endloop
  endfacet
  facet normal 0 0 1
    outer loop
      vertex 2.61185 25.4178 5.2
      vertex 1.59682 24.181 5.2
      vertex 1.83329 24.0056 5.2
    endloop
  endfacet
  facet normal 0 0 1
    outer loop
      vertex 2.20657 27.0358 5.2
      vertex 0.728361 27.648 5.2
      vertex 2.16028 26.9064 5.2
    endloop
  endfacet
  facet normal 0 0 1
    outer loop
      vertex 2.51005 25.51 5.2
      vertex 1.37868 24.3787 5.2
      vertex 1.59682 24.181 5.2
    endloop
  endfacet
  facet normal -0 0 1
    outer loop
      vertex 0.629178 27.3709 5.2
      vertex 2.16028 26.9064 5.2
      vertex 0.728361 27.648 5.2
    endloop
  endfacet
  facet normal 0 0 1
    outer loop
      vertex 2.41778 25.6118 5.2
      vertex 1.18097 24.5968 5.2
      vertex 1.37868 24.3787 5.2
    endloop
  endfacet
  facet normal 0 0 1
    outer loop
      vertex 2.16028 26.9064 5.2
      vertex 0.629178 27.3709 5.2
      vertex 2.1269 26.7731 5.2
    endloop
  endfacet
  facet normal 0 0 1
    outer loop
      vertex 2.33594 25.7222 5.2
      vertex 1.00559 24.8333 5.2
      vertex 1.18097 24.5968 5.2
    endloop
  endfacet
  facet normal -0 0 1
    outer loop
      vertex 0.557644 27.0853 5.2
      vertex 2.1269 26.7731 5.2
      vertex 0.629178 27.3709 5.2
    endloop
  endfacet
  facet normal 0 0 1
    outer loop
      vertex 2.26531 25.84 5.2
      vertex 0.854236 25.0858 5.2
      vertex 1.00559 24.8333 5.2
    endloop
  endfacet
  facet normal 0 0 1
    outer loop
      vertex 2.1269 26.7731 5.2
      vertex 0.557644 27.0853 5.2
      vertex 2.10674 26.6372 5.2
    endloop
  endfacet
  facet normal 0 0 1
    outer loop
      vertex 2.20657 25.9642 5.2
      vertex 0.728361 25.3519 5.2
      vertex 0.854236 25.0858 5.2
    endloop
  endfacet
  facet normal -0 0 1
    outer loop
      vertex 0.514445 26.7941 5.2
      vertex 2.10674 26.6372 5.2
      vertex 0.557644 27.0853 5.2
    endloop
  endfacet
  facet normal 0 0 1
    outer loop
      vertex 2.16028 26.0936 5.2
      vertex 0.629178 25.6291 5.2
      vertex 0.728361 25.3519 5.2
    endloop
  endfacet
  facet normal 0 0 1
    outer loop
      vertex 2.10674 26.6372 5.2
      vertex 0.514445 26.7941 5.2
      vertex 2.1 26.5 5.2
    endloop
  endfacet
  facet normal 0 0 1
    outer loop
      vertex 2.1269 26.2269 5.2
      vertex 0.557644 25.9147 5.2
      vertex 0.629178 25.6291 5.2
    endloop
  endfacet
  facet normal 0 0 1
    outer loop
      vertex 0.5 26.5 5.2
      vertex 2.1 26.5 5.2
      vertex 0.514445 26.7941 5.2
    endloop
  endfacet
  facet normal 0 0 1
    outer loop
      vertex 2.10674 26.3628 5.2
      vertex 0.514445 26.2059 5.2
      vertex 0.557644 25.9147 5.2
    endloop
  endfacet
  facet normal 0 0 1
    outer loop
      vertex 2.1 26.5 5.2
      vertex 0.5 26.5 5.2
      vertex 0.514445 26.2059 5.2
    endloop
  endfacet
  facet normal -0.671539 -0.740969 0
    outer loop
      vertex 1.37868 24.3787 2.6
      vertex 1.59682 24.181 5.2
      vertex 1.37868 24.3787 5.2
    endloop
  endfacet
  facet normal -0.671539 -0.740969 -0
    outer loop
      vertex 1.59682 24.181 5.2
      vertex 1.37868 24.3787 2.6
      vertex 1.59682 24.181 2.6
    endloop
  endfacet
  facet normal 0.595747 0.803172 -0
    outer loop
      vertex 5.40318 28.819 2.6
      vertex 5.16671 28.9944 5.2
      vertex 5.40318 28.819 5.2
    endloop
  endfacet
  facet normal 0.595747 0.803172 0
    outer loop
      vertex 5.16671 28.9944 5.2
      vertex 5.40318 28.819 2.6
      vertex 5.16671 28.9944 2.6
    endloop
  endfacet
  facet normal -0.514216 -0.857661 0
    outer loop
      vertex 1.83329 24.0056 2.6
      vertex 2.08581 23.8542 5.2
      vertex 1.83329 24.0056 5.2
    endloop
  endfacet
  facet normal -0.514216 -0.857661 -0
    outer loop
      vertex 2.08581 23.8542 5.2
      vertex 1.83329 24.0056 2.6
      vertex 2.08581 23.8542 2.6
    endloop
  endfacet
  facet normal 0.514216 0.857661 -0
    outer loop
      vertex 5.16671 28.9944 2.6
      vertex 4.91419 29.1458 5.2
      vertex 5.16671 28.9944 5.2
    endloop
  endfacet
  facet normal 0.514216 0.857661 0
    outer loop
      vertex 4.91419 29.1458 5.2
      vertex 5.16671 28.9944 2.6
      vertex 4.91419 29.1458 2.6
    endloop
  endfacet
  facet normal 0.146736 -0.989176 0
    outer loop
      vertex 3.79405 23.5144 2.6
      vertex 4.08527 23.5576 5.2
      vertex 3.79405 23.5144 5.2
    endloop
  endfacet
  facet normal 0.146736 -0.989176 0
    outer loop
      vertex 4.08527 23.5576 5.2
      vertex 3.79405 23.5144 2.6
      vertex 4.08527 23.5576 2.6
    endloop
  endfacet
  facet normal 0.94151 0.336986 0
    outer loop
      vertex 6.37082 27.3709 5.2
      vertex 6.27164 27.648 2.6
      vertex 6.27164 27.648 5.2
    endloop
  endfacet
  facet normal 0.94151 0.336986 0
    outer loop
      vertex 6.27164 27.648 2.6
      vertex 6.37082 27.3709 5.2
      vertex 6.37082 27.3709 2.6
    endloop
  endfacet
  facet normal 0.857718 -0.514121 0
    outer loop
      vertex 5.99441 24.8333 5.2
      vertex 6.14576 25.0858 2.6
      vertex 6.14576 25.0858 5.2
    endloop
  endfacet
  facet normal 0.857718 -0.514121 0
    outer loop
      vertex 6.14576 25.0858 2.6
      vertex 5.99441 24.8333 5.2
      vertex 5.99441 24.8333 2.6
    endloop
  endfacet
  facet normal -0.998796 -0.0490568 0
    outer loop
      vertex 0.514445 26.2059 2.6
      vertex 0.5 26.5 5.2
      vertex 0.5 26.5 2.6
    endloop
  endfacet
  facet normal -0.998796 -0.0490568 0
    outer loop
      vertex 0.5 26.5 5.2
      vertex 0.514445 26.2059 2.6
      vertex 0.514445 26.2059 5.2
    endloop
  endfacet
  facet normal 0.941548 -0.336879 0
    outer loop
      vertex 6.27164 25.3519 5.2
      vertex 6.37082 25.6291 2.6
      vertex 6.37082 25.6291 5.2
    endloop
  endfacet
  facet normal 0.941548 -0.336879 0
    outer loop
      vertex 6.37082 25.6291 2.6
      vertex 6.27164 25.3519 5.2
      vertex 6.27164 25.3519 2.6
    endloop
  endfacet
  facet normal -0.146736 0.989176 0
    outer loop
      vertex 3.20595 29.4856 2.6
      vertex 2.91473 29.4424 5.2
      vertex 3.20595 29.4856 5.2
    endloop
  endfacet
  facet normal -0.146736 0.989176 0
    outer loop
      vertex 2.91473 29.4424 5.2
      vertex 3.20595 29.4856 2.6
      vertex 2.91473 29.4424 2.6
    endloop
  endfacet
  facet normal 0.740891 0.671625 0
    outer loop
      vertex 5.81903 28.4032 5.2
      vertex 5.62132 28.6213 2.6
      vertex 5.62132 28.6213 5.2
    endloop
  endfacet
  facet normal 0.740891 0.671625 0
    outer loop
      vertex 5.62132 28.6213 2.6
      vertex 5.81903 28.4032 5.2
      vertex 5.81903 28.4032 2.6
    endloop
  endfacet
  facet normal 0.0489126 0.998803 -0
    outer loop
      vertex 3.79405 29.4856 2.6
      vertex 3.5 29.5 5.2
      vertex 3.79405 29.4856 5.2
    endloop
  endfacet
  facet normal 0.0489126 0.998803 0
    outer loop
      vertex 3.5 29.5 5.2
      vertex 3.79405 29.4856 2.6
      vertex 3.5 29.5 2.6
    endloop
  endfacet
  facet normal 0.90402 0.427491 0
    outer loop
      vertex 6.27164 27.648 5.2
      vertex 6.14576 27.9142 2.6
      vertex 6.14576 27.9142 5.2
    endloop
  endfacet
  facet normal 0.90402 0.427491 0
    outer loop
      vertex 6.14576 27.9142 2.6
      vertex 6.27164 27.648 5.2
      vertex 6.27164 27.648 2.6
    endloop
  endfacet
  facet normal -0.146736 -0.989176 0
    outer loop
      vertex 2.91473 23.5576 2.6
      vertex 3.20595 23.5144 5.2
      vertex 2.91473 23.5576 5.2
    endloop
  endfacet
  facet normal -0.146736 -0.989176 -0
    outer loop
      vertex 3.20595 23.5144 5.2
      vertex 2.91473 23.5576 2.6
      vertex 3.20595 23.5144 2.6
    endloop
  endfacet
  facet normal 0.671539 -0.740969 0
    outer loop
      vertex 5.40318 24.181 2.6
      vertex 5.62132 24.3787 5.2
      vertex 5.40318 24.181 5.2
    endloop
  endfacet
  facet normal 0.671539 -0.740969 0
    outer loop
      vertex 5.62132 24.3787 5.2
      vertex 5.40318 24.181 2.6
      vertex 5.62132 24.3787 2.6
    endloop
  endfacet
  facet normal 0.857718 0.514121 0
    outer loop
      vertex 6.14576 27.9142 5.2
      vertex 5.99441 28.1667 2.6
      vertex 5.99441 28.1667 5.2
    endloop
  endfacet
  facet normal 0.857718 0.514121 0
    outer loop
      vertex 5.99441 28.1667 2.6
      vertex 6.14576 27.9142 5.2
      vertex 6.14576 27.9142 2.6
    endloop
  endfacet
  facet normal -0.0489126 -0.998803 0
    outer loop
      vertex 3.20595 23.5144 2.6
      vertex 3.5 23.5 5.2
      vertex 3.20595 23.5144 5.2
    endloop
  endfacet
  facet normal -0.0489126 -0.998803 -0
    outer loop
      vertex 3.5 23.5 5.2
      vertex 3.20595 23.5144 2.6
      vertex 3.5 23.5 2.6
    endloop
  endfacet
  facet normal -0.740891 0.671625 0
    outer loop
      vertex 1.18097 28.4032 2.6
      vertex 1.37868 28.6213 5.2
      vertex 1.37868 28.6213 2.6
    endloop
  endfacet
  facet normal -0.740891 0.671625 0
    outer loop
      vertex 1.37868 28.6213 5.2
      vertex 1.18097 28.4032 2.6
      vertex 1.18097 28.4032 5.2
    endloop
  endfacet
  facet normal -0.904026 0.427477 0
    outer loop
      vertex 0.728361 27.648 2.6
      vertex 0.854236 27.9142 5.2
      vertex 0.854236 27.9142 2.6
    endloop
  endfacet
  facet normal -0.904026 0.427477 0
    outer loop
      vertex 0.854236 27.9142 5.2
      vertex 0.728361 27.648 2.6
      vertex 0.728361 27.648 5.2
    endloop
  endfacet
  facet normal -0.970035 0.242964 0
    outer loop
      vertex 0.557644 27.0853 2.6
      vertex 0.629178 27.3709 5.2
      vertex 0.629178 27.3709 2.6
    endloop
  endfacet
  facet normal -0.970035 0.242964 0
    outer loop
      vertex 0.629178 27.3709 5.2
      vertex 0.557644 27.0853 2.6
      vertex 0.557644 27.0853 5.2
    endloop
  endfacet
  facet normal 0.243191 0.969978 -0
    outer loop
      vertex 4.37085 29.3708 2.6
      vertex 4.08527 29.4424 5.2
      vertex 4.37085 29.3708 5.2
    endloop
  endfacet
  facet normal 0.243191 0.969978 0
    outer loop
      vertex 4.08527 29.4424 5.2
      vertex 4.37085 29.3708 2.6
      vertex 4.08527 29.4424 2.6
    endloop
  endfacet
  facet normal -0.970035 -0.242964 0
    outer loop
      vertex 0.629178 25.6291 2.6
      vertex 0.557644 25.9147 5.2
      vertex 0.557644 25.9147 2.6
    endloop
  endfacet
  facet normal -0.970035 -0.242964 0
    outer loop
      vertex 0.557644 25.9147 5.2
      vertex 0.629178 25.6291 2.6
      vertex 0.629178 25.6291 5.2
    endloop
  endfacet
  facet normal -0.427347 -0.904088 0
    outer loop
      vertex 2.08581 23.8542 2.6
      vertex 2.35195 23.7284 5.2
      vertex 2.08581 23.8542 5.2
    endloop
  endfacet
  facet normal -0.427347 -0.904088 -0
    outer loop
      vertex 2.35195 23.7284 5.2
      vertex 2.08581 23.8542 2.6
      vertex 2.35195 23.7284 2.6
    endloop
  endfacet
  facet normal -0.740891 -0.671625 0
    outer loop
      vertex 1.37868 24.3787 2.6
      vertex 1.18097 24.5968 5.2
      vertex 1.18097 24.5968 2.6
    endloop
  endfacet
  facet normal -0.740891 -0.671625 0
    outer loop
      vertex 1.18097 24.5968 5.2
      vertex 1.37868 24.3787 2.6
      vertex 1.37868 24.3787 5.2
    endloop
  endfacet
  facet normal 0.427347 -0.904088 0
    outer loop
      vertex 4.64805 23.7284 2.6
      vertex 4.91419 23.8542 5.2
      vertex 4.64805 23.7284 5.2
    endloop
  endfacet
  facet normal 0.427347 -0.904088 0
    outer loop
      vertex 4.91419 23.8542 5.2
      vertex 4.64805 23.7284 2.6
      vertex 4.91419 23.8542 2.6
    endloop
  endfacet
  facet normal 0.0489126 -0.998803 0
    outer loop
      vertex 3.5 23.5 2.6
      vertex 3.79405 23.5144 5.2
      vertex 3.5 23.5 5.2
    endloop
  endfacet
  facet normal 0.0489126 -0.998803 0
    outer loop
      vertex 3.79405 23.5144 5.2
      vertex 3.5 23.5 2.6
      vertex 3.79405 23.5144 2.6
    endloop
  endfacet
  facet normal -0.989175 -0.146742 0
    outer loop
      vertex 0.557644 25.9147 2.6
      vertex 0.514445 26.2059 5.2
      vertex 0.514445 26.2059 2.6
    endloop
  endfacet
  facet normal -0.989175 -0.146742 0
    outer loop
      vertex 0.514445 26.2059 5.2
      vertex 0.557644 25.9147 2.6
      vertex 0.557644 25.9147 5.2
    endloop
  endfacet
  facet normal 0.595747 -0.803172 0
    outer loop
      vertex 5.16671 24.0056 2.6
      vertex 5.40318 24.181 5.2
      vertex 5.16671 24.0056 5.2
    endloop
  endfacet
  facet normal 0.595747 -0.803172 0
    outer loop
      vertex 5.40318 24.181 5.2
      vertex 5.16671 24.0056 2.6
      vertex 5.40318 24.181 2.6
    endloop
  endfacet
  facet normal -0.803241 -0.595655 0
    outer loop
      vertex 1.18097 24.5968 2.6
      vertex 1.00559 24.8333 5.2
      vertex 1.00559 24.8333 2.6
    endloop
  endfacet
  facet normal -0.803241 -0.595655 0
    outer loop
      vertex 1.00559 24.8333 5.2
      vertex 1.18097 24.5968 2.6
      vertex 1.18097 24.5968 5.2
    endloop
  endfacet
  facet normal -0.998796 0.0490568 0
    outer loop
      vertex 0.5 26.5 2.6
      vertex 0.514445 26.7941 5.2
      vertex 0.514445 26.7941 2.6
    endloop
  endfacet
  facet normal -0.998796 0.0490568 0
    outer loop
      vertex 0.514445 26.7941 5.2
      vertex 0.5 26.5 2.6
      vertex 0.5 26.5 5.2
    endloop
  endfacet
  facet normal 0.740891 -0.671625 0
    outer loop
      vertex 5.62132 24.3787 5.2
      vertex 5.81903 24.5968 2.6
      vertex 5.81903 24.5968 5.2
    endloop
  endfacet
  facet normal 0.740891 -0.671625 0
    outer loop
      vertex 5.81903 24.5968 2.6
      vertex 5.62132 24.3787 5.2
      vertex 5.62132 24.3787 2.6
    endloop
  endfacet
  facet normal -0.336995 -0.941506 0
    outer loop
      vertex 60.352 0.728361 2.6
      vertex 60.6291 0.629178 5.2
      vertex 60.352 0.728361 5.2
    endloop
  endfacet
  facet normal -0.336995 -0.941506 -0
    outer loop
      vertex 60.6291 0.629178 5.2
      vertex 60.352 0.728361 2.6
      vertex 60.6291 0.629178 2.6
    endloop
  endfacet
  facet normal 0.989225 0.146403 0
    outer loop
      vertex 64.4855 3.79405 5.2
      vertex 64.4424 4.08527 2.6
      vertex 64.4424 4.08527 5.2
    endloop
  endfacet
  facet normal 0.989225 0.146403 0
    outer loop
      vertex 64.4424 4.08527 2.6
      vertex 64.4855 3.79405 5.2
      vertex 64.4855 3.79405 2.6
    endloop
  endfacet
  facet normal 0.998786 0.0492515 0
    outer loop
      vertex 64.5 3.5 5.2
      vertex 64.4855 3.79405 2.6
      vertex 64.4855 3.79405 5.2
    endloop
  endfacet
  facet normal 0.998786 0.0492515 0
    outer loop
      vertex 64.4855 3.79405 2.6
      vertex 64.5 3.5 5.2
      vertex 64.5 3.5 2.6
    endloop
  endfacet
  facet normal 0.969978 0.243191 0
    outer loop
      vertex 64.4424 4.08527 5.2
      vertex 64.3708 4.37085 2.6
      vertex 64.3708 4.37085 5.2
    endloop
  endfacet
  facet normal 0.969978 0.243191 0
    outer loop
      vertex 64.3708 4.37085 2.6
      vertex 64.4424 4.08527 5.2
      vertex 64.4424 4.08527 2.6
    endloop
  endfacet
  facet normal -0.989176 0.146736 0
    outer loop
      vertex 58.5144 3.79405 2.6
      vertex 58.5576 4.08527 5.2
      vertex 58.5576 4.08527 2.6
    endloop
  endfacet
  facet normal -0.989176 0.146736 0
    outer loop
      vertex 58.5576 4.08527 5.2
      vertex 58.5144 3.79405 2.6
      vertex 58.5144 3.79405 5.2
    endloop
  endfacet
  facet normal -0.242964 -0.970035 0
    outer loop
      vertex 60.6291 0.629178 2.6
      vertex 60.9147 0.557644 5.2
      vertex 60.6291 0.629178 5.2
    endloop
  endfacet
  facet normal -0.242964 -0.970035 -0
    outer loop
      vertex 60.9147 0.557644 5.2
      vertex 60.6291 0.629178 2.6
      vertex 60.9147 0.557644 2.6
    endloop
  endfacet
  facet normal 0.336986 0.94151 -0
    outer loop
      vertex 62.648 6.27164 2.6
      vertex 62.3709 6.37082 5.2
      vertex 62.648 6.27164 5.2
    endloop
  endfacet
  facet normal 0.336986 0.94151 0
    outer loop
      vertex 62.3709 6.37082 5.2
      vertex 62.648 6.27164 2.6
      vertex 62.3709 6.37082 2.6
    endloop
  endfacet
  facet normal -0.514121 0.857718 0
    outer loop
      vertex 60.0858 6.14576 2.6
      vertex 59.8333 5.99441 5.2
      vertex 60.0858 6.14576 5.2
    endloop
  endfacet
  facet normal -0.514121 0.857718 0
    outer loop
      vertex 59.8333 5.99441 5.2
      vertex 60.0858 6.14576 2.6
      vertex 59.8333 5.99441 2.6
    endloop
  endfacet
  facet normal -0.904088 -0.427347 0
    outer loop
      vertex 58.8542 2.08581 2.6
      vertex 58.7284 2.35195 5.2
      vertex 58.7284 2.35195 2.6
    endloop
  endfacet
  facet normal -0.904088 -0.427347 0
    outer loop
      vertex 58.7284 2.35195 5.2
      vertex 58.8542 2.08581 2.6
      vertex 58.8542 2.08581 5.2
    endloop
  endfacet
  facet normal -0.242983 0.970031 0
    outer loop
      vertex 60.9147 6.44236 2.6
      vertex 60.6291 6.37082 5.2
      vertex 60.9147 6.44236 5.2
    endloop
  endfacet
  facet normal -0.242983 0.970031 0
    outer loop
      vertex 60.6291 6.37082 5.2
      vertex 60.9147 6.44236 2.6
      vertex 60.6291 6.37082 2.6
    endloop
  endfacet
  facet normal -0.857661 -0.514216 0
    outer loop
      vertex 59.0056 1.83329 2.6
      vertex 58.8542 2.08581 5.2
      vertex 58.8542 2.08581 2.6
    endloop
  endfacet
  facet normal -0.857661 -0.514216 0
    outer loop
      vertex 58.8542 2.08581 5.2
      vertex 59.0056 1.83329 2.6
      vertex 59.0056 1.83329 5.2
    endloop
  endfacet
  facet normal 0.242964 -0.970035 0
    outer loop
      vertex 62.0853 0.557644 2.6
      vertex 62.3709 0.629178 5.2
      vertex 62.0853 0.557644 5.2
    endloop
  endfacet
  facet normal 0.242964 -0.970035 0
    outer loop
      vertex 62.3709 0.629178 5.2
      vertex 62.0853 0.557644 2.6
      vertex 62.3709 0.629178 2.6
    endloop
  endfacet
  facet normal -0.595655 -0.803241 0
    outer loop
      vertex 59.5968 1.18097 2.6
      vertex 59.8333 1.00559 5.2
      vertex 59.5968 1.18097 5.2
    endloop
  endfacet
  facet normal -0.595655 -0.803241 -0
    outer loop
      vertex 59.8333 1.00559 5.2
      vertex 59.5968 1.18097 2.6
      vertex 59.8333 1.00559 2.6
    endloop
  endfacet
  facet normal 0.514131 -0.857712 0
    outer loop
      vertex 62.9142 0.854236 2.6
      vertex 63.1667 1.00559 5.2
      vertex 62.9142 0.854236 5.2
    endloop
  endfacet
  facet normal 0.514131 -0.857712 0
    outer loop
      vertex 63.1667 1.00559 5.2
      vertex 62.9142 0.854236 2.6
      vertex 63.1667 1.00559 2.6
    endloop
  endfacet
  facet normal 0.803172 -0.595747 0
    outer loop
      vertex 63.819 1.59682 5.2
      vertex 63.9944 1.83329 2.6
      vertex 63.9944 1.83329 5.2
    endloop
  endfacet
  facet normal 0.803172 -0.595747 0
    outer loop
      vertex 63.9944 1.83329 2.6
      vertex 63.819 1.59682 5.2
      vertex 63.819 1.59682 2.6
    endloop
  endfacet
  facet normal 0.146712 0.989179 -0
    outer loop
      vertex 62.0853 6.44236 2.6
      vertex 61.7941 6.48555 5.2
      vertex 62.0853 6.44236 5.2
    endloop
  endfacet
  facet normal 0.146712 0.989179 0
    outer loop
      vertex 61.7941 6.48555 5.2
      vertex 62.0853 6.44236 2.6
      vertex 61.7941 6.48555 2.6
    endloop
  endfacet
  facet normal -0.595655 0.803241 0
    outer loop
      vertex 59.8333 5.99441 2.6
      vertex 59.5968 5.81903 5.2
      vertex 59.8333 5.99441 5.2
    endloop
  endfacet
  facet normal -0.595655 0.803241 0
    outer loop
      vertex 59.5968 5.81903 5.2
      vertex 59.8333 5.99441 2.6
      vertex 59.5968 5.81903 2.6
    endloop
  endfacet
  facet normal 0.427477 -0.904026 0
    outer loop
      vertex 62.648 0.728361 2.6
      vertex 62.9142 0.854236 5.2
      vertex 62.648 0.728361 5.2
    endloop
  endfacet
  facet normal 0.427477 -0.904026 0
    outer loop
      vertex 62.9142 0.854236 5.2
      vertex 62.648 0.728361 2.6
      vertex 62.9142 0.854236 2.6
    endloop
  endfacet
  facet normal -0.803172 0.595747 0
    outer loop
      vertex 59.0056 5.16671 2.6
      vertex 59.181 5.40318 5.2
      vertex 59.181 5.40318 2.6
    endloop
  endfacet
  facet normal -0.803172 0.595747 0
    outer loop
      vertex 59.181 5.40318 5.2
      vertex 59.0056 5.16671 2.6
      vertex 59.0056 5.16671 5.2
    endloop
  endfacet
  facet normal 0.989225 -0.146403 0
    outer loop
      vertex 64.4424 2.91473 5.2
      vertex 64.4855 3.20595 2.6
      vertex 64.4855 3.20595 5.2
    endloop
  endfacet
  facet normal 0.989225 -0.146403 0
    outer loop
      vertex 64.4855 3.20595 2.6
      vertex 64.4424 2.91473 5.2
      vertex 64.4424 2.91473 2.6
    endloop
  endfacet
  facet normal -0.941527 0.336939 0
    outer loop
      vertex 58.6292 4.37085 2.6
      vertex 58.7284 4.64805 5.2
      vertex 58.7284 4.64805 2.6
    endloop
  endfacet
  facet normal -0.941527 0.336939 0
    outer loop
      vertex 58.7284 4.64805 5.2
      vertex 58.6292 4.37085 2.6
      vertex 58.6292 4.37085 5.2
    endloop
  endfacet
  facet normal 0.427491 0.90402 -0
    outer loop
      vertex 62.9142 6.14576 2.6
      vertex 62.648 6.27164 5.2
      vertex 62.9142 6.14576 5.2
    endloop
  endfacet
  facet normal 0.427491 0.90402 0
    outer loop
      vertex 62.648 6.27164 5.2
      vertex 62.9142 6.14576 2.6
      vertex 62.648 6.27164 2.6
    endloop
  endfacet
  facet normal -0.941527 -0.336939 0
    outer loop
      vertex 58.7284 2.35195 2.6
      vertex 58.6292 2.62915 5.2
      vertex 58.6292 2.62915 2.6
    endloop
  endfacet
  facet normal -0.941527 -0.336939 0
    outer loop
      vertex 58.6292 2.62915 5.2
      vertex 58.7284 2.35195 2.6
      vertex 58.7284 2.35195 5.2
    endloop
  endfacet
  facet normal 0.969978 -0.243191 0
    outer loop
      vertex 64.3708 2.62915 5.2
      vertex 64.4424 2.91473 2.6
      vertex 64.4424 2.91473 5.2
    endloop
  endfacet
  facet normal 0.969978 -0.243191 0
    outer loop
      vertex 64.4424 2.91473 2.6
      vertex 64.3708 2.62915 5.2
      vertex 64.3708 2.62915 2.6
    endloop
  endfacet
  facet normal -0.0490738 0.998795 0
    outer loop
      vertex 61.5 6.5 2.6
      vertex 61.2059 6.48555 5.2
      vertex 61.5 6.5 5.2
    endloop
  endfacet
  facet normal -0.0490738 0.998795 0
    outer loop
      vertex 61.2059 6.48555 5.2
      vertex 61.5 6.5 2.6
      vertex 61.2059 6.48555 2.6
    endloop
  endfacet
  facet normal -0.427491 0.90402 0
    outer loop
      vertex 60.352 6.27164 2.6
      vertex 60.0858 6.14576 5.2
      vertex 60.352 6.27164 5.2
    endloop
  endfacet
  facet normal -0.427491 0.90402 0
    outer loop
      vertex 60.0858 6.14576 5.2
      vertex 60.352 6.27164 2.6
      vertex 60.0858 6.14576 2.6
    endloop
  endfacet
  facet normal -0.671625 0.740891 0
    outer loop
      vertex 59.5968 5.81903 2.6
      vertex 59.3787 5.62132 5.2
      vertex 59.5968 5.81903 5.2
    endloop
  endfacet
  facet normal -0.671625 0.740891 0
    outer loop
      vertex 59.3787 5.62132 5.2
      vertex 59.5968 5.81903 2.6
      vertex 59.3787 5.62132 2.6
    endloop
  endfacet
  facet normal 0.336995 -0.941506 0
    outer loop
      vertex 62.3709 0.629178 2.6
      vertex 62.648 0.728361 5.2
      vertex 62.3709 0.629178 5.2
    endloop
  endfacet
  facet normal 0.336995 -0.941506 0
    outer loop
      vertex 62.648 0.728361 5.2
      vertex 62.3709 0.629178 2.6
      vertex 62.648 0.728361 2.6
    endloop
  endfacet
  facet normal -0.336986 0.94151 0
    outer loop
      vertex 60.6291 6.37082 2.6
      vertex 60.352 6.27164 5.2
      vertex 60.6291 6.37082 5.2
    endloop
  endfacet
  facet normal -0.336986 0.94151 0
    outer loop
      vertex 60.352 6.27164 5.2
      vertex 60.6291 6.37082 2.6
      vertex 60.352 6.27164 2.6
    endloop
  endfacet
  facet normal 0.803172 0.595747 0
    outer loop
      vertex 63.9944 5.16671 5.2
      vertex 63.819 5.40318 2.6
      vertex 63.819 5.40318 5.2
    endloop
  endfacet
  facet normal 0.803172 0.595747 0
    outer loop
      vertex 63.819 5.40318 2.6
      vertex 63.9944 5.16671 5.2
      vertex 63.9944 5.16671 2.6
    endloop
  endfacet
  facet normal -0.857661 0.514216 0
    outer loop
      vertex 58.8542 4.91419 2.6
      vertex 59.0056 5.16671 5.2
      vertex 59.0056 5.16671 2.6
    endloop
  endfacet
  facet normal -0.857661 0.514216 0
    outer loop
      vertex 59.0056 5.16671 5.2
      vertex 58.8542 4.91419 2.6
      vertex 58.8542 4.91419 5.2
    endloop
  endfacet
  facet normal 0.998786 -0.0492515 0
    outer loop
      vertex 64.4855 3.20595 5.2
      vertex 64.5 3.5 2.6
      vertex 64.5 3.5 5.2
    endloop
  endfacet
  facet normal 0.998786 -0.0492515 0
    outer loop
      vertex 64.5 3.5 2.6
      vertex 64.4855 3.20595 5.2
      vertex 64.4855 3.20595 2.6
    endloop
  endfacet
  facet normal 0.904088 -0.427347 0
    outer loop
      vertex 64.1458 2.08581 5.2
      vertex 64.2716 2.35195 2.6
      vertex 64.2716 2.35195 5.2
    endloop
  endfacet
  facet normal 0.904088 -0.427347 0
    outer loop
      vertex 64.2716 2.35195 2.6
      vertex 64.1458 2.08581 5.2
      vertex 64.1458 2.08581 2.6
    endloop
  endfacet
  facet normal 0 0 1
    outer loop
      vertex 62.9 3.5 5.2
      vertex 64.5 3.5 5.2
      vertex 64.4855 3.79405 5.2
    endloop
  endfacet
  facet normal 0 0 1
    outer loop
      vertex 62.8933 3.63722 5.2
      vertex 64.4855 3.79405 5.2
      vertex 64.4424 4.08527 5.2
    endloop
  endfacet
  facet normal 0 0 1
    outer loop
      vertex 64.5 3.5 5.2
      vertex 62.9 3.5 5.2
      vertex 64.4855 3.20595 5.2
    endloop
  endfacet
  facet normal 0 0 1
    outer loop
      vertex 62.8731 3.77313 5.2
      vertex 64.4424 4.08527 5.2
      vertex 64.3708 4.37085 5.2
    endloop
  endfacet
  facet normal -0 0 1
    outer loop
      vertex 62.8933 3.36278 5.2
      vertex 64.4855 3.20595 5.2
      vertex 62.9 3.5 5.2
    endloop
  endfacet
  facet normal 0 0 1
    outer loop
      vertex 62.8397 3.9064 5.2
      vertex 64.3708 4.37085 5.2
      vertex 64.2716 4.64805 5.2
    endloop
  endfacet
  facet normal 0 0 1
    outer loop
      vertex 64.4855 3.20595 5.2
      vertex 62.8933 3.36278 5.2
      vertex 64.4424 2.91473 5.2
    endloop
  endfacet
  facet normal 0 0 1
    outer loop
      vertex 62.7934 4.03576 5.2
      vertex 64.2716 4.64805 5.2
      vertex 64.1458 4.91419 5.2
    endloop
  endfacet
  facet normal -0 0 1
    outer loop
      vertex 62.8731 3.22687 5.2
      vertex 64.4424 2.91473 5.2
      vertex 62.8933 3.36278 5.2
    endloop
  endfacet
  facet normal 0 0 1
    outer loop
      vertex 62.7347 4.15996 5.2
      vertex 64.1458 4.91419 5.2
      vertex 63.9944 5.16671 5.2
    endloop
  endfacet
  facet normal 0 0 1
    outer loop
      vertex 64.4424 2.91473 5.2
      vertex 62.8731 3.22687 5.2
      vertex 64.3708 2.62915 5.2
    endloop
  endfacet
  facet normal 0 0 1
    outer loop
      vertex 62.6641 4.2778 5.2
      vertex 63.9944 5.16671 5.2
      vertex 63.819 5.40318 5.2
    endloop
  endfacet
  facet normal -0 0 1
    outer loop
      vertex 62.8397 3.0936 5.2
      vertex 64.3708 2.62915 5.2
      vertex 62.8731 3.22687 5.2
    endloop
  endfacet
  facet normal 0 0 1
    outer loop
      vertex 62.5822 4.38815 5.2
      vertex 63.819 5.40318 5.2
      vertex 63.6213 5.62132 5.2
    endloop
  endfacet
  facet normal 0 0 1
    outer loop
      vertex 64.3708 2.62915 5.2
      vertex 62.8397 3.0936 5.2
      vertex 64.2716 2.35195 5.2
    endloop
  endfacet
  facet normal 0 0 1
    outer loop
      vertex 62.4899 4.48995 5.2
      vertex 63.6213 5.62132 5.2
      vertex 63.4032 5.81903 5.2
    endloop
  endfacet
  facet normal -0 0 1
    outer loop
      vertex 62.7934 2.96424 5.2
      vertex 64.2716 2.35195 5.2
      vertex 62.8397 3.0936 5.2
    endloop
  endfacet
  facet normal 0 0 1
    outer loop
      vertex 62.3881 4.58221 5.2
      vertex 63.4032 5.81903 5.2
      vertex 63.1667 5.99441 5.2
    endloop
  endfacet
  facet normal 0 0 1
    outer loop
      vertex 64.2716 2.35195 5.2
      vertex 62.7934 2.96424 5.2
      vertex 64.1458 2.08581 5.2
    endloop
  endfacet
  facet normal 0 0 1
    outer loop
      vertex 62.2778 4.66406 5.2
      vertex 63.1667 5.99441 5.2
      vertex 62.9142 6.14576 5.2
    endloop
  endfacet
  facet normal -0 0 1
    outer loop
      vertex 62.7347 2.84004 5.2
      vertex 64.1458 2.08581 5.2
      vertex 62.7934 2.96424 5.2
    endloop
  endfacet
  facet normal 0 0 1
    outer loop
      vertex 64.1458 2.08581 5.2
      vertex 62.7347 2.84004 5.2
      vertex 63.9944 1.83329 5.2
    endloop
  endfacet
  facet normal 0 0 1
    outer loop
      vertex 64.4855 3.79405 5.2
      vertex 62.8933 3.63722 5.2
      vertex 62.9 3.5 5.2
    endloop
  endfacet
  facet normal 0 0 1
    outer loop
      vertex 64.4424 4.08527 5.2
      vertex 62.8731 3.77313 5.2
      vertex 62.8933 3.63722 5.2
    endloop
  endfacet
  facet normal 0 0 1
    outer loop
      vertex 64.3708 4.37085 5.2
      vertex 62.8397 3.9064 5.2
      vertex 62.8731 3.77313 5.2
    endloop
  endfacet
  facet normal 0 0 1
    outer loop
      vertex 64.2716 4.64805 5.2
      vertex 62.7934 4.03576 5.2
      vertex 62.8397 3.9064 5.2
    endloop
  endfacet
  facet normal 0 0 1
    outer loop
      vertex 64.1458 4.91419 5.2
      vertex 62.7347 4.15996 5.2
      vertex 62.7934 4.03576 5.2
    endloop
  endfacet
  facet normal 0 0 1
    outer loop
      vertex 63.9944 5.16671 5.2
      vertex 62.6641 4.2778 5.2
      vertex 62.7347 4.15996 5.2
    endloop
  endfacet
  facet normal 0 0 1
    outer loop
      vertex 62.16 4.73469 5.2
      vertex 62.9142 6.14576 5.2
      vertex 62.648 6.27164 5.2
    endloop
  endfacet
  facet normal 0 0 1
    outer loop
      vertex 63.819 5.40318 5.2
      vertex 62.5822 4.38815 5.2
      vertex 62.6641 4.2778 5.2
    endloop
  endfacet
  facet normal 0 0 1
    outer loop
      vertex 63.6213 5.62132 5.2
      vertex 62.4899 4.48995 5.2
      vertex 62.5822 4.38815 5.2
    endloop
  endfacet
  facet normal 0 0 1
    outer loop
      vertex 63.4032 5.81903 5.2
      vertex 62.3881 4.58221 5.2
      vertex 62.4899 4.48995 5.2
    endloop
  endfacet
  facet normal 0 0 1
    outer loop
      vertex 62.0358 4.79343 5.2
      vertex 62.648 6.27164 5.2
      vertex 62.3709 6.37082 5.2
    endloop
  endfacet
  facet normal 0 0 1
    outer loop
      vertex 63.1667 5.99441 5.2
      vertex 62.2778 4.66406 5.2
      vertex 62.3881 4.58221 5.2
    endloop
  endfacet
  facet normal 0 0 1
    outer loop
      vertex 62.9142 6.14576 5.2
      vertex 62.16 4.73469 5.2
      vertex 62.2778 4.66406 5.2
    endloop
  endfacet
  facet normal 0 0 1
    outer loop
      vertex 61.9064 4.83972 5.2
      vertex 62.3709 6.37082 5.2
      vertex 62.0853 6.44236 5.2
    endloop
  endfacet
  facet normal 0 0 1
    outer loop
      vertex 62.648 6.27164 5.2
      vertex 62.0358 4.79343 5.2
      vertex 62.16 4.73469 5.2
    endloop
  endfacet
  facet normal 0 0 1
    outer loop
      vertex 62.3709 6.37082 5.2
      vertex 61.9064 4.83972 5.2
      vertex 62.0358 4.79343 5.2
    endloop
  endfacet
  facet normal 0 0 1
    outer loop
      vertex 61.7731 4.8731 5.2
      vertex 62.0853 6.44236 5.2
      vertex 61.7941 6.48555 5.2
    endloop
  endfacet
  facet normal 0 0 1
    outer loop
      vertex 62.0853 6.44236 5.2
      vertex 61.7731 4.8731 5.2
      vertex 61.9064 4.83972 5.2
    endloop
  endfacet
  facet normal 0 0 1
    outer loop
      vertex 61.7941 6.48555 5.2
      vertex 61.6372 4.89326 5.2
      vertex 61.7731 4.8731 5.2
    endloop
  endfacet
  facet normal 0 0 1
    outer loop
      vertex 61.5 6.5 5.2
      vertex 61.6372 4.89326 5.2
      vertex 61.7941 6.48555 5.2
    endloop
  endfacet
  facet normal 0 0 1
    outer loop
      vertex 61.5 6.5 5.2
      vertex 61.5 4.9 5.2
      vertex 61.6372 4.89326 5.2
    endloop
  endfacet
  facet normal 0 0 1
    outer loop
      vertex 61.5 6.5 5.2
      vertex 61.3628 4.89326 5.2
      vertex 61.5 4.9 5.2
    endloop
  endfacet
  facet normal -0 0 1
    outer loop
      vertex 61.2059 6.48555 5.2
      vertex 61.3628 4.89326 5.2
      vertex 61.5 6.5 5.2
    endloop
  endfacet
  facet normal 0 0 1
    outer loop
      vertex 61.3628 4.89326 5.2
      vertex 61.2059 6.48555 5.2
      vertex 61.2269 4.8731 5.2
    endloop
  endfacet
  facet normal -0 0 1
    outer loop
      vertex 60.9147 6.44236 5.2
      vertex 61.2269 4.8731 5.2
      vertex 61.2059 6.48555 5.2
    endloop
  endfacet
  facet normal 0 0 1
    outer loop
      vertex 61.2269 4.8731 5.2
      vertex 60.9147 6.44236 5.2
      vertex 61.0936 4.83972 5.2
    endloop
  endfacet
  facet normal -0 0 1
    outer loop
      vertex 60.6291 6.37082 5.2
      vertex 61.0936 4.83972 5.2
      vertex 60.9147 6.44236 5.2
    endloop
  endfacet
  facet normal 0 0 1
    outer loop
      vertex 61.0936 4.83972 5.2
      vertex 60.6291 6.37082 5.2
      vertex 60.9642 4.79343 5.2
    endloop
  endfacet
  facet normal -0 0 1
    outer loop
      vertex 60.352 6.27164 5.2
      vertex 60.9642 4.79343 5.2
      vertex 60.6291 6.37082 5.2
    endloop
  endfacet
  facet normal 0 0 1
    outer loop
      vertex 60.9642 4.79343 5.2
      vertex 60.352 6.27164 5.2
      vertex 60.84 4.73469 5.2
    endloop
  endfacet
  facet normal -0 0 1
    outer loop
      vertex 60.0858 6.14576 5.2
      vertex 60.84 4.73469 5.2
      vertex 60.352 6.27164 5.2
    endloop
  endfacet
  facet normal 0 0 1
    outer loop
      vertex 60.84 4.73469 5.2
      vertex 60.0858 6.14576 5.2
      vertex 60.7222 4.66406 5.2
    endloop
  endfacet
  facet normal -0 0 1
    outer loop
      vertex 59.8333 5.99441 5.2
      vertex 60.7222 4.66406 5.2
      vertex 60.0858 6.14576 5.2
    endloop
  endfacet
  facet normal 0 0 1
    outer loop
      vertex 60.7222 4.66406 5.2
      vertex 59.8333 5.99441 5.2
      vertex 60.6118 4.58221 5.2
    endloop
  endfacet
  facet normal -0 0 1
    outer loop
      vertex 59.5968 5.81903 5.2
      vertex 60.6118 4.58221 5.2
      vertex 59.8333 5.99441 5.2
    endloop
  endfacet
  facet normal 0 0 1
    outer loop
      vertex 60.6118 4.58221 5.2
      vertex 59.5968 5.81903 5.2
      vertex 60.51 4.48995 5.2
    endloop
  endfacet
  facet normal -0 0 1
    outer loop
      vertex 59.3787 5.62132 5.2
      vertex 60.51 4.48995 5.2
      vertex 59.5968 5.81903 5.2
    endloop
  endfacet
  facet normal 0 0 1
    outer loop
      vertex 60.51 4.48995 5.2
      vertex 59.3787 5.62132 5.2
      vertex 60.4178 4.38815 5.2
    endloop
  endfacet
  facet normal -0 0 1
    outer loop
      vertex 59.181 5.40318 5.2
      vertex 60.4178 4.38815 5.2
      vertex 59.3787 5.62132 5.2
    endloop
  endfacet
  facet normal 0 0 1
    outer loop
      vertex 60.4178 4.38815 5.2
      vertex 59.181 5.40318 5.2
      vertex 60.3359 4.2778 5.2
    endloop
  endfacet
  facet normal 0 0 1
    outer loop
      vertex 60.3359 4.2778 5.2
      vertex 59.0056 5.16671 5.2
      vertex 60.2653 4.15996 5.2
    endloop
  endfacet
  facet normal -0 0 1
    outer loop
      vertex 59.0056 5.16671 5.2
      vertex 60.3359 4.2778 5.2
      vertex 59.181 5.40318 5.2
    endloop
  endfacet
  facet normal -0 0 1
    outer loop
      vertex 62.6641 2.7222 5.2
      vertex 63.9944 1.83329 5.2
      vertex 62.7347 2.84004 5.2
    endloop
  endfacet
  facet normal 0 0 1
    outer loop
      vertex 63.9944 1.83329 5.2
      vertex 62.6641 2.7222 5.2
      vertex 63.819 1.59682 5.2
    endloop
  endfacet
  facet normal -0 0 1
    outer loop
      vertex 62.5822 2.61185 5.2
      vertex 63.819 1.59682 5.2
      vertex 62.6641 2.7222 5.2
    endloop
  endfacet
  facet normal 0 0 1
    outer loop
      vertex 63.819 1.59682 5.2
      vertex 62.5822 2.61185 5.2
      vertex 63.6213 1.37868 5.2
    endloop
  endfacet
  facet normal -0 0 1
    outer loop
      vertex 62.4899 2.51005 5.2
      vertex 63.6213 1.37868 5.2
      vertex 62.5822 2.61185 5.2
    endloop
  endfacet
  facet normal 0 0 1
    outer loop
      vertex 63.6213 1.37868 5.2
      vertex 62.4899 2.51005 5.2
      vertex 63.4032 1.18097 5.2
    endloop
  endfacet
  facet normal -0 0 1
    outer loop
      vertex 62.3881 2.41778 5.2
      vertex 63.4032 1.18097 5.2
      vertex 62.4899 2.51005 5.2
    endloop
  endfacet
  facet normal 0 0 1
    outer loop
      vertex 63.4032 1.18097 5.2
      vertex 62.3881 2.41778 5.2
      vertex 63.1667 1.00559 5.2
    endloop
  endfacet
  facet normal -0 0 1
    outer loop
      vertex 62.2778 2.33594 5.2
      vertex 63.1667 1.00559 5.2
      vertex 62.3881 2.41778 5.2
    endloop
  endfacet
  facet normal 0 0 1
    outer loop
      vertex 63.1667 1.00559 5.2
      vertex 62.2778 2.33594 5.2
      vertex 62.9142 0.854236 5.2
    endloop
  endfacet
  facet normal -0 0 1
    outer loop
      vertex 62.16 2.26531 5.2
      vertex 62.9142 0.854236 5.2
      vertex 62.2778 2.33594 5.2
    endloop
  endfacet
  facet normal 0 0 1
    outer loop
      vertex 62.9142 0.854236 5.2
      vertex 62.16 2.26531 5.2
      vertex 62.648 0.728361 5.2
    endloop
  endfacet
  facet normal -0 0 1
    outer loop
      vertex 62.0358 2.20657 5.2
      vertex 62.648 0.728361 5.2
      vertex 62.16 2.26531 5.2
    endloop
  endfacet
  facet normal 0 0 1
    outer loop
      vertex 62.648 0.728361 5.2
      vertex 62.0358 2.20657 5.2
      vertex 62.3709 0.629178 5.2
    endloop
  endfacet
  facet normal -0 0 1
    outer loop
      vertex 61.9064 2.16028 5.2
      vertex 62.3709 0.629178 5.2
      vertex 62.0358 2.20657 5.2
    endloop
  endfacet
  facet normal 0 0 1
    outer loop
      vertex 62.3709 0.629178 5.2
      vertex 61.9064 2.16028 5.2
      vertex 62.0853 0.557644 5.2
    endloop
  endfacet
  facet normal -0 0 1
    outer loop
      vertex 61.7731 2.1269 5.2
      vertex 62.0853 0.557644 5.2
      vertex 61.9064 2.16028 5.2
    endloop
  endfacet
  facet normal 0 0 1
    outer loop
      vertex 62.0853 0.557644 5.2
      vertex 61.7731 2.1269 5.2
      vertex 61.7941 0.514445 5.2
    endloop
  endfacet
  facet normal -0 0 1
    outer loop
      vertex 61.6372 2.10674 5.2
      vertex 61.7941 0.514445 5.2
      vertex 61.7731 2.1269 5.2
    endloop
  endfacet
  facet normal -0 0 1
    outer loop
      vertex 61.5 2.1 5.2
      vertex 61.7941 0.514445 5.2
      vertex 61.6372 2.10674 5.2
    endloop
  endfacet
  facet normal 0 0 1
    outer loop
      vertex 61.5 2.1 5.2
      vertex 61.5 0.5 5.2
      vertex 61.7941 0.514445 5.2
    endloop
  endfacet
  facet normal 0 0 1
    outer loop
      vertex 61.3628 2.10674 5.2
      vertex 61.5 0.5 5.2
      vertex 61.5 2.1 5.2
    endloop
  endfacet
  facet normal 0 0 1
    outer loop
      vertex 61.2059 0.514445 5.2
      vertex 61.3628 2.10674 5.2
      vertex 61.2269 2.1269 5.2
    endloop
  endfacet
  facet normal 0 0 1
    outer loop
      vertex 61.3628 2.10674 5.2
      vertex 61.2059 0.514445 5.2
      vertex 61.5 0.5 5.2
    endloop
  endfacet
  facet normal 0 0 1
    outer loop
      vertex 60.9147 0.557644 5.2
      vertex 61.2269 2.1269 5.2
      vertex 61.0936 2.16028 5.2
    endloop
  endfacet
  facet normal 0 0 1
    outer loop
      vertex 60.6291 0.629178 5.2
      vertex 61.0936 2.16028 5.2
      vertex 60.9642 2.20657 5.2
    endloop
  endfacet
  facet normal 0 0 1
    outer loop
      vertex 61.2269 2.1269 5.2
      vertex 60.9147 0.557644 5.2
      vertex 61.2059 0.514445 5.2
    endloop
  endfacet
  facet normal 0 0 1
    outer loop
      vertex 60.352 0.728361 5.2
      vertex 60.9642 2.20657 5.2
      vertex 60.84 2.26531 5.2
    endloop
  endfacet
  facet normal 0 0 1
    outer loop
      vertex 60.0858 0.854236 5.2
      vertex 60.84 2.26531 5.2
      vertex 60.7222 2.33594 5.2
    endloop
  endfacet
  facet normal 0 0 1
    outer loop
      vertex 61.0936 2.16028 5.2
      vertex 60.6291 0.629178 5.2
      vertex 60.9147 0.557644 5.2
    endloop
  endfacet
  facet normal 0 0 1
    outer loop
      vertex 59.8333 1.00559 5.2
      vertex 60.7222 2.33594 5.2
      vertex 60.6118 2.41778 5.2
    endloop
  endfacet
  facet normal 0 0 1
    outer loop
      vertex 59.5968 1.18097 5.2
      vertex 60.6118 2.41778 5.2
      vertex 60.51 2.51005 5.2
    endloop
  endfacet
  facet normal 0 0 1
    outer loop
      vertex 59.3787 1.37868 5.2
      vertex 60.51 2.51005 5.2
      vertex 60.4178 2.61185 5.2
    endloop
  endfacet
  facet normal 0 0 1
    outer loop
      vertex 60.9642 2.20657 5.2
      vertex 60.352 0.728361 5.2
      vertex 60.6291 0.629178 5.2
    endloop
  endfacet
  facet normal 0 0 1
    outer loop
      vertex 59.181 1.59682 5.2
      vertex 60.4178 2.61185 5.2
      vertex 60.3359 2.7222 5.2
    endloop
  endfacet
  facet normal 0 0 1
    outer loop
      vertex 59.0056 1.83329 5.2
      vertex 60.3359 2.7222 5.2
      vertex 60.2653 2.84004 5.2
    endloop
  endfacet
  facet normal 0 0 1
    outer loop
      vertex 58.8542 2.08581 5.2
      vertex 60.2653 2.84004 5.2
      vertex 60.2066 2.96424 5.2
    endloop
  endfacet
  facet normal 0 0 1
    outer loop
      vertex 58.7284 2.35195 5.2
      vertex 60.2066 2.96424 5.2
      vertex 60.1603 3.0936 5.2
    endloop
  endfacet
  facet normal 0 0 1
    outer loop
      vertex 58.6292 2.62915 5.2
      vertex 60.1603 3.0936 5.2
      vertex 60.1269 3.22687 5.2
    endloop
  endfacet
  facet normal 0 0 1
    outer loop
      vertex 58.5576 2.91473 5.2
      vertex 60.1269 3.22687 5.2
      vertex 60.1067 3.36278 5.2
    endloop
  endfacet
  facet normal 0 0 1
    outer loop
      vertex 60.84 2.26531 5.2
      vertex 60.0858 0.854236 5.2
      vertex 60.352 0.728361 5.2
    endloop
  endfacet
  facet normal 0 0 1
    outer loop
      vertex 58.5144 3.20595 5.2
      vertex 60.1067 3.36278 5.2
      vertex 60.1 3.5 5.2
    endloop
  endfacet
  facet normal -0 0 1
    outer loop
      vertex 58.8542 4.91419 5.2
      vertex 60.2653 4.15996 5.2
      vertex 59.0056 5.16671 5.2
    endloop
  endfacet
  facet normal 0 0 1
    outer loop
      vertex 60.2653 4.15996 5.2
      vertex 58.8542 4.91419 5.2
      vertex 60.2066 4.03576 5.2
    endloop
  endfacet
  facet normal 0 0 1
    outer loop
      vertex 60.7222 2.33594 5.2
      vertex 59.8333 1.00559 5.2
      vertex 60.0858 0.854236 5.2
    endloop
  endfacet
  facet normal -0 0 1
    outer loop
      vertex 58.7284 4.64805 5.2
      vertex 60.2066 4.03576 5.2
      vertex 58.8542 4.91419 5.2
    endloop
  endfacet
  facet normal 0 0 1
    outer loop
      vertex 60.6118 2.41778 5.2
      vertex 59.5968 1.18097 5.2
      vertex 59.8333 1.00559 5.2
    endloop
  endfacet
  facet normal 0 0 1
    outer loop
      vertex 60.2066 4.03576 5.2
      vertex 58.7284 4.64805 5.2
      vertex 60.1603 3.9064 5.2
    endloop
  endfacet
  facet normal 0 0 1
    outer loop
      vertex 60.51 2.51005 5.2
      vertex 59.3787 1.37868 5.2
      vertex 59.5968 1.18097 5.2
    endloop
  endfacet
  facet normal -0 0 1
    outer loop
      vertex 58.6292 4.37085 5.2
      vertex 60.1603 3.9064 5.2
      vertex 58.7284 4.64805 5.2
    endloop
  endfacet
  facet normal 0 0 1
    outer loop
      vertex 60.4178 2.61185 5.2
      vertex 59.181 1.59682 5.2
      vertex 59.3787 1.37868 5.2
    endloop
  endfacet
  facet normal 0 0 1
    outer loop
      vertex 60.1603 3.9064 5.2
      vertex 58.6292 4.37085 5.2
      vertex 60.1269 3.77313 5.2
    endloop
  endfacet
  facet normal 0 0 1
    outer loop
      vertex 60.3359 2.7222 5.2
      vertex 59.0056 1.83329 5.2
      vertex 59.181 1.59682 5.2
    endloop
  endfacet
  facet normal -0 0 1
    outer loop
      vertex 58.5576 4.08527 5.2
      vertex 60.1269 3.77313 5.2
      vertex 58.6292 4.37085 5.2
    endloop
  endfacet
  facet normal 0 0 1
    outer loop
      vertex 60.2653 2.84004 5.2
      vertex 58.8542 2.08581 5.2
      vertex 59.0056 1.83329 5.2
    endloop
  endfacet
  facet normal 0 0 1
    outer loop
      vertex 60.1269 3.77313 5.2
      vertex 58.5576 4.08527 5.2
      vertex 60.1067 3.63722 5.2
    endloop
  endfacet
  facet normal 0 0 1
    outer loop
      vertex 60.2066 2.96424 5.2
      vertex 58.7284 2.35195 5.2
      vertex 58.8542 2.08581 5.2
    endloop
  endfacet
  facet normal -0 0 1
    outer loop
      vertex 58.5144 3.79405 5.2
      vertex 60.1067 3.63722 5.2
      vertex 58.5576 4.08527 5.2
    endloop
  endfacet
  facet normal 0 0 1
    outer loop
      vertex 60.1603 3.0936 5.2
      vertex 58.6292 2.62915 5.2
      vertex 58.7284 2.35195 5.2
    endloop
  endfacet
  facet normal 0 0 1
    outer loop
      vertex 60.1067 3.63722 5.2
      vertex 58.5144 3.79405 5.2
      vertex 60.1 3.5 5.2
    endloop
  endfacet
  facet normal 0 0 1
    outer loop
      vertex 60.1269 3.22687 5.2
      vertex 58.5576 2.91473 5.2
      vertex 58.6292 2.62915 5.2
    endloop
  endfacet
  facet normal 0 0 1
    outer loop
      vertex 58.5 3.5 5.2
      vertex 60.1 3.5 5.2
      vertex 58.5144 3.79405 5.2
    endloop
  endfacet
  facet normal 0 0 1
    outer loop
      vertex 60.1067 3.36278 5.2
      vertex 58.5144 3.20595 5.2
      vertex 58.5576 2.91473 5.2
    endloop
  endfacet
  facet normal 0 0 1
    outer loop
      vertex 60.1 3.5 5.2
      vertex 58.5 3.5 5.2
      vertex 58.5144 3.20595 5.2
    endloop
  endfacet
  facet normal 0.595655 0.803241 -0
    outer loop
      vertex 63.4032 5.81903 2.6
      vertex 63.1667 5.99441 5.2
      vertex 63.4032 5.81903 5.2
    endloop
  endfacet
  facet normal 0.595655 0.803241 0
    outer loop
      vertex 63.1667 5.99441 5.2
      vertex 63.4032 5.81903 2.6
      vertex 63.1667 5.99441 2.6
    endloop
  endfacet
  facet normal -0.514131 -0.857712 0
    outer loop
      vertex 59.8333 1.00559 2.6
      vertex 60.0858 0.854236 5.2
      vertex 59.8333 1.00559 5.2
    endloop
  endfacet
  facet normal -0.514131 -0.857712 -0
    outer loop
      vertex 60.0858 0.854236 5.2
      vertex 59.8333 1.00559 2.6
      vertex 60.0858 0.854236 2.6
    endloop
  endfacet
  facet normal 0.514121 0.857718 -0
    outer loop
      vertex 63.1667 5.99441 2.6
      vertex 62.9142 6.14576 5.2
      vertex 63.1667 5.99441 5.2
    endloop
  endfacet
  facet normal 0.514121 0.857718 0
    outer loop
      vertex 62.9142 6.14576 5.2
      vertex 63.1667 5.99441 2.6
      vertex 62.9142 6.14576 2.6
    endloop
  endfacet
  facet normal 0.146742 -0.989175 0
    outer loop
      vertex 61.7941 0.514445 2.6
      vertex 62.0853 0.557644 5.2
      vertex 61.7941 0.514445 5.2
    endloop
  endfacet
  facet normal 0.146742 -0.989175 0
    outer loop
      vertex 62.0853 0.557644 5.2
      vertex 61.7941 0.514445 2.6
      vertex 62.0853 0.557644 2.6
    endloop
  endfacet
  facet normal 0.941527 0.336939 0
    outer loop
      vertex 64.3708 4.37085 5.2
      vertex 64.2716 4.64805 2.6
      vertex 64.2716 4.64805 5.2
    endloop
  endfacet
  facet normal 0.941527 0.336939 0
    outer loop
      vertex 64.2716 4.64805 2.6
      vertex 64.3708 4.37085 5.2
      vertex 64.3708 4.37085 2.6
    endloop
  endfacet
  facet normal 0.857661 -0.514216 0
    outer loop
      vertex 63.9944 1.83329 5.2
      vertex 64.1458 2.08581 2.6
      vertex 64.1458 2.08581 5.2
    endloop
  endfacet
  facet normal 0.857661 -0.514216 0
    outer loop
      vertex 64.1458 2.08581 2.6
      vertex 63.9944 1.83329 5.2
      vertex 63.9944 1.83329 2.6
    endloop
  endfacet
  facet normal -0.998803 -0.0489126 0
    outer loop
      vertex 58.5144 3.20595 2.6
      vertex 58.5 3.5 5.2
      vertex 58.5 3.5 2.6
    endloop
  endfacet
  facet normal -0.998803 -0.0489126 0
    outer loop
      vertex 58.5 3.5 5.2
      vertex 58.5144 3.20595 2.6
      vertex 58.5144 3.20595 5.2
    endloop
  endfacet
  facet normal 0.941527 -0.336939 0
    outer loop
      vertex 64.2716 2.35195 5.2
      vertex 64.3708 2.62915 2.6
      vertex 64.3708 2.62915 5.2
    endloop
  endfacet
  facet normal 0.941527 -0.336939 0
    outer loop
      vertex 64.3708 2.62915 2.6
      vertex 64.2716 2.35195 5.2
      vertex 64.2716 2.35195 2.6
    endloop
  endfacet
  facet normal -0.146712 0.989179 0
    outer loop
      vertex 61.2059 6.48555 2.6
      vertex 60.9147 6.44236 5.2
      vertex 61.2059 6.48555 5.2
    endloop
  endfacet
  facet normal -0.146712 0.989179 0
    outer loop
      vertex 60.9147 6.44236 5.2
      vertex 61.2059 6.48555 2.6
      vertex 60.9147 6.44236 2.6
    endloop
  endfacet
  facet normal 0.740969 0.671539 0
    outer loop
      vertex 63.819 5.40318 5.2
      vertex 63.6213 5.62132 2.6
      vertex 63.6213 5.62132 5.2
    endloop
  endfacet
  facet normal 0.740969 0.671539 0
    outer loop
      vertex 63.6213 5.62132 2.6
      vertex 63.819 5.40318 5.2
      vertex 63.819 5.40318 2.6
    endloop
  endfacet
  facet normal 0.0490738 0.998795 -0
    outer loop
      vertex 61.7941 6.48555 2.6
      vertex 61.5 6.5 5.2
      vertex 61.7941 6.48555 5.2
    endloop
  endfacet
  facet normal 0.0490738 0.998795 0
    outer loop
      vertex 61.5 6.5 5.2
      vertex 61.7941 6.48555 2.6
      vertex 61.5 6.5 2.6
    endloop
  endfacet
  facet normal 0.904088 0.427347 0
    outer loop
      vertex 64.2716 4.64805 5.2
      vertex 64.1458 4.91419 2.6
      vertex 64.1458 4.91419 5.2
    endloop
  endfacet
  facet normal 0.904088 0.427347 0
    outer loop
      vertex 64.1458 4.91419 2.6
      vertex 64.2716 4.64805 5.2
      vertex 64.2716 4.64805 2.6
    endloop
  endfacet
  facet normal -0.146742 -0.989175 0
    outer loop
      vertex 60.9147 0.557644 2.6
      vertex 61.2059 0.514445 5.2
      vertex 60.9147 0.557644 5.2
    endloop
  endfacet
  facet normal -0.146742 -0.989175 -0
    outer loop
      vertex 61.2059 0.514445 5.2
      vertex 60.9147 0.557644 2.6
      vertex 61.2059 0.514445 2.6
    endloop
  endfacet
  facet normal 0.671625 -0.740891 0
    outer loop
      vertex 63.4032 1.18097 2.6
      vertex 63.6213 1.37868 5.2
      vertex 63.4032 1.18097 5.2
    endloop
  endfacet
  facet normal 0.671625 -0.740891 0
    outer loop
      vertex 63.6213 1.37868 5.2
      vertex 63.4032 1.18097 2.6
      vertex 63.6213 1.37868 2.6
    endloop
  endfacet
  facet normal 0.857661 0.514216 0
    outer loop
      vertex 64.1458 4.91419 5.2
      vertex 63.9944 5.16671 2.6
      vertex 63.9944 5.16671 5.2
    endloop
  endfacet
  facet normal 0.857661 0.514216 0
    outer loop
      vertex 63.9944 5.16671 2.6
      vertex 64.1458 4.91419 5.2
      vertex 64.1458 4.91419 2.6
    endloop
  endfacet
  facet normal -0.0490568 -0.998796 0
    outer loop
      vertex 61.2059 0.514445 2.6
      vertex 61.5 0.5 5.2
      vertex 61.2059 0.514445 5.2
    endloop
  endfacet
  facet normal -0.0490568 -0.998796 -0
    outer loop
      vertex 61.5 0.5 5.2
      vertex 61.2059 0.514445 2.6
      vertex 61.5 0.5 2.6
    endloop
  endfacet
  facet normal -0.740969 0.671539 0
    outer loop
      vertex 59.181 5.40318 2.6
      vertex 59.3787 5.62132 5.2
      vertex 59.3787 5.62132 2.6
    endloop
  endfacet
  facet normal -0.740969 0.671539 0
    outer loop
      vertex 59.3787 5.62132 5.2
      vertex 59.181 5.40318 2.6
      vertex 59.181 5.40318 5.2
    endloop
  endfacet
  facet normal 0.671625 0.740891 -0
    outer loop
      vertex 63.6213 5.62132 2.6
      vertex 63.4032 5.81903 5.2
      vertex 63.6213 5.62132 5.2
    endloop
  endfacet
  facet normal 0.671625 0.740891 0
    outer loop
      vertex 63.4032 5.81903 5.2
      vertex 63.6213 5.62132 2.6
      vertex 63.4032 5.81903 2.6
    endloop
  endfacet
  facet normal -0.904088 0.427347 0
    outer loop
      vertex 58.7284 4.64805 2.6
      vertex 58.8542 4.91419 5.2
      vertex 58.8542 4.91419 2.6
    endloop
  endfacet
  facet normal -0.904088 0.427347 0
    outer loop
      vertex 58.8542 4.91419 5.2
      vertex 58.7284 4.64805 2.6
      vertex 58.7284 4.64805 5.2
    endloop
  endfacet
  facet normal -0.671625 -0.740891 0
    outer loop
      vertex 59.3787 1.37868 2.6
      vertex 59.5968 1.18097 5.2
      vertex 59.3787 1.37868 5.2
    endloop
  endfacet
  facet normal -0.671625 -0.740891 -0
    outer loop
      vertex 59.5968 1.18097 5.2
      vertex 59.3787 1.37868 2.6
      vertex 59.5968 1.18097 2.6
    endloop
  endfacet
  facet normal -0.969978 0.243191 0
    outer loop
      vertex 58.5576 4.08527 2.6
      vertex 58.6292 4.37085 5.2
      vertex 58.6292 4.37085 2.6
    endloop
  endfacet
  facet normal -0.969978 0.243191 0
    outer loop
      vertex 58.6292 4.37085 5.2
      vertex 58.5576 4.08527 2.6
      vertex 58.5576 4.08527 5.2
    endloop
  endfacet
  facet normal 0.242983 0.970031 -0
    outer loop
      vertex 62.3709 6.37082 2.6
      vertex 62.0853 6.44236 5.2
      vertex 62.3709 6.37082 5.2
    endloop
  endfacet
  facet normal 0.242983 0.970031 0
    outer loop
      vertex 62.0853 6.44236 5.2
      vertex 62.3709 6.37082 2.6
      vertex 62.0853 6.44236 2.6
    endloop
  endfacet
  facet normal -0.969978 -0.243191 0
    outer loop
      vertex 58.6292 2.62915 2.6
      vertex 58.5576 2.91473 5.2
      vertex 58.5576 2.91473 2.6
    endloop
  endfacet
  facet normal -0.969978 -0.243191 0
    outer loop
      vertex 58.5576 2.91473 5.2
      vertex 58.6292 2.62915 2.6
      vertex 58.6292 2.62915 5.2
    endloop
  endfacet
  facet normal -0.427477 -0.904026 0
    outer loop
      vertex 60.0858 0.854236 2.6
      vertex 60.352 0.728361 5.2
      vertex 60.0858 0.854236 5.2
    endloop
  endfacet
  facet normal -0.427477 -0.904026 -0
    outer loop
      vertex 60.352 0.728361 5.2
      vertex 60.0858 0.854236 2.6
      vertex 60.352 0.728361 2.6
    endloop
  endfacet
  facet normal -0.740969 -0.671539 0
    outer loop
      vertex 59.3787 1.37868 2.6
      vertex 59.181 1.59682 5.2
      vertex 59.181 1.59682 2.6
    endloop
  endfacet
  facet normal -0.740969 -0.671539 0
    outer loop
      vertex 59.181 1.59682 5.2
      vertex 59.3787 1.37868 2.6
      vertex 59.3787 1.37868 5.2
    endloop
  endfacet
  facet normal 0.0490568 -0.998796 0
    outer loop
      vertex 61.5 0.5 2.6
      vertex 61.7941 0.514445 5.2
      vertex 61.5 0.5 5.2
    endloop
  endfacet
  facet normal 0.0490568 -0.998796 0
    outer loop
      vertex 61.7941 0.514445 5.2
      vertex 61.5 0.5 2.6
      vertex 61.7941 0.514445 2.6
    endloop
  endfacet
  facet normal -0.989176 -0.146736 0
    outer loop
      vertex 58.5576 2.91473 2.6
      vertex 58.5144 3.20595 5.2
      vertex 58.5144 3.20595 2.6
    endloop
  endfacet
  facet normal -0.989176 -0.146736 0
    outer loop
      vertex 58.5144 3.20595 5.2
      vertex 58.5576 2.91473 2.6
      vertex 58.5576 2.91473 5.2
    endloop
  endfacet
  facet normal 0.595655 -0.803241 0
    outer loop
      vertex 63.1667 1.00559 2.6
      vertex 63.4032 1.18097 5.2
      vertex 63.1667 1.00559 5.2
    endloop
  endfacet
  facet normal 0.595655 -0.803241 0
    outer loop
      vertex 63.4032 1.18097 5.2
      vertex 63.1667 1.00559 2.6
      vertex 63.4032 1.18097 2.6
    endloop
  endfacet
  facet normal -0.803172 -0.595747 0
    outer loop
      vertex 59.181 1.59682 2.6
      vertex 59.0056 1.83329 5.2
      vertex 59.0056 1.83329 2.6
    endloop
  endfacet
  facet normal -0.803172 -0.595747 0
    outer loop
      vertex 59.0056 1.83329 5.2
      vertex 59.181 1.59682 2.6
      vertex 59.181 1.59682 5.2
    endloop
  endfacet
  facet normal -0.998803 0.0489126 0
    outer loop
      vertex 58.5 3.5 2.6
      vertex 58.5144 3.79405 5.2
      vertex 58.5144 3.79405 2.6
    endloop
  endfacet
  facet normal -0.998803 0.0489126 0
    outer loop
      vertex 58.5144 3.79405 5.2
      vertex 58.5 3.5 2.6
      vertex 58.5 3.5 5.2
    endloop
  endfacet
  facet normal 0.740969 -0.671539 0
    outer loop
      vertex 63.6213 1.37868 5.2
      vertex 63.819 1.59682 2.6
      vertex 63.819 1.59682 5.2
    endloop
  endfacet
  facet normal 0.740969 -0.671539 0
    outer loop
      vertex 63.819 1.59682 2.6
      vertex 63.6213 1.37868 5.2
      vertex 63.6213 1.37868 2.6
    endloop
  endfacet
  facet normal -0.337047 -0.941488 0
    outer loop
      vertex 60.352 23.7284 2.6
      vertex 60.6291 23.6292 5.2
      vertex 60.352 23.7284 5.2
    endloop
  endfacet
  facet normal -0.337047 -0.941488 -0
    outer loop
      vertex 60.6291 23.6292 5.2
      vertex 60.352 23.7284 2.6
      vertex 60.6291 23.6292 2.6
    endloop
  endfacet
  facet normal 0.989224 0.146413 0
    outer loop
      vertex 64.4855 26.7941 5.2
      vertex 64.4424 27.0853 2.6
      vertex 64.4424 27.0853 5.2
    endloop
  endfacet
  facet normal 0.989224 0.146413 0
    outer loop
      vertex 64.4424 27.0853 2.6
      vertex 64.4855 26.7941 5.2
      vertex 64.4855 26.7941 2.6
    endloop
  endfacet
  facet normal 0.998787 0.0492431 0
    outer loop
      vertex 64.5 26.5 5.2
      vertex 64.4855 26.7941 2.6
      vertex 64.4855 26.7941 5.2
    endloop
  endfacet
  facet normal 0.998787 0.0492431 0
    outer loop
      vertex 64.4855 26.7941 2.6
      vertex 64.5 26.5 5.2
      vertex 64.5 26.5 2.6
    endloop
  endfacet
  facet normal 0.969982 0.243175 0
    outer loop
      vertex 64.4424 27.0853 5.2
      vertex 64.3708 27.3709 2.6
      vertex 64.3708 27.3709 5.2
    endloop
  endfacet
  facet normal 0.969982 0.243175 0
    outer loop
      vertex 64.3708 27.3709 2.6
      vertex 64.4424 27.0853 5.2
      vertex 64.4424 27.0853 2.6
    endloop
  endfacet
  facet normal -0.989174 0.146746 0
    outer loop
      vertex 58.5144 26.7941 2.6
      vertex 58.5576 27.0853 5.2
      vertex 58.5576 27.0853 2.6
    endloop
  endfacet
  facet normal -0.989174 0.146746 0
    outer loop
      vertex 58.5576 27.0853 5.2
      vertex 58.5144 26.7941 2.6
      vertex 58.5144 26.7941 5.2
    endloop
  endfacet
  facet normal -0.243175 -0.969982 0
    outer loop
      vertex 60.6291 23.6292 2.6
      vertex 60.9147 23.5576 5.2
      vertex 60.6291 23.6292 5.2
    endloop
  endfacet
  facet normal -0.243175 -0.969982 -0
    outer loop
      vertex 60.9147 23.5576 5.2
      vertex 60.6291 23.6292 2.6
      vertex 60.9147 23.5576 2.6
    endloop
  endfacet
  facet normal 0.337047 0.941488 -0
    outer loop
      vertex 62.648 29.2716 2.6
      vertex 62.3709 29.3708 5.2
      vertex 62.648 29.2716 5.2
    endloop
  endfacet
  facet normal 0.337047 0.941488 0
    outer loop
      vertex 62.3709 29.3708 5.2
      vertex 62.648 29.2716 2.6
      vertex 62.3709 29.3708 2.6
    endloop
  endfacet
  facet normal -0.514246 0.857643 0
    outer loop
      vertex 60.0858 29.1458 2.6
      vertex 59.8333 28.9944 5.2
      vertex 60.0858 29.1458 5.2
    endloop
  endfacet
  facet normal -0.514246 0.857643 0
    outer loop
      vertex 59.8333 28.9944 5.2
      vertex 60.0858 29.1458 2.6
      vertex 59.8333 28.9944 2.6
    endloop
  endfacet
  facet normal -0.904063 -0.4274 0
    outer loop
      vertex 58.8542 25.0858 2.6
      vertex 58.7284 25.3519 5.2
      vertex 58.7284 25.3519 2.6
    endloop
  endfacet
  facet normal -0.904063 -0.4274 0
    outer loop
      vertex 58.7284 25.3519 5.2
      vertex 58.8542 25.0858 2.6
      vertex 58.8542 25.0858 5.2
    endloop
  endfacet
  facet normal -0.243175 0.969982 0
    outer loop
      vertex 60.9147 29.4424 2.6
      vertex 60.6291 29.3708 5.2
      vertex 60.9147 29.4424 5.2
    endloop
  endfacet
  facet normal -0.243175 0.969982 0
    outer loop
      vertex 60.6291 29.3708 5.2
      vertex 60.9147 29.4424 2.6
      vertex 60.6291 29.3708 2.6
    endloop
  endfacet
  facet normal -0.857643 -0.514246 0
    outer loop
      vertex 59.0056 24.8333 2.6
      vertex 58.8542 25.0858 5.2
      vertex 58.8542 25.0858 2.6
    endloop
  endfacet
  facet normal -0.857643 -0.514246 0
    outer loop
      vertex 58.8542 25.0858 5.2
      vertex 59.0056 24.8333 2.6
      vertex 59.0056 24.8333 5.2
    endloop
  endfacet
  facet normal 0.243175 -0.969982 0
    outer loop
      vertex 62.0853 23.5576 2.6
      vertex 62.3709 23.6292 5.2
      vertex 62.0853 23.5576 5.2
    endloop
  endfacet
  facet normal 0.243175 -0.969982 0
    outer loop
      vertex 62.3709 23.6292 5.2
      vertex 62.0853 23.5576 2.6
      vertex 62.3709 23.6292 2.6
    endloop
  endfacet
  facet normal -0.595699 -0.803208 0
    outer loop
      vertex 59.5968 24.181 2.6
      vertex 59.8333 24.0056 5.2
      vertex 59.5968 24.181 5.2
    endloop
  endfacet
  facet normal -0.595699 -0.803208 -0
    outer loop
      vertex 59.8333 24.0056 5.2
      vertex 59.5968 24.181 2.6
      vertex 59.8333 24.0056 2.6
    endloop
  endfacet
  facet normal 0.514246 -0.857643 0
    outer loop
      vertex 62.9142 23.8542 2.6
      vertex 63.1667 24.0056 5.2
      vertex 62.9142 23.8542 5.2
    endloop
  endfacet
  facet normal 0.514246 -0.857643 0
    outer loop
      vertex 63.1667 24.0056 5.2
      vertex 62.9142 23.8542 2.6
      vertex 63.1667 24.0056 2.6
    endloop
  endfacet
  facet normal 0.803208 -0.595699 0
    outer loop
      vertex 63.819 24.5968 5.2
      vertex 63.9944 24.8333 2.6
      vertex 63.9944 24.8333 5.2
    endloop
  endfacet
  facet normal 0.803208 -0.595699 0
    outer loop
      vertex 63.9944 24.8333 2.6
      vertex 63.819 24.5968 5.2
      vertex 63.819 24.5968 2.6
    endloop
  endfacet
  facet normal 0.146746 0.989174 -0
    outer loop
      vertex 62.0853 29.4424 2.6
      vertex 61.7941 29.4856 5.2
      vertex 62.0853 29.4424 5.2
    endloop
  endfacet
  facet normal 0.146746 0.989174 0
    outer loop
      vertex 61.7941 29.4856 5.2
      vertex 62.0853 29.4424 2.6
      vertex 61.7941 29.4856 2.6
    endloop
  endfacet
  facet normal -0.595699 0.803208 0
    outer loop
      vertex 59.8333 28.9944 2.6
      vertex 59.5968 28.819 5.2
      vertex 59.8333 28.9944 5.2
    endloop
  endfacet
  facet normal -0.595699 0.803208 0
    outer loop
      vertex 59.5968 28.819 5.2
      vertex 59.8333 28.9944 2.6
      vertex 59.5968 28.819 2.6
    endloop
  endfacet
  facet normal 0.427269 -0.904125 0
    outer loop
      vertex 62.648 23.7284 2.6
      vertex 62.9142 23.8542 5.2
      vertex 62.648 23.7284 5.2
    endloop
  endfacet
  facet normal 0.427269 -0.904125 0
    outer loop
      vertex 62.9142 23.8542 5.2
      vertex 62.648 23.7284 2.6
      vertex 62.9142 23.8542 2.6
    endloop
  endfacet
  facet normal -0.803208 0.595699 0
    outer loop
      vertex 59.0056 28.1667 2.6
      vertex 59.181 28.4032 5.2
      vertex 59.181 28.4032 2.6
    endloop
  endfacet
  facet normal -0.803208 0.595699 0
    outer loop
      vertex 59.181 28.4032 5.2
      vertex 59.0056 28.1667 2.6
      vertex 59.0056 28.1667 5.2
    endloop
  endfacet
  facet normal 0.989224 -0.146413 0
    outer loop
      vertex 64.4424 25.9147 5.2
      vertex 64.4855 26.2059 2.6
      vertex 64.4855 26.2059 5.2
    endloop
  endfacet
  facet normal 0.989224 -0.146413 0
    outer loop
      vertex 64.4855 26.2059 2.6
      vertex 64.4424 25.9147 5.2
      vertex 64.4424 25.9147 2.6
    endloop
  endfacet
  facet normal -0.941488 0.337047 0
    outer loop
      vertex 58.6292 27.3709 2.6
      vertex 58.7284 27.648 5.2
      vertex 58.7284 27.648 2.6
    endloop
  endfacet
  facet normal -0.941488 0.337047 0
    outer loop
      vertex 58.7284 27.648 5.2
      vertex 58.6292 27.3709 2.6
      vertex 58.6292 27.3709 5.2
    endloop
  endfacet
  facet normal 0.427269 0.904125 -0
    outer loop
      vertex 62.9142 29.1458 2.6
      vertex 62.648 29.2716 5.2
      vertex 62.9142 29.1458 5.2
    endloop
  endfacet
  facet normal 0.427269 0.904125 0
    outer loop
      vertex 62.648 29.2716 5.2
      vertex 62.9142 29.1458 2.6
      vertex 62.648 29.2716 2.6
    endloop
  endfacet
  facet normal -0.941527 -0.336939 0
    outer loop
      vertex 58.7284 25.3519 2.6
      vertex 58.6292 25.6291 5.2
      vertex 58.6292 25.6291 2.6
    endloop
  endfacet
  facet normal -0.941527 -0.336939 0
    outer loop
      vertex 58.6292 25.6291 5.2
      vertex 58.7284 25.3519 2.6
      vertex 58.7284 25.3519 5.2
    endloop
  endfacet
  facet normal 0.969982 -0.243175 0
    outer loop
      vertex 64.3708 25.6291 5.2
      vertex 64.4424 25.9147 2.6
      vertex 64.4424 25.9147 5.2
    endloop
  endfacet
  facet normal 0.969982 -0.243175 0
    outer loop
      vertex 64.4424 25.9147 2.6
      vertex 64.3708 25.6291 5.2
      vertex 64.3708 25.6291 2.6
    endloop
  endfacet
  facet normal -0.0489044 0.998803 0
    outer loop
      vertex 61.5 29.5 2.6
      vertex 61.2059 29.4856 5.2
      vertex 61.5 29.5 5.2
    endloop
  endfacet
  facet normal -0.0489044 0.998803 0
    outer loop
      vertex 61.2059 29.4856 5.2
      vertex 61.5 29.5 2.6
      vertex 61.2059 29.4856 2.6
    endloop
  endfacet
  facet normal 0.671607 0.740908 -0
    outer loop
      vertex 63.6213 28.6213 2.6
      vertex 63.4032 28.819 5.2
      vertex 63.6213 28.6213 5.2
    endloop
  endfacet
  facet normal 0.671607 0.740908 0
    outer loop
      vertex 63.4032 28.819 5.2
      vertex 63.6213 28.6213 2.6
      vertex 63.4032 28.819 2.6
    endloop
  endfacet
  facet normal -0.427269 0.904125 0
    outer loop
      vertex 60.352 29.2716 2.6
      vertex 60.0858 29.1458 5.2
      vertex 60.352 29.2716 5.2
    endloop
  endfacet
  facet normal -0.427269 0.904125 0
    outer loop
      vertex 60.0858 29.1458 5.2
      vertex 60.352 29.2716 2.6
      vertex 60.0858 29.1458 2.6
    endloop
  endfacet
  facet normal -0.671607 0.740908 0
    outer loop
      vertex 59.5968 28.819 2.6
      vertex 59.3787 28.6213 5.2
      vertex 59.5968 28.819 5.2
    endloop
  endfacet
  facet normal -0.671607 0.740908 0
    outer loop
      vertex 59.3787 28.6213 5.2
      vertex 59.5968 28.819 2.6
      vertex 59.3787 28.6213 2.6
    endloop
  endfacet
  facet normal 0.337047 -0.941488 0
    outer loop
      vertex 62.3709 23.6292 2.6
      vertex 62.648 23.7284 5.2
      vertex 62.3709 23.6292 5.2
    endloop
  endfacet
  facet normal 0.337047 -0.941488 0
    outer loop
      vertex 62.648 23.7284 5.2
      vertex 62.3709 23.6292 2.6
      vertex 62.648 23.7284 2.6
    endloop
  endfacet
  facet normal -0.337047 0.941488 0
    outer loop
      vertex 60.6291 29.3708 2.6
      vertex 60.352 29.2716 5.2
      vertex 60.6291 29.3708 5.2
    endloop
  endfacet
  facet normal -0.337047 0.941488 0
    outer loop
      vertex 60.352 29.2716 5.2
      vertex 60.6291 29.3708 2.6
      vertex 60.352 29.2716 2.6
    endloop
  endfacet
  facet normal 0.803208 0.595699 0
    outer loop
      vertex 63.9944 28.1667 5.2
      vertex 63.819 28.4032 2.6
      vertex 63.819 28.4032 5.2
    endloop
  endfacet
  facet normal 0.803208 0.595699 0
    outer loop
      vertex 63.819 28.4032 2.6
      vertex 63.9944 28.1667 5.2
      vertex 63.9944 28.1667 2.6
    endloop
  endfacet
  facet normal -0.857643 0.514246 0
    outer loop
      vertex 58.8542 27.9142 2.6
      vertex 59.0056 28.1667 5.2
      vertex 59.0056 28.1667 2.6
    endloop
  endfacet
  facet normal -0.857643 0.514246 0
    outer loop
      vertex 59.0056 28.1667 5.2
      vertex 58.8542 27.9142 2.6
      vertex 58.8542 27.9142 5.2
    endloop
  endfacet
  facet normal 0.998787 -0.0492431 0
    outer loop
      vertex 64.4855 26.2059 5.2
      vertex 64.5 26.5 2.6
      vertex 64.5 26.5 5.2
    endloop
  endfacet
  facet normal 0.998787 -0.0492431 0
    outer loop
      vertex 64.5 26.5 2.6
      vertex 64.4855 26.2059 5.2
      vertex 64.4855 26.2059 2.6
    endloop
  endfacet
  facet normal 0.904063 -0.4274 0
    outer loop
      vertex 64.1458 25.0858 5.2
      vertex 64.2716 25.3519 2.6
      vertex 64.2716 25.3519 5.2
    endloop
  endfacet
  facet normal 0.904063 -0.4274 0
    outer loop
      vertex 64.2716 25.3519 2.6
      vertex 64.1458 25.0858 5.2
      vertex 64.1458 25.0858 2.6
    endloop
  endfacet
  facet normal 0.857643 0.514246 0
    outer loop
      vertex 64.1458 27.9142 5.2
      vertex 63.9944 28.1667 2.6
      vertex 63.9944 28.1667 5.2
    endloop
  endfacet
  facet normal 0.857643 0.514246 0
    outer loop
      vertex 63.9944 28.1667 2.6
      vertex 64.1458 27.9142 5.2
      vertex 64.1458 27.9142 2.6
    endloop
  endfacet
  facet normal 0 0 1
    outer loop
      vertex 62.9 26.5 5.2
      vertex 64.5 26.5 5.2
      vertex 64.4855 26.7941 5.2
    endloop
  endfacet
  facet normal 0 0 1
    outer loop
      vertex 62.8933 26.6372 5.2
      vertex 64.4855 26.7941 5.2
      vertex 64.4424 27.0853 5.2
    endloop
  endfacet
  facet normal 0 0 1
    outer loop
      vertex 64.5 26.5 5.2
      vertex 62.9 26.5 5.2
      vertex 64.4855 26.2059 5.2
    endloop
  endfacet
  facet normal 0 0 1
    outer loop
      vertex 62.8731 26.7731 5.2
      vertex 64.4424 27.0853 5.2
      vertex 64.3708 27.3709 5.2
    endloop
  endfacet
  facet normal -0 0 1
    outer loop
      vertex 62.8933 26.3628 5.2
      vertex 64.4855 26.2059 5.2
      vertex 62.9 26.5 5.2
    endloop
  endfacet
  facet normal 0 0 1
    outer loop
      vertex 62.8397 26.9064 5.2
      vertex 64.3708 27.3709 5.2
      vertex 64.2716 27.648 5.2
    endloop
  endfacet
  facet normal 0 0 1
    outer loop
      vertex 64.4855 26.2059 5.2
      vertex 62.8933 26.3628 5.2
      vertex 64.4424 25.9147 5.2
    endloop
  endfacet
  facet normal 0 0 1
    outer loop
      vertex 62.7934 27.0358 5.2
      vertex 64.2716 27.648 5.2
      vertex 64.1458 27.9142 5.2
    endloop
  endfacet
  facet normal -0 0 1
    outer loop
      vertex 62.8731 26.2269 5.2
      vertex 64.4424 25.9147 5.2
      vertex 62.8933 26.3628 5.2
    endloop
  endfacet
  facet normal 0 0 1
    outer loop
      vertex 62.7347 27.16 5.2
      vertex 64.1458 27.9142 5.2
      vertex 63.9944 28.1667 5.2
    endloop
  endfacet
  facet normal 0 0 1
    outer loop
      vertex 64.4424 25.9147 5.2
      vertex 62.8731 26.2269 5.2
      vertex 64.3708 25.6291 5.2
    endloop
  endfacet
  facet normal 0 0 1
    outer loop
      vertex 62.6641 27.2778 5.2
      vertex 63.9944 28.1667 5.2
      vertex 63.819 28.4032 5.2
    endloop
  endfacet
  facet normal -0 0 1
    outer loop
      vertex 62.8397 26.0936 5.2
      vertex 64.3708 25.6291 5.2
      vertex 62.8731 26.2269 5.2
    endloop
  endfacet
  facet normal 0 0 1
    outer loop
      vertex 62.5822 27.3881 5.2
      vertex 63.819 28.4032 5.2
      vertex 63.6213 28.6213 5.2
    endloop
  endfacet
  facet normal 0 0 1
    outer loop
      vertex 64.3708 25.6291 5.2
      vertex 62.8397 26.0936 5.2
      vertex 64.2716 25.3519 5.2
    endloop
  endfacet
  facet normal 0 0 1
    outer loop
      vertex 62.4899 27.4899 5.2
      vertex 63.6213 28.6213 5.2
      vertex 63.4032 28.819 5.2
    endloop
  endfacet
  facet normal -0 0 1
    outer loop
      vertex 62.7934 25.9642 5.2
      vertex 64.2716 25.3519 5.2
      vertex 62.8397 26.0936 5.2
    endloop
  endfacet
  facet normal 0 0 1
    outer loop
      vertex 62.3881 27.5822 5.2
      vertex 63.4032 28.819 5.2
      vertex 63.1667 28.9944 5.2
    endloop
  endfacet
  facet normal 0 0 1
    outer loop
      vertex 64.2716 25.3519 5.2
      vertex 62.7934 25.9642 5.2
      vertex 64.1458 25.0858 5.2
    endloop
  endfacet
  facet normal 0 0 1
    outer loop
      vertex 62.2778 27.6641 5.2
      vertex 63.1667 28.9944 5.2
      vertex 62.9142 29.1458 5.2
    endloop
  endfacet
  facet normal -0 0 1
    outer loop
      vertex 62.7347 25.84 5.2
      vertex 64.1458 25.0858 5.2
      vertex 62.7934 25.9642 5.2
    endloop
  endfacet
  facet normal 0 0 1
    outer loop
      vertex 64.1458 25.0858 5.2
      vertex 62.7347 25.84 5.2
      vertex 63.9944 24.8333 5.2
    endloop
  endfacet
  facet normal 0 0 1
    outer loop
      vertex 64.4855 26.7941 5.2
      vertex 62.8933 26.6372 5.2
      vertex 62.9 26.5 5.2
    endloop
  endfacet
  facet normal 0 0 1
    outer loop
      vertex 64.4424 27.0853 5.2
      vertex 62.8731 26.7731 5.2
      vertex 62.8933 26.6372 5.2
    endloop
  endfacet
  facet normal 0 0 1
    outer loop
      vertex 64.3708 27.3709 5.2
      vertex 62.8397 26.9064 5.2
      vertex 62.8731 26.7731 5.2
    endloop
  endfacet
  facet normal 0 0 1
    outer loop
      vertex 64.2716 27.648 5.2
      vertex 62.7934 27.0358 5.2
      vertex 62.8397 26.9064 5.2
    endloop
  endfacet
  facet normal 0 0 1
    outer loop
      vertex 64.1458 27.9142 5.2
      vertex 62.7347 27.16 5.2
      vertex 62.7934 27.0358 5.2
    endloop
  endfacet
  facet normal 0 0 1
    outer loop
      vertex 63.9944 28.1667 5.2
      vertex 62.6641 27.2778 5.2
      vertex 62.7347 27.16 5.2
    endloop
  endfacet
  facet normal 0 0 1
    outer loop
      vertex 62.16 27.7347 5.2
      vertex 62.9142 29.1458 5.2
      vertex 62.648 29.2716 5.2
    endloop
  endfacet
  facet normal 0 0 1
    outer loop
      vertex 63.819 28.4032 5.2
      vertex 62.5822 27.3881 5.2
      vertex 62.6641 27.2778 5.2
    endloop
  endfacet
  facet normal 0 0 1
    outer loop
      vertex 63.6213 28.6213 5.2
      vertex 62.4899 27.4899 5.2
      vertex 62.5822 27.3881 5.2
    endloop
  endfacet
  facet normal 0 0 1
    outer loop
      vertex 63.4032 28.819 5.2
      vertex 62.3881 27.5822 5.2
      vertex 62.4899 27.4899 5.2
    endloop
  endfacet
  facet normal 0 0 1
    outer loop
      vertex 62.0358 27.7934 5.2
      vertex 62.648 29.2716 5.2
      vertex 62.3709 29.3708 5.2
    endloop
  endfacet
  facet normal 0 0 1
    outer loop
      vertex 63.1667 28.9944 5.2
      vertex 62.2778 27.6641 5.2
      vertex 62.3881 27.5822 5.2
    endloop
  endfacet
  facet normal 0 0 1
    outer loop
      vertex 62.9142 29.1458 5.2
      vertex 62.16 27.7347 5.2
      vertex 62.2778 27.6641 5.2
    endloop
  endfacet
  facet normal 0 0 1
    outer loop
      vertex 61.9064 27.8397 5.2
      vertex 62.3709 29.3708 5.2
      vertex 62.0853 29.4424 5.2
    endloop
  endfacet
  facet normal 0 0 1
    outer loop
      vertex 62.648 29.2716 5.2
      vertex 62.0358 27.7934 5.2
      vertex 62.16 27.7347 5.2
    endloop
  endfacet
  facet normal 0 0 1
    outer loop
      vertex 62.3709 29.3708 5.2
      vertex 61.9064 27.8397 5.2
      vertex 62.0358 27.7934 5.2
    endloop
  endfacet
  facet normal 0 0 1
    outer loop
      vertex 61.7731 27.8731 5.2
      vertex 62.0853 29.4424 5.2
      vertex 61.7941 29.4856 5.2
    endloop
  endfacet
  facet normal 0 0 1
    outer loop
      vertex 62.0853 29.4424 5.2
      vertex 61.7731 27.8731 5.2
      vertex 61.9064 27.8397 5.2
    endloop
  endfacet
  facet normal 0 0 1
    outer loop
      vertex 61.7941 29.4856 5.2
      vertex 61.6372 27.8933 5.2
      vertex 61.7731 27.8731 5.2
    endloop
  endfacet
  facet normal 0 0 1
    outer loop
      vertex 61.5 29.5 5.2
      vertex 61.6372 27.8933 5.2
      vertex 61.7941 29.4856 5.2
    endloop
  endfacet
  facet normal 0 0 1
    outer loop
      vertex 61.5 29.5 5.2
      vertex 61.5 27.9 5.2
      vertex 61.6372 27.8933 5.2
    endloop
  endfacet
  facet normal 0 0 1
    outer loop
      vertex 61.5 29.5 5.2
      vertex 61.3628 27.8933 5.2
      vertex 61.5 27.9 5.2
    endloop
  endfacet
  facet normal -0 0 1
    outer loop
      vertex 61.2059 29.4856 5.2
      vertex 61.3628 27.8933 5.2
      vertex 61.5 29.5 5.2
    endloop
  endfacet
  facet normal 0 0 1
    outer loop
      vertex 61.3628 27.8933 5.2
      vertex 61.2059 29.4856 5.2
      vertex 61.2269 27.8731 5.2
    endloop
  endfacet
  facet normal -0 0 1
    outer loop
      vertex 60.9147 29.4424 5.2
      vertex 61.2269 27.8731 5.2
      vertex 61.2059 29.4856 5.2
    endloop
  endfacet
  facet normal 0 0 1
    outer loop
      vertex 61.2269 27.8731 5.2
      vertex 60.9147 29.4424 5.2
      vertex 61.0936 27.8397 5.2
    endloop
  endfacet
  facet normal -0 0 1
    outer loop
      vertex 60.6291 29.3708 5.2
      vertex 61.0936 27.8397 5.2
      vertex 60.9147 29.4424 5.2
    endloop
  endfacet
  facet normal 0 0 1
    outer loop
      vertex 61.0936 27.8397 5.2
      vertex 60.6291 29.3708 5.2
      vertex 60.9642 27.7934 5.2
    endloop
  endfacet
  facet normal -0 0 1
    outer loop
      vertex 60.352 29.2716 5.2
      vertex 60.9642 27.7934 5.2
      vertex 60.6291 29.3708 5.2
    endloop
  endfacet
  facet normal 0 0 1
    outer loop
      vertex 60.9642 27.7934 5.2
      vertex 60.352 29.2716 5.2
      vertex 60.84 27.7347 5.2
    endloop
  endfacet
  facet normal -0 0 1
    outer loop
      vertex 60.0858 29.1458 5.2
      vertex 60.84 27.7347 5.2
      vertex 60.352 29.2716 5.2
    endloop
  endfacet
  facet normal 0 0 1
    outer loop
      vertex 60.84 27.7347 5.2
      vertex 60.0858 29.1458 5.2
      vertex 60.7222 27.6641 5.2
    endloop
  endfacet
  facet normal -0 0 1
    outer loop
      vertex 59.8333 28.9944 5.2
      vertex 60.7222 27.6641 5.2
      vertex 60.0858 29.1458 5.2
    endloop
  endfacet
  facet normal 0 0 1
    outer loop
      vertex 60.7222 27.6641 5.2
      vertex 59.8333 28.9944 5.2
      vertex 60.6118 27.5822 5.2
    endloop
  endfacet
  facet normal -0 0 1
    outer loop
      vertex 59.5968 28.819 5.2
      vertex 60.6118 27.5822 5.2
      vertex 59.8333 28.9944 5.2
    endloop
  endfacet
  facet normal 0 0 1
    outer loop
      vertex 60.6118 27.5822 5.2
      vertex 59.5968 28.819 5.2
      vertex 60.51 27.4899 5.2
    endloop
  endfacet
  facet normal -0 0 1
    outer loop
      vertex 59.3787 28.6213 5.2
      vertex 60.51 27.4899 5.2
      vertex 59.5968 28.819 5.2
    endloop
  endfacet
  facet normal 0 0 1
    outer loop
      vertex 60.51 27.4899 5.2
      vertex 59.3787 28.6213 5.2
      vertex 60.4178 27.3881 5.2
    endloop
  endfacet
  facet normal -0 0 1
    outer loop
      vertex 59.181 28.4032 5.2
      vertex 60.4178 27.3881 5.2
      vertex 59.3787 28.6213 5.2
    endloop
  endfacet
  facet normal 0 0 1
    outer loop
      vertex 60.4178 27.3881 5.2
      vertex 59.181 28.4032 5.2
      vertex 60.3359 27.2778 5.2
    endloop
  endfacet
  facet normal 0 0 1
    outer loop
      vertex 60.3359 27.2778 5.2
      vertex 59.0056 28.1667 5.2
      vertex 60.2653 27.16 5.2
    endloop
  endfacet
  facet normal -0 0 1
    outer loop
      vertex 59.0056 28.1667 5.2
      vertex 60.3359 27.2778 5.2
      vertex 59.181 28.4032 5.2
    endloop
  endfacet
  facet normal -0 0 1
    outer loop
      vertex 62.6641 25.7222 5.2
      vertex 63.9944 24.8333 5.2
      vertex 62.7347 25.84 5.2
    endloop
  endfacet
  facet normal 0 0 1
    outer loop
      vertex 63.9944 24.8333 5.2
      vertex 62.6641 25.7222 5.2
      vertex 63.819 24.5968 5.2
    endloop
  endfacet
  facet normal -0 0 1
    outer loop
      vertex 62.5822 25.6118 5.2
      vertex 63.819 24.5968 5.2
      vertex 62.6641 25.7222 5.2
    endloop
  endfacet
  facet normal 0 0 1
    outer loop
      vertex 63.819 24.5968 5.2
      vertex 62.5822 25.6118 5.2
      vertex 63.6213 24.3787 5.2
    endloop
  endfacet
  facet normal -0 0 1
    outer loop
      vertex 62.4899 25.51 5.2
      vertex 63.6213 24.3787 5.2
      vertex 62.5822 25.6118 5.2
    endloop
  endfacet
  facet normal 0 0 1
    outer loop
      vertex 63.6213 24.3787 5.2
      vertex 62.4899 25.51 5.2
      vertex 63.4032 24.181 5.2
    endloop
  endfacet
  facet normal -0 0 1
    outer loop
      vertex 62.3881 25.4178 5.2
      vertex 63.4032 24.181 5.2
      vertex 62.4899 25.51 5.2
    endloop
  endfacet
  facet normal 0 0 1
    outer loop
      vertex 63.4032 24.181 5.2
      vertex 62.3881 25.4178 5.2
      vertex 63.1667 24.0056 5.2
    endloop
  endfacet
  facet normal -0 0 1
    outer loop
      vertex 62.2778 25.3359 5.2
      vertex 63.1667 24.0056 5.2
      vertex 62.3881 25.4178 5.2
    endloop
  endfacet
  facet normal 0 0 1
    outer loop
      vertex 63.1667 24.0056 5.2
      vertex 62.2778 25.3359 5.2
      vertex 62.9142 23.8542 5.2
    endloop
  endfacet
  facet normal -0 0 1
    outer loop
      vertex 62.16 25.2653 5.2
      vertex 62.9142 23.8542 5.2
      vertex 62.2778 25.3359 5.2
    endloop
  endfacet
  facet normal 0 0 1
    outer loop
      vertex 62.9142 23.8542 5.2
      vertex 62.16 25.2653 5.2
      vertex 62.648 23.7284 5.2
    endloop
  endfacet
  facet normal -0 0 1
    outer loop
      vertex 62.0358 25.2066 5.2
      vertex 62.648 23.7284 5.2
      vertex 62.16 25.2653 5.2
    endloop
  endfacet
  facet normal 0 0 1
    outer loop
      vertex 62.648 23.7284 5.2
      vertex 62.0358 25.2066 5.2
      vertex 62.3709 23.6292 5.2
    endloop
  endfacet
  facet normal -0 0 1
    outer loop
      vertex 61.9064 25.1603 5.2
      vertex 62.3709 23.6292 5.2
      vertex 62.0358 25.2066 5.2
    endloop
  endfacet
  facet normal 0 0 1
    outer loop
      vertex 62.3709 23.6292 5.2
      vertex 61.9064 25.1603 5.2
      vertex 62.0853 23.5576 5.2
    endloop
  endfacet
  facet normal -0 0 1
    outer loop
      vertex 61.7731 25.1269 5.2
      vertex 62.0853 23.5576 5.2
      vertex 61.9064 25.1603 5.2
    endloop
  endfacet
  facet normal 0 0 1
    outer loop
      vertex 62.0853 23.5576 5.2
      vertex 61.7731 25.1269 5.2
      vertex 61.7941 23.5144 5.2
    endloop
  endfacet
  facet normal -0 0 1
    outer loop
      vertex 61.6372 25.1067 5.2
      vertex 61.7941 23.5144 5.2
      vertex 61.7731 25.1269 5.2
    endloop
  endfacet
  facet normal -0 0 1
    outer loop
      vertex 61.5 25.1 5.2
      vertex 61.7941 23.5144 5.2
      vertex 61.6372 25.1067 5.2
    endloop
  endfacet
  facet normal 0 0 1
    outer loop
      vertex 61.5 25.1 5.2
      vertex 61.5 23.5 5.2
      vertex 61.7941 23.5144 5.2
    endloop
  endfacet
  facet normal 0 0 1
    outer loop
      vertex 61.3628 25.1067 5.2
      vertex 61.5 23.5 5.2
      vertex 61.5 25.1 5.2
    endloop
  endfacet
  facet normal 0 0 1
    outer loop
      vertex 61.2059 23.5144 5.2
      vertex 61.3628 25.1067 5.2
      vertex 61.2269 25.1269 5.2
    endloop
  endfacet
  facet normal 0 0 1
    outer loop
      vertex 61.3628 25.1067 5.2
      vertex 61.2059 23.5144 5.2
      vertex 61.5 23.5 5.2
    endloop
  endfacet
  facet normal 0 0 1
    outer loop
      vertex 60.9147 23.5576 5.2
      vertex 61.2269 25.1269 5.2
      vertex 61.0936 25.1603 5.2
    endloop
  endfacet
  facet normal 0 0 1
    outer loop
      vertex 60.6291 23.6292 5.2
      vertex 61.0936 25.1603 5.2
      vertex 60.9642 25.2066 5.2
    endloop
  endfacet
  facet normal 0 0 1
    outer loop
      vertex 61.2269 25.1269 5.2
      vertex 60.9147 23.5576 5.2
      vertex 61.2059 23.5144 5.2
    endloop
  endfacet
  facet normal 0 0 1
    outer loop
      vertex 60.352 23.7284 5.2
      vertex 60.9642 25.2066 5.2
      vertex 60.84 25.2653 5.2
    endloop
  endfacet
  facet normal 0 0 1
    outer loop
      vertex 60.0858 23.8542 5.2
      vertex 60.84 25.2653 5.2
      vertex 60.7222 25.3359 5.2
    endloop
  endfacet
  facet normal 0 0 1
    outer loop
      vertex 61.0936 25.1603 5.2
      vertex 60.6291 23.6292 5.2
      vertex 60.9147 23.5576 5.2
    endloop
  endfacet
  facet normal 0 0 1
    outer loop
      vertex 59.8333 24.0056 5.2
      vertex 60.7222 25.3359 5.2
      vertex 60.6118 25.4178 5.2
    endloop
  endfacet
  facet normal 0 0 1
    outer loop
      vertex 59.5968 24.181 5.2
      vertex 60.6118 25.4178 5.2
      vertex 60.51 25.51 5.2
    endloop
  endfacet
  facet normal 0 0 1
    outer loop
      vertex 59.3787 24.3787 5.2
      vertex 60.51 25.51 5.2
      vertex 60.4178 25.6118 5.2
    endloop
  endfacet
  facet normal 0 0 1
    outer loop
      vertex 60.9642 25.2066 5.2
      vertex 60.352 23.7284 5.2
      vertex 60.6291 23.6292 5.2
    endloop
  endfacet
  facet normal 0 0 1
    outer loop
      vertex 59.181 24.5968 5.2
      vertex 60.4178 25.6118 5.2
      vertex 60.3359 25.7222 5.2
    endloop
  endfacet
  facet normal 0 0 1
    outer loop
      vertex 59.0056 24.8333 5.2
      vertex 60.3359 25.7222 5.2
      vertex 60.2653 25.84 5.2
    endloop
  endfacet
  facet normal 0 0 1
    outer loop
      vertex 58.8542 25.0858 5.2
      vertex 60.2653 25.84 5.2
      vertex 60.2066 25.9642 5.2
    endloop
  endfacet
  facet normal 0 0 1
    outer loop
      vertex 58.7284 25.3519 5.2
      vertex 60.2066 25.9642 5.2
      vertex 60.1603 26.0936 5.2
    endloop
  endfacet
  facet normal 0 0 1
    outer loop
      vertex 58.6292 25.6291 5.2
      vertex 60.1603 26.0936 5.2
      vertex 60.1269 26.2269 5.2
    endloop
  endfacet
  facet normal 0 0 1
    outer loop
      vertex 58.5576 25.9147 5.2
      vertex 60.1269 26.2269 5.2
      vertex 60.1067 26.3628 5.2
    endloop
  endfacet
  facet normal 0 0 1
    outer loop
      vertex 60.84 25.2653 5.2
      vertex 60.0858 23.8542 5.2
      vertex 60.352 23.7284 5.2
    endloop
  endfacet
  facet normal 0 0 1
    outer loop
      vertex 58.5144 26.2059 5.2
      vertex 60.1067 26.3628 5.2
      vertex 60.1 26.5 5.2
    endloop
  endfacet
  facet normal -0 0 1
    outer loop
      vertex 58.8542 27.9142 5.2
      vertex 60.2653 27.16 5.2
      vertex 59.0056 28.1667 5.2
    endloop
  endfacet
  facet normal 0 0 1
    outer loop
      vertex 60.2653 27.16 5.2
      vertex 58.8542 27.9142 5.2
      vertex 60.2066 27.0358 5.2
    endloop
  endfacet
  facet normal 0 0 1
    outer loop
      vertex 60.7222 25.3359 5.2
      vertex 59.8333 24.0056 5.2
      vertex 60.0858 23.8542 5.2
    endloop
  endfacet
  facet normal -0 0 1
    outer loop
      vertex 58.7284 27.648 5.2
      vertex 60.2066 27.0358 5.2
      vertex 58.8542 27.9142 5.2
    endloop
  endfacet
  facet normal 0 0 1
    outer loop
      vertex 60.6118 25.4178 5.2
      vertex 59.5968 24.181 5.2
      vertex 59.8333 24.0056 5.2
    endloop
  endfacet
  facet normal 0 0 1
    outer loop
      vertex 60.2066 27.0358 5.2
      vertex 58.7284 27.648 5.2
      vertex 60.1603 26.9064 5.2
    endloop
  endfacet
  facet normal 0 0 1
    outer loop
      vertex 60.51 25.51 5.2
      vertex 59.3787 24.3787 5.2
      vertex 59.5968 24.181 5.2
    endloop
  endfacet
  facet normal -0 0 1
    outer loop
      vertex 58.6292 27.3709 5.2
      vertex 60.1603 26.9064 5.2
      vertex 58.7284 27.648 5.2
    endloop
  endfacet
  facet normal 0 0 1
    outer loop
      vertex 60.4178 25.6118 5.2
      vertex 59.181 24.5968 5.2
      vertex 59.3787 24.3787 5.2
    endloop
  endfacet
  facet normal 0 0 1
    outer loop
      vertex 60.1603 26.9064 5.2
      vertex 58.6292 27.3709 5.2
      vertex 60.1269 26.7731 5.2
    endloop
  endfacet
  facet normal 0 0 1
    outer loop
      vertex 60.3359 25.7222 5.2
      vertex 59.0056 24.8333 5.2
      vertex 59.181 24.5968 5.2
    endloop
  endfacet
  facet normal -0 0 1
    outer loop
      vertex 58.5576 27.0853 5.2
      vertex 60.1269 26.7731 5.2
      vertex 58.6292 27.3709 5.2
    endloop
  endfacet
  facet normal 0 0 1
    outer loop
      vertex 60.2653 25.84 5.2
      vertex 58.8542 25.0858 5.2
      vertex 59.0056 24.8333 5.2
    endloop
  endfacet
  facet normal 0 0 1
    outer loop
      vertex 60.1269 26.7731 5.2
      vertex 58.5576 27.0853 5.2
      vertex 60.1067 26.6372 5.2
    endloop
  endfacet
  facet normal 0 0 1
    outer loop
      vertex 60.2066 25.9642 5.2
      vertex 58.7284 25.3519 5.2
      vertex 58.8542 25.0858 5.2
    endloop
  endfacet
  facet normal -0 0 1
    outer loop
      vertex 58.5144 26.7941 5.2
      vertex 60.1067 26.6372 5.2
      vertex 58.5576 27.0853 5.2
    endloop
  endfacet
  facet normal 0 0 1
    outer loop
      vertex 60.1603 26.0936 5.2
      vertex 58.6292 25.6291 5.2
      vertex 58.7284 25.3519 5.2
    endloop
  endfacet
  facet normal 0 0 1
    outer loop
      vertex 60.1067 26.6372 5.2
      vertex 58.5144 26.7941 5.2
      vertex 60.1 26.5 5.2
    endloop
  endfacet
  facet normal 0 0 1
    outer loop
      vertex 60.1269 26.2269 5.2
      vertex 58.5576 25.9147 5.2
      vertex 58.6292 25.6291 5.2
    endloop
  endfacet
  facet normal 0 0 1
    outer loop
      vertex 58.5 26.5 5.2
      vertex 60.1 26.5 5.2
      vertex 58.5144 26.7941 5.2
    endloop
  endfacet
  facet normal 0 0 1
    outer loop
      vertex 60.1067 26.3628 5.2
      vertex 58.5144 26.2059 5.2
      vertex 58.5576 25.9147 5.2
    endloop
  endfacet
  facet normal 0 0 1
    outer loop
      vertex 60.1 26.5 5.2
      vertex 58.5 26.5 5.2
      vertex 58.5144 26.2059 5.2
    endloop
  endfacet
  facet normal -0.671607 -0.740908 0
    outer loop
      vertex 59.3787 24.3787 2.6
      vertex 59.5968 24.181 5.2
      vertex 59.3787 24.3787 5.2
    endloop
  endfacet
  facet normal -0.671607 -0.740908 -0
    outer loop
      vertex 59.5968 24.181 5.2
      vertex 59.3787 24.3787 2.6
      vertex 59.5968 24.181 2.6
    endloop
  endfacet
  facet normal 0.595699 0.803208 -0
    outer loop
      vertex 63.4032 28.819 2.6
      vertex 63.1667 28.9944 5.2
      vertex 63.4032 28.819 5.2
    endloop
  endfacet
  facet normal 0.595699 0.803208 0
    outer loop
      vertex 63.1667 28.9944 5.2
      vertex 63.4032 28.819 2.6
      vertex 63.1667 28.9944 2.6
    endloop
  endfacet
  facet normal -0.514246 -0.857643 0
    outer loop
      vertex 59.8333 24.0056 2.6
      vertex 60.0858 23.8542 5.2
      vertex 59.8333 24.0056 5.2
    endloop
  endfacet
  facet normal -0.514246 -0.857643 -0
    outer loop
      vertex 60.0858 23.8542 5.2
      vertex 59.8333 24.0056 2.6
      vertex 60.0858 23.8542 2.6
    endloop
  endfacet
  facet normal 0.514246 0.857643 -0
    outer loop
      vertex 63.1667 28.9944 2.6
      vertex 62.9142 29.1458 5.2
      vertex 63.1667 28.9944 5.2
    endloop
  endfacet
  facet normal 0.514246 0.857643 0
    outer loop
      vertex 62.9142 29.1458 5.2
      vertex 63.1667 28.9944 2.6
      vertex 62.9142 29.1458 2.6
    endloop
  endfacet
  facet normal 0.146746 -0.989174 0
    outer loop
      vertex 61.7941 23.5144 2.6
      vertex 62.0853 23.5576 5.2
      vertex 61.7941 23.5144 5.2
    endloop
  endfacet
  facet normal 0.146746 -0.989174 0
    outer loop
      vertex 62.0853 23.5576 5.2
      vertex 61.7941 23.5144 2.6
      vertex 62.0853 23.5576 2.6
    endloop
  endfacet
  facet normal 0.941488 0.337047 0
    outer loop
      vertex 64.3708 27.3709 5.2
      vertex 64.2716 27.648 2.6
      vertex 64.2716 27.648 5.2
    endloop
  endfacet
  facet normal 0.941488 0.337047 0
    outer loop
      vertex 64.2716 27.648 2.6
      vertex 64.3708 27.3709 5.2
      vertex 64.3708 27.3709 2.6
    endloop
  endfacet
  facet normal 0.857643 -0.514246 0
    outer loop
      vertex 63.9944 24.8333 5.2
      vertex 64.1458 25.0858 2.6
      vertex 64.1458 25.0858 5.2
    endloop
  endfacet
  facet normal 0.857643 -0.514246 0
    outer loop
      vertex 64.1458 25.0858 2.6
      vertex 63.9944 24.8333 5.2
      vertex 63.9944 24.8333 2.6
    endloop
  endfacet
  facet normal -0.998803 -0.0489044 0
    outer loop
      vertex 58.5144 26.2059 2.6
      vertex 58.5 26.5 5.2
      vertex 58.5 26.5 2.6
    endloop
  endfacet
  facet normal -0.998803 -0.0489044 0
    outer loop
      vertex 58.5 26.5 5.2
      vertex 58.5144 26.2059 2.6
      vertex 58.5144 26.2059 5.2
    endloop
  endfacet
  facet normal 0.941527 -0.336939 0
    outer loop
      vertex 64.2716 25.3519 5.2
      vertex 64.3708 25.6291 2.6
      vertex 64.3708 25.6291 5.2
    endloop
  endfacet
  facet normal 0.941527 -0.336939 0
    outer loop
      vertex 64.3708 25.6291 2.6
      vertex 64.2716 25.3519 5.2
      vertex 64.2716 25.3519 2.6
    endloop
  endfacet
  facet normal -0.146746 0.989174 0
    outer loop
      vertex 61.2059 29.4856 2.6
      vertex 60.9147 29.4424 5.2
      vertex 61.2059 29.4856 5.2
    endloop
  endfacet
  facet normal -0.146746 0.989174 0
    outer loop
      vertex 60.9147 29.4424 5.2
      vertex 61.2059 29.4856 2.6
      vertex 60.9147 29.4424 2.6
    endloop
  endfacet
  facet normal 0.740908 0.671607 0
    outer loop
      vertex 63.819 28.4032 5.2
      vertex 63.6213 28.6213 2.6
      vertex 63.6213 28.6213 5.2
    endloop
  endfacet
  facet normal 0.740908 0.671607 0
    outer loop
      vertex 63.6213 28.6213 2.6
      vertex 63.819 28.4032 5.2
      vertex 63.819 28.4032 2.6
    endloop
  endfacet
  facet normal 0.0489044 0.998803 -0
    outer loop
      vertex 61.7941 29.4856 2.6
      vertex 61.5 29.5 5.2
      vertex 61.7941 29.4856 5.2
    endloop
  endfacet
  facet normal 0.0489044 0.998803 0
    outer loop
      vertex 61.5 29.5 5.2
      vertex 61.7941 29.4856 2.6
      vertex 61.5 29.5 2.6
    endloop
  endfacet
  facet normal 0.904125 0.427269 0
    outer loop
      vertex 64.2716 27.648 5.2
      vertex 64.1458 27.9142 2.6
      vertex 64.1458 27.9142 5.2
    endloop
  endfacet
  facet normal 0.904125 0.427269 0
    outer loop
      vertex 64.1458 27.9142 2.6
      vertex 64.2716 27.648 5.2
      vertex 64.2716 27.648 2.6
    endloop
  endfacet
  facet normal -0.146746 -0.989174 0
    outer loop
      vertex 60.9147 23.5576 2.6
      vertex 61.2059 23.5144 5.2
      vertex 60.9147 23.5576 5.2
    endloop
  endfacet
  facet normal -0.146746 -0.989174 -0
    outer loop
      vertex 61.2059 23.5144 5.2
      vertex 60.9147 23.5576 2.6
      vertex 61.2059 23.5144 2.6
    endloop
  endfacet
  facet normal 0.671607 -0.740908 0
    outer loop
      vertex 63.4032 24.181 2.6
      vertex 63.6213 24.3787 5.2
      vertex 63.4032 24.181 5.2
    endloop
  endfacet
  facet normal 0.671607 -0.740908 0
    outer loop
      vertex 63.6213 24.3787 5.2
      vertex 63.4032 24.181 2.6
      vertex 63.6213 24.3787 2.6
    endloop
  endfacet
  facet normal -0.0489044 -0.998803 0
    outer loop
      vertex 61.2059 23.5144 2.6
      vertex 61.5 23.5 5.2
      vertex 61.2059 23.5144 5.2
    endloop
  endfacet
  facet normal -0.0489044 -0.998803 -0
    outer loop
      vertex 61.5 23.5 5.2
      vertex 61.2059 23.5144 2.6
      vertex 61.5 23.5 2.6
    endloop
  endfacet
  facet normal -0.740908 0.671607 0
    outer loop
      vertex 59.181 28.4032 2.6
      vertex 59.3787 28.6213 5.2
      vertex 59.3787 28.6213 2.6
    endloop
  endfacet
  facet normal -0.740908 0.671607 0
    outer loop
      vertex 59.3787 28.6213 5.2
      vertex 59.181 28.4032 2.6
      vertex 59.181 28.4032 5.2
    endloop
  endfacet
  facet normal -0.904125 0.427269 0
    outer loop
      vertex 58.7284 27.648 2.6
      vertex 58.8542 27.9142 5.2
      vertex 58.8542 27.9142 2.6
    endloop
  endfacet
  facet normal -0.904125 0.427269 0
    outer loop
      vertex 58.8542 27.9142 5.2
      vertex 58.7284 27.648 2.6
      vertex 58.7284 27.648 5.2
    endloop
  endfacet
  facet normal -0.969982 0.243175 0
    outer loop
      vertex 58.5576 27.0853 2.6
      vertex 58.6292 27.3709 5.2
      vertex 58.6292 27.3709 2.6
    endloop
  endfacet
  facet normal -0.969982 0.243175 0
    outer loop
      vertex 58.6292 27.3709 5.2
      vertex 58.5576 27.0853 2.6
      vertex 58.5576 27.0853 5.2
    endloop
  endfacet
  facet normal 0.243175 0.969982 -0
    outer loop
      vertex 62.3709 29.3708 2.6
      vertex 62.0853 29.4424 5.2
      vertex 62.3709 29.3708 5.2
    endloop
  endfacet
  facet normal 0.243175 0.969982 0
    outer loop
      vertex 62.0853 29.4424 5.2
      vertex 62.3709 29.3708 2.6
      vertex 62.0853 29.4424 2.6
    endloop
  endfacet
  facet normal -0.969982 -0.243175 0
    outer loop
      vertex 58.6292 25.6291 2.6
      vertex 58.5576 25.9147 5.2
      vertex 58.5576 25.9147 2.6
    endloop
  endfacet
  facet normal -0.969982 -0.243175 0
    outer loop
      vertex 58.5576 25.9147 5.2
      vertex 58.6292 25.6291 2.6
      vertex 58.6292 25.6291 5.2
    endloop
  endfacet
  facet normal -0.427269 -0.904125 0
    outer loop
      vertex 60.0858 23.8542 2.6
      vertex 60.352 23.7284 5.2
      vertex 60.0858 23.8542 5.2
    endloop
  endfacet
  facet normal -0.427269 -0.904125 -0
    outer loop
      vertex 60.352 23.7284 5.2
      vertex 60.0858 23.8542 2.6
      vertex 60.352 23.7284 2.6
    endloop
  endfacet
  facet normal -0.740908 -0.671607 0
    outer loop
      vertex 59.3787 24.3787 2.6
      vertex 59.181 24.5968 5.2
      vertex 59.181 24.5968 2.6
    endloop
  endfacet
  facet normal -0.740908 -0.671607 0
    outer loop
      vertex 59.181 24.5968 5.2
      vertex 59.3787 24.3787 2.6
      vertex 59.3787 24.3787 5.2
    endloop
  endfacet
  facet normal 0.0489044 -0.998803 0
    outer loop
      vertex 61.5 23.5 2.6
      vertex 61.7941 23.5144 5.2
      vertex 61.5 23.5 5.2
    endloop
  endfacet
  facet normal 0.0489044 -0.998803 0
    outer loop
      vertex 61.7941 23.5144 5.2
      vertex 61.5 23.5 2.6
      vertex 61.7941 23.5144 2.6
    endloop
  endfacet
  facet normal -0.989174 -0.146746 0
    outer loop
      vertex 58.5576 25.9147 2.6
      vertex 58.5144 26.2059 5.2
      vertex 58.5144 26.2059 2.6
    endloop
  endfacet
  facet normal -0.989174 -0.146746 0
    outer loop
      vertex 58.5144 26.2059 5.2
      vertex 58.5576 25.9147 2.6
      vertex 58.5576 25.9147 5.2
    endloop
  endfacet
  facet normal 0.595699 -0.803208 0
    outer loop
      vertex 63.1667 24.0056 2.6
      vertex 63.4032 24.181 5.2
      vertex 63.1667 24.0056 5.2
    endloop
  endfacet
  facet normal 0.595699 -0.803208 0
    outer loop
      vertex 63.4032 24.181 5.2
      vertex 63.1667 24.0056 2.6
      vertex 63.4032 24.181 2.6
    endloop
  endfacet
  facet normal -0.803208 -0.595699 0
    outer loop
      vertex 59.181 24.5968 2.6
      vertex 59.0056 24.8333 5.2
      vertex 59.0056 24.8333 2.6
    endloop
  endfacet
  facet normal -0.803208 -0.595699 0
    outer loop
      vertex 59.0056 24.8333 5.2
      vertex 59.181 24.5968 2.6
      vertex 59.181 24.5968 5.2
    endloop
  endfacet
  facet normal -0.998803 0.0489044 0
    outer loop
      vertex 58.5 26.5 2.6
      vertex 58.5144 26.7941 5.2
      vertex 58.5144 26.7941 2.6
    endloop
  endfacet
  facet normal -0.998803 0.0489044 0
    outer loop
      vertex 58.5144 26.7941 5.2
      vertex 58.5 26.5 2.6
      vertex 58.5 26.5 5.2
    endloop
  endfacet
  facet normal 0.740908 -0.671607 0
    outer loop
      vertex 63.6213 24.3787 5.2
      vertex 63.819 24.5968 2.6
      vertex 63.819 24.5968 5.2
    endloop
  endfacet
  facet normal 0.740908 -0.671607 0
    outer loop
      vertex 63.819 24.5968 2.6
      vertex 63.6213 24.3787 5.2
      vertex 63.6213 24.3787 2.6
    endloop
  endfacet
  facet normal -1 0 0
    outer loop
      vertex 20.4 -2.4 4.5
      vertex 20.4 -1.2 6.8
      vertex 20.4 -1.2 4.5
    endloop
  endfacet
  facet normal -1 -0 0
    outer loop
      vertex 20.4 -1.2 6.8
      vertex 20.4 -2.4 4.5
      vertex 20.4 -2.4 6.8
    endloop
  endfacet
  facet normal -0 0 1
    outer loop
      vertex 4.3 -1.2 4.5
      vertex 20.4 -2.4 4.5
      vertex 20.4 -1.2 4.5
    endloop
  endfacet
  facet normal 0 0 1
    outer loop
      vertex 20.4 -2.4 4.5
      vertex 4.3 -1.2 4.5
      vertex 4.3 -2.4 4.5
    endloop
  endfacet
  facet normal 1 -0 0
    outer loop
      vertex 4.3 -2.4 6.8
      vertex 4.3 -1.2 4.5
      vertex 4.3 -1.2 6.8
    endloop
  endfacet
  facet normal 1 0 0
    outer loop
      vertex 4.3 -1.2 4.5
      vertex 4.3 -2.4 6.8
      vertex 4.3 -2.4 4.5
    endloop
  endfacet
  facet normal 0 -1 0
    outer loop
      vertex 4.3 -1.2 4.5
      vertex 20.4 -1.2 6.8
      vertex 4.3 -1.2 6.8
    endloop
  endfacet
  facet normal 0 -1 -0
    outer loop
      vertex 20.4 -1.2 6.8
      vertex 4.3 -1.2 4.5
      vertex 20.4 -1.2 4.5
    endloop
  endfacet
  facet normal -1 0 0
    outer loop
      vertex 45.65 -2.4 4.65
      vertex 45.65 -1.2 6.8
      vertex 45.65 -1.2 4.65
    endloop
  endfacet
  facet normal -1 -0 0
    outer loop
      vertex 45.65 -1.2 6.8
      vertex 45.65 -2.4 4.65
      vertex 45.65 -2.4 6.8
    endloop
  endfacet
  facet normal -0 0 1
    outer loop
      vertex 32.55 -1.2 4.65
      vertex 45.65 -2.4 4.65
      vertex 45.65 -1.2 4.65
    endloop
  endfacet
  facet normal 0 0 1
    outer loop
      vertex 45.65 -2.4 4.65
      vertex 32.55 -1.2 4.65
      vertex 32.55 -2.4 4.65
    endloop
  endfacet
  facet normal 1 -0 0
    outer loop
      vertex 32.55 -2.4 6.8
      vertex 32.55 -1.2 4.65
      vertex 32.55 -1.2 6.8
    endloop
  endfacet
  facet normal 1 0 0
    outer loop
      vertex 32.55 -1.2 4.65
      vertex 32.55 -2.4 6.8
      vertex 32.55 -2.4 4.65
    endloop
  endfacet
  facet normal 0 -1 0
    outer loop
      vertex 32.55 -1.2 4.65
      vertex 45.65 -1.2 6.8
      vertex 32.55 -1.2 6.8
    endloop
  endfacet
  facet normal 0 -1 -0
    outer loop
      vertex 45.65 -1.2 6.8
      vertex 32.55 -1.2 4.65
      vertex 45.65 -1.2 4.65
    endloop
  endfacet
  facet normal -1 0 0
    outer loop
      vertex 60.15 -2.4 4.65
      vertex 60.15 -1.2 6.8
      vertex 60.15 -1.2 4.65
    endloop
  endfacet
  facet normal -1 -0 0
    outer loop
      vertex 60.15 -1.2 6.8
      vertex 60.15 -2.4 4.65
      vertex 60.15 -2.4 6.8
    endloop
  endfacet
  facet normal -0 0 1
    outer loop
      vertex 47.05 -1.2 4.65
      vertex 60.15 -2.4 4.65
      vertex 60.15 -1.2 4.65
    endloop
  endfacet
  facet normal 0 0 1
    outer loop
      vertex 60.15 -2.4 4.65
      vertex 47.05 -1.2 4.65
      vertex 47.05 -2.4 4.65
    endloop
  endfacet
  facet normal 1 -0 0
    outer loop
      vertex 47.05 -2.4 6.8
      vertex 47.05 -1.2 4.65
      vertex 47.05 -1.2 6.8
    endloop
  endfacet
  facet normal 1 0 0
    outer loop
      vertex 47.05 -1.2 4.65
      vertex 47.05 -2.4 6.8
      vertex 47.05 -2.4 4.65
    endloop
  endfacet
  facet normal 0 -1 0
    outer loop
      vertex 47.05 -1.2 4.65
      vertex 60.15 -1.2 6.8
      vertex 47.05 -1.2 6.8
    endloop
  endfacet
  facet normal 0 -1 -0
    outer loop
      vertex 60.15 -1.2 6.8
      vertex 47.05 -1.2 4.65
      vertex 60.15 -1.2 4.65
    endloop
  endfacet
  facet normal -0.85773 0.5141 0
    outer loop
      vertex 4.66406 2.7222 1.49
      vertex 4.73469 2.84004 5.2
      vertex 4.73469 2.84004 1.49
    endloop
  endfacet
  facet normal -0.85773 0.5141 0
    outer loop
      vertex 4.73469 2.84004 5.2
      vertex 4.66406 2.7222 1.49
      vertex 4.66406 2.7222 5.2
    endloop
  endfacet
  facet normal 0.146728 -0.989177 0
    outer loop
      vertex 3.22687 4.8731 1.49
      vertex 3.36278 4.89326 5.2
      vertex 3.22687 4.8731 5.2
    endloop
  endfacet
  facet normal 0.146728 -0.989177 0
    outer loop
      vertex 3.36278 4.89326 5.2
      vertex 3.22687 4.8731 1.49
      vertex 3.36278 4.89326 1.49
    endloop
  endfacet
  facet normal -0.989177 -0.146728 0
    outer loop
      vertex 4.89326 3.63722 1.49
      vertex 4.8731 3.77313 5.2
      vertex 4.8731 3.77313 1.49
    endloop
  endfacet
  facet normal -0.989177 -0.146728 0
    outer loop
      vertex 4.8731 3.77313 5.2
      vertex 4.89326 3.63722 1.49
      vertex 4.89326 3.63722 5.2
    endloop
  endfacet
  facet normal -0.998796 -0.0490591 0
    outer loop
      vertex 4.9 3.5 1.49
      vertex 4.89326 3.63722 5.2
      vertex 4.89326 3.63722 1.49
    endloop
  endfacet
  facet normal -0.998796 -0.0490591 0
    outer loop
      vertex 4.89326 3.63722 5.2
      vertex 4.9 3.5 1.49
      vertex 4.9 3.5 5.2
    endloop
  endfacet
  facet normal -0.970035 -0.242964 0
    outer loop
      vertex 4.8731 3.77313 1.49
      vertex 4.83972 3.9064 5.2
      vertex 4.83972 3.9064 1.49
    endloop
  endfacet
  facet normal -0.970035 -0.242964 0
    outer loop
      vertex 4.83972 3.9064 5.2
      vertex 4.8731 3.77313 1.49
      vertex 4.8731 3.77313 5.2
    endloop
  endfacet
  facet normal -0.998796 0.0490591 0
    outer loop
      vertex 4.89326 3.36278 1.49
      vertex 4.9 3.5 5.2
      vertex 4.9 3.5 1.49
    endloop
  endfacet
  facet normal -0.998796 0.0490591 0
    outer loop
      vertex 4.9 3.5 5.2
      vertex 4.89326 3.36278 1.49
      vertex 4.89326 3.36278 5.2
    endloop
  endfacet
  facet normal -0.427542 -0.903996 0
    outer loop
      vertex 4.03576 4.79343 1.49
      vertex 4.15996 4.73469 5.2
      vertex 4.03576 4.79343 5.2
    endloop
  endfacet
  facet normal -0.427542 -0.903996 -0
    outer loop
      vertex 4.15996 4.73469 5.2
      vertex 4.03576 4.79343 1.49
      vertex 4.15996 4.73469 1.49
    endloop
  endfacet
  facet normal 0.5141 -0.85773 0
    outer loop
      vertex 2.7222 4.66406 1.49
      vertex 2.84004 4.73469 5.2
      vertex 2.7222 4.66406 5.2
    endloop
  endfacet
  facet normal 0.5141 -0.85773 0
    outer loop
      vertex 2.84004 4.73469 5.2
      vertex 2.7222 4.66406 1.49
      vertex 2.84004 4.73469 1.49
    endloop
  endfacet
  facet normal -0.941534 0.336917 0
    outer loop
      vertex 4.79343 2.96424 1.49
      vertex 4.83972 3.0936 5.2
      vertex 4.83972 3.0936 1.49
    endloop
  endfacet
  facet normal -0.941534 0.336917 0
    outer loop
      vertex 4.83972 3.0936 5.2
      vertex 4.79343 2.96424 1.49
      vertex 4.79343 2.96424 5.2
    endloop
  endfacet
  facet normal -0.336917 -0.941534 0
    outer loop
      vertex 3.9064 4.83972 1.49
      vertex 4.03576 4.79343 5.2
      vertex 3.9064 4.83972 5.2
    endloop
  endfacet
  facet normal -0.336917 -0.941534 -0
    outer loop
      vertex 4.03576 4.79343 5.2
      vertex 3.9064 4.83972 1.49
      vertex 4.03576 4.79343 1.49
    endloop
  endfacet
  facet normal -0.803177 -0.595741 0
    outer loop
      vertex 4.66406 4.2778 1.49
      vertex 4.58221 4.38815 5.2
      vertex 4.58221 4.38815 1.49
    endloop
  endfacet
  facet normal -0.803177 -0.595741 0
    outer loop
      vertex 4.58221 4.38815 5.2
      vertex 4.66406 4.2778 1.49
      vertex 4.66406 4.2778 5.2
    endloop
  endfacet
  facet normal -0.5141 -0.85773 0
    outer loop
      vertex 4.15996 4.73469 1.49
      vertex 4.2778 4.66406 5.2
      vertex 4.15996 4.73469 5.2
    endloop
  endfacet
  facet normal -0.5141 -0.85773 -0
    outer loop
      vertex 4.2778 4.66406 5.2
      vertex 4.15996 4.73469 1.49
      vertex 4.2778 4.66406 1.49
    endloop
  endfacet
  facet normal 0.5141 0.85773 -0
    outer loop
      vertex 2.84004 2.26531 1.49
      vertex 2.7222 2.33594 5.2
      vertex 2.84004 2.26531 5.2
    endloop
  endfacet
  facet normal 0.5141 0.85773 0
    outer loop
      vertex 2.7222 2.33594 5.2
      vertex 2.84004 2.26531 1.49
      vertex 2.7222 2.33594 1.49
    endloop
  endfacet
  facet normal 0.740937 0.671574 0
    outer loop
      vertex 2.51005 2.51005 5.2
      vertex 2.41778 2.61185 1.49
      vertex 2.41778 2.61185 5.2
    endloop
  endfacet
  facet normal 0.740937 0.671574 0
    outer loop
      vertex 2.41778 2.61185 1.49
      vertex 2.51005 2.51005 5.2
      vertex 2.51005 2.51005 1.49
    endloop
  endfacet
  facet normal 0.85773 0.5141 0
    outer loop
      vertex 2.33594 2.7222 5.2
      vertex 2.26531 2.84004 1.49
      vertex 2.26531 2.84004 5.2
    endloop
  endfacet
  facet normal 0.85773 0.5141 0
    outer loop
      vertex 2.26531 2.84004 1.49
      vertex 2.33594 2.7222 5.2
      vertex 2.33594 2.7222 1.49
    endloop
  endfacet
  facet normal 0.242964 -0.970035 0
    outer loop
      vertex 3.0936 4.83972 1.49
      vertex 3.22687 4.8731 5.2
      vertex 3.0936 4.83972 5.2
    endloop
  endfacet
  facet normal 0.242964 -0.970035 0
    outer loop
      vertex 3.22687 4.8731 5.2
      vertex 3.0936 4.83972 1.49
      vertex 3.22687 4.8731 1.49
    endloop
  endfacet
  facet normal 0.336917 -0.941534 0
    outer loop
      vertex 2.96424 4.79343 1.49
      vertex 3.0936 4.83972 5.2
      vertex 2.96424 4.79343 5.2
    endloop
  endfacet
  facet normal 0.336917 -0.941534 0
    outer loop
      vertex 3.0936 4.83972 5.2
      vertex 2.96424 4.79343 1.49
      vertex 3.0936 4.83972 1.49
    endloop
  endfacet
  facet normal -0.903996 0.427542 0
    outer loop
      vertex 4.73469 2.84004 1.49
      vertex 4.79343 2.96424 5.2
      vertex 4.79343 2.96424 1.49
    endloop
  endfacet
  facet normal -0.903996 0.427542 0
    outer loop
      vertex 4.79343 2.96424 5.2
      vertex 4.73469 2.84004 1.49
      vertex 4.73469 2.84004 5.2
    endloop
  endfacet
  facet normal -0.740973 -0.671534 0
    outer loop
      vertex 4.58221 4.38815 1.49
      vertex 4.48995 4.48995 5.2
      vertex 4.48995 4.48995 1.49
    endloop
  endfacet
  facet normal -0.740973 -0.671534 0
    outer loop
      vertex 4.48995 4.48995 5.2
      vertex 4.58221 4.38815 1.49
      vertex 4.58221 4.38815 5.2
    endloop
  endfacet
  facet normal -0.989177 0.146728 0
    outer loop
      vertex 4.8731 3.22687 1.49
      vertex 4.89326 3.36278 5.2
      vertex 4.89326 3.36278 1.49
    endloop
  endfacet
  facet normal -0.989177 0.146728 0
    outer loop
      vertex 4.89326 3.36278 5.2
      vertex 4.8731 3.22687 1.49
      vertex 4.8731 3.22687 5.2
    endloop
  endfacet
  facet normal 0.595741 -0.803177 0
    outer loop
      vertex 2.61185 4.58221 1.49
      vertex 2.7222 4.66406 5.2
      vertex 2.61185 4.58221 5.2
    endloop
  endfacet
  facet normal 0.595741 -0.803177 0
    outer loop
      vertex 2.7222 4.66406 5.2
      vertex 2.61185 4.58221 1.49
      vertex 2.7222 4.66406 1.49
    endloop
  endfacet
  facet normal -0.5141 0.85773 0
    outer loop
      vertex 4.2778 2.33594 1.49
      vertex 4.15996 2.26531 5.2
      vertex 4.2778 2.33594 5.2
    endloop
  endfacet
  facet normal -0.5141 0.85773 0
    outer loop
      vertex 4.15996 2.26531 5.2
      vertex 4.2778 2.33594 1.49
      vertex 4.15996 2.26531 1.49
    endloop
  endfacet
  facet normal -0.0490591 0.998796 0
    outer loop
      vertex 3.63722 2.10674 1.49
      vertex 3.5 2.1 5.2
      vertex 3.63722 2.10674 5.2
    endloop
  endfacet
  facet normal -0.0490591 0.998796 0
    outer loop
      vertex 3.5 2.1 5.2
      vertex 3.63722 2.10674 1.49
      vertex 3.5 2.1 1.49
    endloop
  endfacet
  facet normal -0.146728 0.989177 0
    outer loop
      vertex 3.77313 2.1269 1.49
      vertex 3.63722 2.10674 5.2
      vertex 3.77313 2.1269 5.2
    endloop
  endfacet
  facet normal -0.146728 0.989177 0
    outer loop
      vertex 3.63722 2.10674 5.2
      vertex 3.77313 2.1269 1.49
      vertex 3.63722 2.10674 1.49
    endloop
  endfacet
  facet normal 0.970035 -0.242964 0
    outer loop
      vertex 2.1269 3.77313 5.2
      vertex 2.16028 3.9064 1.49
      vertex 2.16028 3.9064 5.2
    endloop
  endfacet
  facet normal 0.970035 -0.242964 0
    outer loop
      vertex 2.16028 3.9064 1.49
      vertex 2.1269 3.77313 5.2
      vertex 2.1269 3.77313 1.49
    endloop
  endfacet
  facet normal 0.903996 -0.427542 0
    outer loop
      vertex 2.20657 4.03576 5.2
      vertex 2.26531 4.15996 1.49
      vertex 2.26531 4.15996 5.2
    endloop
  endfacet
  facet normal 0.903996 -0.427542 0
    outer loop
      vertex 2.26531 4.15996 1.49
      vertex 2.20657 4.03576 5.2
      vertex 2.20657 4.03576 1.49
    endloop
  endfacet
  facet normal 0.0490591 0.998796 -0
    outer loop
      vertex 3.5 2.1 1.49
      vertex 3.36278 2.10674 5.2
      vertex 3.5 2.1 5.2
    endloop
  endfacet
  facet normal 0.0490591 0.998796 0
    outer loop
      vertex 3.36278 2.10674 5.2
      vertex 3.5 2.1 1.49
      vertex 3.36278 2.10674 1.49
    endloop
  endfacet
  facet normal -0.671534 -0.740973 0
    outer loop
      vertex 4.38815 4.58221 1.49
      vertex 4.48995 4.48995 5.2
      vertex 4.38815 4.58221 5.2
    endloop
  endfacet
  facet normal -0.671534 -0.740973 -0
    outer loop
      vertex 4.48995 4.48995 5.2
      vertex 4.38815 4.58221 1.49
      vertex 4.48995 4.48995 1.49
    endloop
  endfacet
  facet normal 0.85773 -0.5141 0
    outer loop
      vertex 2.26531 4.15996 5.2
      vertex 2.33594 4.2778 1.49
      vertex 2.33594 4.2778 5.2
    endloop
  endfacet
  facet normal 0.85773 -0.5141 0
    outer loop
      vertex 2.33594 4.2778 1.49
      vertex 2.26531 4.15996 5.2
      vertex 2.26531 4.15996 1.49
    endloop
  endfacet
  facet normal -0.803177 0.595741 0
    outer loop
      vertex 4.58221 2.61185 1.49
      vertex 4.66406 2.7222 5.2
      vertex 4.66406 2.7222 1.49
    endloop
  endfacet
  facet normal -0.803177 0.595741 0
    outer loop
      vertex 4.66406 2.7222 5.2
      vertex 4.58221 2.61185 1.49
      vertex 4.58221 2.61185 5.2
    endloop
  endfacet
  facet normal 0.970035 0.242964 0
    outer loop
      vertex 2.16028 3.0936 5.2
      vertex 2.1269 3.22687 1.49
      vertex 2.1269 3.22687 5.2
    endloop
  endfacet
  facet normal 0.970035 0.242964 0
    outer loop
      vertex 2.1269 3.22687 1.49
      vertex 2.16028 3.0936 5.2
      vertex 2.16028 3.0936 1.49
    endloop
  endfacet
  facet normal 0.427542 -0.903996 0
    outer loop
      vertex 2.84004 4.73469 1.49
      vertex 2.96424 4.79343 5.2
      vertex 2.84004 4.73469 5.2
    endloop
  endfacet
  facet normal 0.427542 -0.903996 0
    outer loop
      vertex 2.96424 4.79343 5.2
      vertex 2.84004 4.73469 1.49
      vertex 2.96424 4.79343 1.49
    endloop
  endfacet
  facet normal 0.336917 0.941534 -0
    outer loop
      vertex 3.0936 2.16028 1.49
      vertex 2.96424 2.20657 5.2
      vertex 3.0936 2.16028 5.2
    endloop
  endfacet
  facet normal 0.336917 0.941534 0
    outer loop
      vertex 2.96424 2.20657 5.2
      vertex 3.0936 2.16028 1.49
      vertex 2.96424 2.20657 1.49
    endloop
  endfacet
  facet normal 0.595694 0.803211 -0
    outer loop
      vertex 2.7222 2.33594 1.49
      vertex 2.61185 2.41778 5.2
      vertex 2.7222 2.33594 5.2
    endloop
  endfacet
  facet normal 0.595694 0.803211 0
    outer loop
      vertex 2.61185 2.41778 5.2
      vertex 2.7222 2.33594 1.49
      vertex 2.61185 2.41778 1.49
    endloop
  endfacet
  facet normal -0.336917 0.941534 0
    outer loop
      vertex 4.03576 2.20657 1.49
      vertex 3.9064 2.16028 5.2
      vertex 4.03576 2.20657 5.2
    endloop
  endfacet
  facet normal -0.336917 0.941534 0
    outer loop
      vertex 3.9064 2.16028 5.2
      vertex 4.03576 2.20657 1.49
      vertex 3.9064 2.16028 1.49
    endloop
  endfacet
  facet normal -0.740973 0.671534 0
    outer loop
      vertex 4.48995 2.51005 1.49
      vertex 4.58221 2.61185 5.2
      vertex 4.58221 2.61185 1.49
    endloop
  endfacet
  facet normal -0.740973 0.671534 0
    outer loop
      vertex 4.58221 2.61185 5.2
      vertex 4.48995 2.51005 1.49
      vertex 4.48995 2.51005 5.2
    endloop
  endfacet
  facet normal -0.595741 -0.803177 0
    outer loop
      vertex 4.2778 4.66406 1.49
      vertex 4.38815 4.58221 5.2
      vertex 4.2778 4.66406 5.2
    endloop
  endfacet
  facet normal -0.595741 -0.803177 -0
    outer loop
      vertex 4.38815 4.58221 5.2
      vertex 4.2778 4.66406 1.49
      vertex 4.38815 4.58221 1.49
    endloop
  endfacet
  facet normal -0.427542 0.903996 0
    outer loop
      vertex 4.15996 2.26531 1.49
      vertex 4.03576 2.20657 5.2
      vertex 4.15996 2.26531 5.2
    endloop
  endfacet
  facet normal -0.427542 0.903996 0
    outer loop
      vertex 4.03576 2.20657 5.2
      vertex 4.15996 2.26531 1.49
      vertex 4.03576 2.20657 1.49
    endloop
  endfacet
  facet normal -0.941534 -0.336917 0
    outer loop
      vertex 4.83972 3.9064 1.49
      vertex 4.79343 4.03576 5.2
      vertex 4.79343 4.03576 1.49
    endloop
  endfacet
  facet normal -0.941534 -0.336917 0
    outer loop
      vertex 4.79343 4.03576 5.2
      vertex 4.83972 3.9064 1.49
      vertex 4.83972 3.9064 5.2
    endloop
  endfacet
  facet normal 0.671534 -0.740973 0
    outer loop
      vertex 2.51005 4.48995 1.49
      vertex 2.61185 4.58221 5.2
      vertex 2.51005 4.48995 5.2
    endloop
  endfacet
  facet normal 0.671534 -0.740973 0
    outer loop
      vertex 2.61185 4.58221 5.2
      vertex 2.51005 4.48995 1.49
      vertex 2.61185 4.58221 1.49
    endloop
  endfacet
  facet normal -0.903996 -0.427542 0
    outer loop
      vertex 4.79343 4.03576 1.49
      vertex 4.73469 4.15996 5.2
      vertex 4.73469 4.15996 1.49
    endloop
  endfacet
  facet normal -0.903996 -0.427542 0
    outer loop
      vertex 4.73469 4.15996 5.2
      vertex 4.79343 4.03576 1.49
      vertex 4.79343 4.03576 5.2
    endloop
  endfacet
  facet normal -0.970035 0.242964 0
    outer loop
      vertex 4.83972 3.0936 1.49
      vertex 4.8731 3.22687 5.2
      vertex 4.8731 3.22687 1.49
    endloop
  endfacet
  facet normal -0.970035 0.242964 0
    outer loop
      vertex 4.8731 3.22687 5.2
      vertex 4.83972 3.0936 1.49
      vertex 4.83972 3.0936 5.2
    endloop
  endfacet
  facet normal 0.989177 -0.146728 0
    outer loop
      vertex 2.10674 3.63722 5.2
      vertex 2.1269 3.77313 1.49
      vertex 2.1269 3.77313 5.2
    endloop
  endfacet
  facet normal 0.989177 -0.146728 0
    outer loop
      vertex 2.1269 3.77313 1.49
      vertex 2.10674 3.63722 5.2
      vertex 2.10674 3.63722 1.49
    endloop
  endfacet
  facet normal -0.85773 -0.5141 0
    outer loop
      vertex 4.73469 4.15996 1.49
      vertex 4.66406 4.2778 5.2
      vertex 4.66406 4.2778 1.49
    endloop
  endfacet
  facet normal -0.85773 -0.5141 0
    outer loop
      vertex 4.66406 4.2778 5.2
      vertex 4.73469 4.15996 1.49
      vertex 4.73469 4.15996 5.2
    endloop
  endfacet
  facet normal 0.903996 0.427542 0
    outer loop
      vertex 2.26531 2.84004 5.2
      vertex 2.20657 2.96424 1.49
      vertex 2.20657 2.96424 5.2
    endloop
  endfacet
  facet normal 0.903996 0.427542 0
    outer loop
      vertex 2.20657 2.96424 1.49
      vertex 2.26531 2.84004 5.2
      vertex 2.26531 2.84004 1.49
    endloop
  endfacet
  facet normal 0.146728 0.989177 -0
    outer loop
      vertex 3.36278 2.10674 1.49
      vertex 3.22687 2.1269 5.2
      vertex 3.36278 2.10674 5.2
    endloop
  endfacet
  facet normal 0.146728 0.989177 0
    outer loop
      vertex 3.22687 2.1269 5.2
      vertex 3.36278 2.10674 1.49
      vertex 3.22687 2.1269 1.49
    endloop
  endfacet
  facet normal -0.671574 0.740937 0
    outer loop
      vertex 4.48995 2.51005 1.49
      vertex 4.38815 2.41778 5.2
      vertex 4.48995 2.51005 5.2
    endloop
  endfacet
  facet normal -0.671574 0.740937 0
    outer loop
      vertex 4.38815 2.41778 5.2
      vertex 4.48995 2.51005 1.49
      vertex 4.38815 2.41778 1.49
    endloop
  endfacet
  facet normal 0.989177 0.146728 0
    outer loop
      vertex 2.1269 3.22687 5.2
      vertex 2.10674 3.36278 1.49
      vertex 2.10674 3.36278 5.2
    endloop
  endfacet
  facet normal 0.989177 0.146728 0
    outer loop
      vertex 2.10674 3.36278 1.49
      vertex 2.1269 3.22687 5.2
      vertex 2.1269 3.22687 1.49
    endloop
  endfacet
  facet normal 0.941534 0.336917 0
    outer loop
      vertex 2.20657 2.96424 5.2
      vertex 2.16028 3.0936 1.49
      vertex 2.16028 3.0936 5.2
    endloop
  endfacet
  facet normal 0.941534 0.336917 0
    outer loop
      vertex 2.16028 3.0936 1.49
      vertex 2.20657 2.96424 5.2
      vertex 2.20657 2.96424 1.49
    endloop
  endfacet
  facet normal 0.671574 0.740937 -0
    outer loop
      vertex 2.61185 2.41778 1.49
      vertex 2.51005 2.51005 5.2
      vertex 2.61185 2.41778 5.2
    endloop
  endfacet
  facet normal 0.671574 0.740937 0
    outer loop
      vertex 2.51005 2.51005 5.2
      vertex 2.61185 2.41778 1.49
      vertex 2.51005 2.51005 1.49
    endloop
  endfacet
  facet normal 0.998796 0.0490591 0
    outer loop
      vertex 2.10674 3.36278 5.2
      vertex 2.1 3.5 1.49
      vertex 2.1 3.5 5.2
    endloop
  endfacet
  facet normal 0.998796 0.0490591 0
    outer loop
      vertex 2.1 3.5 1.49
      vertex 2.10674 3.36278 5.2
      vertex 2.10674 3.36278 1.49
    endloop
  endfacet
  facet normal -0.0490591 -0.998796 0
    outer loop
      vertex 3.5 4.9 1.49
      vertex 3.63722 4.89326 5.2
      vertex 3.5 4.9 5.2
    endloop
  endfacet
  facet normal -0.0490591 -0.998796 -0
    outer loop
      vertex 3.63722 4.89326 5.2
      vertex 3.5 4.9 1.49
      vertex 3.63722 4.89326 1.49
    endloop
  endfacet
  facet normal 0.740937 -0.671574 0
    outer loop
      vertex 2.41778 4.38815 5.2
      vertex 2.51005 4.48995 1.49
      vertex 2.51005 4.48995 5.2
    endloop
  endfacet
  facet normal 0.740937 -0.671574 0
    outer loop
      vertex 2.51005 4.48995 1.49
      vertex 2.41778 4.38815 5.2
      vertex 2.41778 4.38815 1.49
    endloop
  endfacet
  facet normal 0.427542 0.903996 -0
    outer loop
      vertex 2.96424 2.20657 1.49
      vertex 2.84004 2.26531 5.2
      vertex 2.96424 2.20657 5.2
    endloop
  endfacet
  facet normal 0.427542 0.903996 0
    outer loop
      vertex 2.84004 2.26531 5.2
      vertex 2.96424 2.20657 1.49
      vertex 2.84004 2.26531 1.49
    endloop
  endfacet
  facet normal 0.242964 0.970035 -0
    outer loop
      vertex 3.22687 2.1269 1.49
      vertex 3.0936 2.16028 5.2
      vertex 3.22687 2.1269 5.2
    endloop
  endfacet
  facet normal 0.242964 0.970035 0
    outer loop
      vertex 3.0936 2.16028 5.2
      vertex 3.22687 2.1269 1.49
      vertex 3.0936 2.16028 1.49
    endloop
  endfacet
  facet normal -0.595694 0.803211 0
    outer loop
      vertex 4.38815 2.41778 1.49
      vertex 4.2778 2.33594 5.2
      vertex 4.38815 2.41778 5.2
    endloop
  endfacet
  facet normal -0.595694 0.803211 0
    outer loop
      vertex 4.2778 2.33594 5.2
      vertex 4.38815 2.41778 1.49
      vertex 4.2778 2.33594 1.49
    endloop
  endfacet
  facet normal 0.0490591 -0.998796 0
    outer loop
      vertex 3.36278 4.89326 1.49
      vertex 3.5 4.9 5.2
      vertex 3.36278 4.89326 5.2
    endloop
  endfacet
  facet normal 0.0490591 -0.998796 0
    outer loop
      vertex 3.5 4.9 5.2
      vertex 3.36278 4.89326 1.49
      vertex 3.5 4.9 1.49
    endloop
  endfacet
  facet normal -0.242964 -0.970035 0
    outer loop
      vertex 3.77313 4.8731 1.49
      vertex 3.9064 4.83972 5.2
      vertex 3.77313 4.8731 5.2
    endloop
  endfacet
  facet normal -0.242964 -0.970035 -0
    outer loop
      vertex 3.9064 4.83972 5.2
      vertex 3.77313 4.8731 1.49
      vertex 3.9064 4.83972 1.49
    endloop
  endfacet
  facet normal 0.803211 0.595694 0
    outer loop
      vertex 2.41778 2.61185 5.2
      vertex 2.33594 2.7222 1.49
      vertex 2.33594 2.7222 5.2
    endloop
  endfacet
  facet normal 0.803211 0.595694 0
    outer loop
      vertex 2.33594 2.7222 1.49
      vertex 2.41778 2.61185 5.2
      vertex 2.41778 2.61185 1.49
    endloop
  endfacet
  facet normal 0.803211 -0.595694 0
    outer loop
      vertex 2.33594 4.2778 5.2
      vertex 2.41778 4.38815 1.49
      vertex 2.41778 4.38815 5.2
    endloop
  endfacet
  facet normal 0.803211 -0.595694 0
    outer loop
      vertex 2.41778 4.38815 1.49
      vertex 2.33594 4.2778 5.2
      vertex 2.33594 4.2778 1.49
    endloop
  endfacet
  facet normal -0.242964 0.970035 0
    outer loop
      vertex 3.9064 2.16028 1.49
      vertex 3.77313 2.1269 5.2
      vertex 3.9064 2.16028 5.2
    endloop
  endfacet
  facet normal -0.242964 0.970035 0
    outer loop
      vertex 3.77313 2.1269 5.2
      vertex 3.9064 2.16028 1.49
      vertex 3.77313 2.1269 1.49
    endloop
  endfacet
  facet normal 0.998796 -0.0490591 0
    outer loop
      vertex 2.1 3.5 5.2
      vertex 2.10674 3.63722 1.49
      vertex 2.10674 3.63722 5.2
    endloop
  endfacet
  facet normal 0.998796 -0.0490591 0
    outer loop
      vertex 2.10674 3.63722 1.49
      vertex 2.1 3.5 5.2
      vertex 2.1 3.5 1.49
    endloop
  endfacet
  facet normal -0.146728 -0.989177 0
    outer loop
      vertex 3.63722 4.89326 1.49
      vertex 3.77313 4.8731 5.2
      vertex 3.63722 4.89326 5.2
    endloop
  endfacet
  facet normal -0.146728 -0.989177 -0
    outer loop
      vertex 3.77313 4.8731 5.2
      vertex 3.63722 4.89326 1.49
      vertex 3.77313 4.8731 1.49
    endloop
  endfacet
  facet normal 0.941534 -0.336917 0
    outer loop
      vertex 2.16028 3.9064 5.2
      vertex 2.20657 4.03576 1.49
      vertex 2.20657 4.03576 5.2
    endloop
  endfacet
  facet normal 0.941534 -0.336917 0
    outer loop
      vertex 2.20657 4.03576 1.49
      vertex 2.16028 3.9064 5.2
      vertex 2.16028 3.9064 1.49
    endloop
  endfacet
  facet normal -0.805772 -0.0395918 -0.590901
    outer loop
      vertex 5.98071 3.74341 0
      vertex 5.99267 3.5 0
      vertex 4.9 3.5 1.49
    endloop
  endfacet
  facet normal -0.344904 0.729301 -0.590899
    outer loop
      vertex 4.67421 1.30127 0
      vertex 4.4539 1.19708 0
      vertex 4.03576 2.20657 1.49
    endloop
  endfacet
  facet normal 0.759578 -0.271807 -0.590899
    outer loop
      vertex 1.19708 4.4539 0
      vertex 2.20657 4.03576 1.49
      vertex 1.11497 4.22444 0
    endloop
  endfacet
  facet normal -0.481273 0.647531 -0.59083
    outer loop
      vertex 4.88485 1.42742 0
      vertex 4.38815 2.41778 1.49
      vertex 4.88559 1.42797 0
    endloop
  endfacet
  facet normal -0.480573 0.647987 -0.5909
    outer loop
      vertex 4.38815 2.41778 1.49
      vertex 4.88485 1.42742 0
      vertex 4.2778 2.33594 1.49
    endloop
  endfacet
  facet normal 0.19601 0.782571 -0.5909
    outer loop
      vertex 2.77731 1.11444 0
      vertex 3.0936 2.16028 1.49
      vertex 3.22687 2.1269 1.49
    endloop
  endfacet
  facet normal 0.20183 0.780994 -0.591028
    outer loop
      vertex 3.0936 2.16028 1.49
      vertex 2.77731 1.11444 0
      vertex 2.77642 1.11467 0
    endloop
  endfacet
  facet normal 0.597757 -0.541779 -0.590899
    outer loop
      vertex 1.7368 5.2619 0
      vertex 2.41778 4.38815 1.49
      vertex 1.57314 5.08133 0
    endloop
  endfacet
  facet normal -0.805772 0.0395918 -0.590901
    outer loop
      vertex 5.99267 3.5 0
      vertex 5.98071 3.25659 0
      vertex 4.9 3.5 1.49
    endloop
  endfacet
  facet normal 0.541779 0.597757 -0.590899
    outer loop
      vertex 2.61185 2.41778 1.49
      vertex 1.91867 1.57314 0
      vertex 1.7381 1.7368 0
    endloop
  endfacet
  facet normal -0.265593 0.761367 -0.591423
    outer loop
      vertex 4.22358 1.11467 0
      vertex 4.03576 2.20657 1.49
      vertex 4.22444 1.11497 0
    endloop
  endfacet
  facet normal -0.271807 0.75958 -0.590897
    outer loop
      vertex 4.03576 2.20657 1.49
      vertex 4.22358 1.11467 0
      vertex 3.9064 2.16028 1.49
    endloop
  endfacet
  facet normal -0.414741 -0.691974 -0.5909
    outer loop
      vertex 4.67503 5.69834 0
      vertex 4.88407 5.57305 0
      vertex 4.15996 4.73469 1.49
    endloop
  endfacet
  facet normal -0.543521 0.59612 -0.590954
    outer loop
      vertex 5.2619 1.7368 0
      vertex 4.48995 2.51005 1.49
      vertex 5.26258 1.73742 0
    endloop
  endfacet
  facet normal -0.541789 0.597747 -0.590901
    outer loop
      vertex 4.48995 2.51005 1.49
      vertex 5.2619 1.7368 0
      vertex 4.38815 2.41778 1.49
    endloop
  endfacet
  facet normal -0.118381 -0.798012 -0.590899
    outer loop
      vertex 3.98629 5.94477 0
      vertex 3.77313 4.8731 1.49
      vertex 3.74523 5.98053 0
    endloop
  endfacet
  facet normal 0.344904 0.729301 -0.590899
    outer loop
      vertex 2.96424 2.20657 1.49
      vertex 2.5461 1.19708 0
      vertex 2.32579 1.30127 0
    endloop
  endfacet
  facet normal 0.691964 0.414755 -0.590901
    outer loop
      vertex 2.26531 2.84004 1.49
      vertex 1.42695 2.11593 0
      vertex 1.30166 2.32496 0
    endloop
  endfacet
  facet normal -0.780994 -0.20183 -0.591028
    outer loop
      vertex 5.88556 4.22269 0
      vertex 4.83972 3.9064 1.49
      vertex 5.88533 4.22358 0
    endloop
  endfacet
  facet normal -0.782571 -0.19601 -0.5909
    outer loop
      vertex 4.83972 3.9064 1.49
      vertex 5.88556 4.22269 0
      vertex 4.8731 3.77313 1.49
    endloop
  endfacet
  facet normal -0.414741 0.691974 -0.5909
    outer loop
      vertex 4.88407 1.42695 0
      vertex 4.67503 1.30166 0
      vertex 4.15996 2.26531 1.49
    endloop
  endfacet
  facet normal -0.541757 -0.597777 -0.5909
    outer loop
      vertex 5.2619 5.2632 0
      vertex 4.48995 4.48995 1.49
      vertex 4.38815 4.58221 1.49
    endloop
  endfacet
  facet normal -0.543521 -0.59612 -0.590954
    outer loop
      vertex 4.48995 4.48995 1.49
      vertex 5.2619 5.2632 0
      vertex 5.26258 5.26258 0
    endloop
  endfacet
  facet normal -0.344904 -0.729301 -0.590899
    outer loop
      vertex 4.4539 5.80292 0
      vertex 4.67421 5.69873 0
      vertex 4.03576 4.79343 1.49
    endloop
  endfacet
  facet normal -0.271807 -0.75958 -0.590897
    outer loop
      vertex 4.22358 5.88533 0
      vertex 4.03576 4.79343 1.49
      vertex 3.9064 4.83972 1.49
    endloop
  endfacet
  facet normal -0.273613 -0.759054 -0.590739
    outer loop
      vertex 4.03576 4.79343 1.49
      vertex 4.22358 5.88533 0
      vertex 4.22444 5.88502 0
    endloop
  endfacet
  facet normal 0.647987 0.480573 -0.5909
    outer loop
      vertex 2.41778 2.61185 1.49
      vertex 1.42742 2.11515 0
      vertex 2.33594 2.7222 1.49
    endloop
  endfacet
  facet normal 0.647531 0.481273 -0.59083
    outer loop
      vertex 1.42742 2.11515 0
      vertex 2.41778 2.61185 1.49
      vertex 1.42797 2.11441 0
    endloop
  endfacet
  facet normal 0.691974 -0.414741 -0.5909
    outer loop
      vertex 1.42695 4.88407 0
      vertex 2.26531 4.15996 1.49
      vertex 1.30166 4.67503 0
    endloop
  endfacet
  facet normal 0.20183 -0.780994 -0.591028
    outer loop
      vertex 2.77731 5.88556 0
      vertex 3.0936 4.83972 1.49
      vertex 2.77642 5.88533 0
    endloop
  endfacet
  facet normal 0.19601 -0.782571 -0.5909
    outer loop
      vertex 3.0936 4.83972 1.49
      vertex 2.77731 5.88556 0
      vertex 3.22687 4.8731 1.49
    endloop
  endfacet
  facet normal 0.271807 0.75958 -0.590897
    outer loop
      vertex 2.77642 1.11467 0
      vertex 2.96424 2.20657 1.49
      vertex 3.0936 2.16028 1.49
    endloop
  endfacet
  facet normal 0.262812 0.762155 -0.59165
    outer loop
      vertex 2.96424 2.20657 1.49
      vertex 2.77642 1.11467 0
      vertex 2.77555 1.11497 0
    endloop
  endfacet
  facet normal -0.0395918 -0.805772 -0.590901
    outer loop
      vertex 3.5 5.99267 0
      vertex 3.74341 5.98071 0
      vertex 3.5 4.9 1.49
    endloop
  endfacet
  facet normal 0.414755 0.691964 -0.590901
    outer loop
      vertex 2.84004 2.26531 1.49
      vertex 2.32496 1.30166 0
      vertex 2.11593 1.42695 0
    endloop
  endfacet
  facet normal -0.20183 0.780994 -0.591028
    outer loop
      vertex 4.22269 1.11444 0
      vertex 3.9064 2.16028 1.49
      vertex 4.22358 1.11467 0
    endloop
  endfacet
  facet normal -0.19601 0.782571 -0.5909
    outer loop
      vertex 3.9064 2.16028 1.49
      vertex 4.22269 1.11444 0
      vertex 3.77313 2.1269 1.49
    endloop
  endfacet
  facet normal 0.597747 0.541789 -0.590901
    outer loop
      vertex 2.51005 2.51005 1.49
      vertex 1.7368 1.7381 0
      vertex 2.41778 2.61185 1.49
    endloop
  endfacet
  facet normal 0.59612 0.543521 -0.590954
    outer loop
      vertex 1.7368 1.7381 0
      vertex 2.51005 2.51005 1.49
      vertex 1.73742 1.73742 0
    endloop
  endfacet
  facet normal 0.690968 -0.416353 -0.590943
    outer loop
      vertex 2.33594 4.2778 1.49
      vertex 1.42695 4.88407 0
      vertex 1.42742 4.88485 0
    endloop
  endfacet
  facet normal 0.691969 -0.414747 -0.590901
    outer loop
      vertex 1.42695 4.88407 0
      vertex 2.33594 4.2778 1.49
      vertex 2.26531 4.15996 1.49
    endloop
  endfacet
  facet normal -0.691974 -0.414741 -0.5909
    outer loop
      vertex 5.57305 4.88407 0
      vertex 5.69834 4.67503 0
      vertex 4.73469 4.15996 1.49
    endloop
  endfacet
  facet normal 0.480575 -0.647983 -0.590902
    outer loop
      vertex 2.11441 5.57203 0
      vertex 2.61185 4.58221 1.49
      vertex 1.91867 5.42686 0
    endloop
  endfacet
  facet normal -0.118381 0.798012 -0.590899
    outer loop
      vertex 3.77313 2.1269 1.49
      vertex 3.98629 1.05523 0
      vertex 3.74523 1.01947 0
    endloop
  endfacet
  facet normal -0.691969 0.414747 -0.590901
    outer loop
      vertex 5.57305 2.11593 0
      vertex 4.66406 2.7222 1.49
      vertex 4.73469 2.84004 1.49
    endloop
  endfacet
  facet normal -0.690968 0.416353 -0.590943
    outer loop
      vertex 4.66406 2.7222 1.49
      vertex 5.57305 2.11593 0
      vertex 5.57258 2.11515 0
    endloop
  endfacet
  facet normal -0.0395918 0.805772 -0.590901
    outer loop
      vertex 3.5 2.1 1.49
      vertex 3.74341 1.01929 0
      vertex 3.5 1.00733 0
    endloop
  endfacet
  facet normal -0.729301 -0.344904 -0.590899
    outer loop
      vertex 5.69873 4.67421 0
      vertex 5.80292 4.4539 0
      vertex 4.79343 4.03576 1.49
    endloop
  endfacet
  facet normal -0.480575 -0.647983 -0.590902
    outer loop
      vertex 4.88559 5.57203 0
      vertex 5.08133 5.42686 0
      vertex 4.38815 4.58221 1.49
    endloop
  endfacet
  facet normal 0.798012 0.118372 -0.590902
    outer loop
      vertex 2.1269 3.22687 1.49
      vertex 1.01933 3.25568 0
      vertex 2.10674 3.36278 1.49
    endloop
  endfacet
  facet normal 0.797629 0.122712 -0.590533
    outer loop
      vertex 1.01933 3.25568 0
      vertex 2.1269 3.22687 1.49
      vertex 1.01947 3.25477 0
    endloop
  endfacet
  facet normal 0.271818 0.759574 -0.5909
    outer loop
      vertex 2.96424 2.20657 1.49
      vertex 2.77555 1.11497 0
      vertex 2.5461 1.19708 0
    endloop
  endfacet
  facet normal 0.80604 -0.0354303 -0.590799
    outer loop
      vertex 2.10674 3.63722 1.49
      vertex 1.01929 3.74341 0
      vertex 1.01933 3.74432 0
    endloop
  endfacet
  facet normal 0.805773 -0.0395781 -0.5909
    outer loop
      vertex 1.01929 3.74341 0
      vertex 2.10674 3.63722 1.49
      vertex 2.1 3.5 1.49
    endloop
  endfacet
  facet normal -0.271807 0.759578 -0.590899
    outer loop
      vertex 4.4539 1.19708 0
      vertex 4.22444 1.11497 0
      vertex 4.03576 2.20657 1.49
    endloop
  endfacet
  facet normal 0.647985 -0.480576 -0.590899
    outer loop
      vertex 1.57314 5.08133 0
      vertex 2.41778 4.38815 1.49
      vertex 1.42797 4.88559 0
    endloop
  endfacet
  facet normal 0.344917 0.729293 -0.5909
    outer loop
      vertex 2.32579 1.30127 0
      vertex 2.84004 2.26531 1.49
      vertex 2.96424 2.20657 1.49
    endloop
  endfacet
  facet normal 0.343101 0.730188 -0.590853
    outer loop
      vertex 2.84004 2.26531 1.49
      vertex 2.32579 1.30127 0
      vertex 2.32496 1.30166 0
    endloop
  endfacet
  facet normal -0.75958 0.271807 -0.590897
    outer loop
      vertex 5.88533 2.77642 0
      vertex 4.79343 2.96424 1.49
      vertex 4.83972 3.0936 1.49
    endloop
  endfacet
  facet normal -0.759883 0.270763 -0.590987
    outer loop
      vertex 4.79343 2.96424 1.49
      vertex 5.88533 2.77642 0
      vertex 5.88502 2.77555 0
    endloop
  endfacet
  facet normal 0.481272 -0.647529 -0.590833
    outer loop
      vertex 2.11515 5.57258 0
      vertex 2.61185 4.58221 1.49
      vertex 2.11441 5.57203 0
    endloop
  endfacet
  facet normal 0.480611 -0.647959 -0.590899
    outer loop
      vertex 2.61185 4.58221 1.49
      vertex 2.11515 5.57258 0
      vertex 2.7222 4.66406 1.49
    endloop
  endfacet
  facet normal 0.480576 0.647985 -0.590899
    outer loop
      vertex 2.61185 2.41778 1.49
      vertex 2.11441 1.42797 0
      vertex 1.91867 1.57314 0
    endloop
  endfacet
  facet normal 0.729301 -0.344904 -0.590899
    outer loop
      vertex 1.30127 4.67421 0
      vertex 2.20657 4.03576 1.49
      vertex 1.19708 4.4539 0
    endloop
  endfacet
  facet normal 0.196015 0.78257 -0.5909
    outer loop
      vertex 3.22687 2.1269 1.49
      vertex 3.0137 1.05523 0
      vertex 2.77731 1.11444 0
    endloop
  endfacet
  facet normal 0.118376 -0.798013 -0.5909
    outer loop
      vertex 3.25477 5.98053 0
      vertex 3.22687 4.8731 1.49
      vertex 3.0137 5.94477 0
    endloop
  endfacet
  facet normal 0.0395918 -0.805772 -0.590901
    outer loop
      vertex 3.5 5.99267 0
      vertex 3.5 4.9 1.49
      vertex 3.25659 5.98071 0
    endloop
  endfacet
  facet normal -0.19601 -0.782571 -0.5909
    outer loop
      vertex 4.22269 5.88556 0
      vertex 3.9064 4.83972 1.49
      vertex 3.77313 4.8731 1.49
    endloop
  endfacet
  facet normal -0.20183 -0.780994 -0.591028
    outer loop
      vertex 3.9064 4.83972 1.49
      vertex 4.22269 5.88556 0
      vertex 4.22358 5.88533 0
    endloop
  endfacet
  facet normal 0.797629 -0.122712 -0.590533
    outer loop
      vertex 2.1269 3.77313 1.49
      vertex 1.01933 3.74432 0
      vertex 1.01947 3.74523 0
    endloop
  endfacet
  facet normal 0.798012 -0.118372 -0.590902
    outer loop
      vertex 1.01933 3.74432 0
      vertex 2.1269 3.77313 1.49
      vertex 2.10674 3.63722 1.49
    endloop
  endfacet
  facet normal 0.416353 -0.690968 -0.590943
    outer loop
      vertex 2.11593 5.57305 0
      vertex 2.7222 4.66406 1.49
      vertex 2.11515 5.57258 0
    endloop
  endfacet
  facet normal 0.414747 -0.691969 -0.590901
    outer loop
      vertex 2.7222 4.66406 1.49
      vertex 2.11593 5.57305 0
      vertex 2.84004 4.73469 1.49
    endloop
  endfacet
  facet normal 0.414755 -0.691964 -0.590901
    outer loop
      vertex 2.32496 5.69834 0
      vertex 2.84004 4.73469 1.49
      vertex 2.11593 5.57305 0
    endloop
  endfacet
  facet normal -0.541777 -0.597756 -0.590902
    outer loop
      vertex 5.08133 5.42686 0
      vertex 5.2619 5.2632 0
      vertex 4.38815 4.58221 1.49
    endloop
  endfacet
  facet normal 0.541777 -0.597756 -0.590902
    outer loop
      vertex 1.91867 5.42686 0
      vertex 2.61185 4.58221 1.49
      vertex 1.7381 5.2632 0
    endloop
  endfacet
  facet normal 0.270763 -0.759883 -0.590987
    outer loop
      vertex 2.77642 5.88533 0
      vertex 2.96424 4.79343 1.49
      vertex 2.77555 5.88502 0
    endloop
  endfacet
  facet normal 0.271807 -0.75958 -0.590897
    outer loop
      vertex 2.96424 4.79343 1.49
      vertex 2.77642 5.88533 0
      vertex 3.0936 4.83972 1.49
    endloop
  endfacet
  facet normal -0.647529 -0.481272 -0.590833
    outer loop
      vertex 5.57258 4.88485 0
      vertex 4.58221 4.38815 1.49
      vertex 5.57203 4.88559 0
    endloop
  endfacet
  facet normal -0.647959 -0.480611 -0.590899
    outer loop
      vertex 4.58221 4.38815 1.49
      vertex 5.57258 4.88485 0
      vertex 4.66406 4.2778 1.49
    endloop
  endfacet
  facet normal 0.271789 -0.759585 -0.590899
    outer loop
      vertex 2.77555 5.88502 0
      vertex 2.96424 4.79343 1.49
      vertex 2.5461 5.80292 0
    endloop
  endfacet
  facet normal 0.480573 0.647987 -0.5909
    outer loop
      vertex 2.11515 1.42742 0
      vertex 2.61185 2.41778 1.49
      vertex 2.7222 2.33594 1.49
    endloop
  endfacet
  facet normal 0.481273 0.647531 -0.59083
    outer loop
      vertex 2.61185 2.41778 1.49
      vertex 2.11515 1.42742 0
      vertex 2.11441 1.42797 0
    endloop
  endfacet
  facet normal 0.805772 -0.0395918 -0.590901
    outer loop
      vertex 1.01929 3.74341 0
      vertex 2.1 3.5 1.49
      vertex 1.00733 3.5 0
    endloop
  endfacet
  facet normal 0.647531 -0.481273 -0.59083
    outer loop
      vertex 2.41778 4.38815 1.49
      vertex 1.42742 4.88485 0
      vertex 1.42797 4.88559 0
    endloop
  endfacet
  facet normal 0.647987 -0.480573 -0.5909
    outer loop
      vertex 1.42742 4.88485 0
      vertex 2.41778 4.38815 1.49
      vertex 2.33594 4.2778 1.49
    endloop
  endfacet
  facet normal 0.691969 0.414747 -0.590901
    outer loop
      vertex 2.33594 2.7222 1.49
      vertex 1.42695 2.11593 0
      vertex 2.26531 2.84004 1.49
    endloop
  endfacet
  facet normal 0.690968 0.416353 -0.590943
    outer loop
      vertex 1.42695 2.11593 0
      vertex 2.33594 2.7222 1.49
      vertex 1.42742 2.11515 0
    endloop
  endfacet
  facet normal -0.782571 0.19601 -0.5909
    outer loop
      vertex 5.88556 2.77731 0
      vertex 4.83972 3.0936 1.49
      vertex 4.8731 3.22687 1.49
    endloop
  endfacet
  facet normal -0.780994 0.20183 -0.591028
    outer loop
      vertex 4.83972 3.0936 1.49
      vertex 5.88556 2.77731 0
      vertex 5.88533 2.77642 0
    endloop
  endfacet
  facet normal -0.597756 -0.541777 -0.590902
    outer loop
      vertex 5.2632 5.2619 0
      vertex 5.42686 5.08133 0
      vertex 4.58221 4.38815 1.49
    endloop
  endfacet
  facet normal 0.0395918 0.805772 -0.590901
    outer loop
      vertex 3.5 2.1 1.49
      vertex 3.5 1.00733 0
      vertex 3.25659 1.01929 0
    endloop
  endfacet
  facet normal 0.728516 -0.346489 -0.59094
    outer loop
      vertex 2.26531 4.15996 1.49
      vertex 1.30127 4.67421 0
      vertex 1.30166 4.67503 0
    endloop
  endfacet
  facet normal 0.729293 -0.344917 -0.5909
    outer loop
      vertex 1.30127 4.67421 0
      vertex 2.26531 4.15996 1.49
      vertex 2.20657 4.03576 1.49
    endloop
  endfacet
  facet normal -0.759054 -0.273613 -0.590739
    outer loop
      vertex 5.88533 4.22358 0
      vertex 4.79343 4.03576 1.49
      vertex 5.88502 4.22444 0
    endloop
  endfacet
  facet normal -0.75958 -0.271807 -0.590897
    outer loop
      vertex 4.79343 4.03576 1.49
      vertex 5.88533 4.22358 0
      vertex 4.83972 3.9064 1.49
    endloop
  endfacet
  facet normal -0.647983 -0.480575 -0.590902
    outer loop
      vertex 5.42686 5.08133 0
      vertex 5.57203 4.88559 0
      vertex 4.58221 4.38815 1.49
    endloop
  endfacet
  facet normal -0.78257 0.196015 -0.5909
    outer loop
      vertex 5.94477 3.0137 0
      vertex 5.88556 2.77731 0
      vertex 4.8731 3.22687 1.49
    endloop
  endfacet
  facet normal -0.480576 0.647985 -0.590899
    outer loop
      vertex 5.08133 1.57314 0
      vertex 4.88559 1.42797 0
      vertex 4.38815 2.41778 1.49
    endloop
  endfacet
  facet normal -0.79838 -0.114054 -0.591254
    outer loop
      vertex 5.98066 3.74432 0
      vertex 4.8731 3.77313 1.49
      vertex 5.98053 3.74523 0
    endloop
  endfacet
  facet normal -0.798014 -0.118372 -0.590898
    outer loop
      vertex 4.8731 3.77313 1.49
      vertex 5.98066 3.74432 0
      vertex 4.89326 3.63722 1.49
    endloop
  endfacet
  facet normal -0.759589 -0.271778 -0.590899
    outer loop
      vertex 5.80292 4.4539 0
      vertex 5.88502 4.22444 0
      vertex 4.79343 4.03576 1.49
    endloop
  endfacet
  facet normal 0.805772 0.0395918 -0.590901
    outer loop
      vertex 2.1 3.5 1.49
      vertex 1.01929 3.25659 0
      vertex 1.00733 3.5 0
    endloop
  endfacet
  facet normal -0.416353 0.690968 -0.590943
    outer loop
      vertex 4.88407 1.42695 0
      vertex 4.2778 2.33594 1.49
      vertex 4.88485 1.42742 0
    endloop
  endfacet
  facet normal -0.414747 0.691969 -0.590901
    outer loop
      vertex 4.2778 2.33594 1.49
      vertex 4.88407 1.42695 0
      vertex 4.15996 2.26531 1.49
    endloop
  endfacet
  facet normal -0.728516 -0.346489 -0.59094
    outer loop
      vertex 5.69873 4.67421 0
      vertex 4.73469 4.15996 1.49
      vertex 5.69834 4.67503 0
    endloop
  endfacet
  facet normal -0.729293 -0.344917 -0.5909
    outer loop
      vertex 4.73469 4.15996 1.49
      vertex 5.69873 4.67421 0
      vertex 4.79343 4.03576 1.49
    endloop
  endfacet
  facet normal 0.759574 0.271818 -0.5909
    outer loop
      vertex 2.20657 2.96424 1.49
      vertex 1.19708 2.5461 0
      vertex 1.11497 2.77555 0
    endloop
  endfacet
  facet normal -0.798013 0.118376 -0.5909
    outer loop
      vertex 5.98053 3.25477 0
      vertex 5.94477 3.0137 0
      vertex 4.8731 3.22687 1.49
    endloop
  endfacet
  facet normal -0.414747 -0.691969 -0.590901
    outer loop
      vertex 4.88407 5.57305 0
      vertex 4.2778 4.66406 1.49
      vertex 4.15996 4.73469 1.49
    endloop
  endfacet
  facet normal -0.416353 -0.690968 -0.590943
    outer loop
      vertex 4.2778 4.66406 1.49
      vertex 4.88407 5.57305 0
      vertex 4.88485 5.57258 0
    endloop
  endfacet
  facet normal 0.0395781 0.805773 -0.5909
    outer loop
      vertex 3.25659 1.01929 0
      vertex 3.36278 2.10674 1.49
      vertex 3.5 2.1 1.49
    endloop
  endfacet
  facet normal 0.0354303 0.80604 -0.590799
    outer loop
      vertex 3.36278 2.10674 1.49
      vertex 3.25659 1.01929 0
      vertex 3.25568 1.01933 0
    endloop
  endfacet
  facet normal 0.780994 -0.20183 -0.591028
    outer loop
      vertex 2.16028 3.9064 1.49
      vertex 1.11444 4.22269 0
      vertex 1.11467 4.22358 0
    endloop
  endfacet
  facet normal 0.782571 -0.19601 -0.5909
    outer loop
      vertex 1.11444 4.22269 0
      vertex 2.16028 3.9064 1.49
      vertex 2.1269 3.77313 1.49
    endloop
  endfacet
  facet normal 0.798012 -0.118381 -0.590899
    outer loop
      vertex 1.05523 3.98629 0
      vertex 2.1269 3.77313 1.49
      vertex 1.01947 3.74523 0
    endloop
  endfacet
  facet normal 0.729293 0.344917 -0.5909
    outer loop
      vertex 2.26531 2.84004 1.49
      vertex 1.30127 2.32579 0
      vertex 2.20657 2.96424 1.49
    endloop
  endfacet
  facet normal 0.730188 0.343101 -0.590853
    outer loop
      vertex 1.30127 2.32579 0
      vertex 2.26531 2.84004 1.49
      vertex 1.30166 2.32496 0
    endloop
  endfacet
  facet normal -0.59612 -0.543521 -0.590954
    outer loop
      vertex 5.2632 5.2619 0
      vertex 4.48995 4.48995 1.49
      vertex 5.26258 5.26258 0
    endloop
  endfacet
  facet normal -0.597777 -0.541757 -0.5909
    outer loop
      vertex 4.48995 4.48995 1.49
      vertex 5.2632 5.2619 0
      vertex 4.58221 4.38815 1.49
    endloop
  endfacet
  facet normal -0.196007 0.782572 -0.590899
    outer loop
      vertex 4.22269 1.11444 0
      vertex 3.98629 1.05523 0
      vertex 3.77313 2.1269 1.49
    endloop
  endfacet
  facet normal 0.118372 0.798012 -0.590902
    outer loop
      vertex 3.25568 1.01933 0
      vertex 3.22687 2.1269 1.49
      vertex 3.36278 2.10674 1.49
    endloop
  endfacet
  facet normal 0.122712 0.797629 -0.590533
    outer loop
      vertex 3.22687 2.1269 1.49
      vertex 3.25568 1.01933 0
      vertex 3.25477 1.01947 0
    endloop
  endfacet
  facet normal -0.271778 -0.759589 -0.590899
    outer loop
      vertex 4.22444 5.88502 0
      vertex 4.4539 5.80292 0
      vertex 4.03576 4.79343 1.49
    endloop
  endfacet
  facet normal 0.805773 0.0395781 -0.5909
    outer loop
      vertex 2.10674 3.36278 1.49
      vertex 1.01929 3.25659 0
      vertex 2.1 3.5 1.49
    endloop
  endfacet
  facet normal 0.80604 0.0354303 -0.590799
    outer loop
      vertex 1.01929 3.25659 0
      vertex 2.10674 3.36278 1.49
      vertex 1.01933 3.25568 0
    endloop
  endfacet
  facet normal 0.543521 -0.59612 -0.590954
    outer loop
      vertex 1.7381 5.2632 0
      vertex 2.51005 4.48995 1.49
      vertex 1.73742 5.26258 0
    endloop
  endfacet
  facet normal 0.541757 -0.597777 -0.5909
    outer loop
      vertex 2.51005 4.48995 1.49
      vertex 1.7381 5.2632 0
      vertex 2.61185 4.58221 1.49
    endloop
  endfacet
  facet normal -0.691964 0.414755 -0.590901
    outer loop
      vertex 5.69834 2.32496 0
      vertex 5.57305 2.11593 0
      vertex 4.73469 2.84004 1.49
    endloop
  endfacet
  facet normal -0.597756 0.541777 -0.590902
    outer loop
      vertex 5.42686 1.91867 0
      vertex 5.2632 1.7381 0
      vertex 4.58221 2.61185 1.49
    endloop
  endfacet
  facet normal -0.647959 0.480611 -0.590899
    outer loop
      vertex 5.57258 2.11515 0
      vertex 4.58221 2.61185 1.49
      vertex 4.66406 2.7222 1.49
    endloop
  endfacet
  facet normal -0.647529 0.481272 -0.590833
    outer loop
      vertex 4.58221 2.61185 1.49
      vertex 5.57258 2.11515 0
      vertex 5.57203 2.11441 0
    endloop
  endfacet
  facet normal -0.196007 -0.782572 -0.590899
    outer loop
      vertex 3.98629 5.94477 0
      vertex 4.22269 5.88556 0
      vertex 3.77313 4.8731 1.49
    endloop
  endfacet
  facet normal 0.114054 -0.79838 -0.591254
    outer loop
      vertex 3.25568 5.98066 0
      vertex 3.22687 4.8731 1.49
      vertex 3.25477 5.98053 0
    endloop
  endfacet
  facet normal 0.118372 -0.798014 -0.590898
    outer loop
      vertex 3.22687 4.8731 1.49
      vertex 3.25568 5.98066 0
      vertex 3.36278 4.89326 1.49
    endloop
  endfacet
  facet normal 0.196015 -0.78257 -0.5909
    outer loop
      vertex 3.0137 5.94477 0
      vertex 3.22687 4.8731 1.49
      vertex 2.77731 5.88556 0
    endloop
  endfacet
  facet normal 0.118376 0.798013 -0.5909
    outer loop
      vertex 3.22687 2.1269 1.49
      vertex 3.25477 1.01947 0
      vertex 3.0137 1.05523 0
    endloop
  endfacet
  facet normal 0.343101 -0.730188 -0.590853
    outer loop
      vertex 2.32579 5.69873 0
      vertex 2.84004 4.73469 1.49
      vertex 2.32496 5.69834 0
    endloop
  endfacet
  facet normal 0.344917 -0.729293 -0.5909
    outer loop
      vertex 2.84004 4.73469 1.49
      vertex 2.32579 5.69873 0
      vertex 2.96424 4.79343 1.49
    endloop
  endfacet
  facet normal 0.344904 -0.729301 -0.590899
    outer loop
      vertex 2.5461 5.80292 0
      vertex 2.96424 4.79343 1.49
      vertex 2.32579 5.69873 0
    endloop
  endfacet
  facet normal -0.480611 -0.647959 -0.590899
    outer loop
      vertex 4.88485 5.57258 0
      vertex 4.38815 4.58221 1.49
      vertex 4.2778 4.66406 1.49
    endloop
  endfacet
  facet normal -0.481272 -0.647529 -0.590833
    outer loop
      vertex 4.38815 4.58221 1.49
      vertex 4.88485 5.57258 0
      vertex 4.88559 5.57203 0
    endloop
  endfacet
  facet normal 0.782571 0.19601 -0.5909
    outer loop
      vertex 2.16028 3.0936 1.49
      vertex 1.11444 2.77731 0
      vertex 2.1269 3.22687 1.49
    endloop
  endfacet
  facet normal 0.780994 0.20183 -0.591028
    outer loop
      vertex 1.11444 2.77731 0
      vertex 2.16028 3.0936 1.49
      vertex 1.11467 2.77642 0
    endloop
  endfacet
  facet normal -0.122712 0.797629 -0.590533
    outer loop
      vertex 3.74432 1.01933 0
      vertex 3.77313 2.1269 1.49
      vertex 3.74523 1.01947 0
    endloop
  endfacet
  facet normal -0.118372 0.798012 -0.590902
    outer loop
      vertex 3.77313 2.1269 1.49
      vertex 3.74432 1.01933 0
      vertex 3.63722 2.10674 1.49
    endloop
  endfacet
  facet normal -0.597777 0.541757 -0.5909
    outer loop
      vertex 5.2632 1.7381 0
      vertex 4.48995 2.51005 1.49
      vertex 4.58221 2.61185 1.49
    endloop
  endfacet
  facet normal -0.59612 0.543521 -0.590954
    outer loop
      vertex 4.48995 2.51005 1.49
      vertex 5.2632 1.7381 0
      vertex 5.26258 1.73742 0
    endloop
  endfacet
  facet normal 0.541789 0.597747 -0.590901
    outer loop
      vertex 1.7381 1.7368 0
      vertex 2.51005 2.51005 1.49
      vertex 2.61185 2.41778 1.49
    endloop
  endfacet
  facet normal 0.543521 0.59612 -0.590954
    outer loop
      vertex 2.51005 2.51005 1.49
      vertex 1.7381 1.7368 0
      vertex 1.73742 1.73742 0
    endloop
  endfacet
  facet normal -0.0354303 0.80604 -0.590799
    outer loop
      vertex 3.74341 1.01929 0
      vertex 3.63722 2.10674 1.49
      vertex 3.74432 1.01933 0
    endloop
  endfacet
  facet normal -0.0395781 0.805773 -0.5909
    outer loop
      vertex 3.63722 2.10674 1.49
      vertex 3.74341 1.01929 0
      vertex 3.5 2.1 1.49
    endloop
  endfacet
  facet normal 0.761367 -0.265593 -0.591423
    outer loop
      vertex 2.20657 4.03576 1.49
      vertex 1.11467 4.22358 0
      vertex 1.11497 4.22444 0
    endloop
  endfacet
  facet normal 0.75958 -0.271807 -0.590897
    outer loop
      vertex 1.11467 4.22358 0
      vertex 2.20657 4.03576 1.49
      vertex 2.16028 3.9064 1.49
    endloop
  endfacet
  facet normal -0.729293 0.344917 -0.5909
    outer loop
      vertex 5.69873 2.32579 0
      vertex 4.73469 2.84004 1.49
      vertex 4.79343 2.96424 1.49
    endloop
  endfacet
  facet normal -0.730188 0.343101 -0.590853
    outer loop
      vertex 4.73469 2.84004 1.49
      vertex 5.69873 2.32579 0
      vertex 5.69834 2.32496 0
    endloop
  endfacet
  facet normal -0.647983 0.480575 -0.590902
    outer loop
      vertex 5.57203 2.11441 0
      vertex 5.42686 1.91867 0
      vertex 4.58221 2.61185 1.49
    endloop
  endfacet
  facet normal -0.346489 0.728516 -0.59094
    outer loop
      vertex 4.67421 1.30127 0
      vertex 4.15996 2.26531 1.49
      vertex 4.67503 1.30166 0
    endloop
  endfacet
  facet normal -0.344917 0.729293 -0.5909
    outer loop
      vertex 4.15996 2.26531 1.49
      vertex 4.67421 1.30127 0
      vertex 4.03576 2.20657 1.49
    endloop
  endfacet
  facet normal -0.782572 -0.196007 -0.590899
    outer loop
      vertex 5.88556 4.22269 0
      vertex 5.94477 3.98629 0
      vertex 4.8731 3.77313 1.49
    endloop
  endfacet
  facet normal -0.798012 -0.118381 -0.590899
    outer loop
      vertex 5.94477 3.98629 0
      vertex 5.98053 3.74523 0
      vertex 4.8731 3.77313 1.49
    endloop
  endfacet
  facet normal -0.729301 0.344904 -0.590899
    outer loop
      vertex 5.80292 2.5461 0
      vertex 5.69873 2.32579 0
      vertex 4.79343 2.96424 1.49
    endloop
  endfacet
  facet normal -0.759585 0.271789 -0.590899
    outer loop
      vertex 5.88502 2.77555 0
      vertex 5.80292 2.5461 0
      vertex 4.79343 2.96424 1.49
    endloop
  endfacet
  facet normal 0.59612 -0.543521 -0.590954
    outer loop
      vertex 2.51005 4.48995 1.49
      vertex 1.7368 5.2619 0
      vertex 1.73742 5.26258 0
    endloop
  endfacet
  facet normal 0.597747 -0.541789 -0.590901
    outer loop
      vertex 1.7368 5.2619 0
      vertex 2.51005 4.48995 1.49
      vertex 2.41778 4.38815 1.49
    endloop
  endfacet
  facet normal -0.805456 -0.0442558 -0.591001
    outer loop
      vertex 5.98071 3.74341 0
      vertex 4.89326 3.63722 1.49
      vertex 5.98066 3.74432 0
    endloop
  endfacet
  facet normal -0.805773 -0.0395781 -0.5909
    outer loop
      vertex 4.89326 3.63722 1.49
      vertex 5.98071 3.74341 0
      vertex 4.9 3.5 1.49
    endloop
  endfacet
  facet normal 0.75958 0.271807 -0.590897
    outer loop
      vertex 2.20657 2.96424 1.49
      vertex 1.11467 2.77642 0
      vertex 2.16028 3.0936 1.49
    endloop
  endfacet
  facet normal 0.762155 0.262812 -0.59165
    outer loop
      vertex 1.11467 2.77642 0
      vertex 2.20657 2.96424 1.49
      vertex 1.11497 2.77555 0
    endloop
  endfacet
  facet normal -0.79838 0.114054 -0.591254
    outer loop
      vertex 4.8731 3.22687 1.49
      vertex 5.98066 3.25568 0
      vertex 5.98053 3.25477 0
    endloop
  endfacet
  facet normal -0.798014 0.118372 -0.590898
    outer loop
      vertex 5.98066 3.25568 0
      vertex 4.8731 3.22687 1.49
      vertex 4.89326 3.36278 1.49
    endloop
  endfacet
  facet normal -0.805773 0.0395781 -0.5909
    outer loop
      vertex 5.98071 3.25659 0
      vertex 4.89326 3.36278 1.49
      vertex 4.9 3.5 1.49
    endloop
  endfacet
  facet normal -0.805456 0.0442558 -0.591001
    outer loop
      vertex 4.89326 3.36278 1.49
      vertex 5.98071 3.25659 0
      vertex 5.98066 3.25568 0
    endloop
  endfacet
  facet normal 0.782572 -0.196007 -0.590899
    outer loop
      vertex 1.11444 4.22269 0
      vertex 2.1269 3.77313 1.49
      vertex 1.05523 3.98629 0
    endloop
  endfacet
  facet normal 0.414747 0.691969 -0.590901
    outer loop
      vertex 2.11593 1.42695 0
      vertex 2.7222 2.33594 1.49
      vertex 2.84004 2.26531 1.49
    endloop
  endfacet
  facet normal 0.416353 0.690968 -0.590943
    outer loop
      vertex 2.7222 2.33594 1.49
      vertex 2.11593 1.42695 0
      vertex 2.11515 1.42742 0
    endloop
  endfacet
  facet normal 0.798013 0.118376 -0.5909
    outer loop
      vertex 2.1269 3.22687 1.49
      vertex 1.05523 3.0137 0
      vertex 1.01947 3.25477 0
    endloop
  endfacet
  facet normal 0.78257 0.196015 -0.5909
    outer loop
      vertex 2.1269 3.22687 1.49
      vertex 1.11444 2.77731 0
      vertex 1.05523 3.0137 0
    endloop
  endfacet
  facet normal -0.0395781 -0.805773 -0.5909
    outer loop
      vertex 3.74341 5.98071 0
      vertex 3.63722 4.89326 1.49
      vertex 3.5 4.9 1.49
    endloop
  endfacet
  facet normal -0.0442558 -0.805456 -0.591001
    outer loop
      vertex 3.63722 4.89326 1.49
      vertex 3.74341 5.98071 0
      vertex 3.74432 5.98066 0
    endloop
  endfacet
  facet normal -0.118372 -0.798014 -0.590898
    outer loop
      vertex 3.74432 5.98066 0
      vertex 3.77313 4.8731 1.49
      vertex 3.63722 4.89326 1.49
    endloop
  endfacet
  facet normal -0.114054 -0.79838 -0.591254
    outer loop
      vertex 3.77313 4.8731 1.49
      vertex 3.74432 5.98066 0
      vertex 3.74523 5.98053 0
    endloop
  endfacet
  facet normal -0.541779 0.597757 -0.590899
    outer loop
      vertex 5.2619 1.7368 0
      vertex 5.08133 1.57314 0
      vertex 4.38815 2.41778 1.49
    endloop
  endfacet
  facet normal 0.597757 0.541779 -0.590899
    outer loop
      vertex 2.41778 2.61185 1.49
      vertex 1.7368 1.7381 0
      vertex 1.57314 1.91867 0
    endloop
  endfacet
  facet normal 0.647985 0.480576 -0.590899
    outer loop
      vertex 2.41778 2.61185 1.49
      vertex 1.57314 1.91867 0
      vertex 1.42797 2.11441 0
    endloop
  endfacet
  facet normal -0.344917 -0.729293 -0.5909
    outer loop
      vertex 4.67421 5.69873 0
      vertex 4.15996 4.73469 1.49
      vertex 4.03576 4.79343 1.49
    endloop
  endfacet
  facet normal -0.346489 -0.728516 -0.59094
    outer loop
      vertex 4.15996 4.73469 1.49
      vertex 4.67421 5.69873 0
      vertex 4.67503 5.69834 0
    endloop
  endfacet
  facet normal -0.690968 -0.416353 -0.590943
    outer loop
      vertex 5.57305 4.88407 0
      vertex 4.66406 4.2778 1.49
      vertex 5.57258 4.88485 0
    endloop
  endfacet
  facet normal -0.691969 -0.414747 -0.590901
    outer loop
      vertex 4.66406 4.2778 1.49
      vertex 5.57305 4.88407 0
      vertex 4.73469 4.15996 1.49
    endloop
  endfacet
  facet normal 0.729301 0.344904 -0.590899
    outer loop
      vertex 2.20657 2.96424 1.49
      vertex 1.30127 2.32579 0
      vertex 1.19708 2.5461 0
    endloop
  endfacet
  facet normal 0.0442558 -0.805456 -0.591001
    outer loop
      vertex 3.25659 5.98071 0
      vertex 3.36278 4.89326 1.49
      vertex 3.25568 5.98066 0
    endloop
  endfacet
  facet normal 0.0395781 -0.805773 -0.5909
    outer loop
      vertex 3.36278 4.89326 1.49
      vertex 3.25659 5.98071 0
      vertex 3.5 4.9 1.49
    endloop
  endfacet
  facet normal -0.857653 0.514228 0
    outer loop
      vertex 4.66406 25.7222 1.49
      vertex 4.73469 25.84 5.2
      vertex 4.73469 25.84 1.49
    endloop
  endfacet
  facet normal -0.857653 0.514228 0
    outer loop
      vertex 4.73469 25.84 5.2
      vertex 4.66406 25.7222 1.49
      vertex 4.66406 25.7222 5.2
    endloop
  endfacet
  facet normal 0.147013 -0.989135 0
    outer loop
      vertex 3.22687 27.8731 1.49
      vertex 3.36278 27.8933 5.2
      vertex 3.22687 27.8731 5.2
    endloop
  endfacet
  facet normal 0.147013 -0.989135 0
    outer loop
      vertex 3.36278 27.8933 5.2
      vertex 3.22687 27.8731 1.49
      vertex 3.36278 27.8933 1.49
    endloop
  endfacet
  facet normal -0.989175 -0.146739 0
    outer loop
      vertex 4.89326 26.6372 1.49
      vertex 4.8731 26.7731 5.2
      vertex 4.8731 26.7731 1.49
    endloop
  endfacet
  facet normal -0.989175 -0.146739 0
    outer loop
      vertex 4.8731 26.7731 5.2
      vertex 4.89326 26.6372 1.49
      vertex 4.89326 26.6372 5.2
    endloop
  endfacet
  facet normal -0.998796 -0.0490662 0
    outer loop
      vertex 4.9 26.5 1.49
      vertex 4.89326 26.6372 5.2
      vertex 4.89326 26.6372 1.49
    endloop
  endfacet
  facet normal -0.998796 -0.0490662 0
    outer loop
      vertex 4.89326 26.6372 5.2
      vertex 4.9 26.5 1.49
      vertex 4.9 26.5 5.2
    endloop
  endfacet
  facet normal -0.970048 -0.242912 0
    outer loop
      vertex 4.8731 26.7731 1.49
      vertex 4.83972 26.9064 5.2
      vertex 4.83972 26.9064 1.49
    endloop
  endfacet
  facet normal -0.970048 -0.242912 0
    outer loop
      vertex 4.83972 26.9064 5.2
      vertex 4.8731 26.7731 1.49
      vertex 4.8731 26.7731 5.2
    endloop
  endfacet
  facet normal -0.998796 0.0490662 0
    outer loop
      vertex 4.89326 26.3628 1.49
      vertex 4.9 26.5 5.2
      vertex 4.9 26.5 1.49
    endloop
  endfacet
  facet normal -0.998796 0.0490662 0
    outer loop
      vertex 4.9 26.5 5.2
      vertex 4.89326 26.3628 1.49
      vertex 4.89326 26.3628 5.2
    endloop
  endfacet
  facet normal -0.427304 -0.904108 0
    outer loop
      vertex 4.03576 27.7934 1.49
      vertex 4.15996 27.7347 5.2
      vertex 4.03576 27.7934 5.2
    endloop
  endfacet
  facet normal -0.427304 -0.904108 -0
    outer loop
      vertex 4.15996 27.7347 5.2
      vertex 4.03576 27.7934 1.49
      vertex 4.15996 27.7347 1.49
    endloop
  endfacet
  facet normal 0.513939 -0.857827 0
    outer loop
      vertex 2.7222 27.6641 1.49
      vertex 2.84004 27.7347 5.2
      vertex 2.7222 27.6641 5.2
    endloop
  endfacet
  facet normal 0.513939 -0.857827 0
    outer loop
      vertex 2.84004 27.7347 5.2
      vertex 2.7222 27.6641 1.49
      vertex 2.84004 27.7347 1.49
    endloop
  endfacet
  facet normal -0.941567 0.336825 0
    outer loop
      vertex 4.79343 25.9642 1.49
      vertex 4.83972 26.0936 5.2
      vertex 4.83972 26.0936 1.49
    endloop
  endfacet
  facet normal -0.941567 0.336825 0
    outer loop
      vertex 4.83972 26.0936 5.2
      vertex 4.79343 25.9642 1.49
      vertex 4.79343 25.9642 5.2
    endloop
  endfacet
  facet normal -0.336982 -0.941511 0
    outer loop
      vertex 3.9064 27.8397 1.49
      vertex 4.03576 27.7934 5.2
      vertex 3.9064 27.8397 5.2
    endloop
  endfacet
  facet normal -0.336982 -0.941511 -0
    outer loop
      vertex 4.03576 27.7934 5.2
      vertex 3.9064 27.8397 1.49
      vertex 4.03576 27.7934 1.49
    endloop
  endfacet
  facet normal -0.803047 -0.595915 0
    outer loop
      vertex 4.66406 27.2778 1.49
      vertex 4.58221 27.3881 5.2
      vertex 4.58221 27.3881 1.49
    endloop
  endfacet
  facet normal -0.803047 -0.595915 0
    outer loop
      vertex 4.58221 27.3881 5.2
      vertex 4.66406 27.2778 1.49
      vertex 4.66406 27.2778 5.2
    endloop
  endfacet
  facet normal -0.513939 -0.857827 0
    outer loop
      vertex 4.15996 27.7347 1.49
      vertex 4.2778 27.6641 5.2
      vertex 4.15996 27.7347 5.2
    endloop
  endfacet
  facet normal -0.513939 -0.857827 -0
    outer loop
      vertex 4.2778 27.6641 5.2
      vertex 4.15996 27.7347 1.49
      vertex 4.2778 27.6641 1.49
    endloop
  endfacet
  facet normal 0.513939 0.857827 -0
    outer loop
      vertex 2.84004 25.2653 1.49
      vertex 2.7222 25.3359 5.2
      vertex 2.84004 25.2653 5.2
    endloop
  endfacet
  facet normal 0.513939 0.857827 0
    outer loop
      vertex 2.7222 25.3359 5.2
      vertex 2.84004 25.2653 1.49
      vertex 2.7222 25.3359 1.49
    endloop
  endfacet
  facet normal 0.740937 0.671574 0
    outer loop
      vertex 2.51005 25.51 5.2
      vertex 2.41778 25.6118 1.49
      vertex 2.41778 25.6118 5.2
    endloop
  endfacet
  facet normal 0.740937 0.671574 0
    outer loop
      vertex 2.41778 25.6118 1.49
      vertex 2.51005 25.51 5.2
      vertex 2.51005 25.51 1.49
    endloop
  endfacet
  facet normal 0.857653 0.514228 0
    outer loop
      vertex 2.33594 25.7222 5.2
      vertex 2.26531 25.84 1.49
      vertex 2.26531 25.84 5.2
    endloop
  endfacet
  facet normal 0.857653 0.514228 0
    outer loop
      vertex 2.26531 25.84 1.49
      vertex 2.33594 25.7222 5.2
      vertex 2.33594 25.7222 1.49
    endloop
  endfacet
  facet normal 0.243101 -0.970001 0
    outer loop
      vertex 3.0936 27.8397 1.49
      vertex 3.22687 27.8731 5.2
      vertex 3.0936 27.8397 5.2
    endloop
  endfacet
  facet normal 0.243101 -0.970001 0
    outer loop
      vertex 3.22687 27.8731 5.2
      vertex 3.0936 27.8397 1.49
      vertex 3.22687 27.8731 1.49
    endloop
  endfacet
  facet normal 0.336982 -0.941511 0
    outer loop
      vertex 2.96424 27.7934 1.49
      vertex 3.0936 27.8397 5.2
      vertex 2.96424 27.7934 5.2
    endloop
  endfacet
  facet normal 0.336982 -0.941511 0
    outer loop
      vertex 3.0936 27.8397 5.2
      vertex 2.96424 27.7934 1.49
      vertex 3.0936 27.8397 1.49
    endloop
  endfacet
  facet normal -0.903996 0.427542 0
    outer loop
      vertex 4.73469 25.84 1.49
      vertex 4.79343 25.9642 5.2
      vertex 4.79343 25.9642 1.49
    endloop
  endfacet
  facet normal -0.903996 0.427542 0
    outer loop
      vertex 4.79343 25.9642 5.2
      vertex 4.73469 25.84 1.49
      vertex 4.73469 25.84 5.2
    endloop
  endfacet
  facet normal -0.740973 -0.671534 0
    outer loop
      vertex 4.58221 27.3881 1.49
      vertex 4.48995 27.4899 5.2
      vertex 4.48995 27.4899 1.49
    endloop
  endfacet
  facet normal -0.740973 -0.671534 0
    outer loop
      vertex 4.48995 27.4899 5.2
      vertex 4.58221 27.3881 1.49
      vertex 4.58221 27.3881 5.2
    endloop
  endfacet
  facet normal 0.941567 -0.336825 0
    outer loop
      vertex 2.16028 26.9064 5.2
      vertex 2.20657 27.0358 1.49
      vertex 2.20657 27.0358 5.2
    endloop
  endfacet
  facet normal 0.941567 -0.336825 0
    outer loop
      vertex 2.20657 27.0358 1.49
      vertex 2.16028 26.9064 5.2
      vertex 2.16028 26.9064 1.49
    endloop
  endfacet
  facet normal -0.989175 0.146739 0
    outer loop
      vertex 4.8731 26.2269 1.49
      vertex 4.89326 26.3628 5.2
      vertex 4.89326 26.3628 1.49
    endloop
  endfacet
  facet normal -0.989175 0.146739 0
    outer loop
      vertex 4.89326 26.3628 5.2
      vertex 4.8731 26.2269 1.49
      vertex 4.8731 26.2269 5.2
    endloop
  endfacet
  facet normal 0.595976 -0.803003 0
    outer loop
      vertex 2.61185 27.5822 1.49
      vertex 2.7222 27.6641 5.2
      vertex 2.61185 27.5822 5.2
    endloop
  endfacet
  facet normal 0.595976 -0.803003 0
    outer loop
      vertex 2.7222 27.6641 5.2
      vertex 2.61185 27.5822 1.49
      vertex 2.7222 27.6641 1.49
    endloop
  endfacet
  facet normal -0.513939 0.857827 0
    outer loop
      vertex 4.2778 25.3359 1.49
      vertex 4.15996 25.2653 5.2
      vertex 4.2778 25.3359 5.2
    endloop
  endfacet
  facet normal -0.513939 0.857827 0
    outer loop
      vertex 4.15996 25.2653 5.2
      vertex 4.2778 25.3359 1.49
      vertex 4.15996 25.2653 1.49
    endloop
  endfacet
  facet normal -0.0487686 0.99881 0
    outer loop
      vertex 3.63722 25.1067 1.49
      vertex 3.5 25.1 5.2
      vertex 3.63722 25.1067 5.2
    endloop
  endfacet
  facet normal -0.0487686 0.99881 0
    outer loop
      vertex 3.5 25.1 5.2
      vertex 3.63722 25.1067 1.49
      vertex 3.5 25.1 1.49
    endloop
  endfacet
  facet normal -0.147013 0.989135 0
    outer loop
      vertex 3.77313 25.1269 1.49
      vertex 3.63722 25.1067 5.2
      vertex 3.77313 25.1269 5.2
    endloop
  endfacet
  facet normal -0.147013 0.989135 0
    outer loop
      vertex 3.63722 25.1067 5.2
      vertex 3.77313 25.1269 1.49
      vertex 3.63722 25.1067 1.49
    endloop
  endfacet
  facet normal 0.970048 -0.242912 0
    outer loop
      vertex 2.1269 26.7731 5.2
      vertex 2.16028 26.9064 1.49
      vertex 2.16028 26.9064 5.2
    endloop
  endfacet
  facet normal 0.970048 -0.242912 0
    outer loop
      vertex 2.16028 26.9064 1.49
      vertex 2.1269 26.7731 5.2
      vertex 2.1269 26.7731 1.49
    endloop
  endfacet
  facet normal 0.903996 -0.427542 0
    outer loop
      vertex 2.20657 27.0358 5.2
      vertex 2.26531 27.16 1.49
      vertex 2.26531 27.16 5.2
    endloop
  endfacet
  facet normal 0.903996 -0.427542 0
    outer loop
      vertex 2.26531 27.16 1.49
      vertex 2.20657 27.0358 5.2
      vertex 2.20657 27.0358 1.49
    endloop
  endfacet
  facet normal 0.0487686 0.99881 -0
    outer loop
      vertex 3.5 25.1 1.49
      vertex 3.36278 25.1067 5.2
      vertex 3.5 25.1 5.2
    endloop
  endfacet
  facet normal 0.0487686 0.99881 0
    outer loop
      vertex 3.36278 25.1067 5.2
      vertex 3.5 25.1 1.49
      vertex 3.36278 25.1067 1.49
    endloop
  endfacet
  facet normal -0.671694 -0.740829 0
    outer loop
      vertex 4.38815 27.5822 1.49
      vertex 4.48995 27.4899 5.2
      vertex 4.38815 27.5822 5.2
    endloop
  endfacet
  facet normal -0.671694 -0.740829 -0
    outer loop
      vertex 4.48995 27.4899 5.2
      vertex 4.38815 27.5822 1.49
      vertex 4.48995 27.4899 1.49
    endloop
  endfacet
  facet normal 0.857653 -0.514228 0
    outer loop
      vertex 2.26531 27.16 5.2
      vertex 2.33594 27.2778 1.49
      vertex 2.33594 27.2778 5.2
    endloop
  endfacet
  facet normal 0.857653 -0.514228 0
    outer loop
      vertex 2.33594 27.2778 1.49
      vertex 2.26531 27.16 5.2
      vertex 2.26531 27.16 1.49
    endloop
  endfacet
  facet normal -0.803306 0.595567 0
    outer loop
      vertex 4.58221 25.6118 1.49
      vertex 4.66406 25.7222 5.2
      vertex 4.66406 25.7222 1.49
    endloop
  endfacet
  facet normal -0.803306 0.595567 0
    outer loop
      vertex 4.66406 25.7222 5.2
      vertex 4.58221 25.6118 1.49
      vertex 4.58221 25.6118 5.2
    endloop
  endfacet
  facet normal 0.970048 0.242912 0
    outer loop
      vertex 2.16028 26.0936 5.2
      vertex 2.1269 26.2269 1.49
      vertex 2.1269 26.2269 5.2
    endloop
  endfacet
  facet normal 0.970048 0.242912 0
    outer loop
      vertex 2.1269 26.2269 1.49
      vertex 2.16028 26.0936 5.2
      vertex 2.16028 26.0936 1.49
    endloop
  endfacet
  facet normal 0.427304 -0.904108 0
    outer loop
      vertex 2.84004 27.7347 1.49
      vertex 2.96424 27.7934 5.2
      vertex 2.84004 27.7347 5.2
    endloop
  endfacet
  facet normal 0.427304 -0.904108 0
    outer loop
      vertex 2.96424 27.7934 5.2
      vertex 2.84004 27.7347 1.49
      vertex 2.96424 27.7934 1.49
    endloop
  endfacet
  facet normal 0.336982 0.941511 -0
    outer loop
      vertex 3.0936 25.1603 1.49
      vertex 2.96424 25.2066 5.2
      vertex 3.0936 25.1603 5.2
    endloop
  endfacet
  facet normal 0.336982 0.941511 0
    outer loop
      vertex 2.96424 25.2066 5.2
      vertex 3.0936 25.1603 1.49
      vertex 2.96424 25.2066 1.49
    endloop
  endfacet
  facet normal 0.595976 0.803003 -0
    outer loop
      vertex 2.7222 25.3359 1.49
      vertex 2.61185 25.4178 5.2
      vertex 2.7222 25.3359 5.2
    endloop
  endfacet
  facet normal 0.595976 0.803003 0
    outer loop
      vertex 2.61185 25.4178 5.2
      vertex 2.7222 25.3359 1.49
      vertex 2.61185 25.4178 1.49
    endloop
  endfacet
  facet normal -0.595976 0.803003 0
    outer loop
      vertex 4.38815 25.4178 1.49
      vertex 4.2778 25.3359 5.2
      vertex 4.38815 25.4178 5.2
    endloop
  endfacet
  facet normal -0.595976 0.803003 0
    outer loop
      vertex 4.2778 25.3359 5.2
      vertex 4.38815 25.4178 1.49
      vertex 4.2778 25.3359 1.49
    endloop
  endfacet
  facet normal -0.336982 0.941511 0
    outer loop
      vertex 4.03576 25.2066 1.49
      vertex 3.9064 25.1603 5.2
      vertex 4.03576 25.2066 5.2
    endloop
  endfacet
  facet normal -0.336982 0.941511 0
    outer loop
      vertex 3.9064 25.1603 5.2
      vertex 4.03576 25.2066 1.49
      vertex 3.9064 25.1603 1.49
    endloop
  endfacet
  facet normal -0.740973 0.671534 0
    outer loop
      vertex 4.48995 25.51 1.49
      vertex 4.58221 25.6118 5.2
      vertex 4.58221 25.6118 1.49
    endloop
  endfacet
  facet normal -0.740973 0.671534 0
    outer loop
      vertex 4.58221 25.6118 5.2
      vertex 4.48995 25.51 1.49
      vertex 4.48995 25.51 5.2
    endloop
  endfacet
  facet normal -0.595976 -0.803003 0
    outer loop
      vertex 4.2778 27.6641 1.49
      vertex 4.38815 27.5822 5.2
      vertex 4.2778 27.6641 5.2
    endloop
  endfacet
  facet normal -0.595976 -0.803003 -0
    outer loop
      vertex 4.38815 27.5822 5.2
      vertex 4.2778 27.6641 1.49
      vertex 4.38815 27.5822 1.49
    endloop
  endfacet
  facet normal -0.427304 0.904108 0
    outer loop
      vertex 4.15996 25.2653 1.49
      vertex 4.03576 25.2066 5.2
      vertex 4.15996 25.2653 5.2
    endloop
  endfacet
  facet normal -0.427304 0.904108 0
    outer loop
      vertex 4.03576 25.2066 5.2
      vertex 4.15996 25.2653 1.49
      vertex 4.03576 25.2066 1.49
    endloop
  endfacet
  facet normal -0.941567 -0.336825 0
    outer loop
      vertex 4.83972 26.9064 1.49
      vertex 4.79343 27.0358 5.2
      vertex 4.79343 27.0358 1.49
    endloop
  endfacet
  facet normal -0.941567 -0.336825 0
    outer loop
      vertex 4.79343 27.0358 5.2
      vertex 4.83972 26.9064 1.49
      vertex 4.83972 26.9064 5.2
    endloop
  endfacet
  facet normal 0.671694 -0.740829 0
    outer loop
      vertex 2.51005 27.4899 1.49
      vertex 2.61185 27.5822 5.2
      vertex 2.51005 27.4899 5.2
    endloop
  endfacet
  facet normal 0.671694 -0.740829 0
    outer loop
      vertex 2.61185 27.5822 5.2
      vertex 2.51005 27.4899 1.49
      vertex 2.61185 27.5822 1.49
    endloop
  endfacet
  facet normal -0.903996 -0.427542 0
    outer loop
      vertex 4.79343 27.0358 1.49
      vertex 4.73469 27.16 5.2
      vertex 4.73469 27.16 1.49
    endloop
  endfacet
  facet normal -0.903996 -0.427542 0
    outer loop
      vertex 4.73469 27.16 5.2
      vertex 4.79343 27.0358 1.49
      vertex 4.79343 27.0358 5.2
    endloop
  endfacet
  facet normal -0.970048 0.242912 0
    outer loop
      vertex 4.83972 26.0936 1.49
      vertex 4.8731 26.2269 5.2
      vertex 4.8731 26.2269 1.49
    endloop
  endfacet
  facet normal -0.970048 0.242912 0
    outer loop
      vertex 4.8731 26.2269 5.2
      vertex 4.83972 26.0936 1.49
      vertex 4.83972 26.0936 5.2
    endloop
  endfacet
  facet normal 0.989175 -0.146739 0
    outer loop
      vertex 2.10674 26.6372 5.2
      vertex 2.1269 26.7731 1.49
      vertex 2.1269 26.7731 5.2
    endloop
  endfacet
  facet normal 0.989175 -0.146739 0
    outer loop
      vertex 2.1269 26.7731 1.49
      vertex 2.10674 26.6372 5.2
      vertex 2.10674 26.6372 1.49
    endloop
  endfacet
  facet normal -0.857653 -0.514228 0
    outer loop
      vertex 4.73469 27.16 1.49
      vertex 4.66406 27.2778 5.2
      vertex 4.66406 27.2778 1.49
    endloop
  endfacet
  facet normal -0.857653 -0.514228 0
    outer loop
      vertex 4.66406 27.2778 5.2
      vertex 4.73469 27.16 1.49
      vertex 4.73469 27.16 5.2
    endloop
  endfacet
  facet normal 0.903996 0.427542 0
    outer loop
      vertex 2.26531 25.84 5.2
      vertex 2.20657 25.9642 1.49
      vertex 2.20657 25.9642 5.2
    endloop
  endfacet
  facet normal 0.903996 0.427542 0
    outer loop
      vertex 2.20657 25.9642 1.49
      vertex 2.26531 25.84 5.2
      vertex 2.26531 25.84 1.49
    endloop
  endfacet
  facet normal 0.147013 0.989135 -0
    outer loop
      vertex 3.36278 25.1067 1.49
      vertex 3.22687 25.1269 5.2
      vertex 3.36278 25.1067 5.2
    endloop
  endfacet
  facet normal 0.147013 0.989135 0
    outer loop
      vertex 3.22687 25.1269 5.2
      vertex 3.36278 25.1067 1.49
      vertex 3.22687 25.1269 1.49
    endloop
  endfacet
  facet normal -0.671295 0.741191 0
    outer loop
      vertex 4.48995 25.51 1.49
      vertex 4.38815 25.4178 5.2
      vertex 4.48995 25.51 5.2
    endloop
  endfacet
  facet normal -0.671295 0.741191 0
    outer loop
      vertex 4.38815 25.4178 5.2
      vertex 4.48995 25.51 1.49
      vertex 4.38815 25.4178 1.49
    endloop
  endfacet
  facet normal 0.989175 0.146739 0
    outer loop
      vertex 2.1269 26.2269 5.2
      vertex 2.10674 26.3628 1.49
      vertex 2.10674 26.3628 5.2
    endloop
  endfacet
  facet normal 0.989175 0.146739 0
    outer loop
      vertex 2.10674 26.3628 1.49
      vertex 2.1269 26.2269 5.2
      vertex 2.1269 26.2269 1.49
    endloop
  endfacet
  facet normal 0.941567 0.336825 0
    outer loop
      vertex 2.20657 25.9642 5.2
      vertex 2.16028 26.0936 1.49
      vertex 2.16028 26.0936 5.2
    endloop
  endfacet
  facet normal 0.941567 0.336825 0
    outer loop
      vertex 2.16028 26.0936 1.49
      vertex 2.20657 25.9642 5.2
      vertex 2.20657 25.9642 1.49
    endloop
  endfacet
  facet normal 0.671295 0.741191 -0
    outer loop
      vertex 2.61185 25.4178 1.49
      vertex 2.51005 25.51 5.2
      vertex 2.61185 25.4178 5.2
    endloop
  endfacet
  facet normal 0.671295 0.741191 0
    outer loop
      vertex 2.51005 25.51 5.2
      vertex 2.61185 25.4178 1.49
      vertex 2.51005 25.51 1.49
    endloop
  endfacet
  facet normal 0.998796 0.0490662 0
    outer loop
      vertex 2.10674 26.3628 5.2
      vertex 2.1 26.5 1.49
      vertex 2.1 26.5 5.2
    endloop
  endfacet
  facet normal 0.998796 0.0490662 0
    outer loop
      vertex 2.1 26.5 1.49
      vertex 2.10674 26.3628 5.2
      vertex 2.10674 26.3628 1.49
    endloop
  endfacet
  facet normal -0.0487686 -0.99881 0
    outer loop
      vertex 3.5 27.9 1.49
      vertex 3.63722 27.8933 5.2
      vertex 3.5 27.9 5.2
    endloop
  endfacet
  facet normal -0.0487686 -0.99881 -0
    outer loop
      vertex 3.63722 27.8933 5.2
      vertex 3.5 27.9 1.49
      vertex 3.63722 27.8933 1.49
    endloop
  endfacet
  facet normal 0.740937 -0.671574 0
    outer loop
      vertex 2.41778 27.3881 5.2
      vertex 2.51005 27.4899 1.49
      vertex 2.51005 27.4899 5.2
    endloop
  endfacet
  facet normal 0.740937 -0.671574 0
    outer loop
      vertex 2.51005 27.4899 1.49
      vertex 2.41778 27.3881 5.2
      vertex 2.41778 27.3881 1.49
    endloop
  endfacet
  facet normal 0.427304 0.904108 -0
    outer loop
      vertex 2.96424 25.2066 1.49
      vertex 2.84004 25.2653 5.2
      vertex 2.96424 25.2066 5.2
    endloop
  endfacet
  facet normal 0.427304 0.904108 0
    outer loop
      vertex 2.84004 25.2653 5.2
      vertex 2.96424 25.2066 1.49
      vertex 2.84004 25.2653 1.49
    endloop
  endfacet
  facet normal 0.243101 0.970001 -0
    outer loop
      vertex 3.22687 25.1269 1.49
      vertex 3.0936 25.1603 5.2
      vertex 3.22687 25.1269 5.2
    endloop
  endfacet
  facet normal 0.243101 0.970001 0
    outer loop
      vertex 3.0936 25.1603 5.2
      vertex 3.22687 25.1269 1.49
      vertex 3.0936 25.1603 1.49
    endloop
  endfacet
  facet normal 0.0487686 -0.99881 0
    outer loop
      vertex 3.36278 27.8933 1.49
      vertex 3.5 27.9 5.2
      vertex 3.36278 27.8933 5.2
    endloop
  endfacet
  facet normal 0.0487686 -0.99881 0
    outer loop
      vertex 3.5 27.9 5.2
      vertex 3.36278 27.8933 1.49
      vertex 3.5 27.9 1.49
    endloop
  endfacet
  facet normal -0.243101 -0.970001 0
    outer loop
      vertex 3.77313 27.8731 1.49
      vertex 3.9064 27.8397 5.2
      vertex 3.77313 27.8731 5.2
    endloop
  endfacet
  facet normal -0.243101 -0.970001 -0
    outer loop
      vertex 3.9064 27.8397 5.2
      vertex 3.77313 27.8731 1.49
      vertex 3.9064 27.8397 1.49
    endloop
  endfacet
  facet normal 0.803341 0.59552 0
    outer loop
      vertex 2.41778 25.6118 5.2
      vertex 2.33594 25.7222 1.49
      vertex 2.33594 25.7222 5.2
    endloop
  endfacet
  facet normal 0.803341 0.59552 0
    outer loop
      vertex 2.33594 25.7222 1.49
      vertex 2.41778 25.6118 5.2
      vertex 2.41778 25.6118 1.49
    endloop
  endfacet
  facet normal 0.803082 -0.595868 0
    outer loop
      vertex 2.33594 27.2778 5.2
      vertex 2.41778 27.3881 1.49
      vertex 2.41778 27.3881 5.2
    endloop
  endfacet
  facet normal 0.803082 -0.595868 0
    outer loop
      vertex 2.41778 27.3881 1.49
      vertex 2.33594 27.2778 5.2
      vertex 2.33594 27.2778 1.49
    endloop
  endfacet
  facet normal -0.243101 0.970001 0
    outer loop
      vertex 3.9064 25.1603 1.49
      vertex 3.77313 25.1269 5.2
      vertex 3.9064 25.1603 5.2
    endloop
  endfacet
  facet normal -0.243101 0.970001 0
    outer loop
      vertex 3.77313 25.1269 5.2
      vertex 3.9064 25.1603 1.49
      vertex 3.77313 25.1269 1.49
    endloop
  endfacet
  facet normal 0.998796 -0.0490662 0
    outer loop
      vertex 2.1 26.5 5.2
      vertex 2.10674 26.6372 1.49
      vertex 2.10674 26.6372 5.2
    endloop
  endfacet
  facet normal 0.998796 -0.0490662 0
    outer loop
      vertex 2.10674 26.6372 1.49
      vertex 2.1 26.5 5.2
      vertex 2.1 26.5 1.49
    endloop
  endfacet
  facet normal -0.147013 -0.989135 0
    outer loop
      vertex 3.63722 27.8933 1.49
      vertex 3.77313 27.8731 5.2
      vertex 3.63722 27.8933 5.2
    endloop
  endfacet
  facet normal -0.147013 -0.989135 -0
    outer loop
      vertex 3.77313 27.8731 5.2
      vertex 3.63722 27.8933 1.49
      vertex 3.77313 27.8731 1.49
    endloop
  endfacet
  facet normal -0.805772 -0.0395934 -0.590901
    outer loop
      vertex 5.98071 26.7434 0
      vertex 5.99267 26.5 0
      vertex 4.9 26.5 1.49
    endloop
  endfacet
  facet normal -0.34493 0.729286 -0.590902
    outer loop
      vertex 4.67421 24.3013 0
      vertex 4.4539 24.1971 0
      vertex 4.03576 25.2066 1.49
    endloop
  endfacet
  facet normal 0.759597 -0.271767 -0.590894
    outer loop
      vertex 1.19708 27.4539 0
      vertex 2.20657 27.0358 1.49
      vertex 1.11497 27.2244 0
    endloop
  endfacet
  facet normal -0.50959 0.628494 -0.587634
    outer loop
      vertex 4.88485 24.4274 0
      vertex 4.38815 25.4178 1.49
      vertex 4.88559 24.428 0
    endloop
  endfacet
  facet normal -0.480806 0.647825 -0.590888
    outer loop
      vertex 4.38815 25.4178 1.49
      vertex 4.88485 24.4274 0
      vertex 4.2778 25.3359 1.49
    endloop
  endfacet
  facet normal 0.196116 0.782527 -0.590923
    outer loop
      vertex 2.77731 24.1144 0
      vertex 3.0936 25.1603 1.49
      vertex 3.22687 25.1269 1.49
    endloop
  endfacet
  facet normal 0.257626 0.764289 -0.591178
    outer loop
      vertex 3.0936 25.1603 1.49
      vertex 2.77731 24.1144 0
      vertex 2.77642 24.1147 0
    endloop
  endfacet
  facet normal 0.597799 -0.541726 -0.590906
    outer loop
      vertex 1.7368 28.2619 0
      vertex 2.41778 27.3881 1.49
      vertex 1.57314 28.0813 0
    endloop
  endfacet
  facet normal -0.805772 0.0395934 -0.590901
    outer loop
      vertex 5.99267 26.5 0
      vertex 5.98071 26.2566 0
      vertex 4.9 26.5 1.49
    endloop
  endfacet
  facet normal 0.541845 0.597684 -0.590913
    outer loop
      vertex 2.61185 25.4178 1.49
      vertex 1.91867 24.5731 0
      vertex 1.7381 24.7368 0
    endloop
  endfacet
  facet normal -0.265593 0.761367 -0.591423
    outer loop
      vertex 4.22358 24.1147 0
      vertex 4.03576 25.2066 1.49
      vertex 4.22444 24.115 0
    endloop
  endfacet
  facet normal -0.27186 0.759565 -0.590892
    outer loop
      vertex 4.03576 25.2066 1.49
      vertex 4.22358 24.1147 0
      vertex 3.9064 25.1603 1.49
    endloop
  endfacet
  facet normal -0.414771 -0.691969 -0.590884
    outer loop
      vertex 4.67503 28.6983 0
      vertex 4.88407 28.573 0
      vertex 4.15996 27.7347 1.49
    endloop
  endfacet
  facet normal -0.533903 0.60509 -0.590605
    outer loop
      vertex 5.2619 24.7368 0
      vertex 4.48995 25.51 1.49
      vertex 5.26258 24.7374 0
    endloop
  endfacet
  facet normal -0.541573 0.597962 -0.59088
    outer loop
      vertex 4.48995 25.51 1.49
      vertex 5.2619 24.7368 0
      vertex 4.38815 25.4178 1.49
    endloop
  endfacet
  facet normal -0.118186 -0.798037 -0.590905
    outer loop
      vertex 3.98629 28.9448 0
      vertex 3.77313 27.8731 1.49
      vertex 3.74523 28.9805 0
    endloop
  endfacet
  facet normal 0.34493 0.729286 -0.590902
    outer loop
      vertex 2.96424 25.2066 1.49
      vertex 2.5461 24.1971 0
      vertex 2.32579 24.3013 0
    endloop
  endfacet
  facet normal 0.692033 0.414657 -0.59089
    outer loop
      vertex 2.26531 25.84 1.49
      vertex 1.42695 25.1159 0
      vertex 1.30166 25.325 0
    endloop
  endfacet
  facet normal -0.781565 -0.199733 -0.590985
    outer loop
      vertex 5.88556 27.2227 0
      vertex 4.83972 26.9064 1.49
      vertex 5.88533 27.2236 0
    endloop
  endfacet
  facet normal -0.782582 -0.195968 -0.590899
    outer loop
      vertex 4.83972 26.9064 1.49
      vertex 5.88556 27.2227 0
      vertex 4.8731 26.7731 1.49
    endloop
  endfacet
  facet normal -0.414771 0.691969 -0.590884
    outer loop
      vertex 4.88407 24.427 0
      vertex 4.67503 24.3017 0
      vertex 4.15996 25.2653 1.49
    endloop
  endfacet
  facet normal -0.541878 -0.597651 -0.590917
    outer loop
      vertex 5.2619 28.2632 0
      vertex 4.48995 27.4899 1.49
      vertex 4.38815 27.5822 1.49
    endloop
  endfacet
  facet normal -0.53389 -0.605075 -0.590632
    outer loop
      vertex 4.48995 27.4899 1.49
      vertex 5.2619 28.2632 0
      vertex 5.26258 28.2626 0
    endloop
  endfacet
  facet normal -0.34493 -0.729286 -0.590902
    outer loop
      vertex 4.4539 28.8029 0
      vertex 4.67421 28.6987 0
      vertex 4.03576 27.7934 1.49
    endloop
  endfacet
  facet normal -0.27186 -0.759565 -0.590892
    outer loop
      vertex 4.22358 28.8853 0
      vertex 4.03576 27.7934 1.49
      vertex 3.9064 27.8397 1.49
    endloop
  endfacet
  facet normal -0.265593 -0.761367 -0.591423
    outer loop
      vertex 4.03576 27.7934 1.49
      vertex 4.22358 28.8853 0
      vertex 4.22444 28.885 0
    endloop
  endfacet
  facet normal 0.648082 0.480426 -0.590914
    outer loop
      vertex 2.41778 25.6118 1.49
      vertex 1.42742 25.1151 0
      vertex 2.33594 25.7222 1.49
    endloop
  endfacet
  facet normal 0.635523 0.49934 -0.588872
    outer loop
      vertex 1.42742 25.1151 0
      vertex 2.41778 25.6118 1.49
      vertex 1.42797 25.1144 0
    endloop
  endfacet
  facet normal 0.692033 -0.414657 -0.59089
    outer loop
      vertex 1.42695 27.8841 0
      vertex 2.26531 27.16 1.49
      vertex 1.30166 27.675 0
    endloop
  endfacet
  facet normal 0.257626 -0.764289 -0.591178
    outer loop
      vertex 2.77731 28.8856 0
      vertex 3.0936 27.8397 1.49
      vertex 2.77642 28.8853 0
    endloop
  endfacet
  facet normal 0.196116 -0.782527 -0.590923
    outer loop
      vertex 3.0936 27.8397 1.49
      vertex 2.77731 28.8856 0
      vertex 3.22687 27.8731 1.49
    endloop
  endfacet
  facet normal 0.27186 0.759565 -0.590892
    outer loop
      vertex 2.77642 24.1147 0
      vertex 2.96424 25.2066 1.49
      vertex 3.0936 25.1603 1.49
    endloop
  endfacet
  facet normal 0.262812 0.762155 -0.59165
    outer loop
      vertex 2.96424 25.2066 1.49
      vertex 2.77642 24.1147 0
      vertex 2.77555 24.115 0
    endloop
  endfacet
  facet normal -0.0397236 -0.80576 -0.590909
    outer loop
      vertex 3.5 28.9927 0
      vertex 3.74341 28.9807 0
      vertex 3.5 27.9 1.49
    endloop
  endfacet
  facet normal 0.414785 0.691959 -0.590886
    outer loop
      vertex 2.84004 25.2653 1.49
      vertex 2.32496 24.3017 0
      vertex 2.11593 24.427 0
    endloop
  endfacet
  facet normal -0.257626 0.764289 -0.591178
    outer loop
      vertex 4.22269 24.1144 0
      vertex 3.9064 25.1603 1.49
      vertex 4.22358 24.1147 0
    endloop
  endfacet
  facet normal -0.196116 0.782527 -0.590923
    outer loop
      vertex 3.9064 25.1603 1.49
      vertex 4.22269 24.1144 0
      vertex 3.77313 25.1269 1.49
    endloop
  endfacet
  facet normal 0.597753 0.541795 -0.590889
    outer loop
      vertex 2.51005 25.51 1.49
      vertex 1.7368 24.7381 0
      vertex 2.41778 25.6118 1.49
    endloop
  endfacet
  facet normal 0.604056 0.535021 -0.590651
    outer loop
      vertex 1.7368 24.7381 0
      vertex 2.51005 25.51 1.49
      vertex 1.73742 24.7374 0
    endloop
  endfacet
  facet normal 0.695693 -0.40872 -0.590728
    outer loop
      vertex 2.33594 27.2778 1.49
      vertex 1.42695 27.8841 0
      vertex 1.42742 27.8849 0
    endloop
  endfacet
  facet normal 0.691902 -0.414848 -0.590909
    outer loop
      vertex 1.42695 27.8841 0
      vertex 2.33594 27.2778 1.49
      vertex 2.26531 27.16 1.49
    endloop
  endfacet
  facet normal -0.692033 -0.414657 -0.59089
    outer loop
      vertex 5.57305 27.8841 0
      vertex 5.69834 27.675 0
      vertex 4.73469 27.16 1.49
    endloop
  endfacet
  facet normal 0.480421 -0.648088 -0.590912
    outer loop
      vertex 2.11441 28.572 0
      vertex 2.61185 27.5822 1.49
      vertex 1.91867 28.4269 0
    endloop
  endfacet
  facet normal -0.118186 0.798037 -0.590905
    outer loop
      vertex 3.77313 25.1269 1.49
      vertex 3.98629 24.0552 0
      vertex 3.74523 24.0195 0
    endloop
  endfacet
  facet normal -0.691902 0.414848 -0.590909
    outer loop
      vertex 5.57305 25.1159 0
      vertex 4.66406 25.7222 1.49
      vertex 4.73469 25.84 1.49
    endloop
  endfacet
  facet normal -0.695693 0.40872 -0.590728
    outer loop
      vertex 4.66406 25.7222 1.49
      vertex 5.57305 25.1159 0
      vertex 5.57258 25.1151 0
    endloop
  endfacet
  facet normal -0.0397236 0.80576 -0.590909
    outer loop
      vertex 3.5 25.1 1.49
      vertex 3.74341 24.0193 0
      vertex 3.5 24.0073 0
    endloop
  endfacet
  facet normal -0.729299 -0.344919 -0.590893
    outer loop
      vertex 5.69873 27.6742 0
      vertex 5.80292 27.4539 0
      vertex 4.79343 27.0358 1.49
    endloop
  endfacet
  facet normal -0.480421 -0.648088 -0.590912
    outer loop
      vertex 4.88559 28.572 0
      vertex 5.08133 28.4269 0
      vertex 4.38815 27.5822 1.49
    endloop
  endfacet
  facet normal 0.798011 0.11838 -0.590902
    outer loop
      vertex 2.1269 26.2269 1.49
      vertex 1.01933 26.2557 0
      vertex 2.10674 26.3628 1.49
    endloop
  endfacet
  facet normal 0.797507 0.124057 -0.590417
    outer loop
      vertex 1.01933 26.2557 0
      vertex 2.1269 26.2269 1.49
      vertex 1.01947 26.2548 0
    endloop
  endfacet
  facet normal 0.271788 0.759583 -0.590902
    outer loop
      vertex 2.96424 25.2066 1.49
      vertex 2.77555 24.115 0
      vertex 2.5461 24.1971 0
    endloop
  endfacet
  facet normal 0.806016 -0.0358229 -0.590809
    outer loop
      vertex 2.10674 26.6372 1.49
      vertex 1.01929 26.7434 0
      vertex 1.01933 26.7443 0
    endloop
  endfacet
  facet normal 0.805773 -0.0395839 -0.5909
    outer loop
      vertex 1.01929 26.7434 0
      vertex 2.10674 26.6372 1.49
      vertex 2.1 26.5 1.49
    endloop
  endfacet
  facet normal -0.271778 0.759587 -0.590902
    outer loop
      vertex 4.4539 24.1971 0
      vertex 4.22444 24.115 0
      vertex 4.03576 25.2066 1.49
    endloop
  endfacet
  facet normal 0.647934 -0.480637 -0.590905
    outer loop
      vertex 1.57314 28.0813 0
      vertex 2.41778 27.3881 1.49
      vertex 1.42797 27.8856 0
    endloop
  endfacet
  facet normal 0.344731 0.729396 -0.590883
    outer loop
      vertex 2.32579 24.3013 0
      vertex 2.84004 25.2653 1.49
      vertex 2.96424 25.2066 1.49
    endloop
  endfacet
  facet normal 0.350206 0.726677 -0.591013
    outer loop
      vertex 2.84004 25.2653 1.49
      vertex 2.32579 24.3013 0
      vertex 2.32496 24.3017 0
    endloop
  endfacet
  facet normal -0.759604 0.271732 -0.590901
    outer loop
      vertex 5.88533 25.7764 0
      vertex 4.79343 25.9642 1.49
      vertex 4.83972 26.0936 1.49
    endloop
  endfacet
  facet normal -0.753533 0.291994 -0.589006
    outer loop
      vertex 4.79343 25.9642 1.49
      vertex 5.88533 25.7764 0
      vertex 5.88502 25.7756 0
    endloop
  endfacet
  facet normal 0.50959 -0.628494 -0.587634
    outer loop
      vertex 2.11515 28.5726 0
      vertex 2.61185 27.5822 1.49
      vertex 2.11441 28.572 0
    endloop
  endfacet
  facet normal 0.480806 -0.647825 -0.590888
    outer loop
      vertex 2.61185 27.5822 1.49
      vertex 2.11515 28.5726 0
      vertex 2.7222 27.6641 1.49
    endloop
  endfacet
  facet normal 0.480421 0.648088 -0.590912
    outer loop
      vertex 2.61185 25.4178 1.49
      vertex 2.11441 24.428 0
      vertex 1.91867 24.5731 0
    endloop
  endfacet
  facet normal 0.729299 -0.344919 -0.590893
    outer loop
      vertex 1.30127 27.6742 0
      vertex 2.20657 27.0358 1.49
      vertex 1.19708 27.4539 0
    endloop
  endfacet
  facet normal 0.195982 0.78257 -0.590911
    outer loop
      vertex 3.22687 25.1269 1.49
      vertex 3.0137 24.0552 0
      vertex 2.77731 24.1144 0
    endloop
  endfacet
  facet normal 0.118181 -0.798037 -0.590906
    outer loop
      vertex 3.25477 28.9805 0
      vertex 3.22687 27.8731 1.49
      vertex 3.0137 28.9448 0
    endloop
  endfacet
  facet normal 0.0397236 -0.80576 -0.590909
    outer loop
      vertex 3.5 28.9927 0
      vertex 3.5 27.9 1.49
      vertex 3.25659 28.9807 0
    endloop
  endfacet
  facet normal -0.196116 -0.782527 -0.590923
    outer loop
      vertex 4.22269 28.8856 0
      vertex 3.9064 27.8397 1.49
      vertex 3.77313 27.8731 1.49
    endloop
  endfacet
  facet normal -0.257626 -0.764289 -0.591178
    outer loop
      vertex 3.9064 27.8397 1.49
      vertex 4.22269 28.8856 0
      vertex 4.22358 28.8853 0
    endloop
  endfacet
  facet normal 0.797507 -0.124057 -0.590417
    outer loop
      vertex 2.1269 26.7731 1.49
      vertex 1.01933 26.7443 0
      vertex 1.01947 26.7452 0
    endloop
  endfacet
  facet normal 0.798011 -0.11838 -0.590902
    outer loop
      vertex 1.01933 26.7443 0
      vertex 2.1269 26.7731 1.49
      vertex 2.10674 26.6372 1.49
    endloop
  endfacet
  facet normal 0.368831 -0.719221 -0.588799
    outer loop
      vertex 2.11593 28.573 0
      vertex 2.7222 27.6641 1.49
      vertex 2.11515 28.5726 0
    endloop
  endfacet
  facet normal 0.414629 -0.692066 -0.59087
    outer loop
      vertex 2.7222 27.6641 1.49
      vertex 2.11593 28.573 0
      vertex 2.84004 27.7347 1.49
    endloop
  endfacet
  facet normal 0.414785 -0.691959 -0.590886
    outer loop
      vertex 2.32496 28.6983 0
      vertex 2.84004 27.7347 1.49
      vertex 2.11593 28.573 0
    endloop
  endfacet
  facet normal -0.541845 -0.597684 -0.590913
    outer loop
      vertex 5.08133 28.4269 0
      vertex 5.2619 28.2632 0
      vertex 4.38815 27.5822 1.49
    endloop
  endfacet
  facet normal 0.541845 -0.597684 -0.590913
    outer loop
      vertex 1.91867 28.4269 0
      vertex 2.61185 27.5822 1.49
      vertex 1.7381 28.2632 0
    endloop
  endfacet
  facet normal 0.262812 -0.762155 -0.59165
    outer loop
      vertex 2.77642 28.8853 0
      vertex 2.96424 27.7934 1.49
      vertex 2.77555 28.885 0
    endloop
  endfacet
  facet normal 0.27186 -0.759565 -0.590892
    outer loop
      vertex 2.96424 27.7934 1.49
      vertex 2.77642 28.8853 0
      vertex 3.0936 27.8397 1.49
    endloop
  endfacet
  facet normal -0.635509 -0.499329 -0.588896
    outer loop
      vertex 5.57258 27.8849 0
      vertex 4.58221 27.3881 1.49
      vertex 5.57203 27.8856 0
    endloop
  endfacet
  facet normal -0.647851 -0.480749 -0.590905
    outer loop
      vertex 4.58221 27.3881 1.49
      vertex 5.57258 27.8849 0
      vertex 4.66406 27.2778 1.49
    endloop
  endfacet
  facet normal 0.271788 -0.759583 -0.590902
    outer loop
      vertex 2.77555 28.885 0
      vertex 2.96424 27.7934 1.49
      vertex 2.5461 28.8029 0
    endloop
  endfacet
  facet normal 0.480806 0.647825 -0.590888
    outer loop
      vertex 2.11515 24.4274 0
      vertex 2.61185 25.4178 1.49
      vertex 2.7222 25.3359 1.49
    endloop
  endfacet
  facet normal 0.50959 0.628494 -0.587634
    outer loop
      vertex 2.61185 25.4178 1.49
      vertex 2.11515 24.4274 0
      vertex 2.11441 24.428 0
    endloop
  endfacet
  facet normal 0.805772 -0.0395934 -0.590901
    outer loop
      vertex 1.01929 26.7434 0
      vertex 2.1 26.5 1.49
      vertex 1.00733 26.5 0
    endloop
  endfacet
  facet normal 0.635511 -0.49933 -0.588894
    outer loop
      vertex 2.41778 27.3881 1.49
      vertex 1.42742 27.8849 0
      vertex 1.42797 27.8856 0
    endloop
  endfacet
  facet normal 0.647879 -0.480711 -0.590906
    outer loop
      vertex 1.42742 27.8849 0
      vertex 2.41778 27.3881 1.49
      vertex 2.33594 27.2778 1.49
    endloop
  endfacet
  facet normal 0.691902 0.414848 -0.590909
    outer loop
      vertex 2.33594 25.7222 1.49
      vertex 1.42695 25.1159 0
      vertex 2.26531 25.84 1.49
    endloop
  endfacet
  facet normal 0.695693 0.40872 -0.590728
    outer loop
      vertex 1.42695 25.1159 0
      vertex 2.33594 25.7222 1.49
      vertex 1.42742 25.1151 0
    endloop
  endfacet
  facet normal -0.782582 0.195968 -0.590899
    outer loop
      vertex 5.88556 25.7773 0
      vertex 4.83972 26.0936 1.49
      vertex 4.8731 26.2269 1.49
    endloop
  endfacet
  facet normal -0.781565 0.199733 -0.590985
    outer loop
      vertex 4.83972 26.0936 1.49
      vertex 5.88556 25.7773 0
      vertex 5.88533 25.7764 0
    endloop
  endfacet
  facet normal -0.597797 -0.541725 -0.590908
    outer loop
      vertex 5.2632 28.2619 0
      vertex 5.42686 28.0813 0
      vertex 4.58221 27.3881 1.49
    endloop
  endfacet
  facet normal 0.0397236 0.80576 -0.590909
    outer loop
      vertex 3.5 25.1 1.49
      vertex 3.5 24.0073 0
      vertex 3.25659 24.0193 0
    endloop
  endfacet
  facet normal 0.725042 -0.353458 -0.591085
    outer loop
      vertex 2.26531 27.16 1.49
      vertex 1.30127 27.6742 0
      vertex 1.30166 27.675 0
    endloop
  endfacet
  facet normal 0.729298 -0.344919 -0.590893
    outer loop
      vertex 1.30127 27.6742 0
      vertex 2.26531 27.16 1.49
      vertex 2.20657 27.0358 1.49
    endloop
  endfacet
  facet normal -0.753533 -0.291994 -0.589006
    outer loop
      vertex 5.88533 27.2236 0
      vertex 4.79343 27.0358 1.49
      vertex 5.88502 27.2244 0
    endloop
  endfacet
  facet normal -0.759604 -0.271732 -0.590901
    outer loop
      vertex 4.79343 27.0358 1.49
      vertex 5.88533 27.2236 0
      vertex 4.83972 26.9064 1.49
    endloop
  endfacet
  facet normal -0.647933 -0.480636 -0.590908
    outer loop
      vertex 5.42686 28.0813 0
      vertex 5.57203 27.8856 0
      vertex 4.58221 27.3881 1.49
    endloop
  endfacet
  facet normal -0.78257 0.196007 -0.590903
    outer loop
      vertex 5.94477 26.0137 0
      vertex 5.88556 25.7773 0
      vertex 4.8731 26.2269 1.49
    endloop
  endfacet
  facet normal -0.480421 0.648088 -0.590912
    outer loop
      vertex 5.08133 24.5731 0
      vertex 4.88559 24.428 0
      vertex 4.38815 25.4178 1.49
    endloop
  endfacet
  facet normal -0.798275 -0.115306 -0.591152
    outer loop
      vertex 5.98066 26.7443 0
      vertex 4.8731 26.7731 1.49
      vertex 5.98053 26.7452 0
    endloop
  endfacet
  facet normal -0.798013 -0.118381 -0.590898
    outer loop
      vertex 4.8731 26.7731 1.49
      vertex 5.98066 26.7443 0
      vertex 4.89326 26.6372 1.49
    endloop
  endfacet
  facet normal -0.759608 -0.271738 -0.590893
    outer loop
      vertex 5.80292 27.4539 0
      vertex 5.88502 27.2244 0
      vertex 4.79343 27.0358 1.49
    endloop
  endfacet
  facet normal 0.805772 0.0395934 -0.590901
    outer loop
      vertex 2.1 26.5 1.49
      vertex 1.01929 26.2566 0
      vertex 1.00733 26.5 0
    endloop
  endfacet
  facet normal -0.368831 0.719221 -0.588799
    outer loop
      vertex 4.88407 24.427 0
      vertex 4.2778 25.3359 1.49
      vertex 4.88485 24.4274 0
    endloop
  endfacet
  facet normal -0.414629 0.692066 -0.59087
    outer loop
      vertex 4.2778 25.3359 1.49
      vertex 4.88407 24.427 0
      vertex 4.15996 25.2653 1.49
    endloop
  endfacet
  facet normal -0.725042 -0.353458 -0.591085
    outer loop
      vertex 5.69873 27.6742 0
      vertex 4.73469 27.16 1.49
      vertex 5.69834 27.675 0
    endloop
  endfacet
  facet normal -0.729298 -0.344919 -0.590893
    outer loop
      vertex 4.73469 27.16 1.49
      vertex 5.69873 27.6742 0
      vertex 4.79343 27.0358 1.49
    endloop
  endfacet
  facet normal 0.759597 0.271767 -0.590894
    outer loop
      vertex 2.20657 25.9642 1.49
      vertex 1.19708 25.5461 0
      vertex 1.11497 25.7756 0
    endloop
  endfacet
  facet normal -0.798014 0.118362 -0.590901
    outer loop
      vertex 5.98053 26.2548 0
      vertex 5.94477 26.0137 0
      vertex 4.8731 26.2269 1.49
    endloop
  endfacet
  facet normal -0.414629 -0.692066 -0.59087
    outer loop
      vertex 4.88407 28.573 0
      vertex 4.2778 27.6641 1.49
      vertex 4.15996 27.7347 1.49
    endloop
  endfacet
  facet normal -0.368831 -0.719221 -0.588799
    outer loop
      vertex 4.2778 27.6641 1.49
      vertex 4.88407 28.573 0
      vertex 4.88485 28.5726 0
    endloop
  endfacet
  facet normal 0.0393446 0.805802 -0.590877
    outer loop
      vertex 3.25659 24.0193 0
      vertex 3.36278 25.1067 1.49
      vertex 3.5 25.1 1.49
    endloop
  endfacet
  facet normal 0 0.807764 -0.589505
    outer loop
      vertex 3.36278 25.1067 1.49
      vertex 3.25659 24.0193 0
      vertex 3.25568 24.0193 0
    endloop
  endfacet
  facet normal 0.781565 -0.199733 -0.590985
    outer loop
      vertex 2.16028 26.9064 1.49
      vertex 1.11444 27.2227 0
      vertex 1.11467 27.2236 0
    endloop
  endfacet
  facet normal 0.782582 -0.195968 -0.590899
    outer loop
      vertex 1.11444 27.2227 0
      vertex 2.16028 26.9064 1.49
      vertex 2.1269 26.7731 1.49
    endloop
  endfacet
  facet normal 0.798014 -0.118362 -0.590901
    outer loop
      vertex 1.05523 26.9863 0
      vertex 2.1269 26.7731 1.49
      vertex 1.01947 26.7452 0
    endloop
  endfacet
  facet normal 0.729298 0.344919 -0.590893
    outer loop
      vertex 2.26531 25.84 1.49
      vertex 1.30127 25.3258 0
      vertex 2.20657 25.9642 1.49
    endloop
  endfacet
  facet normal 0.725042 0.353458 -0.591085
    outer loop
      vertex 1.30127 25.3258 0
      vertex 2.26531 25.84 1.49
      vertex 1.30166 25.325 0
    endloop
  endfacet
  facet normal -0.604043 -0.53501 -0.590674
    outer loop
      vertex 5.2632 28.2619 0
      vertex 4.48995 27.4899 1.49
      vertex 5.26258 28.2626 0
    endloop
  endfacet
  facet normal -0.59777 -0.541751 -0.590911
    outer loop
      vertex 4.48995 27.4899 1.49
      vertex 5.2632 28.2619 0
      vertex 4.58221 27.3881 1.49
    endloop
  endfacet
  facet normal -0.195974 0.782572 -0.59091
    outer loop
      vertex 4.22269 24.1144 0
      vertex 3.98629 24.0552 0
      vertex 3.77313 25.1269 1.49
    endloop
  endfacet
  facet normal 0.118603 0.797984 -0.590893
    outer loop
      vertex 3.25568 24.0193 0
      vertex 3.22687 25.1269 1.49
      vertex 3.36278 25.1067 1.49
    endloop
  endfacet
  facet normal 0.174046 0.791912 -0.585307
    outer loop
      vertex 3.22687 25.1269 1.49
      vertex 3.25568 24.0193 0
      vertex 3.25477 24.0195 0
    endloop
  endfacet
  facet normal -0.271778 -0.759587 -0.590902
    outer loop
      vertex 4.22444 28.885 0
      vertex 4.4539 28.8029 0
      vertex 4.03576 27.7934 1.49
    endloop
  endfacet
  facet normal 0.805773 0.0395839 -0.5909
    outer loop
      vertex 2.10674 26.3628 1.49
      vertex 1.01929 26.2566 0
      vertex 2.1 26.5 1.49
    endloop
  endfacet
  facet normal 0.806016 0.0358229 -0.590809
    outer loop
      vertex 1.01929 26.2566 0
      vertex 2.10674 26.3628 1.49
      vertex 1.01933 26.2557 0
    endloop
  endfacet
  facet normal 0.53389 -0.605075 -0.590632
    outer loop
      vertex 1.7381 28.2632 0
      vertex 2.51005 27.4899 1.49
      vertex 1.73742 28.2626 0
    endloop
  endfacet
  facet normal 0.541878 -0.597651 -0.590917
    outer loop
      vertex 2.51005 27.4899 1.49
      vertex 1.7381 28.2632 0
      vertex 2.61185 27.5822 1.49
    endloop
  endfacet
  facet normal -0.692033 0.414657 -0.59089
    outer loop
      vertex 5.69834 25.325 0
      vertex 5.57305 25.1159 0
      vertex 4.73469 25.84 1.49
    endloop
  endfacet
  facet normal -0.59781 0.541737 -0.590885
    outer loop
      vertex 5.42686 24.9187 0
      vertex 5.2632 24.7381 0
      vertex 4.58221 25.6118 1.49
    endloop
  endfacet
  facet normal -0.648055 0.480465 -0.590913
    outer loop
      vertex 5.57258 25.1151 0
      vertex 4.58221 25.6118 1.49
      vertex 4.66406 25.7222 1.49
    endloop
  endfacet
  facet normal -0.635522 0.499338 -0.588875
    outer loop
      vertex 4.58221 25.6118 1.49
      vertex 5.57258 25.1151 0
      vertex 5.57203 25.1144 0
    endloop
  endfacet
  facet normal -0.195974 -0.782572 -0.59091
    outer loop
      vertex 3.98629 28.9448 0
      vertex 4.22269 28.8856 0
      vertex 3.77313 27.8731 1.49
    endloop
  endfacet
  facet normal 0.174046 -0.791912 -0.585307
    outer loop
      vertex 3.25568 28.9807 0
      vertex 3.22687 27.8731 1.49
      vertex 3.25477 28.9805 0
    endloop
  endfacet
  facet normal 0.118603 -0.797984 -0.590893
    outer loop
      vertex 3.22687 27.8731 1.49
      vertex 3.25568 28.9807 0
      vertex 3.36278 27.8933 1.49
    endloop
  endfacet
  facet normal 0.195982 -0.78257 -0.590911
    outer loop
      vertex 3.0137 28.9448 0
      vertex 3.22687 27.8731 1.49
      vertex 2.77731 28.8856 0
    endloop
  endfacet
  facet normal 0.118181 0.798037 -0.590906
    outer loop
      vertex 3.22687 25.1269 1.49
      vertex 3.25477 24.0195 0
      vertex 3.0137 24.0552 0
    endloop
  endfacet
  facet normal 0.350206 -0.726677 -0.591013
    outer loop
      vertex 2.32579 28.6987 0
      vertex 2.84004 27.7347 1.49
      vertex 2.32496 28.6983 0
    endloop
  endfacet
  facet normal 0.344731 -0.729396 -0.590883
    outer loop
      vertex 2.84004 27.7347 1.49
      vertex 2.32579 28.6987 0
      vertex 2.96424 27.7934 1.49
    endloop
  endfacet
  facet normal 0.34493 -0.729286 -0.590902
    outer loop
      vertex 2.5461 28.8029 0
      vertex 2.96424 27.7934 1.49
      vertex 2.32579 28.6987 0
    endloop
  endfacet
  facet normal -0.480806 -0.647825 -0.590888
    outer loop
      vertex 4.88485 28.5726 0
      vertex 4.38815 27.5822 1.49
      vertex 4.2778 27.6641 1.49
    endloop
  endfacet
  facet normal -0.50959 -0.628494 -0.587634
    outer loop
      vertex 4.38815 27.5822 1.49
      vertex 4.88485 28.5726 0
      vertex 4.88559 28.572 0
    endloop
  endfacet
  facet normal 0.782582 0.195968 -0.590899
    outer loop
      vertex 2.16028 26.0936 1.49
      vertex 1.11444 25.7773 0
      vertex 2.1269 26.2269 1.49
    endloop
  endfacet
  facet normal 0.781565 0.199733 -0.590985
    outer loop
      vertex 1.11444 25.7773 0
      vertex 2.16028 26.0936 1.49
      vertex 1.11467 25.7764 0
    endloop
  endfacet
  facet normal -0.174046 0.791912 -0.585307
    outer loop
      vertex 3.74432 24.0193 0
      vertex 3.77313 25.1269 1.49
      vertex 3.74523 24.0195 0
    endloop
  endfacet
  facet normal -0.118603 0.797984 -0.590893
    outer loop
      vertex 3.77313 25.1269 1.49
      vertex 3.74432 24.0193 0
      vertex 3.63722 25.1067 1.49
    endloop
  endfacet
  facet normal -0.597783 0.541763 -0.590888
    outer loop
      vertex 5.2632 24.7381 0
      vertex 4.48995 25.51 1.49
      vertex 4.58221 25.6118 1.49
    endloop
  endfacet
  facet normal -0.604056 0.535021 -0.590651
    outer loop
      vertex 4.48995 25.51 1.49
      vertex 5.2632 24.7381 0
      vertex 5.26258 24.7374 0
    endloop
  endfacet
  facet normal 0.541573 0.597962 -0.59088
    outer loop
      vertex 1.7381 24.7368 0
      vertex 2.51005 25.51 1.49
      vertex 2.61185 25.4178 1.49
    endloop
  endfacet
  facet normal 0.533903 0.60509 -0.590605
    outer loop
      vertex 2.51005 25.51 1.49
      vertex 1.7381 24.7368 0
      vertex 1.73742 24.7374 0
    endloop
  endfacet
  facet normal 0 0.807764 -0.589505
    outer loop
      vertex 3.74341 24.0193 0
      vertex 3.63722 25.1067 1.49
      vertex 3.74432 24.0193 0
    endloop
  endfacet
  facet normal -0.0393446 0.805802 -0.590877
    outer loop
      vertex 3.63722 25.1067 1.49
      vertex 3.74341 24.0193 0
      vertex 3.5 25.1 1.49
    endloop
  endfacet
  facet normal 0.756111 -0.283542 -0.58983
    outer loop
      vertex 2.20657 27.0358 1.49
      vertex 1.11467 27.2236 0
      vertex 1.11497 27.2244 0
    endloop
  endfacet
  facet normal 0.759604 -0.271732 -0.590901
    outer loop
      vertex 1.11467 27.2236 0
      vertex 2.20657 27.0358 1.49
      vertex 2.16028 26.9064 1.49
    endloop
  endfacet
  facet normal -0.729298 0.344919 -0.590893
    outer loop
      vertex 5.69873 25.3258 0
      vertex 4.73469 25.84 1.49
      vertex 4.79343 25.9642 1.49
    endloop
  endfacet
  facet normal -0.725042 0.353458 -0.591085
    outer loop
      vertex 4.73469 25.84 1.49
      vertex 5.69873 25.3258 0
      vertex 5.69834 25.325 0
    endloop
  endfacet
  facet normal -0.647945 0.480645 -0.590887
    outer loop
      vertex 5.57203 25.1144 0
      vertex 5.42686 24.9187 0
      vertex 4.58221 25.6118 1.49
    endloop
  endfacet
  facet normal -0.353637 0.724956 -0.591084
    outer loop
      vertex 4.67421 24.3013 0
      vertex 4.15996 25.2653 1.49
      vertex 4.67503 24.3017 0
    endloop
  endfacet
  facet normal -0.344731 0.729396 -0.590883
    outer loop
      vertex 4.15996 25.2653 1.49
      vertex 4.67421 24.3013 0
      vertex 4.03576 25.2066 1.49
    endloop
  endfacet
  facet normal -0.78257 -0.196007 -0.590903
    outer loop
      vertex 5.88556 27.2227 0
      vertex 5.94477 26.9863 0
      vertex 4.8731 26.7731 1.49
    endloop
  endfacet
  facet normal -0.798014 -0.118362 -0.590901
    outer loop
      vertex 5.94477 26.9863 0
      vertex 5.98053 26.7452 0
      vertex 4.8731 26.7731 1.49
    endloop
  endfacet
  facet normal -0.729299 0.344919 -0.590893
    outer loop
      vertex 5.80292 25.5461 0
      vertex 5.69873 25.3258 0
      vertex 4.79343 25.9642 1.49
    endloop
  endfacet
  facet normal -0.759608 0.271738 -0.590893
    outer loop
      vertex 5.88502 25.7756 0
      vertex 5.80292 25.5461 0
      vertex 4.79343 25.9642 1.49
    endloop
  endfacet
  facet normal 0.604043 -0.53501 -0.590674
    outer loop
      vertex 2.51005 27.4899 1.49
      vertex 1.7368 28.2619 0
      vertex 1.73742 28.2626 0
    endloop
  endfacet
  facet normal 0.597741 -0.541783 -0.590912
    outer loop
      vertex 1.7368 28.2619 0
      vertex 2.51005 27.4899 1.49
      vertex 2.41778 27.3881 1.49
    endloop
  endfacet
  facet normal -0.805421 -0.0447456 -0.591012
    outer loop
      vertex 5.98071 26.7434 0
      vertex 4.89326 26.6372 1.49
      vertex 5.98066 26.7443 0
    endloop
  endfacet
  facet normal -0.805773 -0.0395839 -0.5909
    outer loop
      vertex 4.89326 26.6372 1.49
      vertex 5.98071 26.7434 0
      vertex 4.9 26.5 1.49
    endloop
  endfacet
  facet normal 0.759604 0.271732 -0.590901
    outer loop
      vertex 2.20657 25.9642 1.49
      vertex 1.11467 25.7764 0
      vertex 2.16028 26.0936 1.49
    endloop
  endfacet
  facet normal 0.756111 0.283542 -0.58983
    outer loop
      vertex 1.11467 25.7764 0
      vertex 2.20657 25.9642 1.49
      vertex 1.11497 25.7756 0
    endloop
  endfacet
  facet normal -0.798275 0.115306 -0.591152
    outer loop
      vertex 4.8731 26.2269 1.49
      vertex 5.98066 26.2557 0
      vertex 5.98053 26.2548 0
    endloop
  endfacet
  facet normal -0.798013 0.118381 -0.590898
    outer loop
      vertex 5.98066 26.2557 0
      vertex 4.8731 26.2269 1.49
      vertex 4.89326 26.3628 1.49
    endloop
  endfacet
  facet normal -0.805773 0.0395839 -0.5909
    outer loop
      vertex 5.98071 26.2566 0
      vertex 4.89326 26.3628 1.49
      vertex 4.9 26.5 1.49
    endloop
  endfacet
  facet normal -0.805421 0.0447456 -0.591012
    outer loop
      vertex 4.89326 26.3628 1.49
      vertex 5.98071 26.2566 0
      vertex 5.98066 26.2557 0
    endloop
  endfacet
  facet normal 0.78257 -0.196007 -0.590903
    outer loop
      vertex 1.11444 27.2227 0
      vertex 2.1269 26.7731 1.49
      vertex 1.05523 26.9863 0
    endloop
  endfacet
  facet normal 0.414629 0.692066 -0.59087
    outer loop
      vertex 2.11593 24.427 0
      vertex 2.7222 25.3359 1.49
      vertex 2.84004 25.2653 1.49
    endloop
  endfacet
  facet normal 0.368831 0.719221 -0.588799
    outer loop
      vertex 2.7222 25.3359 1.49
      vertex 2.11593 24.427 0
      vertex 2.11515 24.4274 0
    endloop
  endfacet
  facet normal 0.798014 0.118362 -0.590901
    outer loop
      vertex 2.1269 26.2269 1.49
      vertex 1.05523 26.0137 0
      vertex 1.01947 26.2548 0
    endloop
  endfacet
  facet normal 0.78257 0.196007 -0.590903
    outer loop
      vertex 2.1269 26.2269 1.49
      vertex 1.11444 25.7773 0
      vertex 1.05523 26.0137 0
    endloop
  endfacet
  facet normal -0.0393446 -0.805802 -0.590877
    outer loop
      vertex 3.74341 28.9807 0
      vertex 3.63722 27.8933 1.49
      vertex 3.5 27.9 1.49
    endloop
  endfacet
  facet normal 0 -0.807764 -0.589505
    outer loop
      vertex 3.63722 27.8933 1.49
      vertex 3.74341 28.9807 0
      vertex 3.74432 28.9807 0
    endloop
  endfacet
  facet normal -0.118603 -0.797984 -0.590893
    outer loop
      vertex 3.74432 28.9807 0
      vertex 3.77313 27.8731 1.49
      vertex 3.63722 27.8933 1.49
    endloop
  endfacet
  facet normal -0.174046 -0.791912 -0.585307
    outer loop
      vertex 3.77313 27.8731 1.49
      vertex 3.74432 28.9807 0
      vertex 3.74523 28.9805 0
    endloop
  endfacet
  facet normal -0.541845 0.597684 -0.590913
    outer loop
      vertex 5.2619 24.7368 0
      vertex 5.08133 24.5731 0
      vertex 4.38815 25.4178 1.49
    endloop
  endfacet
  facet normal 0.597812 0.541738 -0.590882
    outer loop
      vertex 2.41778 25.6118 1.49
      vertex 1.7368 24.7381 0
      vertex 1.57314 24.9187 0
    endloop
  endfacet
  facet normal 0.647947 0.480646 -0.590884
    outer loop
      vertex 2.41778 25.6118 1.49
      vertex 1.57314 24.9187 0
      vertex 1.42797 25.1144 0
    endloop
  endfacet
  facet normal -0.344731 -0.729396 -0.590883
    outer loop
      vertex 4.67421 28.6987 0
      vertex 4.15996 27.7347 1.49
      vertex 4.03576 27.7934 1.49
    endloop
  endfacet
  facet normal -0.353637 -0.724956 -0.591084
    outer loop
      vertex 4.15996 27.7347 1.49
      vertex 4.67421 28.6987 0
      vertex 4.67503 28.6983 0
    endloop
  endfacet
  facet normal -0.695693 -0.40872 -0.590728
    outer loop
      vertex 5.57305 27.8841 0
      vertex 4.66406 27.2778 1.49
      vertex 5.57258 27.8849 0
    endloop
  endfacet
  facet normal -0.691902 -0.414848 -0.590909
    outer loop
      vertex 4.66406 27.2778 1.49
      vertex 5.57305 27.8841 0
      vertex 4.73469 27.16 1.49
    endloop
  endfacet
  facet normal 0.729299 0.344919 -0.590893
    outer loop
      vertex 2.20657 25.9642 1.49
      vertex 1.30127 25.3258 0
      vertex 1.19708 25.5461 0
    endloop
  endfacet
  facet normal -0 -0.807764 -0.589505
    outer loop
      vertex 3.25659 28.9807 0
      vertex 3.36278 27.8933 1.49
      vertex 3.25568 28.9807 0
    endloop
  endfacet
  facet normal 0.0393446 -0.805802 -0.590877
    outer loop
      vertex 3.36278 27.8933 1.49
      vertex 3.25659 28.9807 0
      vertex 3.5 27.9 1.49
    endloop
  endfacet
  facet normal -0.857827 0.513939 0
    outer loop
      vertex 62.6641 2.7222 1.49
      vertex 62.7347 2.84004 5.2
      vertex 62.7347 2.84004 1.49
    endloop
  endfacet
  facet normal -0.857827 0.513939 0
    outer loop
      vertex 62.7347 2.84004 5.2
      vertex 62.6641 2.7222 1.49
      vertex 62.6641 2.7222 5.2
    endloop
  endfacet
  facet normal 0.146739 -0.989175 0
    outer loop
      vertex 61.2269 4.8731 1.49
      vertex 61.3628 4.89326 5.2
      vertex 61.2269 4.8731 5.2
    endloop
  endfacet
  facet normal 0.146739 -0.989175 0
    outer loop
      vertex 61.3628 4.89326 5.2
      vertex 61.2269 4.8731 1.49
      vertex 61.3628 4.89326 1.49
    endloop
  endfacet
  facet normal -0.989135 -0.147013 0
    outer loop
      vertex 62.8933 3.63722 1.49
      vertex 62.8731 3.77313 5.2
      vertex 62.8731 3.77313 1.49
    endloop
  endfacet
  facet normal -0.989135 -0.147013 0
    outer loop
      vertex 62.8731 3.77313 5.2
      vertex 62.8933 3.63722 1.49
      vertex 62.8933 3.63722 5.2
    endloop
  endfacet
  facet normal -0.99881 -0.0487686 0
    outer loop
      vertex 62.9 3.5 1.49
      vertex 62.8933 3.63722 5.2
      vertex 62.8933 3.63722 1.49
    endloop
  endfacet
  facet normal -0.99881 -0.0487686 0
    outer loop
      vertex 62.8933 3.63722 5.2
      vertex 62.9 3.5 1.49
      vertex 62.9 3.5 5.2
    endloop
  endfacet
  facet normal -0.970001 -0.243101 0
    outer loop
      vertex 62.8731 3.77313 1.49
      vertex 62.8397 3.9064 5.2
      vertex 62.8397 3.9064 1.49
    endloop
  endfacet
  facet normal -0.970001 -0.243101 0
    outer loop
      vertex 62.8397 3.9064 5.2
      vertex 62.8731 3.77313 1.49
      vertex 62.8731 3.77313 5.2
    endloop
  endfacet
  facet normal -0.99881 0.0487686 0
    outer loop
      vertex 62.8933 3.36278 1.49
      vertex 62.9 3.5 5.2
      vertex 62.9 3.5 1.49
    endloop
  endfacet
  facet normal -0.99881 0.0487686 0
    outer loop
      vertex 62.9 3.5 5.2
      vertex 62.8933 3.36278 1.49
      vertex 62.8933 3.36278 5.2
    endloop
  endfacet
  facet normal -0.427542 -0.903996 0
    outer loop
      vertex 62.0358 4.79343 1.49
      vertex 62.16 4.73469 5.2
      vertex 62.0358 4.79343 5.2
    endloop
  endfacet
  facet normal -0.427542 -0.903996 -0
    outer loop
      vertex 62.16 4.73469 5.2
      vertex 62.0358 4.79343 1.49
      vertex 62.16 4.73469 1.49
    endloop
  endfacet
  facet normal 0.514228 -0.857653 0
    outer loop
      vertex 60.7222 4.66406 1.49
      vertex 60.84 4.73469 5.2
      vertex 60.7222 4.66406 5.2
    endloop
  endfacet
  facet normal 0.514228 -0.857653 0
    outer loop
      vertex 60.84 4.73469 5.2
      vertex 60.7222 4.66406 1.49
      vertex 60.84 4.73469 1.49
    endloop
  endfacet
  facet normal -0.941511 0.336982 0
    outer loop
      vertex 62.7934 2.96424 1.49
      vertex 62.8397 3.0936 5.2
      vertex 62.8397 3.0936 1.49
    endloop
  endfacet
  facet normal -0.941511 0.336982 0
    outer loop
      vertex 62.8397 3.0936 5.2
      vertex 62.7934 2.96424 1.49
      vertex 62.7934 2.96424 5.2
    endloop
  endfacet
  facet normal -0.336825 -0.941567 0
    outer loop
      vertex 61.9064 4.83972 1.49
      vertex 62.0358 4.79343 5.2
      vertex 61.9064 4.83972 5.2
    endloop
  endfacet
  facet normal -0.336825 -0.941567 -0
    outer loop
      vertex 62.0358 4.79343 5.2
      vertex 61.9064 4.83972 1.49
      vertex 62.0358 4.79343 1.49
    endloop
  endfacet
  facet normal -0.803003 -0.595976 0
    outer loop
      vertex 62.6641 4.2778 1.49
      vertex 62.5822 4.38815 5.2
      vertex 62.5822 4.38815 1.49
    endloop
  endfacet
  facet normal -0.803003 -0.595976 0
    outer loop
      vertex 62.5822 4.38815 5.2
      vertex 62.6641 4.2778 1.49
      vertex 62.6641 4.2778 5.2
    endloop
  endfacet
  facet normal -0.514228 -0.857653 0
    outer loop
      vertex 62.16 4.73469 1.49
      vertex 62.2778 4.66406 5.2
      vertex 62.16 4.73469 5.2
    endloop
  endfacet
  facet normal -0.514228 -0.857653 -0
    outer loop
      vertex 62.2778 4.66406 5.2
      vertex 62.16 4.73469 1.49
      vertex 62.2778 4.66406 1.49
    endloop
  endfacet
  facet normal 0.514228 0.857653 -0
    outer loop
      vertex 60.84 2.26531 1.49
      vertex 60.7222 2.33594 5.2
      vertex 60.84 2.26531 5.2
    endloop
  endfacet
  facet normal 0.514228 0.857653 0
    outer loop
      vertex 60.7222 2.33594 5.2
      vertex 60.84 2.26531 1.49
      vertex 60.7222 2.33594 1.49
    endloop
  endfacet
  facet normal 0.741191 0.671295 0
    outer loop
      vertex 60.51 2.51005 5.2
      vertex 60.4178 2.61185 1.49
      vertex 60.4178 2.61185 5.2
    endloop
  endfacet
  facet normal 0.741191 0.671295 0
    outer loop
      vertex 60.4178 2.61185 1.49
      vertex 60.51 2.51005 5.2
      vertex 60.51 2.51005 1.49
    endloop
  endfacet
  facet normal 0.857827 0.513939 0
    outer loop
      vertex 60.3359 2.7222 5.2
      vertex 60.2653 2.84004 1.49
      vertex 60.2653 2.84004 5.2
    endloop
  endfacet
  facet normal 0.857827 0.513939 0
    outer loop
      vertex 60.2653 2.84004 1.49
      vertex 60.3359 2.7222 5.2
      vertex 60.3359 2.7222 1.49
    endloop
  endfacet
  facet normal 0.242912 -0.970048 0
    outer loop
      vertex 61.0936 4.83972 1.49
      vertex 61.2269 4.8731 5.2
      vertex 61.0936 4.83972 5.2
    endloop
  endfacet
  facet normal 0.242912 -0.970048 0
    outer loop
      vertex 61.2269 4.8731 5.2
      vertex 61.0936 4.83972 1.49
      vertex 61.2269 4.8731 1.49
    endloop
  endfacet
  facet normal 0.336825 -0.941567 0
    outer loop
      vertex 60.9642 4.79343 1.49
      vertex 61.0936 4.83972 5.2
      vertex 60.9642 4.79343 5.2
    endloop
  endfacet
  facet normal 0.336825 -0.941567 0
    outer loop
      vertex 61.0936 4.83972 5.2
      vertex 60.9642 4.79343 1.49
      vertex 61.0936 4.83972 1.49
    endloop
  endfacet
  facet normal -0.904108 0.427304 0
    outer loop
      vertex 62.7347 2.84004 1.49
      vertex 62.7934 2.96424 5.2
      vertex 62.7934 2.96424 1.49
    endloop
  endfacet
  facet normal -0.904108 0.427304 0
    outer loop
      vertex 62.7934 2.96424 5.2
      vertex 62.7347 2.84004 1.49
      vertex 62.7347 2.84004 5.2
    endloop
  endfacet
  facet normal -0.740829 -0.671694 0
    outer loop
      vertex 62.5822 4.38815 1.49
      vertex 62.4899 4.48995 5.2
      vertex 62.4899 4.48995 1.49
    endloop
  endfacet
  facet normal -0.740829 -0.671694 0
    outer loop
      vertex 62.4899 4.48995 5.2
      vertex 62.5822 4.38815 1.49
      vertex 62.5822 4.38815 5.2
    endloop
  endfacet
  facet normal 0.941511 -0.336982 0
    outer loop
      vertex 60.1603 3.9064 5.2
      vertex 60.2066 4.03576 1.49
      vertex 60.2066 4.03576 5.2
    endloop
  endfacet
  facet normal 0.941511 -0.336982 0
    outer loop
      vertex 60.2066 4.03576 1.49
      vertex 60.1603 3.9064 5.2
      vertex 60.1603 3.9064 1.49
    endloop
  endfacet
  facet normal -0.989135 0.147013 0
    outer loop
      vertex 62.8731 3.22687 1.49
      vertex 62.8933 3.36278 5.2
      vertex 62.8933 3.36278 1.49
    endloop
  endfacet
  facet normal -0.989135 0.147013 0
    outer loop
      vertex 62.8933 3.36278 5.2
      vertex 62.8731 3.22687 1.49
      vertex 62.8731 3.22687 5.2
    endloop
  endfacet
  facet normal 0.595567 -0.803306 0
    outer loop
      vertex 60.6118 4.58221 1.49
      vertex 60.7222 4.66406 5.2
      vertex 60.6118 4.58221 5.2
    endloop
  endfacet
  facet normal 0.595567 -0.803306 0
    outer loop
      vertex 60.7222 4.66406 5.2
      vertex 60.6118 4.58221 1.49
      vertex 60.7222 4.66406 1.49
    endloop
  endfacet
  facet normal -0.514228 0.857653 0
    outer loop
      vertex 62.2778 2.33594 1.49
      vertex 62.16 2.26531 5.2
      vertex 62.2778 2.33594 5.2
    endloop
  endfacet
  facet normal -0.514228 0.857653 0
    outer loop
      vertex 62.16 2.26531 5.2
      vertex 62.2778 2.33594 1.49
      vertex 62.16 2.26531 1.49
    endloop
  endfacet
  facet normal -0.0490662 0.998796 0
    outer loop
      vertex 61.6372 2.10674 1.49
      vertex 61.5 2.1 5.2
      vertex 61.6372 2.10674 5.2
    endloop
  endfacet
  facet normal -0.0490662 0.998796 0
    outer loop
      vertex 61.5 2.1 5.2
      vertex 61.6372 2.10674 1.49
      vertex 61.5 2.1 1.49
    endloop
  endfacet
  facet normal -0.146739 0.989175 0
    outer loop
      vertex 61.7731 2.1269 1.49
      vertex 61.6372 2.10674 5.2
      vertex 61.7731 2.1269 5.2
    endloop
  endfacet
  facet normal -0.146739 0.989175 0
    outer loop
      vertex 61.6372 2.10674 5.2
      vertex 61.7731 2.1269 1.49
      vertex 61.6372 2.10674 1.49
    endloop
  endfacet
  facet normal 0.970001 -0.243101 0
    outer loop
      vertex 60.1269 3.77313 5.2
      vertex 60.1603 3.9064 1.49
      vertex 60.1603 3.9064 5.2
    endloop
  endfacet
  facet normal 0.970001 -0.243101 0
    outer loop
      vertex 60.1603 3.9064 1.49
      vertex 60.1269 3.77313 5.2
      vertex 60.1269 3.77313 1.49
    endloop
  endfacet
  facet normal 0.904108 -0.427304 0
    outer loop
      vertex 60.2066 4.03576 5.2
      vertex 60.2653 4.15996 1.49
      vertex 60.2653 4.15996 5.2
    endloop
  endfacet
  facet normal 0.904108 -0.427304 0
    outer loop
      vertex 60.2653 4.15996 1.49
      vertex 60.2066 4.03576 5.2
      vertex 60.2066 4.03576 1.49
    endloop
  endfacet
  facet normal 0.0490662 0.998796 -0
    outer loop
      vertex 61.5 2.1 1.49
      vertex 61.3628 2.10674 5.2
      vertex 61.5 2.1 5.2
    endloop
  endfacet
  facet normal 0.0490662 0.998796 0
    outer loop
      vertex 61.3628 2.10674 5.2
      vertex 61.5 2.1 1.49
      vertex 61.3628 2.10674 1.49
    endloop
  endfacet
  facet normal -0.671534 -0.740973 0
    outer loop
      vertex 62.3881 4.58221 1.49
      vertex 62.4899 4.48995 5.2
      vertex 62.3881 4.58221 5.2
    endloop
  endfacet
  facet normal -0.671534 -0.740973 -0
    outer loop
      vertex 62.4899 4.48995 5.2
      vertex 62.3881 4.58221 1.49
      vertex 62.4899 4.48995 1.49
    endloop
  endfacet
  facet normal 0.857827 -0.513939 0
    outer loop
      vertex 60.2653 4.15996 5.2
      vertex 60.3359 4.2778 1.49
      vertex 60.3359 4.2778 5.2
    endloop
  endfacet
  facet normal 0.857827 -0.513939 0
    outer loop
      vertex 60.3359 4.2778 1.49
      vertex 60.2653 4.15996 5.2
      vertex 60.2653 4.15996 1.49
    endloop
  endfacet
  facet normal -0.803003 0.595976 0
    outer loop
      vertex 62.5822 2.61185 1.49
      vertex 62.6641 2.7222 5.2
      vertex 62.6641 2.7222 1.49
    endloop
  endfacet
  facet normal -0.803003 0.595976 0
    outer loop
      vertex 62.6641 2.7222 5.2
      vertex 62.5822 2.61185 1.49
      vertex 62.5822 2.61185 5.2
    endloop
  endfacet
  facet normal 0.970001 0.243101 0
    outer loop
      vertex 60.1603 3.0936 5.2
      vertex 60.1269 3.22687 1.49
      vertex 60.1269 3.22687 5.2
    endloop
  endfacet
  facet normal 0.970001 0.243101 0
    outer loop
      vertex 60.1269 3.22687 1.49
      vertex 60.1603 3.0936 5.2
      vertex 60.1603 3.0936 1.49
    endloop
  endfacet
  facet normal 0.427542 -0.903996 0
    outer loop
      vertex 60.84 4.73469 1.49
      vertex 60.9642 4.79343 5.2
      vertex 60.84 4.73469 5.2
    endloop
  endfacet
  facet normal 0.427542 -0.903996 0
    outer loop
      vertex 60.9642 4.79343 5.2
      vertex 60.84 4.73469 1.49
      vertex 60.9642 4.79343 1.49
    endloop
  endfacet
  facet normal 0.336825 0.941567 -0
    outer loop
      vertex 61.0936 2.16028 1.49
      vertex 60.9642 2.20657 5.2
      vertex 61.0936 2.16028 5.2
    endloop
  endfacet
  facet normal 0.336825 0.941567 0
    outer loop
      vertex 60.9642 2.20657 5.2
      vertex 61.0936 2.16028 1.49
      vertex 60.9642 2.20657 1.49
    endloop
  endfacet
  facet normal 0.59552 0.803341 -0
    outer loop
      vertex 60.7222 2.33594 1.49
      vertex 60.6118 2.41778 5.2
      vertex 60.7222 2.33594 5.2
    endloop
  endfacet
  facet normal 0.59552 0.803341 0
    outer loop
      vertex 60.6118 2.41778 5.2
      vertex 60.7222 2.33594 1.49
      vertex 60.6118 2.41778 1.49
    endloop
  endfacet
  facet normal -0.595868 0.803082 0
    outer loop
      vertex 62.3881 2.41778 1.49
      vertex 62.2778 2.33594 5.2
      vertex 62.3881 2.41778 5.2
    endloop
  endfacet
  facet normal -0.595868 0.803082 0
    outer loop
      vertex 62.2778 2.33594 5.2
      vertex 62.3881 2.41778 1.49
      vertex 62.2778 2.33594 1.49
    endloop
  endfacet
  facet normal -0.336825 0.941567 0
    outer loop
      vertex 62.0358 2.20657 1.49
      vertex 61.9064 2.16028 5.2
      vertex 62.0358 2.20657 5.2
    endloop
  endfacet
  facet normal -0.336825 0.941567 0
    outer loop
      vertex 61.9064 2.16028 5.2
      vertex 62.0358 2.20657 1.49
      vertex 61.9064 2.16028 1.49
    endloop
  endfacet
  facet normal -0.740829 0.671694 0
    outer loop
      vertex 62.4899 2.51005 1.49
      vertex 62.5822 2.61185 5.2
      vertex 62.5822 2.61185 1.49
    endloop
  endfacet
  facet normal -0.740829 0.671694 0
    outer loop
      vertex 62.5822 2.61185 5.2
      vertex 62.4899 2.51005 1.49
      vertex 62.4899 2.51005 5.2
    endloop
  endfacet
  facet normal -0.595915 -0.803047 0
    outer loop
      vertex 62.2778 4.66406 1.49
      vertex 62.3881 4.58221 5.2
      vertex 62.2778 4.66406 5.2
    endloop
  endfacet
  facet normal -0.595915 -0.803047 -0
    outer loop
      vertex 62.3881 4.58221 5.2
      vertex 62.2778 4.66406 1.49
      vertex 62.3881 4.58221 1.49
    endloop
  endfacet
  facet normal -0.427542 0.903996 0
    outer loop
      vertex 62.16 2.26531 1.49
      vertex 62.0358 2.20657 5.2
      vertex 62.16 2.26531 5.2
    endloop
  endfacet
  facet normal -0.427542 0.903996 0
    outer loop
      vertex 62.0358 2.20657 5.2
      vertex 62.16 2.26531 1.49
      vertex 62.0358 2.20657 1.49
    endloop
  endfacet
  facet normal -0.941511 -0.336982 0
    outer loop
      vertex 62.8397 3.9064 1.49
      vertex 62.7934 4.03576 5.2
      vertex 62.7934 4.03576 1.49
    endloop
  endfacet
  facet normal -0.941511 -0.336982 0
    outer loop
      vertex 62.7934 4.03576 5.2
      vertex 62.8397 3.9064 1.49
      vertex 62.8397 3.9064 5.2
    endloop
  endfacet
  facet normal 0.671534 -0.740973 0
    outer loop
      vertex 60.51 4.48995 1.49
      vertex 60.6118 4.58221 5.2
      vertex 60.51 4.48995 5.2
    endloop
  endfacet
  facet normal 0.671534 -0.740973 0
    outer loop
      vertex 60.6118 4.58221 5.2
      vertex 60.51 4.48995 1.49
      vertex 60.6118 4.58221 1.49
    endloop
  endfacet
  facet normal -0.904108 -0.427304 0
    outer loop
      vertex 62.7934 4.03576 1.49
      vertex 62.7347 4.15996 5.2
      vertex 62.7347 4.15996 1.49
    endloop
  endfacet
  facet normal -0.904108 -0.427304 0
    outer loop
      vertex 62.7347 4.15996 5.2
      vertex 62.7934 4.03576 1.49
      vertex 62.7934 4.03576 5.2
    endloop
  endfacet
  facet normal -0.970001 0.243101 0
    outer loop
      vertex 62.8397 3.0936 1.49
      vertex 62.8731 3.22687 5.2
      vertex 62.8731 3.22687 1.49
    endloop
  endfacet
  facet normal -0.970001 0.243101 0
    outer loop
      vertex 62.8731 3.22687 5.2
      vertex 62.8397 3.0936 1.49
      vertex 62.8397 3.0936 5.2
    endloop
  endfacet
  facet normal 0.989135 -0.147013 0
    outer loop
      vertex 60.1067 3.63722 5.2
      vertex 60.1269 3.77313 1.49
      vertex 60.1269 3.77313 5.2
    endloop
  endfacet
  facet normal 0.989135 -0.147013 0
    outer loop
      vertex 60.1269 3.77313 1.49
      vertex 60.1067 3.63722 5.2
      vertex 60.1067 3.63722 1.49
    endloop
  endfacet
  facet normal -0.857827 -0.513939 0
    outer loop
      vertex 62.7347 4.15996 1.49
      vertex 62.6641 4.2778 5.2
      vertex 62.6641 4.2778 1.49
    endloop
  endfacet
  facet normal -0.857827 -0.513939 0
    outer loop
      vertex 62.6641 4.2778 5.2
      vertex 62.7347 4.15996 1.49
      vertex 62.7347 4.15996 5.2
    endloop
  endfacet
  facet normal 0.904108 0.427304 0
    outer loop
      vertex 60.2653 2.84004 5.2
      vertex 60.2066 2.96424 1.49
      vertex 60.2066 2.96424 5.2
    endloop
  endfacet
  facet normal 0.904108 0.427304 0
    outer loop
      vertex 60.2066 2.96424 1.49
      vertex 60.2653 2.84004 5.2
      vertex 60.2653 2.84004 1.49
    endloop
  endfacet
  facet normal 0.146739 0.989175 -0
    outer loop
      vertex 61.3628 2.10674 1.49
      vertex 61.2269 2.1269 5.2
      vertex 61.3628 2.10674 5.2
    endloop
  endfacet
  facet normal 0.146739 0.989175 0
    outer loop
      vertex 61.2269 2.1269 5.2
      vertex 61.3628 2.10674 1.49
      vertex 61.2269 2.1269 1.49
    endloop
  endfacet
  facet normal -0.671574 0.740937 0
    outer loop
      vertex 62.4899 2.51005 1.49
      vertex 62.3881 2.41778 5.2
      vertex 62.4899 2.51005 5.2
    endloop
  endfacet
  facet normal -0.671574 0.740937 0
    outer loop
      vertex 62.3881 2.41778 5.2
      vertex 62.4899 2.51005 1.49
      vertex 62.3881 2.41778 1.49
    endloop
  endfacet
  facet normal 0.989135 0.147013 0
    outer loop
      vertex 60.1269 3.22687 5.2
      vertex 60.1067 3.36278 1.49
      vertex 60.1067 3.36278 5.2
    endloop
  endfacet
  facet normal 0.989135 0.147013 0
    outer loop
      vertex 60.1067 3.36278 1.49
      vertex 60.1269 3.22687 5.2
      vertex 60.1269 3.22687 1.49
    endloop
  endfacet
  facet normal 0.941511 0.336982 0
    outer loop
      vertex 60.2066 2.96424 5.2
      vertex 60.1603 3.0936 1.49
      vertex 60.1603 3.0936 5.2
    endloop
  endfacet
  facet normal 0.941511 0.336982 0
    outer loop
      vertex 60.1603 3.0936 1.49
      vertex 60.2066 2.96424 5.2
      vertex 60.2066 2.96424 1.49
    endloop
  endfacet
  facet normal 0.671574 0.740937 -0
    outer loop
      vertex 60.6118 2.41778 1.49
      vertex 60.51 2.51005 5.2
      vertex 60.6118 2.41778 5.2
    endloop
  endfacet
  facet normal 0.671574 0.740937 0
    outer loop
      vertex 60.51 2.51005 5.2
      vertex 60.6118 2.41778 1.49
      vertex 60.51 2.51005 1.49
    endloop
  endfacet
  facet normal 0.99881 0.0487686 0
    outer loop
      vertex 60.1067 3.36278 5.2
      vertex 60.1 3.5 1.49
      vertex 60.1 3.5 5.2
    endloop
  endfacet
  facet normal 0.99881 0.0487686 0
    outer loop
      vertex 60.1 3.5 1.49
      vertex 60.1067 3.36278 5.2
      vertex 60.1067 3.36278 1.49
    endloop
  endfacet
  facet normal -0.0490662 -0.998796 0
    outer loop
      vertex 61.5 4.9 1.49
      vertex 61.6372 4.89326 5.2
      vertex 61.5 4.9 5.2
    endloop
  endfacet
  facet normal -0.0490662 -0.998796 -0
    outer loop
      vertex 61.6372 4.89326 5.2
      vertex 61.5 4.9 1.49
      vertex 61.6372 4.89326 1.49
    endloop
  endfacet
  facet normal 0.741191 -0.671295 0
    outer loop
      vertex 60.4178 4.38815 5.2
      vertex 60.51 4.48995 1.49
      vertex 60.51 4.48995 5.2
    endloop
  endfacet
  facet normal 0.741191 -0.671295 0
    outer loop
      vertex 60.51 4.48995 1.49
      vertex 60.4178 4.38815 5.2
      vertex 60.4178 4.38815 1.49
    endloop
  endfacet
  facet normal 0.427542 0.903996 -0
    outer loop
      vertex 60.9642 2.20657 1.49
      vertex 60.84 2.26531 5.2
      vertex 60.9642 2.20657 5.2
    endloop
  endfacet
  facet normal 0.427542 0.903996 0
    outer loop
      vertex 60.84 2.26531 5.2
      vertex 60.9642 2.20657 1.49
      vertex 60.84 2.26531 1.49
    endloop
  endfacet
  facet normal 0.242912 0.970048 -0
    outer loop
      vertex 61.2269 2.1269 1.49
      vertex 61.0936 2.16028 5.2
      vertex 61.2269 2.1269 5.2
    endloop
  endfacet
  facet normal 0.242912 0.970048 0
    outer loop
      vertex 61.0936 2.16028 5.2
      vertex 61.2269 2.1269 1.49
      vertex 61.0936 2.16028 1.49
    endloop
  endfacet
  facet normal 0.0490662 -0.998796 0
    outer loop
      vertex 61.3628 4.89326 1.49
      vertex 61.5 4.9 5.2
      vertex 61.3628 4.89326 5.2
    endloop
  endfacet
  facet normal 0.0490662 -0.998796 0
    outer loop
      vertex 61.5 4.9 5.2
      vertex 61.3628 4.89326 1.49
      vertex 61.5 4.9 1.49
    endloop
  endfacet
  facet normal -0.242912 -0.970048 0
    outer loop
      vertex 61.7731 4.8731 1.49
      vertex 61.9064 4.83972 5.2
      vertex 61.7731 4.8731 5.2
    endloop
  endfacet
  facet normal -0.242912 -0.970048 -0
    outer loop
      vertex 61.9064 4.83972 5.2
      vertex 61.7731 4.8731 1.49
      vertex 61.9064 4.83972 1.49
    endloop
  endfacet
  facet normal 0.803003 0.595976 0
    outer loop
      vertex 60.4178 2.61185 5.2
      vertex 60.3359 2.7222 1.49
      vertex 60.3359 2.7222 5.2
    endloop
  endfacet
  facet normal 0.803003 0.595976 0
    outer loop
      vertex 60.3359 2.7222 1.49
      vertex 60.4178 2.61185 5.2
      vertex 60.4178 2.61185 1.49
    endloop
  endfacet
  facet normal 0.803003 -0.595976 0
    outer loop
      vertex 60.3359 4.2778 5.2
      vertex 60.4178 4.38815 1.49
      vertex 60.4178 4.38815 5.2
    endloop
  endfacet
  facet normal 0.803003 -0.595976 0
    outer loop
      vertex 60.4178 4.38815 1.49
      vertex 60.3359 4.2778 5.2
      vertex 60.3359 4.2778 1.49
    endloop
  endfacet
  facet normal -0.242912 0.970048 0
    outer loop
      vertex 61.9064 2.16028 1.49
      vertex 61.7731 2.1269 5.2
      vertex 61.9064 2.16028 5.2
    endloop
  endfacet
  facet normal -0.242912 0.970048 0
    outer loop
      vertex 61.7731 2.1269 5.2
      vertex 61.9064 2.16028 1.49
      vertex 61.7731 2.1269 1.49
    endloop
  endfacet
  facet normal 0.99881 -0.0487686 0
    outer loop
      vertex 60.1 3.5 5.2
      vertex 60.1067 3.63722 1.49
      vertex 60.1067 3.63722 5.2
    endloop
  endfacet
  facet normal 0.99881 -0.0487686 0
    outer loop
      vertex 60.1067 3.63722 1.49
      vertex 60.1 3.5 5.2
      vertex 60.1 3.5 1.49
    endloop
  endfacet
  facet normal -0.146739 -0.989175 0
    outer loop
      vertex 61.6372 4.89326 1.49
      vertex 61.7731 4.8731 5.2
      vertex 61.6372 4.89326 5.2
    endloop
  endfacet
  facet normal -0.146739 -0.989175 -0
    outer loop
      vertex 61.7731 4.8731 5.2
      vertex 61.6372 4.89326 1.49
      vertex 61.7731 4.8731 1.49
    endloop
  endfacet
  facet normal -0.80576 -0.0397236 -0.590909
    outer loop
      vertex 63.9807 3.74341 0
      vertex 63.9927 3.5 0
      vertex 62.9 3.5 1.49
    endloop
  endfacet
  facet normal 0.597684 0.541845 -0.590913
    outer loop
      vertex 60.4178 2.61185 1.49
      vertex 59.7368 1.7381 0
      vertex 59.5731 1.91867 0
    endloop
  endfacet
  facet normal 0.691959 0.414785 -0.590886
    outer loop
      vertex 60.2653 2.84004 1.49
      vertex 59.427 2.11593 0
      vertex 59.3017 2.32496 0
    endloop
  endfacet
  facet normal 0.729396 0.344731 -0.590883
    outer loop
      vertex 60.2653 2.84004 1.49
      vertex 59.3013 2.32579 0
      vertex 60.2066 2.96424 1.49
    endloop
  endfacet
  facet normal 0.726677 0.350206 -0.591013
    outer loop
      vertex 59.3013 2.32579 0
      vertex 60.2653 2.84004 1.49
      vertex 59.3017 2.32496 0
    endloop
  endfacet
  facet normal -0.761367 -0.265593 -0.591423
    outer loop
      vertex 63.8853 4.22358 0
      vertex 62.7934 4.03576 1.49
      vertex 63.885 4.22444 0
    endloop
  endfacet
  facet normal -0.759565 -0.27186 -0.590892
    outer loop
      vertex 62.7934 4.03576 1.49
      vertex 63.8853 4.22358 0
      vertex 62.8397 3.9064 1.49
    endloop
  endfacet
  facet normal 0.648088 0.480421 -0.590912
    outer loop
      vertex 60.4178 2.61185 1.49
      vertex 59.5731 1.91867 0
      vertex 59.428 2.11441 0
    endloop
  endfacet
  facet normal -0.196007 0.78257 -0.590903
    outer loop
      vertex 62.2227 1.11444 0
      vertex 61.9863 1.05523 0
      vertex 61.7731 2.1269 1.49
    endloop
  endfacet
  facet normal 0.597684 -0.541845 -0.590913
    outer loop
      vertex 59.7368 5.2619 0
      vertex 60.4178 4.38815 1.49
      vertex 59.5731 5.08133 0
    endloop
  endfacet
  facet normal -0.729396 0.344731 -0.590883
    outer loop
      vertex 63.6987 2.32579 0
      vertex 62.7347 2.84004 1.49
      vertex 62.7934 2.96424 1.49
    endloop
  endfacet
  facet normal -0.726677 0.350206 -0.591013
    outer loop
      vertex 62.7347 2.84004 1.49
      vertex 63.6987 2.32579 0
      vertex 63.6983 2.32496 0
    endloop
  endfacet
  facet normal -0.648088 0.480421 -0.590912
    outer loop
      vertex 63.572 2.11441 0
      vertex 63.4269 1.91867 0
      vertex 62.5822 2.61185 1.49
    endloop
  endfacet
  facet normal 0.271767 0.759597 -0.590894
    outer loop
      vertex 60.9642 2.20657 1.49
      vertex 60.7756 1.11497 0
      vertex 60.5461 1.19708 0
    endloop
  endfacet
  facet normal -0.764289 -0.257626 -0.591178
    outer loop
      vertex 63.8856 4.22269 0
      vertex 62.8397 3.9064 1.49
      vertex 63.8853 4.22358 0
    endloop
  endfacet
  facet normal -0.782527 -0.196116 -0.590923
    outer loop
      vertex 62.8397 3.9064 1.49
      vertex 63.8856 4.22269 0
      vertex 62.8731 3.77313 1.49
    endloop
  endfacet
  facet normal 0.729286 -0.34493 -0.590902
    outer loop
      vertex 59.3013 4.67421 0
      vertex 60.2066 4.03576 1.49
      vertex 59.1971 4.4539 0
    endloop
  endfacet
  facet normal 0.724956 -0.353637 -0.591084
    outer loop
      vertex 60.2653 4.15996 1.49
      vertex 59.3013 4.67421 0
      vertex 59.3017 4.67503 0
    endloop
  endfacet
  facet normal 0.729396 -0.344731 -0.590883
    outer loop
      vertex 59.3013 4.67421 0
      vertex 60.2653 4.15996 1.49
      vertex 60.2066 4.03576 1.49
    endloop
  endfacet
  facet normal 0.11838 0.798011 -0.590902
    outer loop
      vertex 61.2557 1.01933 0
      vertex 61.2269 2.1269 1.49
      vertex 61.3628 2.10674 1.49
    endloop
  endfacet
  facet normal 0.124057 0.797507 -0.590417
    outer loop
      vertex 61.2269 2.1269 1.49
      vertex 61.2557 1.01933 0
      vertex 61.2548 1.01947 0
    endloop
  endfacet
  facet normal -0.283542 0.756111 -0.58983
    outer loop
      vertex 62.2236 1.11467 0
      vertex 62.0358 2.20657 1.49
      vertex 62.2244 1.11497 0
    endloop
  endfacet
  facet normal -0.271732 0.759604 -0.590901
    outer loop
      vertex 62.0358 2.20657 1.49
      vertex 62.2236 1.11467 0
      vertex 61.9064 2.16028 1.49
    endloop
  endfacet
  facet normal -0.118362 0.798014 -0.590901
    outer loop
      vertex 61.7731 2.1269 1.49
      vertex 61.9863 1.05523 0
      vertex 61.7452 1.01947 0
    endloop
  endfacet
  facet normal -0.759583 0.271788 -0.590902
    outer loop
      vertex 63.885 2.77555 0
      vertex 63.8029 2.5461 0
      vertex 62.7934 2.96424 1.49
    endloop
  endfacet
  facet normal -0.344919 0.729299 -0.590893
    outer loop
      vertex 62.6742 1.30127 0
      vertex 62.4539 1.19708 0
      vertex 62.0358 2.20657 1.49
    endloop
  endfacet
  facet normal 0.597962 0.541573 -0.59088
    outer loop
      vertex 60.51 2.51005 1.49
      vertex 59.7368 1.7381 0
      vertex 60.4178 2.61185 1.49
    endloop
  endfacet
  facet normal 0.60509 0.533903 -0.590605
    outer loop
      vertex 59.7368 1.7381 0
      vertex 60.51 2.51005 1.49
      vertex 59.7374 1.73742 0
    endloop
  endfacet
  facet normal 0.60509 -0.533903 -0.590605
    outer loop
      vertex 60.51 4.48995 1.49
      vertex 59.7368 5.2619 0
      vertex 59.7374 5.26258 0
    endloop
  endfacet
  facet normal 0.597962 -0.541573 -0.59088
    outer loop
      vertex 59.7368 5.2619 0
      vertex 60.51 4.48995 1.49
      vertex 60.4178 4.38815 1.49
    endloop
  endfacet
  facet normal -0.480636 -0.647933 -0.590908
    outer loop
      vertex 62.8856 5.57203 0
      vertex 63.0813 5.42686 0
      vertex 62.3881 4.58221 1.49
    endloop
  endfacet
  facet normal 0.40872 -0.695693 -0.590728
    outer loop
      vertex 60.1159 5.57305 0
      vertex 60.7222 4.66406 1.49
      vertex 60.1151 5.57258 0
    endloop
  endfacet
  facet normal 0.414848 -0.691902 -0.590909
    outer loop
      vertex 60.7222 4.66406 1.49
      vertex 60.1159 5.57305 0
      vertex 60.84 4.73469 1.49
    endloop
  endfacet
  facet normal 0.118362 -0.798014 -0.590901
    outer loop
      vertex 61.2548 5.98053 0
      vertex 61.2269 4.8731 1.49
      vertex 61.0137 5.94477 0
    endloop
  endfacet
  facet normal 0.480646 0.647947 -0.590884
    outer loop
      vertex 60.6118 2.41778 1.49
      vertex 60.1144 1.42797 0
      vertex 59.9187 1.57314 0
    endloop
  endfacet
  facet normal -0.124057 0.797507 -0.590417
    outer loop
      vertex 61.7443 1.01933 0
      vertex 61.7731 2.1269 1.49
      vertex 61.7452 1.01947 0
    endloop
  endfacet
  facet normal -0.11838 0.798011 -0.590902
    outer loop
      vertex 61.7731 2.1269 1.49
      vertex 61.7443 1.01933 0
      vertex 61.6372 2.10674 1.49
    endloop
  endfacet
  facet normal -0.541725 -0.597797 -0.590908
    outer loop
      vertex 63.0813 5.42686 0
      vertex 63.2619 5.2632 0
      vertex 62.3881 4.58221 1.49
    endloop
  endfacet
  facet normal 0.78257 0.195982 -0.590911
    outer loop
      vertex 60.1269 3.22687 1.49
      vertex 59.1144 2.77731 0
      vertex 59.0552 3.0137 0
    endloop
  endfacet
  facet normal 0.759565 0.27186 -0.590892
    outer loop
      vertex 60.2066 2.96424 1.49
      vertex 59.1147 2.77642 0
      vertex 60.1603 3.0936 1.49
    endloop
  endfacet
  facet normal 0.762155 0.262812 -0.59165
    outer loop
      vertex 59.1147 2.77642 0
      vertex 60.2066 2.96424 1.49
      vertex 59.115 2.77555 0
    endloop
  endfacet
  facet normal -0.80576 0.0397236 -0.590909
    outer loop
      vertex 63.9927 3.5 0
      vertex 63.9807 3.25659 0
      vertex 62.9 3.5 1.49
    endloop
  endfacet
  facet normal -0.271732 -0.759604 -0.590901
    outer loop
      vertex 62.2236 5.88533 0
      vertex 62.0358 4.79343 1.49
      vertex 61.9064 4.83972 1.49
    endloop
  endfacet
  facet normal -0.291994 -0.753533 -0.589006
    outer loop
      vertex 62.0358 4.79343 1.49
      vertex 62.2236 5.88533 0
      vertex 62.2244 5.88502 0
    endloop
  endfacet
  facet normal 0.541737 -0.59781 -0.590885
    outer loop
      vertex 59.9187 5.42686 0
      vertex 60.6118 4.58221 1.49
      vertex 59.7381 5.2632 0
    endloop
  endfacet
  facet normal 0.759587 -0.271778 -0.590902
    outer loop
      vertex 59.1971 4.4539 0
      vertex 60.2066 4.03576 1.49
      vertex 59.115 4.22444 0
    endloop
  endfacet
  facet normal -0.118381 -0.798013 -0.590898
    outer loop
      vertex 61.7443 5.98066 0
      vertex 61.7731 4.8731 1.49
      vertex 61.6372 4.89326 1.49
    endloop
  endfacet
  facet normal -0.115306 -0.798275 -0.591152
    outer loop
      vertex 61.7731 4.8731 1.49
      vertex 61.7443 5.98066 0
      vertex 61.7452 5.98053 0
    endloop
  endfacet
  facet normal -0.199733 0.781565 -0.590985
    outer loop
      vertex 62.2227 1.11444 0
      vertex 61.9064 2.16028 1.49
      vertex 62.2236 1.11467 0
    endloop
  endfacet
  facet normal -0.195968 0.782582 -0.590899
    outer loop
      vertex 61.9064 2.16028 1.49
      vertex 62.2227 1.11444 0
      vertex 61.7731 2.1269 1.49
    endloop
  endfacet
  facet normal 0.648088 -0.480421 -0.590912
    outer loop
      vertex 59.5731 5.08133 0
      vertex 60.4178 4.38815 1.49
      vertex 59.428 4.88559 0
    endloop
  endfacet
  facet normal 0.196007 -0.78257 -0.590903
    outer loop
      vertex 61.0137 5.94477 0
      vertex 61.2269 4.8731 1.49
      vertex 60.7773 5.88556 0
    endloop
  endfacet
  facet normal 0.196007 0.78257 -0.590903
    outer loop
      vertex 61.2269 2.1269 1.49
      vertex 61.0137 1.05523 0
      vertex 60.7773 1.11444 0
    endloop
  endfacet
  facet normal -0.729286 -0.34493 -0.590902
    outer loop
      vertex 63.6987 4.67421 0
      vertex 63.8029 4.4539 0
      vertex 62.7934 4.03576 1.49
    endloop
  endfacet
  facet normal -0.807764 0 -0.589505
    outer loop
      vertex 63.9807 3.74341 0
      vertex 62.8933 3.63722 1.49
      vertex 63.9807 3.74432 0
    endloop
  endfacet
  facet normal -0.805802 -0.0393446 -0.590877
    outer loop
      vertex 62.8933 3.63722 1.49
      vertex 63.9807 3.74341 0
      vertex 62.9 3.5 1.49
    endloop
  endfacet
  facet normal 0.353458 -0.725042 -0.591085
    outer loop
      vertex 60.3258 5.69873 0
      vertex 60.84 4.73469 1.49
      vertex 60.325 5.69834 0
    endloop
  endfacet
  facet normal 0.344919 -0.729298 -0.590893
    outer loop
      vertex 60.84 4.73469 1.49
      vertex 60.3258 5.69873 0
      vertex 60.9642 4.79343 1.49
    endloop
  endfacet
  facet normal -0.49933 0.635511 -0.588894
    outer loop
      vertex 62.8849 1.42742 0
      vertex 62.3881 2.41778 1.49
      vertex 62.8856 1.42797 0
    endloop
  endfacet
  facet normal -0.480711 0.647879 -0.590906
    outer loop
      vertex 62.3881 2.41778 1.49
      vertex 62.8849 1.42742 0
      vertex 62.2778 2.33594 1.49
    endloop
  endfacet
  facet normal 0.414657 -0.692033 -0.59089
    outer loop
      vertex 60.325 5.69834 0
      vertex 60.84 4.73469 1.49
      vertex 60.1159 5.57305 0
    endloop
  endfacet
  facet normal -0.53501 0.604043 -0.590674
    outer loop
      vertex 63.2619 1.7368 0
      vertex 62.4899 2.51005 1.49
      vertex 63.2626 1.73742 0
    endloop
  endfacet
  facet normal -0.541783 0.597741 -0.590912
    outer loop
      vertex 62.4899 2.51005 1.49
      vertex 63.2619 1.7368 0
      vertex 62.3881 2.41778 1.49
    endloop
  endfacet
  facet normal -0.344919 -0.729298 -0.590893
    outer loop
      vertex 62.6742 5.69873 0
      vertex 62.16 4.73469 1.49
      vertex 62.0358 4.79343 1.49
    endloop
  endfacet
  facet normal -0.353458 -0.725042 -0.591085
    outer loop
      vertex 62.16 4.73469 1.49
      vertex 62.6742 5.69873 0
      vertex 62.675 5.69834 0
    endloop
  endfacet
  facet normal 0.692066 0.414629 -0.59087
    outer loop
      vertex 60.3359 2.7222 1.49
      vertex 59.427 2.11593 0
      vertex 60.2653 2.84004 1.49
    endloop
  endfacet
  facet normal 0.719221 0.368831 -0.588799
    outer loop
      vertex 59.427 2.11593 0
      vertex 60.3359 2.7222 1.49
      vertex 59.4274 2.11515 0
    endloop
  endfacet
  facet normal -0.729286 0.34493 -0.590902
    outer loop
      vertex 63.8029 2.5461 0
      vertex 63.6987 2.32579 0
      vertex 62.7934 2.96424 1.49
    endloop
  endfacet
  facet normal 0.414657 0.692033 -0.59089
    outer loop
      vertex 60.84 2.26531 1.49
      vertex 60.325 1.30166 0
      vertex 60.1159 1.42695 0
    endloop
  endfacet
  facet normal -0.414848 -0.691902 -0.590909
    outer loop
      vertex 62.8841 5.57305 0
      vertex 62.2778 4.66406 1.49
      vertex 62.16 4.73469 1.49
    endloop
  endfacet
  facet normal -0.40872 -0.695693 -0.590728
    outer loop
      vertex 62.2778 4.66406 1.49
      vertex 62.8841 5.57305 0
      vertex 62.8849 5.57258 0
    endloop
  endfacet
  facet normal 0.0395934 0.805772 -0.590901
    outer loop
      vertex 61.5 2.1 1.49
      vertex 61.5 1.00733 0
      vertex 61.2566 1.01929 0
    endloop
  endfacet
  facet normal 0.541795 0.597753 -0.590889
    outer loop
      vertex 59.7381 1.7368 0
      vertex 60.51 2.51005 1.49
      vertex 60.6118 2.41778 1.49
    endloop
  endfacet
  facet normal 0.535021 0.604056 -0.590651
    outer loop
      vertex 60.51 2.51005 1.49
      vertex 59.7381 1.7368 0
      vertex 59.7374 1.73742 0
    endloop
  endfacet
  facet normal -0.414657 0.692033 -0.59089
    outer loop
      vertex 62.8841 1.42695 0
      vertex 62.675 1.30166 0
      vertex 62.16 2.26531 1.49
    endloop
  endfacet
  facet normal 0.344919 0.729299 -0.590893
    outer loop
      vertex 60.9642 2.20657 1.49
      vertex 60.5461 1.19708 0
      vertex 60.3258 1.30127 0
    endloop
  endfacet
  facet normal -0.692066 0.414629 -0.59087
    outer loop
      vertex 63.573 2.11593 0
      vertex 62.6641 2.7222 1.49
      vertex 62.7347 2.84004 1.49
    endloop
  endfacet
  facet normal -0.719221 0.368831 -0.588799
    outer loop
      vertex 62.6641 2.7222 1.49
      vertex 63.573 2.11593 0
      vertex 63.5726 2.11515 0
    endloop
  endfacet
  facet normal 0.791912 -0.174046 -0.585307
    outer loop
      vertex 60.1269 3.77313 1.49
      vertex 59.0193 3.74432 0
      vertex 59.0195 3.74523 0
    endloop
  endfacet
  facet normal 0.797984 -0.118603 -0.590893
    outer loop
      vertex 59.0193 3.74432 0
      vertex 60.1269 3.77313 1.49
      vertex 60.1067 3.63722 1.49
    endloop
  endfacet
  facet normal 0.764289 -0.257626 -0.591178
    outer loop
      vertex 60.1603 3.9064 1.49
      vertex 59.1144 4.22269 0
      vertex 59.1147 4.22358 0
    endloop
  endfacet
  facet normal 0.782527 -0.196116 -0.590923
    outer loop
      vertex 59.1144 4.22269 0
      vertex 60.1603 3.9064 1.49
      vertex 60.1269 3.77313 1.49
    endloop
  endfacet
  facet normal -0.344919 -0.729299 -0.590893
    outer loop
      vertex 62.4539 5.80292 0
      vertex 62.6742 5.69873 0
      vertex 62.0358 4.79343 1.49
    endloop
  endfacet
  facet normal -0.118362 -0.798014 -0.590901
    outer loop
      vertex 61.9863 5.94477 0
      vertex 61.7731 4.8731 1.49
      vertex 61.7452 5.98053 0
    endloop
  endfacet
  facet normal -0.597684 -0.541845 -0.590913
    outer loop
      vertex 63.2632 5.2619 0
      vertex 63.4269 5.08133 0
      vertex 62.5822 4.38815 1.49
    endloop
  endfacet
  facet normal 0.729286 0.34493 -0.590902
    outer loop
      vertex 60.2066 2.96424 1.49
      vertex 59.3013 2.32579 0
      vertex 59.1971 2.5461 0
    endloop
  endfacet
  facet normal 0.80576 -0.0397236 -0.590909
    outer loop
      vertex 59.0193 3.74341 0
      vertex 60.1 3.5 1.49
      vertex 59.0073 3.5 0
    endloop
  endfacet
  facet normal -0.0395934 -0.805772 -0.590901
    outer loop
      vertex 61.5 5.99267 0
      vertex 61.7434 5.98071 0
      vertex 61.5 4.9 1.49
    endloop
  endfacet
  facet normal 0.480645 -0.647945 -0.590887
    outer loop
      vertex 60.1144 5.57203 0
      vertex 60.6118 4.58221 1.49
      vertex 59.9187 5.42686 0
    endloop
  endfacet
  facet normal -0.480637 0.647934 -0.590905
    outer loop
      vertex 63.0813 1.57314 0
      vertex 62.8856 1.42797 0
      vertex 62.3881 2.41778 1.49
    endloop
  endfacet
  facet normal -0.480749 -0.647851 -0.590905
    outer loop
      vertex 62.8849 5.57258 0
      vertex 62.3881 4.58221 1.49
      vertex 62.2778 4.66406 1.49
    endloop
  endfacet
  facet normal -0.499329 -0.635509 -0.588896
    outer loop
      vertex 62.3881 4.58221 1.49
      vertex 62.8849 5.57258 0
      vertex 62.8856 5.57203 0
    endloop
  endfacet
  facet normal 0.0395934 -0.805772 -0.590901
    outer loop
      vertex 61.5 5.99267 0
      vertex 61.5 4.9 1.49
      vertex 61.2566 5.98071 0
    endloop
  endfacet
  facet normal 0.691969 -0.414771 -0.590884
    outer loop
      vertex 59.427 4.88407 0
      vertex 60.2653 4.15996 1.49
      vertex 59.3017 4.67503 0
    endloop
  endfacet
  facet normal -0.782527 0.196116 -0.590923
    outer loop
      vertex 63.8856 2.77731 0
      vertex 62.8397 3.0936 1.49
      vertex 62.8731 3.22687 1.49
    endloop
  endfacet
  facet normal -0.764289 0.257626 -0.591178
    outer loop
      vertex 62.8397 3.0936 1.49
      vertex 63.8856 2.77731 0
      vertex 63.8853 2.77642 0
    endloop
  endfacet
  facet normal -0.628494 -0.50959 -0.587634
    outer loop
      vertex 63.5726 4.88485 0
      vertex 62.5822 4.38815 1.49
      vertex 63.572 4.88559 0
    endloop
  endfacet
  facet normal -0.647825 -0.480806 -0.590888
    outer loop
      vertex 62.5822 4.38815 1.49
      vertex 63.5726 4.88485 0
      vertex 62.6641 4.2778 1.49
    endloop
  endfacet
  facet normal -0.648088 -0.480421 -0.590912
    outer loop
      vertex 63.4269 5.08133 0
      vertex 63.572 4.88559 0
      vertex 62.5822 4.38815 1.49
    endloop
  endfacet
  facet normal -0.78257 0.195982 -0.590911
    outer loop
      vertex 63.9448 3.0137 0
      vertex 63.8856 2.77731 0
      vertex 62.8731 3.22687 1.49
    endloop
  endfacet
  facet normal -0.798037 0.118181 -0.590906
    outer loop
      vertex 63.9805 3.25477 0
      vertex 63.9448 3.0137 0
      vertex 62.8731 3.22687 1.49
    endloop
  endfacet
  facet normal -0.759587 -0.271778 -0.590902
    outer loop
      vertex 63.8029 4.4539 0
      vertex 63.885 4.22444 0
      vertex 62.7934 4.03576 1.49
    endloop
  endfacet
  facet normal -0.791912 -0.174046 -0.585307
    outer loop
      vertex 63.9807 3.74432 0
      vertex 62.8731 3.77313 1.49
      vertex 63.9805 3.74523 0
    endloop
  endfacet
  facet normal -0.797984 -0.118603 -0.590893
    outer loop
      vertex 62.8731 3.77313 1.49
      vertex 63.9807 3.74432 0
      vertex 62.8933 3.63722 1.49
    endloop
  endfacet
  facet normal 0.199733 -0.781565 -0.590985
    outer loop
      vertex 60.7773 5.88556 0
      vertex 61.0936 4.83972 1.49
      vertex 60.7764 5.88533 0
    endloop
  endfacet
  facet normal 0.195968 -0.782582 -0.590899
    outer loop
      vertex 61.0936 4.83972 1.49
      vertex 60.7773 5.88556 0
      vertex 61.2269 4.8731 1.49
    endloop
  endfacet
  facet normal -0.0395839 -0.805773 -0.5909
    outer loop
      vertex 61.7434 5.98071 0
      vertex 61.6372 4.89326 1.49
      vertex 61.5 4.9 1.49
    endloop
  endfacet
  facet normal -0.0447456 -0.805421 -0.591012
    outer loop
      vertex 61.6372 4.89326 1.49
      vertex 61.7434 5.98071 0
      vertex 61.7443 5.98066 0
    endloop
  endfacet
  facet normal -0.271738 -0.759608 -0.590893
    outer loop
      vertex 62.2244 5.88502 0
      vertex 62.4539 5.80292 0
      vertex 62.0358 4.79343 1.49
    endloop
  endfacet
  facet normal 0.344919 -0.729299 -0.590893
    outer loop
      vertex 60.5461 5.80292 0
      vertex 60.9642 4.79343 1.49
      vertex 60.3258 5.69873 0
    endloop
  endfacet
  facet normal 0.798037 0.118181 -0.590906
    outer loop
      vertex 60.1269 3.22687 1.49
      vertex 59.0552 3.0137 0
      vertex 59.0195 3.25477 0
    endloop
  endfacet
  facet normal 0.499338 -0.635522 -0.588875
    outer loop
      vertex 60.1151 5.57258 0
      vertex 60.6118 4.58221 1.49
      vertex 60.1144 5.57203 0
    endloop
  endfacet
  facet normal 0.480465 -0.648055 -0.590913
    outer loop
      vertex 60.6118 4.58221 1.49
      vertex 60.1151 5.57258 0
      vertex 60.7222 4.66406 1.49
    endloop
  endfacet
  facet normal -0.271767 0.759597 -0.590894
    outer loop
      vertex 62.4539 1.19708 0
      vertex 62.2244 1.11497 0
      vertex 62.0358 2.20657 1.49
    endloop
  endfacet
  facet normal -0.195968 -0.782582 -0.590899
    outer loop
      vertex 62.2227 5.88556 0
      vertex 61.9064 4.83972 1.49
      vertex 61.7731 4.8731 1.49
    endloop
  endfacet
  facet normal -0.199733 -0.781565 -0.590985
    outer loop
      vertex 61.9064 4.83972 1.49
      vertex 62.2227 5.88556 0
      vertex 62.2236 5.88533 0
    endloop
  endfacet
  facet normal 0.80576 0.0397236 -0.590909
    outer loop
      vertex 60.1 3.5 1.49
      vertex 59.0193 3.25659 0
      vertex 59.0073 3.5 0
    endloop
  endfacet
  facet normal 0.805802 0.0393446 -0.590877
    outer loop
      vertex 60.1067 3.36278 1.49
      vertex 59.0193 3.25659 0
      vertex 60.1 3.5 1.49
    endloop
  endfacet
  facet normal 0.807764 0 -0.589505
    outer loop
      vertex 59.0193 3.25659 0
      vertex 60.1067 3.36278 1.49
      vertex 59.0193 3.25568 0
    endloop
  endfacet
  facet normal 0.0395839 0.805773 -0.5909
    outer loop
      vertex 61.2566 1.01929 0
      vertex 61.3628 2.10674 1.49
      vertex 61.5 2.1 1.49
    endloop
  endfacet
  facet normal 0.0358229 0.806016 -0.590809
    outer loop
      vertex 61.3628 2.10674 1.49
      vertex 61.2566 1.01929 0
      vertex 61.2557 1.01933 0
    endloop
  endfacet
  facet normal -0.0395934 0.805772 -0.590901
    outer loop
      vertex 61.5 2.1 1.49
      vertex 61.7434 1.01929 0
      vertex 61.5 1.00733 0
    endloop
  endfacet
  facet normal 0.798037 -0.118186 -0.590905
    outer loop
      vertex 59.0552 3.98629 0
      vertex 60.1269 3.77313 1.49
      vertex 59.0195 3.74523 0
    endloop
  endfacet
  facet normal 0.782572 -0.195974 -0.59091
    outer loop
      vertex 59.1144 4.22269 0
      vertex 60.1269 3.77313 1.49
      vertex 59.0552 3.98629 0
    endloop
  endfacet
  facet normal 0.761367 -0.265593 -0.591423
    outer loop
      vertex 60.2066 4.03576 1.49
      vertex 59.1147 4.22358 0
      vertex 59.115 4.22444 0
    endloop
  endfacet
  facet normal 0.759565 -0.27186 -0.590892
    outer loop
      vertex 59.1147 4.22358 0
      vertex 60.2066 4.03576 1.49
      vertex 60.1603 3.9064 1.49
    endloop
  endfacet
  facet normal 0.759583 0.271788 -0.590902
    outer loop
      vertex 60.2066 2.96424 1.49
      vertex 59.1971 2.5461 0
      vertex 59.115 2.77555 0
    endloop
  endfacet
  facet normal 0.414848 0.691902 -0.590909
    outer loop
      vertex 60.1159 1.42695 0
      vertex 60.7222 2.33594 1.49
      vertex 60.84 2.26531 1.49
    endloop
  endfacet
  facet normal 0.40872 0.695693 -0.590728
    outer loop
      vertex 60.7222 2.33594 1.49
      vertex 60.1159 1.42695 0
      vertex 60.1151 1.42742 0
    endloop
  endfacet
  facet normal -0.414657 -0.692033 -0.59089
    outer loop
      vertex 62.675 5.69834 0
      vertex 62.8841 5.57305 0
      vertex 62.16 4.73469 1.49
    endloop
  endfacet
  facet normal 0.535021 -0.604056 -0.590651
    outer loop
      vertex 59.7381 5.2632 0
      vertex 60.51 4.48995 1.49
      vertex 59.7374 5.26258 0
    endloop
  endfacet
  facet normal 0.541763 -0.597783 -0.590888
    outer loop
      vertex 60.51 4.48995 1.49
      vertex 59.7381 5.2632 0
      vertex 60.6118 4.58221 1.49
    endloop
  endfacet
  facet normal -0.798037 -0.118186 -0.590905
    outer loop
      vertex 63.9448 3.98629 0
      vertex 63.9805 3.74523 0
      vertex 62.8731 3.77313 1.49
    endloop
  endfacet
  facet normal -0.805802 0.0393446 -0.590877
    outer loop
      vertex 63.9807 3.25659 0
      vertex 62.8933 3.36278 1.49
      vertex 62.9 3.5 1.49
    endloop
  endfacet
  facet normal -0.807764 0 -0.589505
    outer loop
      vertex 62.8933 3.36278 1.49
      vertex 63.9807 3.25659 0
      vertex 63.9807 3.25568 0
    endloop
  endfacet
  facet normal -0.196007 -0.78257 -0.590903
    outer loop
      vertex 61.9863 5.94477 0
      vertex 62.2227 5.88556 0
      vertex 61.7731 4.8731 1.49
    endloop
  endfacet
  facet normal 0.541738 0.597812 -0.590882
    outer loop
      vertex 60.6118 2.41778 1.49
      vertex 59.9187 1.57314 0
      vertex 59.7381 1.7368 0
    endloop
  endfacet
  facet normal 0.719221 -0.368831 -0.588799
    outer loop
      vertex 60.3359 4.2778 1.49
      vertex 59.427 4.88407 0
      vertex 59.4274 4.88485 0
    endloop
  endfacet
  facet normal 0.692066 -0.414629 -0.59087
    outer loop
      vertex 59.427 4.88407 0
      vertex 60.3359 4.2778 1.49
      vertex 60.2653 4.15996 1.49
    endloop
  endfacet
  facet normal -0.791912 0.174046 -0.585307
    outer loop
      vertex 62.8731 3.22687 1.49
      vertex 63.9807 3.25568 0
      vertex 63.9805 3.25477 0
    endloop
  endfacet
  facet normal -0.797984 0.118603 -0.590893
    outer loop
      vertex 63.9807 3.25568 0
      vertex 62.8731 3.22687 1.49
      vertex 62.8933 3.36278 1.49
    endloop
  endfacet
  facet normal -0.724956 -0.353637 -0.591084
    outer loop
      vertex 63.6987 4.67421 0
      vertex 62.7347 4.15996 1.49
      vertex 63.6983 4.67503 0
    endloop
  endfacet
  facet normal -0.729396 -0.344731 -0.590883
    outer loop
      vertex 62.7347 4.15996 1.49
      vertex 63.6987 4.67421 0
      vertex 62.7934 4.03576 1.49
    endloop
  endfacet
  facet normal -0.691969 -0.414771 -0.590884
    outer loop
      vertex 63.573 4.88407 0
      vertex 63.6983 4.67503 0
      vertex 62.7347 4.15996 1.49
    endloop
  endfacet
  facet normal 0.118362 0.798014 -0.590901
    outer loop
      vertex 61.2269 2.1269 1.49
      vertex 61.2548 1.01947 0
      vertex 61.0137 1.05523 0
    endloop
  endfacet
  facet normal -0.782572 -0.195974 -0.59091
    outer loop
      vertex 63.8856 4.22269 0
      vertex 63.9448 3.98629 0
      vertex 62.8731 3.77313 1.49
    endloop
  endfacet
  facet normal -0.691959 0.414785 -0.590886
    outer loop
      vertex 63.6983 2.32496 0
      vertex 63.573 2.11593 0
      vertex 62.7347 2.84004 1.49
    endloop
  endfacet
  facet normal 0.115306 -0.798275 -0.591152
    outer loop
      vertex 61.2557 5.98066 0
      vertex 61.2269 4.8731 1.49
      vertex 61.2548 5.98053 0
    endloop
  endfacet
  facet normal 0.118381 -0.798013 -0.590898
    outer loop
      vertex 61.2269 4.8731 1.49
      vertex 61.2557 5.98066 0
      vertex 61.3628 4.89326 1.49
    endloop
  endfacet
  facet normal -0.597684 0.541845 -0.590913
    outer loop
      vertex 63.4269 1.91867 0
      vertex 63.2632 1.7381 0
      vertex 62.5822 2.61185 1.49
    endloop
  endfacet
  facet normal -0.0358229 0.806016 -0.590809
    outer loop
      vertex 61.7434 1.01929 0
      vertex 61.6372 2.10674 1.49
      vertex 61.7443 1.01933 0
    endloop
  endfacet
  facet normal -0.0395839 0.805773 -0.5909
    outer loop
      vertex 61.6372 2.10674 1.49
      vertex 61.7434 1.01929 0
      vertex 61.5 2.1 1.49
    endloop
  endfacet
  facet normal -0.759565 0.27186 -0.590892
    outer loop
      vertex 63.8853 2.77642 0
      vertex 62.7934 2.96424 1.49
      vertex 62.8397 3.0936 1.49
    endloop
  endfacet
  facet normal -0.762155 0.262812 -0.59165
    outer loop
      vertex 62.7934 2.96424 1.49
      vertex 63.8853 2.77642 0
      vertex 63.885 2.77555 0
    endloop
  endfacet
  facet normal 0.628494 -0.50959 -0.587634
    outer loop
      vertex 60.4178 4.38815 1.49
      vertex 59.4274 4.88485 0
      vertex 59.428 4.88559 0
    endloop
  endfacet
  facet normal 0.647825 -0.480806 -0.590888
    outer loop
      vertex 59.4274 4.88485 0
      vertex 60.4178 4.38815 1.49
      vertex 60.3359 4.2778 1.49
    endloop
  endfacet
  facet normal 0.344919 0.729298 -0.590893
    outer loop
      vertex 60.3258 1.30127 0
      vertex 60.84 2.26531 1.49
      vertex 60.9642 2.20657 1.49
    endloop
  endfacet
  facet normal 0.353458 0.725042 -0.591085
    outer loop
      vertex 60.84 2.26531 1.49
      vertex 60.3258 1.30127 0
      vertex 60.325 1.30166 0
    endloop
  endfacet
  facet normal 0.647825 0.480806 -0.590888
    outer loop
      vertex 60.4178 2.61185 1.49
      vertex 59.4274 2.11515 0
      vertex 60.3359 2.7222 1.49
    endloop
  endfacet
  facet normal 0.628494 0.50959 -0.587634
    outer loop
      vertex 59.4274 2.11515 0
      vertex 60.4178 2.61185 1.49
      vertex 59.428 2.11441 0
    endloop
  endfacet
  facet normal 0.807764 0 -0.589505
    outer loop
      vertex 60.1067 3.63722 1.49
      vertex 59.0193 3.74341 0
      vertex 59.0193 3.74432 0
    endloop
  endfacet
  facet normal 0.805802 -0.0393446 -0.590877
    outer loop
      vertex 59.0193 3.74341 0
      vertex 60.1067 3.63722 1.49
      vertex 60.1 3.5 1.49
    endloop
  endfacet
  facet normal -0.597651 0.541878 -0.590917
    outer loop
      vertex 63.2632 1.7381 0
      vertex 62.4899 2.51005 1.49
      vertex 62.5822 2.61185 1.49
    endloop
  endfacet
  facet normal -0.605075 0.53389 -0.590632
    outer loop
      vertex 62.4899 2.51005 1.49
      vertex 63.2632 1.7381 0
      vertex 63.2626 1.73742 0
    endloop
  endfacet
  facet normal -0.40872 0.695693 -0.590728
    outer loop
      vertex 62.8841 1.42695 0
      vertex 62.2778 2.33594 1.49
      vertex 62.8849 1.42742 0
    endloop
  endfacet
  facet normal -0.414848 0.691902 -0.590909
    outer loop
      vertex 62.2778 2.33594 1.49
      vertex 62.8841 1.42695 0
      vertex 62.16 2.26531 1.49
    endloop
  endfacet
  facet normal 0.271732 0.759604 -0.590901
    outer loop
      vertex 60.7764 1.11467 0
      vertex 60.9642 2.20657 1.49
      vertex 61.0936 2.16028 1.49
    endloop
  endfacet
  facet normal 0.283542 0.756111 -0.58983
    outer loop
      vertex 60.9642 2.20657 1.49
      vertex 60.7764 1.11467 0
      vertex 60.7756 1.11497 0
    endloop
  endfacet
  facet normal -0.719221 -0.368831 -0.588799
    outer loop
      vertex 63.573 4.88407 0
      vertex 62.6641 4.2778 1.49
      vertex 63.5726 4.88485 0
    endloop
  endfacet
  facet normal -0.692066 -0.414629 -0.59087
    outer loop
      vertex 62.6641 4.2778 1.49
      vertex 63.573 4.88407 0
      vertex 62.7347 4.15996 1.49
    endloop
  endfacet
  facet normal 0.480426 0.648082 -0.590914
    outer loop
      vertex 60.1151 1.42742 0
      vertex 60.6118 2.41778 1.49
      vertex 60.7222 2.33594 1.49
    endloop
  endfacet
  facet normal 0.49934 0.635523 -0.588872
    outer loop
      vertex 60.6118 2.41778 1.49
      vertex 60.1151 1.42742 0
      vertex 60.1144 1.42797 0
    endloop
  endfacet
  facet normal 0.195968 0.782582 -0.590899
    outer loop
      vertex 60.7773 1.11444 0
      vertex 61.0936 2.16028 1.49
      vertex 61.2269 2.1269 1.49
    endloop
  endfacet
  facet normal 0.199733 0.781565 -0.590985
    outer loop
      vertex 61.0936 2.16028 1.49
      vertex 60.7773 1.11444 0
      vertex 60.7764 1.11467 0
    endloop
  endfacet
  facet normal -0.647825 0.480806 -0.590888
    outer loop
      vertex 63.5726 2.11515 0
      vertex 62.5822 2.61185 1.49
      vertex 62.6641 2.7222 1.49
    endloop
  endfacet
  facet normal -0.628494 0.50959 -0.587634
    outer loop
      vertex 62.5822 2.61185 1.49
      vertex 63.5726 2.11515 0
      vertex 63.572 2.11441 0
    endloop
  endfacet
  facet normal -0.353458 0.725042 -0.591085
    outer loop
      vertex 62.6742 1.30127 0
      vertex 62.16 2.26531 1.49
      vertex 62.675 1.30166 0
    endloop
  endfacet
  facet normal -0.344919 0.729298 -0.590893
    outer loop
      vertex 62.16 2.26531 1.49
      vertex 62.6742 1.30127 0
      vertex 62.0358 2.20657 1.49
    endloop
  endfacet
  facet normal 0.797984 0.118603 -0.590893
    outer loop
      vertex 60.1269 3.22687 1.49
      vertex 59.0193 3.25568 0
      vertex 60.1067 3.36278 1.49
    endloop
  endfacet
  facet normal 0.791912 0.174046 -0.585307
    outer loop
      vertex 59.0193 3.25568 0
      vertex 60.1269 3.22687 1.49
      vertex 59.0195 3.25477 0
    endloop
  endfacet
  facet normal -0.541726 0.597799 -0.590906
    outer loop
      vertex 63.2619 1.7368 0
      vertex 63.0813 1.57314 0
      vertex 62.3881 2.41778 1.49
    endloop
  endfacet
  facet normal 0.0447456 -0.805421 -0.591012
    outer loop
      vertex 61.2566 5.98071 0
      vertex 61.3628 4.89326 1.49
      vertex 61.2557 5.98066 0
    endloop
  endfacet
  facet normal 0.0395839 -0.805773 -0.5909
    outer loop
      vertex 61.3628 4.89326 1.49
      vertex 61.2566 5.98071 0
      vertex 61.5 4.9 1.49
    endloop
  endfacet
  facet normal 0.782527 0.196116 -0.590923
    outer loop
      vertex 60.1603 3.0936 1.49
      vertex 59.1144 2.77731 0
      vertex 60.1269 3.22687 1.49
    endloop
  endfacet
  facet normal 0.764289 0.257626 -0.591178
    outer loop
      vertex 59.1144 2.77731 0
      vertex 60.1603 3.0936 1.49
      vertex 59.1147 2.77642 0
    endloop
  endfacet
  facet normal 0.291994 -0.753533 -0.589006
    outer loop
      vertex 60.7764 5.88533 0
      vertex 60.9642 4.79343 1.49
      vertex 60.7756 5.88502 0
    endloop
  endfacet
  facet normal 0.271732 -0.759604 -0.590901
    outer loop
      vertex 60.9642 4.79343 1.49
      vertex 60.7764 5.88533 0
      vertex 61.0936 4.83972 1.49
    endloop
  endfacet
  facet normal 0.271738 -0.759608 -0.590893
    outer loop
      vertex 60.7756 5.88502 0
      vertex 60.9642 4.79343 1.49
      vertex 60.5461 5.80292 0
    endloop
  endfacet
  facet normal -0.605075 -0.53389 -0.590632
    outer loop
      vertex 63.2632 5.2619 0
      vertex 62.4899 4.48995 1.49
      vertex 63.2626 5.26258 0
    endloop
  endfacet
  facet normal -0.597651 -0.541878 -0.590917
    outer loop
      vertex 62.4899 4.48995 1.49
      vertex 63.2632 5.2619 0
      vertex 62.5822 4.38815 1.49
    endloop
  endfacet
  facet normal -0.541751 -0.59777 -0.590911
    outer loop
      vertex 63.2619 5.2632 0
      vertex 62.4899 4.48995 1.49
      vertex 62.3881 4.58221 1.49
    endloop
  endfacet
  facet normal -0.53501 -0.604043 -0.590674
    outer loop
      vertex 62.4899 4.48995 1.49
      vertex 63.2619 5.2632 0
      vertex 63.2626 5.26258 0
    endloop
  endfacet
  facet normal -0.85775 0.514067 0
    outer loop
      vertex 62.6641 25.7222 1.49
      vertex 62.7347 25.84 5.2
      vertex 62.7347 25.84 1.49
    endloop
  endfacet
  facet normal -0.85775 0.514067 0
    outer loop
      vertex 62.7347 25.84 5.2
      vertex 62.6641 25.7222 1.49
      vertex 62.6641 25.7222 5.2
    endloop
  endfacet
  facet normal 0.147023 -0.989133 0
    outer loop
      vertex 61.2269 27.8731 1.49
      vertex 61.3628 27.8933 5.2
      vertex 61.2269 27.8731 5.2
    endloop
  endfacet
  facet normal 0.147023 -0.989133 0
    outer loop
      vertex 61.3628 27.8933 5.2
      vertex 61.2269 27.8731 1.49
      vertex 61.3628 27.8933 1.49
    endloop
  endfacet
  facet normal -0.989133 -0.147023 0
    outer loop
      vertex 62.8933 26.6372 1.49
      vertex 62.8731 26.7731 5.2
      vertex 62.8731 26.7731 1.49
    endloop
  endfacet
  facet normal -0.989133 -0.147023 0
    outer loop
      vertex 62.8731 26.7731 5.2
      vertex 62.8933 26.6372 1.49
      vertex 62.8933 26.6372 5.2
    endloop
  endfacet
  facet normal -0.99881 -0.0487757 0
    outer loop
      vertex 62.9 26.5 1.49
      vertex 62.8933 26.6372 5.2
      vertex 62.8933 26.6372 1.49
    endloop
  endfacet
  facet normal -0.99881 -0.0487757 0
    outer loop
      vertex 62.8933 26.6372 5.2
      vertex 62.9 26.5 1.49
      vertex 62.9 26.5 5.2
    endloop
  endfacet
  facet normal -0.970014 -0.243049 0
    outer loop
      vertex 62.8731 26.7731 1.49
      vertex 62.8397 26.9064 5.2
      vertex 62.8397 26.9064 1.49
    endloop
  endfacet
  facet normal -0.970014 -0.243049 0
    outer loop
      vertex 62.8397 26.9064 5.2
      vertex 62.8731 26.7731 1.49
      vertex 62.8731 26.7731 5.2
    endloop
  endfacet
  facet normal -0.99881 0.0487757 0
    outer loop
      vertex 62.8933 26.3628 1.49
      vertex 62.9 26.5 5.2
      vertex 62.9 26.5 1.49
    endloop
  endfacet
  facet normal -0.99881 0.0487757 0
    outer loop
      vertex 62.9 26.5 5.2
      vertex 62.8933 26.3628 1.49
      vertex 62.8933 26.3628 5.2
    endloop
  endfacet
  facet normal -0.427304 -0.904108 0
    outer loop
      vertex 62.0358 27.7934 1.49
      vertex 62.16 27.7347 5.2
      vertex 62.0358 27.7934 5.2
    endloop
  endfacet
  facet normal -0.427304 -0.904108 -0
    outer loop
      vertex 62.16 27.7347 5.2
      vertex 62.0358 27.7934 1.49
      vertex 62.16 27.7347 1.49
    endloop
  endfacet
  facet normal 0.514067 -0.85775 0
    outer loop
      vertex 60.7222 27.6641 1.49
      vertex 60.84 27.7347 5.2
      vertex 60.7222 27.6641 5.2
    endloop
  endfacet
  facet normal 0.514067 -0.85775 0
    outer loop
      vertex 60.84 27.7347 5.2
      vertex 60.7222 27.6641 1.49
      vertex 60.84 27.7347 1.49
    endloop
  endfacet
  facet normal -0.941544 0.336889 0
    outer loop
      vertex 62.7934 25.9642 1.49
      vertex 62.8397 26.0936 5.2
      vertex 62.8397 26.0936 1.49
    endloop
  endfacet
  facet normal -0.941544 0.336889 0
    outer loop
      vertex 62.8397 26.0936 5.2
      vertex 62.7934 25.9642 1.49
      vertex 62.7934 25.9642 5.2
    endloop
  endfacet
  facet normal -0.336889 -0.941544 0
    outer loop
      vertex 61.9064 27.8397 1.49
      vertex 62.0358 27.7934 5.2
      vertex 61.9064 27.8397 5.2
    endloop
  endfacet
  facet normal -0.336889 -0.941544 -0
    outer loop
      vertex 62.0358 27.7934 5.2
      vertex 61.9064 27.8397 1.49
      vertex 62.0358 27.7934 1.49
    endloop
  endfacet
  facet normal -0.802873 -0.59615 0
    outer loop
      vertex 62.6641 27.2778 1.49
      vertex 62.5822 27.3881 5.2
      vertex 62.5822 27.3881 1.49
    endloop
  endfacet
  facet normal -0.802873 -0.59615 0
    outer loop
      vertex 62.5822 27.3881 5.2
      vertex 62.6641 27.2778 1.49
      vertex 62.6641 27.2778 5.2
    endloop
  endfacet
  facet normal -0.514067 -0.85775 0
    outer loop
      vertex 62.16 27.7347 1.49
      vertex 62.2778 27.6641 5.2
      vertex 62.16 27.7347 5.2
    endloop
  endfacet
  facet normal -0.514067 -0.85775 -0
    outer loop
      vertex 62.2778 27.6641 5.2
      vertex 62.16 27.7347 1.49
      vertex 62.2778 27.6641 1.49
    endloop
  endfacet
  facet normal 0.514067 0.85775 -0
    outer loop
      vertex 60.84 25.2653 1.49
      vertex 60.7222 25.3359 5.2
      vertex 60.84 25.2653 5.2
    endloop
  endfacet
  facet normal 0.514067 0.85775 0
    outer loop
      vertex 60.7222 25.3359 5.2
      vertex 60.84 25.2653 1.49
      vertex 60.7222 25.3359 1.49
    endloop
  endfacet
  facet normal 0.741191 0.671295 0
    outer loop
      vertex 60.51 25.51 5.2
      vertex 60.4178 25.6118 1.49
      vertex 60.4178 25.6118 5.2
    endloop
  endfacet
  facet normal 0.741191 0.671295 0
    outer loop
      vertex 60.4178 25.6118 1.49
      vertex 60.51 25.51 5.2
      vertex 60.51 25.51 1.49
    endloop
  endfacet
  facet normal 0.85775 0.514067 0
    outer loop
      vertex 60.3359 25.7222 5.2
      vertex 60.2653 25.84 1.49
      vertex 60.2653 25.84 5.2
    endloop
  endfacet
  facet normal 0.85775 0.514067 0
    outer loop
      vertex 60.2653 25.84 1.49
      vertex 60.3359 25.7222 5.2
      vertex 60.3359 25.7222 1.49
    endloop
  endfacet
  facet normal 0.243049 -0.970014 0
    outer loop
      vertex 61.0936 27.8397 1.49
      vertex 61.2269 27.8731 5.2
      vertex 61.0936 27.8397 5.2
    endloop
  endfacet
  facet normal 0.243049 -0.970014 0
    outer loop
      vertex 61.2269 27.8731 5.2
      vertex 61.0936 27.8397 1.49
      vertex 61.2269 27.8731 1.49
    endloop
  endfacet
  facet normal 0.336889 -0.941544 0
    outer loop
      vertex 60.9642 27.7934 1.49
      vertex 61.0936 27.8397 5.2
      vertex 60.9642 27.7934 5.2
    endloop
  endfacet
  facet normal 0.336889 -0.941544 0
    outer loop
      vertex 61.0936 27.8397 5.2
      vertex 60.9642 27.7934 1.49
      vertex 61.0936 27.8397 1.49
    endloop
  endfacet
  facet normal -0.904108 0.427304 0
    outer loop
      vertex 62.7347 25.84 1.49
      vertex 62.7934 25.9642 5.2
      vertex 62.7934 25.9642 1.49
    endloop
  endfacet
  facet normal -0.904108 0.427304 0
    outer loop
      vertex 62.7934 25.9642 5.2
      vertex 62.7347 25.84 1.49
      vertex 62.7347 25.84 5.2
    endloop
  endfacet
  facet normal -0.740829 -0.671694 0
    outer loop
      vertex 62.5822 27.3881 1.49
      vertex 62.4899 27.4899 5.2
      vertex 62.4899 27.4899 1.49
    endloop
  endfacet
  facet normal -0.740829 -0.671694 0
    outer loop
      vertex 62.4899 27.4899 5.2
      vertex 62.5822 27.3881 1.49
      vertex 62.5822 27.3881 5.2
    endloop
  endfacet
  facet normal 0.941544 -0.336889 0
    outer loop
      vertex 60.1603 26.9064 5.2
      vertex 60.2066 27.0358 1.49
      vertex 60.2066 27.0358 5.2
    endloop
  endfacet
  facet normal 0.941544 -0.336889 0
    outer loop
      vertex 60.2066 27.0358 1.49
      vertex 60.1603 26.9064 5.2
      vertex 60.1603 26.9064 1.49
    endloop
  endfacet
  facet normal -0.989133 0.147023 0
    outer loop
      vertex 62.8731 26.2269 1.49
      vertex 62.8933 26.3628 5.2
      vertex 62.8933 26.3628 1.49
    endloop
  endfacet
  facet normal -0.989133 0.147023 0
    outer loop
      vertex 62.8933 26.3628 5.2
      vertex 62.8731 26.2269 1.49
      vertex 62.8731 26.2269 5.2
    endloop
  endfacet
  facet normal 0.595802 -0.803132 0
    outer loop
      vertex 60.6118 27.5822 1.49
      vertex 60.7222 27.6641 5.2
      vertex 60.6118 27.5822 5.2
    endloop
  endfacet
  facet normal 0.595802 -0.803132 0
    outer loop
      vertex 60.7222 27.6641 5.2
      vertex 60.6118 27.5822 1.49
      vertex 60.7222 27.6641 1.49
    endloop
  endfacet
  facet normal -0.514067 0.85775 0
    outer loop
      vertex 62.2778 25.3359 1.49
      vertex 62.16 25.2653 5.2
      vertex 62.2778 25.3359 5.2
    endloop
  endfacet
  facet normal -0.514067 0.85775 0
    outer loop
      vertex 62.16 25.2653 5.2
      vertex 62.2778 25.3359 1.49
      vertex 62.16 25.2653 1.49
    endloop
  endfacet
  facet normal -0.0487757 0.99881 0
    outer loop
      vertex 61.6372 25.1067 1.49
      vertex 61.5 25.1 5.2
      vertex 61.6372 25.1067 5.2
    endloop
  endfacet
  facet normal -0.0487757 0.99881 0
    outer loop
      vertex 61.5 25.1 5.2
      vertex 61.6372 25.1067 1.49
      vertex 61.5 25.1 1.49
    endloop
  endfacet
  facet normal -0.147023 0.989133 0
    outer loop
      vertex 61.7731 25.1269 1.49
      vertex 61.6372 25.1067 5.2
      vertex 61.7731 25.1269 5.2
    endloop
  endfacet
  facet normal -0.147023 0.989133 0
    outer loop
      vertex 61.6372 25.1067 5.2
      vertex 61.7731 25.1269 1.49
      vertex 61.6372 25.1067 1.49
    endloop
  endfacet
  facet normal 0.970014 -0.243049 0
    outer loop
      vertex 60.1269 26.7731 5.2
      vertex 60.1603 26.9064 1.49
      vertex 60.1603 26.9064 5.2
    endloop
  endfacet
  facet normal 0.970014 -0.243049 0
    outer loop
      vertex 60.1603 26.9064 1.49
      vertex 60.1269 26.7731 5.2
      vertex 60.1269 26.7731 1.49
    endloop
  endfacet
  facet normal 0.904108 -0.427304 0
    outer loop
      vertex 60.2066 27.0358 5.2
      vertex 60.2653 27.16 1.49
      vertex 60.2653 27.16 5.2
    endloop
  endfacet
  facet normal 0.904108 -0.427304 0
    outer loop
      vertex 60.2653 27.16 1.49
      vertex 60.2066 27.0358 5.2
      vertex 60.2066 27.0358 1.49
    endloop
  endfacet
  facet normal 0.0487757 0.99881 -0
    outer loop
      vertex 61.5 25.1 1.49
      vertex 61.3628 25.1067 5.2
      vertex 61.5 25.1 5.2
    endloop
  endfacet
  facet normal 0.0487757 0.99881 0
    outer loop
      vertex 61.3628 25.1067 5.2
      vertex 61.5 25.1 1.49
      vertex 61.3628 25.1067 1.49
    endloop
  endfacet
  facet normal -0.671694 -0.740829 0
    outer loop
      vertex 62.3881 27.5822 1.49
      vertex 62.4899 27.4899 5.2
      vertex 62.3881 27.5822 5.2
    endloop
  endfacet
  facet normal -0.671694 -0.740829 -0
    outer loop
      vertex 62.4899 27.4899 5.2
      vertex 62.3881 27.5822 1.49
      vertex 62.4899 27.4899 1.49
    endloop
  endfacet
  facet normal 0.85775 -0.514067 0
    outer loop
      vertex 60.2653 27.16 5.2
      vertex 60.3359 27.2778 1.49
      vertex 60.3359 27.2778 5.2
    endloop
  endfacet
  facet normal 0.85775 -0.514067 0
    outer loop
      vertex 60.3359 27.2778 1.49
      vertex 60.2653 27.16 5.2
      vertex 60.2653 27.16 1.49
    endloop
  endfacet
  facet normal -0.803132 0.595802 0
    outer loop
      vertex 62.5822 25.6118 1.49
      vertex 62.6641 25.7222 5.2
      vertex 62.6641 25.7222 1.49
    endloop
  endfacet
  facet normal -0.803132 0.595802 0
    outer loop
      vertex 62.6641 25.7222 5.2
      vertex 62.5822 25.6118 1.49
      vertex 62.5822 25.6118 5.2
    endloop
  endfacet
  facet normal 0.970014 0.243049 0
    outer loop
      vertex 60.1603 26.0936 5.2
      vertex 60.1269 26.2269 1.49
      vertex 60.1269 26.2269 5.2
    endloop
  endfacet
  facet normal 0.970014 0.243049 0
    outer loop
      vertex 60.1269 26.2269 1.49
      vertex 60.1603 26.0936 5.2
      vertex 60.1603 26.0936 1.49
    endloop
  endfacet
  facet normal 0.427304 -0.904108 0
    outer loop
      vertex 60.84 27.7347 1.49
      vertex 60.9642 27.7934 5.2
      vertex 60.84 27.7347 5.2
    endloop
  endfacet
  facet normal 0.427304 -0.904108 0
    outer loop
      vertex 60.9642 27.7934 5.2
      vertex 60.84 27.7347 1.49
      vertex 60.9642 27.7934 1.49
    endloop
  endfacet
  facet normal 0.336889 0.941544 -0
    outer loop
      vertex 61.0936 25.1603 1.49
      vertex 60.9642 25.2066 5.2
      vertex 61.0936 25.1603 5.2
    endloop
  endfacet
  facet normal 0.336889 0.941544 0
    outer loop
      vertex 60.9642 25.2066 5.2
      vertex 61.0936 25.1603 1.49
      vertex 60.9642 25.2066 1.49
    endloop
  endfacet
  facet normal 0.595802 0.803132 -0
    outer loop
      vertex 60.7222 25.3359 1.49
      vertex 60.6118 25.4178 5.2
      vertex 60.7222 25.3359 5.2
    endloop
  endfacet
  facet normal 0.595802 0.803132 0
    outer loop
      vertex 60.6118 25.4178 5.2
      vertex 60.7222 25.3359 1.49
      vertex 60.6118 25.4178 1.49
    endloop
  endfacet
  facet normal -0.336889 0.941544 0
    outer loop
      vertex 62.0358 25.2066 1.49
      vertex 61.9064 25.1603 5.2
      vertex 62.0358 25.2066 5.2
    endloop
  endfacet
  facet normal -0.336889 0.941544 0
    outer loop
      vertex 61.9064 25.1603 5.2
      vertex 62.0358 25.2066 1.49
      vertex 61.9064 25.1603 1.49
    endloop
  endfacet
  facet normal -0.740829 0.671694 0
    outer loop
      vertex 62.4899 25.51 1.49
      vertex 62.5822 25.6118 5.2
      vertex 62.5822 25.6118 1.49
    endloop
  endfacet
  facet normal -0.740829 0.671694 0
    outer loop
      vertex 62.5822 25.6118 5.2
      vertex 62.4899 25.51 1.49
      vertex 62.4899 25.51 5.2
    endloop
  endfacet
  facet normal -0.59615 -0.802873 0
    outer loop
      vertex 62.2778 27.6641 1.49
      vertex 62.3881 27.5822 5.2
      vertex 62.2778 27.6641 5.2
    endloop
  endfacet
  facet normal -0.59615 -0.802873 -0
    outer loop
      vertex 62.3881 27.5822 5.2
      vertex 62.2778 27.6641 1.49
      vertex 62.3881 27.5822 1.49
    endloop
  endfacet
  facet normal -0.427304 0.904108 0
    outer loop
      vertex 62.16 25.2653 1.49
      vertex 62.0358 25.2066 5.2
      vertex 62.16 25.2653 5.2
    endloop
  endfacet
  facet normal -0.427304 0.904108 0
    outer loop
      vertex 62.0358 25.2066 5.2
      vertex 62.16 25.2653 1.49
      vertex 62.0358 25.2066 1.49
    endloop
  endfacet
  facet normal -0.941544 -0.336889 0
    outer loop
      vertex 62.8397 26.9064 1.49
      vertex 62.7934 27.0358 5.2
      vertex 62.7934 27.0358 1.49
    endloop
  endfacet
  facet normal -0.941544 -0.336889 0
    outer loop
      vertex 62.7934 27.0358 5.2
      vertex 62.8397 26.9064 1.49
      vertex 62.8397 26.9064 5.2
    endloop
  endfacet
  facet normal 0.671694 -0.740829 0
    outer loop
      vertex 60.51 27.4899 1.49
      vertex 60.6118 27.5822 5.2
      vertex 60.51 27.4899 5.2
    endloop
  endfacet
  facet normal 0.671694 -0.740829 0
    outer loop
      vertex 60.6118 27.5822 5.2
      vertex 60.51 27.4899 1.49
      vertex 60.6118 27.5822 1.49
    endloop
  endfacet
  facet normal -0.904108 -0.427304 0
    outer loop
      vertex 62.7934 27.0358 1.49
      vertex 62.7347 27.16 5.2
      vertex 62.7347 27.16 1.49
    endloop
  endfacet
  facet normal -0.904108 -0.427304 0
    outer loop
      vertex 62.7347 27.16 5.2
      vertex 62.7934 27.0358 1.49
      vertex 62.7934 27.0358 5.2
    endloop
  endfacet
  facet normal -0.970014 0.243049 0
    outer loop
      vertex 62.8397 26.0936 1.49
      vertex 62.8731 26.2269 5.2
      vertex 62.8731 26.2269 1.49
    endloop
  endfacet
  facet normal -0.970014 0.243049 0
    outer loop
      vertex 62.8731 26.2269 5.2
      vertex 62.8397 26.0936 1.49
      vertex 62.8397 26.0936 5.2
    endloop
  endfacet
  facet normal 0.989133 -0.147023 0
    outer loop
      vertex 60.1067 26.6372 5.2
      vertex 60.1269 26.7731 1.49
      vertex 60.1269 26.7731 5.2
    endloop
  endfacet
  facet normal 0.989133 -0.147023 0
    outer loop
      vertex 60.1269 26.7731 1.49
      vertex 60.1067 26.6372 5.2
      vertex 60.1067 26.6372 1.49
    endloop
  endfacet
  facet normal -0.85775 -0.514067 0
    outer loop
      vertex 62.7347 27.16 1.49
      vertex 62.6641 27.2778 5.2
      vertex 62.6641 27.2778 1.49
    endloop
  endfacet
  facet normal -0.85775 -0.514067 0
    outer loop
      vertex 62.6641 27.2778 5.2
      vertex 62.7347 27.16 1.49
      vertex 62.7347 27.16 5.2
    endloop
  endfacet
  facet normal 0.904108 0.427304 0
    outer loop
      vertex 60.2653 25.84 5.2
      vertex 60.2066 25.9642 1.49
      vertex 60.2066 25.9642 5.2
    endloop
  endfacet
  facet normal 0.904108 0.427304 0
    outer loop
      vertex 60.2066 25.9642 1.49
      vertex 60.2653 25.84 5.2
      vertex 60.2653 25.84 1.49
    endloop
  endfacet
  facet normal 0.147023 0.989133 -0
    outer loop
      vertex 61.3628 25.1067 1.49
      vertex 61.2269 25.1269 5.2
      vertex 61.3628 25.1067 5.2
    endloop
  endfacet
  facet normal 0.147023 0.989133 0
    outer loop
      vertex 61.2269 25.1269 5.2
      vertex 61.3628 25.1067 1.49
      vertex 61.2269 25.1269 1.49
    endloop
  endfacet
  facet normal -0.671295 0.741191 0
    outer loop
      vertex 62.4899 25.51 1.49
      vertex 62.3881 25.4178 5.2
      vertex 62.4899 25.51 5.2
    endloop
  endfacet
  facet normal -0.671295 0.741191 0
    outer loop
      vertex 62.3881 25.4178 5.2
      vertex 62.4899 25.51 1.49
      vertex 62.3881 25.4178 1.49
    endloop
  endfacet
  facet normal 0.989133 0.147023 0
    outer loop
      vertex 60.1269 26.2269 5.2
      vertex 60.1067 26.3628 1.49
      vertex 60.1067 26.3628 5.2
    endloop
  endfacet
  facet normal 0.989133 0.147023 0
    outer loop
      vertex 60.1067 26.3628 1.49
      vertex 60.1269 26.2269 5.2
      vertex 60.1269 26.2269 1.49
    endloop
  endfacet
  facet normal 0.941544 0.336889 0
    outer loop
      vertex 60.2066 25.9642 5.2
      vertex 60.1603 26.0936 1.49
      vertex 60.1603 26.0936 5.2
    endloop
  endfacet
  facet normal 0.941544 0.336889 0
    outer loop
      vertex 60.1603 26.0936 1.49
      vertex 60.2066 25.9642 5.2
      vertex 60.2066 25.9642 1.49
    endloop
  endfacet
  facet normal 0.671295 0.741191 -0
    outer loop
      vertex 60.6118 25.4178 1.49
      vertex 60.51 25.51 5.2
      vertex 60.6118 25.4178 5.2
    endloop
  endfacet
  facet normal 0.671295 0.741191 0
    outer loop
      vertex 60.51 25.51 5.2
      vertex 60.6118 25.4178 1.49
      vertex 60.51 25.51 1.49
    endloop
  endfacet
  facet normal 0.99881 0.0487757 0
    outer loop
      vertex 60.1067 26.3628 5.2
      vertex 60.1 26.5 1.49
      vertex 60.1 26.5 5.2
    endloop
  endfacet
  facet normal 0.99881 0.0487757 0
    outer loop
      vertex 60.1 26.5 1.49
      vertex 60.1067 26.3628 5.2
      vertex 60.1067 26.3628 1.49
    endloop
  endfacet
  facet normal -0.0487757 -0.99881 0
    outer loop
      vertex 61.5 27.9 1.49
      vertex 61.6372 27.8933 5.2
      vertex 61.5 27.9 5.2
    endloop
  endfacet
  facet normal -0.0487757 -0.99881 -0
    outer loop
      vertex 61.6372 27.8933 5.2
      vertex 61.5 27.9 1.49
      vertex 61.6372 27.8933 1.49
    endloop
  endfacet
  facet normal 0.741191 -0.671295 0
    outer loop
      vertex 60.4178 27.3881 5.2
      vertex 60.51 27.4899 1.49
      vertex 60.51 27.4899 5.2
    endloop
  endfacet
  facet normal 0.741191 -0.671295 0
    outer loop
      vertex 60.51 27.4899 1.49
      vertex 60.4178 27.3881 5.2
      vertex 60.4178 27.3881 1.49
    endloop
  endfacet
  facet normal 0.427304 0.904108 -0
    outer loop
      vertex 60.9642 25.2066 1.49
      vertex 60.84 25.2653 5.2
      vertex 60.9642 25.2066 5.2
    endloop
  endfacet
  facet normal 0.427304 0.904108 0
    outer loop
      vertex 60.84 25.2653 5.2
      vertex 60.9642 25.2066 1.49
      vertex 60.84 25.2653 1.49
    endloop
  endfacet
  facet normal 0.243049 0.970014 -0
    outer loop
      vertex 61.2269 25.1269 1.49
      vertex 61.0936 25.1603 5.2
      vertex 61.2269 25.1269 5.2
    endloop
  endfacet
  facet normal 0.243049 0.970014 0
    outer loop
      vertex 61.0936 25.1603 5.2
      vertex 61.2269 25.1269 1.49
      vertex 61.0936 25.1603 1.49
    endloop
  endfacet
  facet normal -0.59615 0.802873 0
    outer loop
      vertex 62.3881 25.4178 1.49
      vertex 62.2778 25.3359 5.2
      vertex 62.3881 25.4178 5.2
    endloop
  endfacet
  facet normal -0.59615 0.802873 0
    outer loop
      vertex 62.2778 25.3359 5.2
      vertex 62.3881 25.4178 1.49
      vertex 62.2778 25.3359 1.49
    endloop
  endfacet
  facet normal 0.0487757 -0.99881 0
    outer loop
      vertex 61.3628 27.8933 1.49
      vertex 61.5 27.9 5.2
      vertex 61.3628 27.8933 5.2
    endloop
  endfacet
  facet normal 0.0487757 -0.99881 0
    outer loop
      vertex 61.5 27.9 5.2
      vertex 61.3628 27.8933 1.49
      vertex 61.5 27.9 1.49
    endloop
  endfacet
  facet normal -0.243049 -0.970014 0
    outer loop
      vertex 61.7731 27.8731 1.49
      vertex 61.9064 27.8397 5.2
      vertex 61.7731 27.8731 5.2
    endloop
  endfacet
  facet normal -0.243049 -0.970014 -0
    outer loop
      vertex 61.9064 27.8397 5.2
      vertex 61.7731 27.8731 1.49
      vertex 61.9064 27.8397 1.49
    endloop
  endfacet
  facet normal 0.803132 0.595802 0
    outer loop
      vertex 60.4178 25.6118 5.2
      vertex 60.3359 25.7222 1.49
      vertex 60.3359 25.7222 5.2
    endloop
  endfacet
  facet normal 0.803132 0.595802 0
    outer loop
      vertex 60.3359 25.7222 1.49
      vertex 60.4178 25.6118 5.2
      vertex 60.4178 25.6118 1.49
    endloop
  endfacet
  facet normal 0.802873 -0.59615 0
    outer loop
      vertex 60.3359 27.2778 5.2
      vertex 60.4178 27.3881 1.49
      vertex 60.4178 27.3881 5.2
    endloop
  endfacet
  facet normal 0.802873 -0.59615 0
    outer loop
      vertex 60.4178 27.3881 1.49
      vertex 60.3359 27.2778 5.2
      vertex 60.3359 27.2778 1.49
    endloop
  endfacet
  facet normal -0.243049 0.970014 0
    outer loop
      vertex 61.9064 25.1603 1.49
      vertex 61.7731 25.1269 5.2
      vertex 61.9064 25.1603 5.2
    endloop
  endfacet
  facet normal -0.243049 0.970014 0
    outer loop
      vertex 61.7731 25.1269 5.2
      vertex 61.9064 25.1603 1.49
      vertex 61.7731 25.1269 1.49
    endloop
  endfacet
  facet normal 0.99881 -0.0487757 0
    outer loop
      vertex 60.1 26.5 5.2
      vertex 60.1067 26.6372 1.49
      vertex 60.1067 26.6372 5.2
    endloop
  endfacet
  facet normal 0.99881 -0.0487757 0
    outer loop
      vertex 60.1067 26.6372 1.49
      vertex 60.1 26.5 5.2
      vertex 60.1 26.5 1.49
    endloop
  endfacet
  facet normal -0.147023 -0.989133 0
    outer loop
      vertex 61.6372 27.8933 1.49
      vertex 61.7731 27.8731 5.2
      vertex 61.6372 27.8933 5.2
    endloop
  endfacet
  facet normal -0.147023 -0.989133 -0
    outer loop
      vertex 61.7731 27.8731 5.2
      vertex 61.6372 27.8933 1.49
      vertex 61.7731 27.8731 1.49
    endloop
  endfacet
  facet normal -0.80576 -0.0397252 -0.590909
    outer loop
      vertex 63.9807 26.7434 0
      vertex 63.9927 26.5 0
      vertex 62.9 26.5 1.49
    endloop
  endfacet
  facet normal -0.344945 0.729284 -0.590895
    outer loop
      vertex 62.6742 24.3013 0
      vertex 62.4539 24.1971 0
      vertex 62.0358 25.2066 1.49
    endloop
  endfacet
  facet normal 0.759606 -0.271737 -0.590896
    outer loop
      vertex 59.1971 27.4539 0
      vertex 60.2066 27.0358 1.49
      vertex 59.115 27.2244 0
    endloop
  endfacet
  facet normal -0.527723 0.615676 -0.585194
    outer loop
      vertex 62.8849 24.4274 0
      vertex 62.3881 25.4178 1.49
      vertex 62.8856 24.428 0
    endloop
  endfacet
  facet normal -0.480943 0.647717 -0.590894
    outer loop
      vertex 62.3881 25.4178 1.49
      vertex 62.8849 24.4274 0
      vertex 62.2778 25.3359 1.49
    endloop
  endfacet
  facet normal 0.196075 0.782538 -0.590923
    outer loop
      vertex 60.7773 24.1144 0
      vertex 61.0936 25.1603 1.49
      vertex 61.2269 25.1269 1.49
    endloop
  endfacet
  facet normal 0.255042 0.765125 -0.591217
    outer loop
      vertex 61.0936 25.1603 1.49
      vertex 60.7773 24.1144 0
      vertex 60.7764 24.1147 0
    endloop
  endfacet
  facet normal 0.597726 -0.541792 -0.590919
    outer loop
      vertex 59.7368 28.2619 0
      vertex 60.4178 27.3881 1.49
      vertex 59.5731 28.0813 0
    endloop
  endfacet
  facet normal -0.80576 0.0397252 -0.590909
    outer loop
      vertex 63.9927 26.5 0
      vertex 63.9807 26.2566 0
      vertex 62.9 26.5 1.49
    endloop
  endfacet
  facet normal 0.541804 0.597738 -0.590895
    outer loop
      vertex 60.6118 25.4178 1.49
      vertex 59.9187 24.5731 0
      vertex 59.7381 24.7368 0
    endloop
  endfacet
  facet normal -0.283542 0.756111 -0.58983
    outer loop
      vertex 62.2236 24.1147 0
      vertex 62.0358 25.2066 1.49
      vertex 62.2244 24.115 0
    endloop
  endfacet
  facet normal -0.271785 0.759588 -0.590896
    outer loop
      vertex 62.0358 25.2066 1.49
      vertex 62.2236 24.1147 0
      vertex 61.9064 25.1603 1.49
    endloop
  endfacet
  facet normal -0.414687 -0.692028 -0.590874
    outer loop
      vertex 62.675 28.6983 0
      vertex 62.8841 28.573 0
      vertex 62.16 27.7347 1.49
    endloop
  endfacet
  facet normal -0.525339 0.612895 -0.590236
    outer loop
      vertex 63.2619 24.7368 0
      vertex 62.4899 25.51 1.49
      vertex 63.2626 24.7374 0
    endloop
  endfacet
  facet normal -0.541567 0.597956 -0.590892
    outer loop
      vertex 62.4899 25.51 1.49
      vertex 63.2619 24.7368 0
      vertex 62.3881 25.4178 1.49
    endloop
  endfacet
  facet normal -0.118167 -0.798039 -0.590907
    outer loop
      vertex 61.9863 28.9448 0
      vertex 61.7731 27.8731 1.49
      vertex 61.7452 28.9805 0
    endloop
  endfacet
  facet normal 0.344945 0.729284 -0.590895
    outer loop
      vertex 60.9642 25.2066 1.49
      vertex 60.5461 24.1971 0
      vertex 60.3258 24.3013 0
    endloop
  endfacet
  facet normal 0.692028 0.414687 -0.590874
    outer loop
      vertex 60.2653 25.84 1.49
      vertex 59.427 25.1159 0
      vertex 59.3017 25.325 0
    endloop
  endfacet
  facet normal -0.765125 -0.255042 -0.591217
    outer loop
      vertex 63.8856 27.2227 0
      vertex 62.8397 26.9064 1.49
      vertex 63.8853 27.2236 0
    endloop
  endfacet
  facet normal -0.782538 -0.196075 -0.590923
    outer loop
      vertex 62.8397 26.9064 1.49
      vertex 63.8856 27.2227 0
      vertex 62.8731 26.7731 1.49
    endloop
  endfacet
  facet normal -0.414687 0.692028 -0.590874
    outer loop
      vertex 62.8841 24.427 0
      vertex 62.675 24.3017 0
      vertex 62.16 25.2653 1.49
    endloop
  endfacet
  facet normal -0.541872 -0.597644 -0.590928
    outer loop
      vertex 63.2619 28.2632 0
      vertex 62.4899 27.4899 1.49
      vertex 62.3881 27.5822 1.49
    endloop
  endfacet
  facet normal -0.525326 -0.61288 -0.590263
    outer loop
      vertex 62.4899 27.4899 1.49
      vertex 63.2619 28.2632 0
      vertex 63.2626 28.2626 0
    endloop
  endfacet
  facet normal -0.344945 -0.729284 -0.590895
    outer loop
      vertex 62.4539 28.8029 0
      vertex 62.6742 28.6987 0
      vertex 62.0358 27.7934 1.49
    endloop
  endfacet
  facet normal -0.271785 -0.759588 -0.590896
    outer loop
      vertex 62.2236 28.8853 0
      vertex 62.0358 27.7934 1.49
      vertex 61.9064 27.8397 1.49
    endloop
  endfacet
  facet normal -0.283542 -0.756111 -0.58983
    outer loop
      vertex 62.0358 27.7934 1.49
      vertex 62.2236 28.8853 0
      vertex 62.2244 28.885 0
    endloop
  endfacet
  facet normal 0.647921 0.480659 -0.590902
    outer loop
      vertex 60.4178 25.6118 1.49
      vertex 59.4274 25.1151 0
      vertex 60.3359 25.7222 1.49
    endloop
  endfacet
  facet normal 0.615689 0.527734 -0.58517
    outer loop
      vertex 59.4274 25.1151 0
      vertex 60.4178 25.6118 1.49
      vertex 59.428 25.1144 0
    endloop
  endfacet
  facet normal 0.692028 -0.414687 -0.590874
    outer loop
      vertex 59.427 27.8841 0
      vertex 60.2653 27.16 1.49
      vertex 59.3017 27.675 0
    endloop
  endfacet
  facet normal 0.255042 -0.765125 -0.591217
    outer loop
      vertex 60.7773 28.8856 0
      vertex 61.0936 27.8397 1.49
      vertex 60.7764 28.8853 0
    endloop
  endfacet
  facet normal 0.196075 -0.782538 -0.590923
    outer loop
      vertex 61.0936 27.8397 1.49
      vertex 60.7773 28.8856 0
      vertex 61.2269 27.8731 1.49
    endloop
  endfacet
  facet normal 0.271785 0.759588 -0.590896
    outer loop
      vertex 60.7764 24.1147 0
      vertex 60.9642 25.2066 1.49
      vertex 61.0936 25.1603 1.49
    endloop
  endfacet
  facet normal 0.283542 0.756111 -0.58983
    outer loop
      vertex 60.9642 25.2066 1.49
      vertex 60.7764 24.1147 0
      vertex 60.7756 24.115 0
    endloop
  endfacet
  facet normal -0.0397252 -0.80576 -0.590909
    outer loop
      vertex 61.5 28.9927 0
      vertex 61.7434 28.9807 0
      vertex 61.5 27.9 1.49
    endloop
  endfacet
  facet normal 0.414687 0.692028 -0.590874
    outer loop
      vertex 60.84 25.2653 1.49
      vertex 60.325 24.3017 0
      vertex 60.1159 24.427 0
    endloop
  endfacet
  facet normal -0.255042 0.765125 -0.591217
    outer loop
      vertex 62.2227 24.1144 0
      vertex 61.9064 25.1603 1.49
      vertex 62.2236 24.1147 0
    endloop
  endfacet
  facet normal -0.196075 0.782538 -0.590923
    outer loop
      vertex 61.9064 25.1603 1.49
      vertex 62.2227 24.1144 0
      vertex 61.7731 25.1269 1.49
    endloop
  endfacet
  facet normal 0.597969 0.541579 -0.590869
    outer loop
      vertex 60.51 25.51 1.49
      vertex 59.7368 24.7381 0
      vertex 60.4178 25.6118 1.49
    endloop
  endfacet
  facet normal 0.612908 0.52535 -0.590213
    outer loop
      vertex 59.7368 24.7381 0
      vertex 60.51 25.51 1.49
      vertex 59.7374 24.7374 0
    endloop
  endfacet
  facet normal 0.723251 -0.361625 -0.588333
    outer loop
      vertex 60.3359 27.2778 1.49
      vertex 59.427 27.8841 0
      vertex 59.4274 27.8849 0
    endloop
  endfacet
  facet normal 0.691999 -0.414729 -0.590878
    outer loop
      vertex 59.427 27.8841 0
      vertex 60.3359 27.2778 1.49
      vertex 60.2653 27.16 1.49
    endloop
  endfacet
  facet normal -0.692028 -0.414687 -0.590874
    outer loop
      vertex 63.573 27.8841 0
      vertex 63.6983 27.675 0
      vertex 62.7347 27.16 1.49
    endloop
  endfacet
  facet normal 0.480491 -0.64805 -0.590897
    outer loop
      vertex 60.1144 28.572 0
      vertex 60.6118 27.5822 1.49
      vertex 59.9187 28.4269 0
    endloop
  endfacet
  facet normal -0.118167 0.798039 -0.590907
    outer loop
      vertex 61.7731 25.1269 1.49
      vertex 61.9863 24.0552 0
      vertex 61.7452 24.0195 0
    endloop
  endfacet
  facet normal -0.691999 0.414729 -0.590878
    outer loop
      vertex 63.573 25.1159 0
      vertex 62.6641 25.7222 1.49
      vertex 62.7347 25.84 1.49
    endloop
  endfacet
  facet normal -0.723251 0.361625 -0.588333
    outer loop
      vertex 62.6641 25.7222 1.49
      vertex 63.573 25.1159 0
      vertex 63.5726 25.1151 0
    endloop
  endfacet
  facet normal -0.0397252 0.80576 -0.590909
    outer loop
      vertex 61.5 25.1 1.49
      vertex 61.7434 24.0193 0
      vertex 61.5 24.0073 0
    endloop
  endfacet
  facet normal -0.729284 -0.344945 -0.590895
    outer loop
      vertex 63.6987 27.6742 0
      vertex 63.8029 27.4539 0
      vertex 62.7934 27.0358 1.49
    endloop
  endfacet
  facet normal -0.480482 -0.648038 -0.590918
    outer loop
      vertex 62.8856 28.572 0
      vertex 63.0813 28.4269 0
      vertex 62.3881 27.5822 1.49
    endloop
  endfacet
  facet normal 0.797983 0.118611 -0.590893
    outer loop
      vertex 60.1269 26.2269 1.49
      vertex 59.0193 26.2557 0
      vertex 60.1067 26.3628 1.49
    endloop
  endfacet
  facet normal 0.79166 0.175925 -0.585085
    outer loop
      vertex 59.0193 26.2557 0
      vertex 60.1269 26.2269 1.49
      vertex 59.0195 26.2548 0
    endloop
  endfacet
  facet normal 0.271737 0.759606 -0.590896
    outer loop
      vertex 60.9642 25.2066 1.49
      vertex 60.7756 24.115 0
      vertex 60.5461 24.1971 0
    endloop
  endfacet
  facet normal 0.807764 0 -0.589505
    outer loop
      vertex 60.1067 26.6372 1.49
      vertex 59.0193 26.7434 0
      vertex 59.0193 26.7443 0
    endloop
  endfacet
  facet normal 0.805801 -0.0393503 -0.590877
    outer loop
      vertex 59.0193 26.7434 0
      vertex 60.1067 26.6372 1.49
      vertex 60.1 26.5 1.49
    endloop
  endfacet
  facet normal -0.271737 0.759606 -0.590896
    outer loop
      vertex 62.4539 24.1971 0
      vertex 62.2244 24.115 0
      vertex 62.0358 25.2066 1.49
    endloop
  endfacet
  facet normal 0.648038 -0.480482 -0.590918
    outer loop
      vertex 59.5731 28.0813 0
      vertex 60.4178 27.3881 1.49
      vertex 59.428 27.8856 0
    endloop
  endfacet
  facet normal 0.344733 0.729401 -0.590875
    outer loop
      vertex 60.3258 24.3013 0
      vertex 60.84 25.2653 1.49
      vertex 60.9642 25.2066 1.49
    endloop
  endfacet
  facet normal 0.360691 0.721382 -0.591194
    outer loop
      vertex 60.84 25.2653 1.49
      vertex 60.3258 24.3013 0
      vertex 60.325 24.3017 0
    endloop
  endfacet
  facet normal -0.759588 0.271785 -0.590896
    outer loop
      vertex 63.8853 25.7764 0
      vertex 62.7934 25.9642 1.49
      vertex 62.8397 26.0936 1.49
    endloop
  endfacet
  facet normal -0.756111 0.283542 -0.58983
    outer loop
      vertex 62.7934 25.9642 1.49
      vertex 63.8853 25.7764 0
      vertex 63.885 25.7756 0
    endloop
  endfacet
  facet normal 0.527734 -0.615689 -0.58517
    outer loop
      vertex 60.1151 28.5726 0
      vertex 60.6118 27.5822 1.49
      vertex 60.1144 28.572 0
    endloop
  endfacet
  facet normal 0.480659 -0.647921 -0.590902
    outer loop
      vertex 60.6118 27.5822 1.49
      vertex 60.1151 28.5726 0
      vertex 60.7222 27.6641 1.49
    endloop
  endfacet
  facet normal 0.480491 0.64805 -0.590897
    outer loop
      vertex 60.6118 25.4178 1.49
      vertex 60.1144 24.428 0
      vertex 59.9187 24.5731 0
    endloop
  endfacet
  facet normal 0.729284 -0.344945 -0.590895
    outer loop
      vertex 59.3013 27.6742 0
      vertex 60.2066 27.0358 1.49
      vertex 59.1971 27.4539 0
    endloop
  endfacet
  facet normal 0.195973 0.78257 -0.590914
    outer loop
      vertex 61.2269 25.1269 1.49
      vertex 61.0137 24.0552 0
      vertex 60.7773 24.1144 0
    endloop
  endfacet
  facet normal 0.118167 -0.798039 -0.590907
    outer loop
      vertex 61.2548 28.9805 0
      vertex 61.2269 27.8731 1.49
      vertex 61.0137 28.9448 0
    endloop
  endfacet
  facet normal 0.0397252 -0.80576 -0.590909
    outer loop
      vertex 61.5 28.9927 0
      vertex 61.5 27.9 1.49
      vertex 61.2566 28.9807 0
    endloop
  endfacet
  facet normal -0.196075 -0.782538 -0.590923
    outer loop
      vertex 62.2227 28.8856 0
      vertex 61.9064 27.8397 1.49
      vertex 61.7731 27.8731 1.49
    endloop
  endfacet
  facet normal -0.255042 -0.765125 -0.591217
    outer loop
      vertex 61.9064 27.8397 1.49
      vertex 62.2227 28.8856 0
      vertex 62.2236 28.8853 0
    endloop
  endfacet
  facet normal 0.79166 -0.175925 -0.585085
    outer loop
      vertex 60.1269 26.7731 1.49
      vertex 59.0193 26.7443 0
      vertex 59.0195 26.7452 0
    endloop
  endfacet
  facet normal 0.797983 -0.118611 -0.590893
    outer loop
      vertex 59.0193 26.7443 0
      vertex 60.1269 26.7731 1.49
      vertex 60.1067 26.6372 1.49
    endloop
  endfacet
  facet normal 0.361625 -0.723251 -0.588333
    outer loop
      vertex 60.1159 28.573 0
      vertex 60.7222 27.6641 1.49
      vertex 60.1151 28.5726 0
    endloop
  endfacet
  facet normal 0.414729 -0.691999 -0.590878
    outer loop
      vertex 60.7222 27.6641 1.49
      vertex 60.1159 28.573 0
      vertex 60.84 27.7347 1.49
    endloop
  endfacet
  facet normal 0.414687 -0.692028 -0.590874
    outer loop
      vertex 60.325 28.6983 0
      vertex 60.84 27.7347 1.49
      vertex 60.1159 28.573 0
    endloop
  endfacet
  facet normal -0.541792 -0.597726 -0.590919
    outer loop
      vertex 63.0813 28.4269 0
      vertex 63.2619 28.2632 0
      vertex 62.3881 27.5822 1.49
    endloop
  endfacet
  facet normal 0.541804 -0.597738 -0.590895
    outer loop
      vertex 59.9187 28.4269 0
      vertex 60.6118 27.5822 1.49
      vertex 59.7381 28.2632 0
    endloop
  endfacet
  facet normal 0.283542 -0.756111 -0.58983
    outer loop
      vertex 60.7764 28.8853 0
      vertex 60.9642 27.7934 1.49
      vertex 60.7756 28.885 0
    endloop
  endfacet
  facet normal 0.271785 -0.759588 -0.590896
    outer loop
      vertex 60.9642 27.7934 1.49
      vertex 60.7764 28.8853 0
      vertex 61.0936 27.8397 1.49
    endloop
  endfacet
  facet normal -0.615676 -0.527723 -0.585194
    outer loop
      vertex 63.5726 27.8849 0
      vertex 62.5822 27.3881 1.49
      vertex 63.572 27.8856 0
    endloop
  endfacet
  facet normal -0.647717 -0.480943 -0.590894
    outer loop
      vertex 62.5822 27.3881 1.49
      vertex 63.5726 27.8849 0
      vertex 62.6641 27.2778 1.49
    endloop
  endfacet
  facet normal 0.271737 -0.759606 -0.590896
    outer loop
      vertex 60.7756 28.885 0
      vertex 60.9642 27.7934 1.49
      vertex 60.5461 28.8029 0
    endloop
  endfacet
  facet normal 0.480659 0.647921 -0.590902
    outer loop
      vertex 60.1151 24.4274 0
      vertex 60.6118 25.4178 1.49
      vertex 60.7222 25.3359 1.49
    endloop
  endfacet
  facet normal 0.527734 0.615689 -0.58517
    outer loop
      vertex 60.6118 25.4178 1.49
      vertex 60.1151 24.4274 0
      vertex 60.1144 24.428 0
    endloop
  endfacet
  facet normal 0.80576 -0.0397252 -0.590909
    outer loop
      vertex 59.0193 26.7434 0
      vertex 60.1 26.5 1.49
      vertex 59.0073 26.5 0
    endloop
  endfacet
  facet normal 0.615676 -0.527723 -0.585194
    outer loop
      vertex 60.4178 27.3881 1.49
      vertex 59.4274 27.8849 0
      vertex 59.428 27.8856 0
    endloop
  endfacet
  facet normal 0.647717 -0.480943 -0.590894
    outer loop
      vertex 59.4274 27.8849 0
      vertex 60.4178 27.3881 1.49
      vertex 60.3359 27.2778 1.49
    endloop
  endfacet
  facet normal 0.691999 0.414729 -0.590878
    outer loop
      vertex 60.3359 25.7222 1.49
      vertex 59.427 25.1159 0
      vertex 60.2653 25.84 1.49
    endloop
  endfacet
  facet normal 0.723251 0.361625 -0.588333
    outer loop
      vertex 59.427 25.1159 0
      vertex 60.3359 25.7222 1.49
      vertex 59.4274 25.1151 0
    endloop
  endfacet
  facet normal -0.782538 0.196075 -0.590923
    outer loop
      vertex 63.8856 25.7773 0
      vertex 62.8397 26.0936 1.49
      vertex 62.8731 26.2269 1.49
    endloop
  endfacet
  facet normal -0.765125 0.255042 -0.591217
    outer loop
      vertex 62.8397 26.0936 1.49
      vertex 63.8856 25.7773 0
      vertex 63.8853 25.7764 0
    endloop
  endfacet
  facet normal -0.597726 -0.541792 -0.590919
    outer loop
      vertex 63.2632 28.2619 0
      vertex 63.4269 28.0813 0
      vertex 62.5822 27.3881 1.49
    endloop
  endfacet
  facet normal 0.0397252 0.80576 -0.590909
    outer loop
      vertex 61.5 25.1 1.49
      vertex 61.5 24.0073 0
      vertex 61.2566 24.0193 0
    endloop
  endfacet
  facet normal 0.721382 -0.360691 -0.591194
    outer loop
      vertex 60.2653 27.16 1.49
      vertex 59.3013 27.6742 0
      vertex 59.3017 27.675 0
    endloop
  endfacet
  facet normal 0.729401 -0.344733 -0.590875
    outer loop
      vertex 59.3013 27.6742 0
      vertex 60.2653 27.16 1.49
      vertex 60.2066 27.0358 1.49
    endloop
  endfacet
  facet normal -0.756111 -0.283542 -0.58983
    outer loop
      vertex 63.8853 27.2236 0
      vertex 62.7934 27.0358 1.49
      vertex 63.885 27.2244 0
    endloop
  endfacet
  facet normal -0.759588 -0.271785 -0.590896
    outer loop
      vertex 62.7934 27.0358 1.49
      vertex 63.8853 27.2236 0
      vertex 62.8397 26.9064 1.49
    endloop
  endfacet
  facet normal -0.648038 -0.480482 -0.590918
    outer loop
      vertex 63.4269 28.0813 0
      vertex 63.572 27.8856 0
      vertex 62.5822 27.3881 1.49
    endloop
  endfacet
  facet normal -0.78257 0.195973 -0.590914
    outer loop
      vertex 63.9448 26.0137 0
      vertex 63.8856 25.7773 0
      vertex 62.8731 26.2269 1.49
    endloop
  endfacet
  facet normal -0.480482 0.648038 -0.590918
    outer loop
      vertex 63.0813 24.5731 0
      vertex 62.8856 24.428 0
      vertex 62.3881 25.4178 1.49
    endloop
  endfacet
  facet normal -0.79166 -0.175925 -0.585085
    outer loop
      vertex 63.9807 26.7443 0
      vertex 62.8731 26.7731 1.49
      vertex 63.9805 26.7452 0
    endloop
  endfacet
  facet normal -0.797983 -0.118611 -0.590893
    outer loop
      vertex 62.8731 26.7731 1.49
      vertex 63.9807 26.7443 0
      vertex 62.8933 26.6372 1.49
    endloop
  endfacet
  facet normal -0.759606 -0.271737 -0.590896
    outer loop
      vertex 63.8029 27.4539 0
      vertex 63.885 27.2244 0
      vertex 62.7934 27.0358 1.49
    endloop
  endfacet
  facet normal 0.80576 0.0397252 -0.590909
    outer loop
      vertex 60.1 26.5 1.49
      vertex 59.0193 26.2566 0
      vertex 59.0073 26.5 0
    endloop
  endfacet
  facet normal -0.361625 0.723251 -0.588333
    outer loop
      vertex 62.8841 24.427 0
      vertex 62.2778 25.3359 1.49
      vertex 62.8849 24.4274 0
    endloop
  endfacet
  facet normal -0.414729 0.691999 -0.590878
    outer loop
      vertex 62.2778 25.3359 1.49
      vertex 62.8841 24.427 0
      vertex 62.16 25.2653 1.49
    endloop
  endfacet
  facet normal -0.721382 -0.360691 -0.591194
    outer loop
      vertex 63.6987 27.6742 0
      vertex 62.7347 27.16 1.49
      vertex 63.6983 27.675 0
    endloop
  endfacet
  facet normal -0.729401 -0.344733 -0.590875
    outer loop
      vertex 62.7347 27.16 1.49
      vertex 63.6987 27.6742 0
      vertex 62.7934 27.0358 1.49
    endloop
  endfacet
  facet normal 0.759606 0.271737 -0.590896
    outer loop
      vertex 60.2066 25.9642 1.49
      vertex 59.1971 25.5461 0
      vertex 59.115 25.7756 0
    endloop
  endfacet
  facet normal -0.798039 0.118167 -0.590907
    outer loop
      vertex 63.9805 26.2548 0
      vertex 63.9448 26.0137 0
      vertex 62.8731 26.2269 1.49
    endloop
  endfacet
  facet normal -0.414729 -0.691999 -0.590878
    outer loop
      vertex 62.8841 28.573 0
      vertex 62.2778 27.6641 1.49
      vertex 62.16 27.7347 1.49
    endloop
  endfacet
  facet normal -0.361625 -0.723251 -0.588333
    outer loop
      vertex 62.2778 27.6641 1.49
      vertex 62.8841 28.573 0
      vertex 62.8849 28.5726 0
    endloop
  endfacet
  facet normal 0.0393503 0.805801 -0.590877
    outer loop
      vertex 61.2566 24.0193 0
      vertex 61.3628 25.1067 1.49
      vertex 61.5 25.1 1.49
    endloop
  endfacet
  facet normal 0 0.807764 -0.589505
    outer loop
      vertex 61.3628 25.1067 1.49
      vertex 61.2566 24.0193 0
      vertex 61.2557 24.0193 0
    endloop
  endfacet
  facet normal 0.765125 -0.255042 -0.591217
    outer loop
      vertex 60.1603 26.9064 1.49
      vertex 59.1144 27.2227 0
      vertex 59.1147 27.2236 0
    endloop
  endfacet
  facet normal 0.782538 -0.196075 -0.590923
    outer loop
      vertex 59.1144 27.2227 0
      vertex 60.1603 26.9064 1.49
      vertex 60.1269 26.7731 1.49
    endloop
  endfacet
  facet normal 0.798039 -0.118167 -0.590907
    outer loop
      vertex 59.0552 26.9863 0
      vertex 60.1269 26.7731 1.49
      vertex 59.0195 26.7452 0
    endloop
  endfacet
  facet normal 0.729401 0.344733 -0.590875
    outer loop
      vertex 60.2653 25.84 1.49
      vertex 59.3013 25.3258 0
      vertex 60.2066 25.9642 1.49
    endloop
  endfacet
  facet normal 0.721382 0.360691 -0.591194
    outer loop
      vertex 59.3013 25.3258 0
      vertex 60.2653 25.84 1.49
      vertex 59.3017 25.325 0
    endloop
  endfacet
  facet normal -0.61288 -0.525326 -0.590263
    outer loop
      vertex 63.2632 28.2619 0
      vertex 62.4899 27.4899 1.49
      vertex 63.2626 28.2626 0
    endloop
  endfacet
  facet normal -0.597644 -0.541872 -0.590928
    outer loop
      vertex 62.4899 27.4899 1.49
      vertex 63.2632 28.2619 0
      vertex 62.5822 27.3881 1.49
    endloop
  endfacet
  facet normal -0.195973 0.78257 -0.590914
    outer loop
      vertex 62.2227 24.1144 0
      vertex 61.9863 24.0552 0
      vertex 61.7731 25.1269 1.49
    endloop
  endfacet
  facet normal 0.118611 0.797983 -0.590893
    outer loop
      vertex 61.2557 24.0193 0
      vertex 61.2269 25.1269 1.49
      vertex 61.3628 25.1067 1.49
    endloop
  endfacet
  facet normal 0.175925 0.79166 -0.585085
    outer loop
      vertex 61.2269 25.1269 1.49
      vertex 61.2557 24.0193 0
      vertex 61.2548 24.0195 0
    endloop
  endfacet
  facet normal -0.271737 -0.759606 -0.590896
    outer loop
      vertex 62.2244 28.885 0
      vertex 62.4539 28.8029 0
      vertex 62.0358 27.7934 1.49
    endloop
  endfacet
  facet normal 0.805801 0.0393503 -0.590877
    outer loop
      vertex 60.1067 26.3628 1.49
      vertex 59.0193 26.2566 0
      vertex 60.1 26.5 1.49
    endloop
  endfacet
  facet normal 0.807764 0 -0.589505
    outer loop
      vertex 59.0193 26.2566 0
      vertex 60.1067 26.3628 1.49
      vertex 59.0193 26.2557 0
    endloop
  endfacet
  facet normal 0.525337 -0.612893 -0.59024
    outer loop
      vertex 59.7381 28.2632 0
      vertex 60.51 27.4899 1.49
      vertex 59.7374 28.2626 0
    endloop
  endfacet
  facet normal 0.541884 -0.597657 -0.590905
    outer loop
      vertex 60.51 27.4899 1.49
      vertex 59.7381 28.2632 0
      vertex 60.6118 27.5822 1.49
    endloop
  endfacet
  facet normal -0.692028 0.414687 -0.590874
    outer loop
      vertex 63.6983 25.325 0
      vertex 63.573 25.1159 0
      vertex 62.7347 25.84 1.49
    endloop
  endfacet
  facet normal -0.597738 0.541804 -0.590895
    outer loop
      vertex 63.4269 24.9187 0
      vertex 63.2632 24.7381 0
      vertex 62.5822 25.6118 1.49
    endloop
  endfacet
  facet normal -0.647921 0.480659 -0.590902
    outer loop
      vertex 63.5726 25.1151 0
      vertex 62.5822 25.6118 1.49
      vertex 62.6641 25.7222 1.49
    endloop
  endfacet
  facet normal -0.615689 0.527734 -0.58517
    outer loop
      vertex 62.5822 25.6118 1.49
      vertex 63.5726 25.1151 0
      vertex 63.572 25.1144 0
    endloop
  endfacet
  facet normal -0.195973 -0.78257 -0.590914
    outer loop
      vertex 61.9863 28.9448 0
      vertex 62.2227 28.8856 0
      vertex 61.7731 27.8731 1.49
    endloop
  endfacet
  facet normal 0.175925 -0.79166 -0.585085
    outer loop
      vertex 61.2557 28.9807 0
      vertex 61.2269 27.8731 1.49
      vertex 61.2548 28.9805 0
    endloop
  endfacet
  facet normal 0.118611 -0.797983 -0.590893
    outer loop
      vertex 61.2269 27.8731 1.49
      vertex 61.2557 28.9807 0
      vertex 61.3628 27.8933 1.49
    endloop
  endfacet
  facet normal 0.195973 -0.78257 -0.590914
    outer loop
      vertex 61.0137 28.9448 0
      vertex 61.2269 27.8731 1.49
      vertex 60.7773 28.8856 0
    endloop
  endfacet
  facet normal 0.118167 0.798039 -0.590907
    outer loop
      vertex 61.2269 25.1269 1.49
      vertex 61.2548 24.0195 0
      vertex 61.0137 24.0552 0
    endloop
  endfacet
  facet normal 0.360691 -0.721382 -0.591194
    outer loop
      vertex 60.3258 28.6987 0
      vertex 60.84 27.7347 1.49
      vertex 60.325 28.6983 0
    endloop
  endfacet
  facet normal 0.344733 -0.729401 -0.590875
    outer loop
      vertex 60.84 27.7347 1.49
      vertex 60.3258 28.6987 0
      vertex 60.9642 27.7934 1.49
    endloop
  endfacet
  facet normal 0.344945 -0.729284 -0.590895
    outer loop
      vertex 60.5461 28.8029 0
      vertex 60.9642 27.7934 1.49
      vertex 60.3258 28.6987 0
    endloop
  endfacet
  facet normal -0.480943 -0.647717 -0.590894
    outer loop
      vertex 62.8849 28.5726 0
      vertex 62.3881 27.5822 1.49
      vertex 62.2778 27.6641 1.49
    endloop
  endfacet
  facet normal -0.527723 -0.615676 -0.585194
    outer loop
      vertex 62.3881 27.5822 1.49
      vertex 62.8849 28.5726 0
      vertex 62.8856 28.572 0
    endloop
  endfacet
  facet normal 0.782538 0.196075 -0.590923
    outer loop
      vertex 60.1603 26.0936 1.49
      vertex 59.1144 25.7773 0
      vertex 60.1269 26.2269 1.49
    endloop
  endfacet
  facet normal 0.765125 0.255042 -0.591217
    outer loop
      vertex 59.1144 25.7773 0
      vertex 60.1603 26.0936 1.49
      vertex 59.1147 25.7764 0
    endloop
  endfacet
  facet normal -0.175925 0.79166 -0.585085
    outer loop
      vertex 61.7443 24.0193 0
      vertex 61.7731 25.1269 1.49
      vertex 61.7452 24.0195 0
    endloop
  endfacet
  facet normal -0.118611 0.797983 -0.590893
    outer loop
      vertex 61.7731 25.1269 1.49
      vertex 61.7443 24.0193 0
      vertex 61.6372 25.1067 1.49
    endloop
  endfacet
  facet normal -0.597657 0.541884 -0.590905
    outer loop
      vertex 63.2632 24.7381 0
      vertex 62.4899 25.51 1.49
      vertex 62.5822 25.6118 1.49
    endloop
  endfacet
  facet normal -0.612893 0.525337 -0.59024
    outer loop
      vertex 62.4899 25.51 1.49
      vertex 63.2632 24.7381 0
      vertex 63.2626 24.7374 0
    endloop
  endfacet
  facet normal 0.541579 0.597969 -0.590869
    outer loop
      vertex 59.7381 24.7368 0
      vertex 60.51 25.51 1.49
      vertex 60.6118 25.4178 1.49
    endloop
  endfacet
  facet normal 0.52535 0.612908 -0.590213
    outer loop
      vertex 60.51 25.51 1.49
      vertex 59.7381 24.7368 0
      vertex 59.7374 24.7374 0
    endloop
  endfacet
  facet normal 0 0.807764 -0.589505
    outer loop
      vertex 61.7434 24.0193 0
      vertex 61.6372 25.1067 1.49
      vertex 61.7443 24.0193 0
    endloop
  endfacet
  facet normal -0.0393503 0.805801 -0.590877
    outer loop
      vertex 61.6372 25.1067 1.49
      vertex 61.7434 24.0193 0
      vertex 61.5 25.1 1.49
    endloop
  endfacet
  facet normal 0.756111 -0.283542 -0.58983
    outer loop
      vertex 60.2066 27.0358 1.49
      vertex 59.1147 27.2236 0
      vertex 59.115 27.2244 0
    endloop
  endfacet
  facet normal 0.759588 -0.271785 -0.590896
    outer loop
      vertex 59.1147 27.2236 0
      vertex 60.2066 27.0358 1.49
      vertex 60.1603 26.9064 1.49
    endloop
  endfacet
  facet normal -0.729401 0.344733 -0.590875
    outer loop
      vertex 63.6987 25.3258 0
      vertex 62.7347 25.84 1.49
      vertex 62.7934 25.9642 1.49
    endloop
  endfacet
  facet normal -0.721382 0.360691 -0.591194
    outer loop
      vertex 62.7347 25.84 1.49
      vertex 63.6987 25.3258 0
      vertex 63.6983 25.325 0
    endloop
  endfacet
  facet normal -0.64805 0.480491 -0.590897
    outer loop
      vertex 63.572 25.1144 0
      vertex 63.4269 24.9187 0
      vertex 62.5822 25.6118 1.49
    endloop
  endfacet
  facet normal -0.360691 0.721382 -0.591194
    outer loop
      vertex 62.6742 24.3013 0
      vertex 62.16 25.2653 1.49
      vertex 62.675 24.3017 0
    endloop
  endfacet
  facet normal -0.344733 0.729401 -0.590875
    outer loop
      vertex 62.16 25.2653 1.49
      vertex 62.6742 24.3013 0
      vertex 62.0358 25.2066 1.49
    endloop
  endfacet
  facet normal -0.78257 -0.195973 -0.590914
    outer loop
      vertex 63.8856 27.2227 0
      vertex 63.9448 26.9863 0
      vertex 62.8731 26.7731 1.49
    endloop
  endfacet
  facet normal -0.798039 -0.118167 -0.590907
    outer loop
      vertex 63.9448 26.9863 0
      vertex 63.9805 26.7452 0
      vertex 62.8731 26.7731 1.49
    endloop
  endfacet
  facet normal -0.729284 0.344945 -0.590895
    outer loop
      vertex 63.8029 25.5461 0
      vertex 63.6987 25.3258 0
      vertex 62.7934 25.9642 1.49
    endloop
  endfacet
  facet normal -0.759606 0.271737 -0.590896
    outer loop
      vertex 63.885 25.7756 0
      vertex 63.8029 25.5461 0
      vertex 62.7934 25.9642 1.49
    endloop
  endfacet
  facet normal 0.612895 -0.525339 -0.590236
    outer loop
      vertex 60.51 27.4899 1.49
      vertex 59.7368 28.2619 0
      vertex 59.7374 28.2626 0
    endloop
  endfacet
  facet normal 0.597956 -0.541567 -0.590892
    outer loop
      vertex 59.7368 28.2619 0
      vertex 60.51 27.4899 1.49
      vertex 60.4178 27.3881 1.49
    endloop
  endfacet
  facet normal -0.807764 0 -0.589505
    outer loop
      vertex 63.9807 26.7434 0
      vertex 62.8933 26.6372 1.49
      vertex 63.9807 26.7443 0
    endloop
  endfacet
  facet normal -0.805801 -0.0393503 -0.590877
    outer loop
      vertex 62.8933 26.6372 1.49
      vertex 63.9807 26.7434 0
      vertex 62.9 26.5 1.49
    endloop
  endfacet
  facet normal 0.759588 0.271785 -0.590896
    outer loop
      vertex 60.2066 25.9642 1.49
      vertex 59.1147 25.7764 0
      vertex 60.1603 26.0936 1.49
    endloop
  endfacet
  facet normal 0.756111 0.283542 -0.58983
    outer loop
      vertex 59.1147 25.7764 0
      vertex 60.2066 25.9642 1.49
      vertex 59.115 25.7756 0
    endloop
  endfacet
  facet normal -0.79166 0.175925 -0.585085
    outer loop
      vertex 62.8731 26.2269 1.49
      vertex 63.9807 26.2557 0
      vertex 63.9805 26.2548 0
    endloop
  endfacet
  facet normal -0.797983 0.118611 -0.590893
    outer loop
      vertex 63.9807 26.2557 0
      vertex 62.8731 26.2269 1.49
      vertex 62.8933 26.3628 1.49
    endloop
  endfacet
  facet normal -0.805801 0.0393503 -0.590877
    outer loop
      vertex 63.9807 26.2566 0
      vertex 62.8933 26.3628 1.49
      vertex 62.9 26.5 1.49
    endloop
  endfacet
  facet normal -0.807764 0 -0.589505
    outer loop
      vertex 62.8933 26.3628 1.49
      vertex 63.9807 26.2566 0
      vertex 63.9807 26.2557 0
    endloop
  endfacet
  facet normal 0.78257 -0.195973 -0.590914
    outer loop
      vertex 59.1144 27.2227 0
      vertex 60.1269 26.7731 1.49
      vertex 59.0552 26.9863 0
    endloop
  endfacet
  facet normal 0.414729 0.691999 -0.590878
    outer loop
      vertex 60.1159 24.427 0
      vertex 60.7222 25.3359 1.49
      vertex 60.84 25.2653 1.49
    endloop
  endfacet
  facet normal 0.361625 0.723251 -0.588333
    outer loop
      vertex 60.7222 25.3359 1.49
      vertex 60.1159 24.427 0
      vertex 60.1151 24.4274 0
    endloop
  endfacet
  facet normal 0.798039 0.118167 -0.590907
    outer loop
      vertex 60.1269 26.2269 1.49
      vertex 59.0552 26.0137 0
      vertex 59.0195 26.2548 0
    endloop
  endfacet
  facet normal 0.78257 0.195973 -0.590914
    outer loop
      vertex 60.1269 26.2269 1.49
      vertex 59.1144 25.7773 0
      vertex 59.0552 26.0137 0
    endloop
  endfacet
  facet normal -0.0393503 -0.805801 -0.590877
    outer loop
      vertex 61.7434 28.9807 0
      vertex 61.6372 27.8933 1.49
      vertex 61.5 27.9 1.49
    endloop
  endfacet
  facet normal 0 -0.807764 -0.589505
    outer loop
      vertex 61.6372 27.8933 1.49
      vertex 61.7434 28.9807 0
      vertex 61.7443 28.9807 0
    endloop
  endfacet
  facet normal -0.118611 -0.797983 -0.590893
    outer loop
      vertex 61.7443 28.9807 0
      vertex 61.7731 27.8731 1.49
      vertex 61.6372 27.8933 1.49
    endloop
  endfacet
  facet normal -0.175925 -0.79166 -0.585085
    outer loop
      vertex 61.7731 27.8731 1.49
      vertex 61.7443 28.9807 0
      vertex 61.7452 28.9805 0
    endloop
  endfacet
  facet normal -0.541792 0.597726 -0.590919
    outer loop
      vertex 63.2619 24.7368 0
      vertex 63.0813 24.5731 0
      vertex 62.3881 25.4178 1.49
    endloop
  endfacet
  facet normal 0.597738 0.541804 -0.590895
    outer loop
      vertex 60.4178 25.6118 1.49
      vertex 59.7368 24.7381 0
      vertex 59.5731 24.9187 0
    endloop
  endfacet
  facet normal 0.64805 0.480491 -0.590897
    outer loop
      vertex 60.4178 25.6118 1.49
      vertex 59.5731 24.9187 0
      vertex 59.428 25.1144 0
    endloop
  endfacet
  facet normal -0.344733 -0.729401 -0.590875
    outer loop
      vertex 62.6742 28.6987 0
      vertex 62.16 27.7347 1.49
      vertex 62.0358 27.7934 1.49
    endloop
  endfacet
  facet normal -0.360691 -0.721382 -0.591194
    outer loop
      vertex 62.16 27.7347 1.49
      vertex 62.6742 28.6987 0
      vertex 62.675 28.6983 0
    endloop
  endfacet
  facet normal -0.723251 -0.361625 -0.588333
    outer loop
      vertex 63.573 27.8841 0
      vertex 62.6641 27.2778 1.49
      vertex 63.5726 27.8849 0
    endloop
  endfacet
  facet normal -0.691999 -0.414729 -0.590878
    outer loop
      vertex 62.6641 27.2778 1.49
      vertex 63.573 27.8841 0
      vertex 62.7347 27.16 1.49
    endloop
  endfacet
  facet normal 0.729284 0.344945 -0.590895
    outer loop
      vertex 60.2066 25.9642 1.49
      vertex 59.3013 25.3258 0
      vertex 59.1971 25.5461 0
    endloop
  endfacet
  facet normal -0 -0.807764 -0.589505
    outer loop
      vertex 61.2566 28.9807 0
      vertex 61.3628 27.8933 1.49
      vertex 61.2557 28.9807 0
    endloop
  endfacet
  facet normal 0.0393503 -0.805801 -0.590877
    outer loop
      vertex 61.3628 27.8933 1.49
      vertex 61.2566 28.9807 0
      vertex 61.5 27.9 1.49
    endloop
  endfacet
  facet normal -0.951439 -0.238298 0.194882
    outer loop
      vertex -1.68608 17.5424 5.1702
      vertex -1.4983 17.5798 6.1327
      vertex -1.91738 18.4659 5.1702
    endloop
  endfacet
  facet normal -0.970211 -0.143924 0.194877
    outer loop
      vertex -1.5464 16.6008 5.1702
      vertex -1.4983 17.5798 6.1327
      vertex -1.68608 17.5424 5.1702
    endloop
  endfacet
  facet normal -0.886684 -0.41931 0.19486
    outer loop
      vertex -2.23808 19.3621 5.1702
      vertex -2.4 20.0086 5.82458
      vertex -2.4 19.7045 5.1702
    endloop
  endfacet
  facet normal -0.970214 -0.143915 0.194868
    outer loop
      vertex -1.35587 16.6196 6.1327
      vertex -1.4983 17.5798 6.1327
      vertex -1.5464 16.6008 5.1702
    endloop
  endfacet
  facet normal -0.951437 -0.238334 0.194847
    outer loop
      vertex -1.4983 17.5798 6.1327
      vertex -1.73417 18.5214 6.1327
      vertex -1.91738 18.4659 5.1702
    endloop
  endfacet
  facet normal -0.870015 -0.311332 0.38229
    outer loop
      vertex -2.18998 18.3832 4.2311
      vertex -2.4 18.9701 4.2311
      vertex -2.4 18.3195 3.70126
    endloop
  endfacet
  facet normal -0.901067 -0.322443 0.290015
    outer loop
      vertex -2.18998 18.3832 4.2311
      vertex -2.4 19.2951 4.59244
      vertex -2.4 18.9701 4.2311
    endloop
  endfacet
  facet normal -0.901104 -0.322417 0.289928
    outer loop
      vertex -2.4 19.2951 4.59244
      vertex -2.18998 18.3832 4.2311
      vertex -2.23808 19.3621 5.1702
    endloop
  endfacet
  facet normal -0.970214 0.143915 0.194868
    outer loop
      vertex -1.4983 13.7202 6.1327
      vertex -1.35587 14.6804 6.1327
      vertex -1.5464 14.6992 5.1702
    endloop
  endfacet
  facet normal -0.922929 -0.0453392 0.382291
    outer loop
      vertex -2.16011 15.65 3.32445
      vertex -1.8299 16.5729 4.2311
      vertex -2.20364 16.5361 3.32445
    endloop
  endfacet
  facet normal -0.984425 0.146029 0.0978957
    outer loop
      vertex -1.35587 14.6804 6.1327
      vertex -1.33557 14.3699 6.8
      vertex -1.29046 14.674 6.8
    endloop
  endfacet
  facet normal -0.984426 0.146023 0.0978932
    outer loop
      vertex -1.33557 14.3699 6.8
      vertex -1.35587 14.6804 6.1327
      vertex -1.4983 13.7202 6.1327
    endloop
  endfacet
  facet normal -0.984426 -0.146023 0.0978932
    outer loop
      vertex -1.35587 16.6196 6.1327
      vertex -1.33557 16.9301 6.8
      vertex -1.4983 17.5798 6.1327
    endloop
  endfacet
  facet normal -0.984425 -0.146029 0.0978957
    outer loop
      vertex -1.33557 16.9301 6.8
      vertex -1.35587 16.6196 6.1327
      vertex -1.29046 16.626 6.8
    endloop
  endfacet
  facet normal -0.881098 -0.0432845 0.470949
    outer loop
      vertex -2.16011 15.65 3.32445
      vertex -2.4 16.1209 2.91892
      vertex -2.4 15.65 2.87564
    endloop
  endfacet
  facet normal -0.881098 -0.0432843 0.470949
    outer loop
      vertex -2.4 16.1209 2.91892
      vertex -2.16011 15.65 3.32445
      vertex -2.20364 16.5361 3.32445
    endloop
  endfacet
  facet normal -0.881096 -0.0432876 0.470952
    outer loop
      vertex -2.20364 16.5361 3.32445
      vertex -2.4 16.5167 2.9553
      vertex -2.4 16.1209 2.91892
    endloop
  endfacet
  facet normal -0.896353 -0.224509 0.382291
    outer loop
      vertex -2.4 18.0728 3.55638
      vertex -2.18998 18.3832 4.2311
      vertex -2.4 18.3195 3.70126
    endloop
  endfacet
  facet normal -0.896348 -0.224522 0.382296
    outer loop
      vertex -2.18998 18.3832 4.2311
      vertex -2.4 18.0728 3.55638
      vertex -1.96547 17.4869 4.2311
    endloop
  endfacet
  facet normal -0.937025 -0.335255 0.0979238
    outer loop
      vertex -1.77486 18.83 6.8
      vertex -2.00048 19.4606 6.8
      vertex -2.0612 19.4354 6.1327
    endloop
  endfacet
  facet normal -0.96536 -0.241858 0.0979034
    outer loop
      vertex -1.73417 18.5214 6.1327
      vertex -1.59657 18.2423 6.8
      vertex -1.67128 18.5405 6.8
    endloop
  endfacet
  facet normal -0.965367 -0.241824 0.0979193
    outer loop
      vertex -1.59657 18.2423 6.8
      vertex -1.73417 18.5214 6.1327
      vertex -1.4983 17.5798 6.1327
    endloop
  endfacet
  facet normal -0.923501 0.330429 0.19484
    outer loop
      vertex -1.73417 12.7786 6.1327
      vertex -1.91738 12.8341 5.1702
      vertex -2.0612 11.8646 6.1327
    endloop
  endfacet
  facet normal -0.872603 0.129452 0.470962
    outer loop
      vertex -2.20364 14.7639 3.32445
      vertex -2.4 14.7833 2.9553
      vertex -2.4 14.4992 3.03339
    endloop
  endfacet
  facet normal -0.89964 0.425509 0.0979304
    outer loop
      vertex -2.00048 11.8394 6.8
      vertex -2.0612 11.8646 6.1327
      vertex -2.28682 11.234 6.8
    endloop
  endfacet
  facet normal -0.886684 0.41931 0.19486
    outer loop
      vertex -2.23808 11.9379 5.1702
      vertex -2.4 11.5955 5.1702
      vertex -2.4 11.2914 5.82458
    endloop
  endfacet
  facet normal -0.886672 0.419327 0.194879
    outer loop
      vertex -2.4 11.2914 5.82458
      vertex -2.0612 11.8646 6.1327
      vertex -2.23808 11.9379 5.1702
    endloop
  endfacet
  facet normal -0.886669 0.419382 0.194773
    outer loop
      vertex -2.0612 11.8646 6.1327
      vertex -2.4 11.2914 5.82458
      vertex -2.4 11.1483 6.1327
    endloop
  endfacet
  facet normal -0.914042 0.135576 0.38229
    outer loop
      vertex -1.96547 13.8131 4.2311
      vertex -1.8299 14.7271 4.2311
      vertex -2.20364 14.7639 3.32445
    endloop
  endfacet
  facet normal -0.901083 -0.322447 0.28996
    outer loop
      vertex -2.18998 18.3832 4.2311
      vertex -1.91738 18.4659 5.1702
      vertex -2.23808 19.3621 5.1702
    endloop
  endfacet
  facet normal -0.928363 -0.232518 0.28996
    outer loop
      vertex -1.68608 17.5424 5.1702
      vertex -1.91738 18.4659 5.1702
      vertex -2.18998 18.3832 4.2311
    endloop
  endfacet
  facet normal -0.872603 -0.129452 0.470962
    outer loop
      vertex -2.20364 16.5361 3.32445
      vertex -2.4 16.8008 3.03339
      vertex -2.4 16.5167 2.9553
    endloop
  endfacet
  facet normal -0.946681 0.140418 0.28996
    outer loop
      vertex -1.5464 14.6992 5.1702
      vertex -1.8299 14.7271 4.2311
      vertex -1.96547 13.8131 4.2311
    endloop
  endfacet
  facet normal -0.914035 0.13559 0.382302
    outer loop
      vertex -1.96547 13.8131 4.2311
      vertex -2.20364 14.7639 3.32445
      vertex -2.33381 13.8864 3.32445
    endloop
  endfacet
  facet normal -0.923481 -0.330462 0.194876
    outer loop
      vertex -1.91738 18.4659 5.1702
      vertex -2.0612 19.4354 6.1327
      vertex -2.23808 19.3621 5.1702
    endloop
  endfacet
  facet normal -0.886669 -0.419382 0.194773
    outer loop
      vertex -2.4 20.0086 5.82458
      vertex -2.0612 19.4354 6.1327
      vertex -2.4 20.1517 6.1327
    endloop
  endfacet
  facet normal -0.886672 -0.419327 0.194879
    outer loop
      vertex -2.0612 19.4354 6.1327
      vertex -2.4 20.0086 5.82458
      vertex -2.23808 19.3621 5.1702
    endloop
  endfacet
  facet normal -0.993998 -0.0488306 0.0978953
    outer loop
      vertex -1.24251 15.65 6.8
      vertex -1.27537 16.3189 6.8
      vertex -1.30823 15.65 6.1327
    endloop
  endfacet
  facet normal -0.955885 0.0469598 0.289962
    outer loop
      vertex -1.5464 14.6992 5.1702
      vertex -1.49969 15.65 5.1702
      vertex -1.78456 15.65 4.2311
    endloop
  endfacet
  facet normal -0.937025 0.335255 0.0979238
    outer loop
      vertex -2.00048 11.8394 6.8
      vertex -1.77486 12.47 6.8
      vertex -2.0612 11.8646 6.1327
    endloop
  endfacet
  facet normal -0.937025 0.335258 0.0979064
    outer loop
      vertex -1.73417 12.7786 6.1327
      vertex -1.77486 12.47 6.8
      vertex -1.67128 12.7595 6.8
    endloop
  endfacet
  facet normal -0.937022 0.335267 0.097911
    outer loop
      vertex -1.77486 12.47 6.8
      vertex -1.73417 12.7786 6.1327
      vertex -2.0612 11.8646 6.1327
    endloop
  endfacet
  facet normal -0.899636 0.425515 0.0979382
    outer loop
      vertex -2.4 11.1483 6.1327
      vertex -2.28682 11.234 6.8
      vertex -2.0612 11.8646 6.1327
    endloop
  endfacet
  facet normal -0.899644 0.425498 0.0979417
    outer loop
      vertex -2.28682 11.234 6.8
      vertex -2.4 11.1483 6.1327
      vertex -2.4 10.9947 6.8
    endloop
  endfacet
  facet normal -0.928364 -0.232542 0.289939
    outer loop
      vertex -1.96547 17.4869 4.2311
      vertex -1.68608 17.5424 5.1702
      vertex -2.18998 18.3832 4.2311
    endloop
  endfacet
  facet normal -0.946681 -0.140418 0.28996
    outer loop
      vertex -1.8299 16.5729 4.2311
      vertex -1.5464 16.6008 5.1702
      vertex -1.96547 17.4869 4.2311
    endloop
  endfacet
  facet normal -0.89964 -0.425509 0.0979304
    outer loop
      vertex -2.0612 19.4354 6.1327
      vertex -2.00048 19.4606 6.8
      vertex -2.28682 20.066 6.8
    endloop
  endfacet
  facet normal -0.899644 -0.425498 0.0979417
    outer loop
      vertex -2.4 20.1517 6.1327
      vertex -2.28682 20.066 6.8
      vertex -2.4 20.3053 6.8
    endloop
  endfacet
  facet normal -0.899636 -0.425515 0.0979382
    outer loop
      vertex -2.28682 20.066 6.8
      vertex -2.4 20.1517 6.1327
      vertex -2.0612 19.4354 6.1327
    endloop
  endfacet
  facet normal -0.922928 -0.0453414 0.382293
    outer loop
      vertex -1.78456 15.65 4.2311
      vertex -1.8299 16.5729 4.2311
      vertex -2.16011 15.65 3.32445
    endloop
  endfacet
  facet normal -0.946684 -0.140434 0.289946
    outer loop
      vertex -1.5464 16.6008 5.1702
      vertex -1.68608 17.5424 5.1702
      vertex -1.96547 17.4869 4.2311
    endloop
  endfacet
  facet normal -0.955885 -0.0469605 0.289962
    outer loop
      vertex -1.78456 15.65 4.2311
      vertex -1.5464 16.6008 5.1702
      vertex -1.8299 16.5729 4.2311
    endloop
  endfacet
  facet normal -0.955885 -0.0469598 0.289962
    outer loop
      vertex -1.49969 15.65 5.1702
      vertex -1.5464 16.6008 5.1702
      vertex -1.78456 15.65 4.2311
    endloop
  endfacet
  facet normal -0.922929 0.0453392 0.382291
    outer loop
      vertex -1.8299 14.7271 4.2311
      vertex -2.16011 15.65 3.32445
      vertex -2.20364 14.7639 3.32445
    endloop
  endfacet
  facet normal -0.865187 -0.409144 0.289919
    outer loop
      vertex -2.23808 19.3621 5.1702
      vertex -2.4 19.7045 5.1702
      vertex -2.4 19.2951 4.59244
    endloop
  endfacet
  facet normal -0.923501 -0.330429 0.19484
    outer loop
      vertex -1.91738 18.4659 5.1702
      vertex -1.73417 18.5214 6.1327
      vertex -2.0612 19.4354 6.1327
    endloop
  endfacet
  facet normal -0.937022 -0.335267 0.097911
    outer loop
      vertex -1.73417 18.5214 6.1327
      vertex -1.77486 18.83 6.8
      vertex -2.0612 19.4354 6.1327
    endloop
  endfacet
  facet normal -0.937025 -0.335258 0.0979064
    outer loop
      vertex -1.77486 18.83 6.8
      vertex -1.73417 18.5214 6.1327
      vertex -1.67128 18.5405 6.8
    endloop
  endfacet
  facet normal -0.984426 -0.146022 0.0978948
    outer loop
      vertex -1.33557 16.9301 6.8
      vertex -1.43384 17.5926 6.8
      vertex -1.4983 17.5798 6.1327
    endloop
  endfacet
  facet normal -0.965376 -0.241797 0.0978917
    outer loop
      vertex -1.4983 17.5798 6.1327
      vertex -1.43384 17.5926 6.8
      vertex -1.59657 18.2423 6.8
    endloop
  endfacet
  facet normal -0.970211 0.143924 0.194877
    outer loop
      vertex -1.4983 13.7202 6.1327
      vertex -1.5464 14.6992 5.1702
      vertex -1.68608 13.7576 5.1702
    endloop
  endfacet
  facet normal -0.984426 0.146022 0.0978948
    outer loop
      vertex -1.43384 13.7074 6.8
      vertex -1.33557 14.3699 6.8
      vertex -1.4983 13.7202 6.1327
    endloop
  endfacet
  facet normal -0.914042 -0.135576 0.38229
    outer loop
      vertex -1.8299 16.5729 4.2311
      vertex -1.96547 17.4869 4.2311
      vertex -2.20364 16.5361 3.32445
    endloop
  endfacet
  facet normal -0.896348 -0.224526 0.382293
    outer loop
      vertex -2.4 17.6779 3.32445
      vertex -1.96547 17.4869 4.2311
      vertex -2.4 18.0728 3.55638
    endloop
  endfacet
  facet normal -0.896355 -0.224479 0.382306
    outer loop
      vertex -1.96547 17.4869 4.2311
      vertex -2.4 17.6779 3.32445
      vertex -2.33381 17.4136 3.32445
    endloop
  endfacet
  facet normal -0.881098 0.0432845 0.470949
    outer loop
      vertex -2.4 15.1791 2.91892
      vertex -2.16011 15.65 3.32445
      vertex -2.4 15.65 2.87564
    endloop
  endfacet
  facet normal -0.881098 0.0432843 0.470949
    outer loop
      vertex -2.16011 15.65 3.32445
      vertex -2.4 15.1791 2.91892
      vertex -2.20364 14.7639 3.32445
    endloop
  endfacet
  facet normal -0.993997 -0.0488421 0.0979019
    outer loop
      vertex -1.35587 16.6196 6.1327
      vertex -1.27537 16.3189 6.8
      vertex -1.29046 16.626 6.8
    endloop
  endfacet
  facet normal -0.993997 -0.0488387 0.0979034
    outer loop
      vertex -1.27537 16.3189 6.8
      vertex -1.35587 16.6196 6.1327
      vertex -1.30823 15.65 6.1327
    endloop
  endfacet
  facet normal -0.979648 -0.0481337 0.194865
    outer loop
      vertex -1.30823 15.65 6.1327
      vertex -1.35587 16.6196 6.1327
      vertex -1.5464 16.6008 5.1702
    endloop
  endfacet
  facet normal -0.901067 0.322443 0.290015
    outer loop
      vertex -2.4 12.0049 4.59244
      vertex -2.18998 12.9168 4.2311
      vertex -2.4 12.3299 4.2311
    endloop
  endfacet
  facet normal -0.901104 0.322417 0.289928
    outer loop
      vertex -2.18998 12.9168 4.2311
      vertex -2.4 12.0049 4.59244
      vertex -2.23808 11.9379 5.1702
    endloop
  endfacet
  facet normal -0.896353 0.224509 0.382291
    outer loop
      vertex -2.18998 12.9168 4.2311
      vertex -2.4 13.2272 3.55638
      vertex -2.4 12.9805 3.70126
    endloop
  endfacet
  facet normal -0.896348 0.224522 0.382296
    outer loop
      vertex -2.4 13.2272 3.55638
      vertex -2.18998 12.9168 4.2311
      vertex -1.96547 13.8131 4.2311
    endloop
  endfacet
  facet normal -0.922928 0.0453414 0.382293
    outer loop
      vertex -1.8299 14.7271 4.2311
      vertex -1.78456 15.65 4.2311
      vertex -2.16011 15.65 3.32445
    endloop
  endfacet
  facet normal -0.955885 0.0469605 0.289962
    outer loop
      vertex -1.5464 14.6992 5.1702
      vertex -1.78456 15.65 4.2311
      vertex -1.8299 14.7271 4.2311
    endloop
  endfacet
  facet normal -0.872613 0.129433 0.470949
    outer loop
      vertex -2.33381 13.8864 3.32445
      vertex -2.4 14.4992 3.03339
      vertex -2.4 13.8996 3.19818
    endloop
  endfacet
  facet normal -0.872601 0.129443 0.470969
    outer loop
      vertex -2.4 14.4992 3.03339
      vertex -2.33381 13.8864 3.32445
      vertex -2.20364 14.7639 3.32445
    endloop
  endfacet
  facet normal -0.870015 0.311332 0.38229
    outer loop
      vertex -2.18998 12.9168 4.2311
      vertex -2.4 12.9805 3.70126
      vertex -2.4 12.3299 4.2311
    endloop
  endfacet
  facet normal -0.923481 0.330462 0.194876
    outer loop
      vertex -2.0612 11.8646 6.1327
      vertex -1.91738 12.8341 5.1702
      vertex -2.23808 11.9379 5.1702
    endloop
  endfacet
  facet normal -0.951437 0.238334 0.194847
    outer loop
      vertex -1.73417 12.7786 6.1327
      vertex -1.4983 13.7202 6.1327
      vertex -1.91738 12.8341 5.1702
    endloop
  endfacet
  facet normal -0.896355 0.224479 0.382306
    outer loop
      vertex -2.4 13.6221 3.32445
      vertex -1.96547 13.8131 4.2311
      vertex -2.33381 13.8864 3.32445
    endloop
  endfacet
  facet normal -0.896348 0.224526 0.382293
    outer loop
      vertex -1.96547 13.8131 4.2311
      vertex -2.4 13.6221 3.32445
      vertex -2.4 13.2272 3.55638
    endloop
  endfacet
  facet normal -0.965367 0.241824 0.0979193
    outer loop
      vertex -1.73417 12.7786 6.1327
      vertex -1.59657 13.0577 6.8
      vertex -1.4983 13.7202 6.1327
    endloop
  endfacet
  facet normal -0.96536 0.241858 0.0979034
    outer loop
      vertex -1.59657 13.0577 6.8
      vertex -1.73417 12.7786 6.1327
      vertex -1.67128 12.7595 6.8
    endloop
  endfacet
  facet normal -0.965376 0.241797 0.0978917
    outer loop
      vertex -1.43384 13.7074 6.8
      vertex -1.4983 13.7202 6.1327
      vertex -1.59657 13.0577 6.8
    endloop
  endfacet
  facet normal -0.855724 0.214303 0.470968
    outer loop
      vertex -2.33381 13.8864 3.32445
      vertex -2.4 13.8996 3.19818
      vertex -2.4 13.6221 3.32445
    endloop
  endfacet
  facet normal -0.951439 0.238298 0.194882
    outer loop
      vertex -1.4983 13.7202 6.1327
      vertex -1.68608 13.7576 5.1702
      vertex -1.91738 12.8341 5.1702
    endloop
  endfacet
  facet normal -0.865187 0.409144 0.289919
    outer loop
      vertex -2.23808 11.9379 5.1702
      vertex -2.4 12.0049 4.59244
      vertex -2.4 11.5955 5.1702
    endloop
  endfacet
  facet normal -0.914035 -0.13559 0.382302
    outer loop
      vertex -2.20364 16.5361 3.32445
      vertex -1.96547 17.4869 4.2311
      vertex -2.33381 17.4136 3.32445
    endloop
  endfacet
  facet normal -0.993997 0.0488387 0.0979034
    outer loop
      vertex -1.35587 14.6804 6.1327
      vertex -1.27537 14.9811 6.8
      vertex -1.30823 15.65 6.1327
    endloop
  endfacet
  facet normal -0.993997 0.0488421 0.0979019
    outer loop
      vertex -1.27537 14.9811 6.8
      vertex -1.35587 14.6804 6.1327
      vertex -1.29046 14.674 6.8
    endloop
  endfacet
  facet normal -0.979648 0.0481337 0.194865
    outer loop
      vertex -1.35587 14.6804 6.1327
      vertex -1.30823 15.65 6.1327
      vertex -1.5464 14.6992 5.1702
    endloop
  endfacet
  facet normal -0.928363 0.232518 0.28996
    outer loop
      vertex -1.91738 12.8341 5.1702
      vertex -1.68608 13.7576 5.1702
      vertex -2.18998 12.9168 4.2311
    endloop
  endfacet
  facet normal -0.901083 0.322447 0.28996
    outer loop
      vertex -1.91738 12.8341 5.1702
      vertex -2.18998 12.9168 4.2311
      vertex -2.23808 11.9379 5.1702
    endloop
  endfacet
  facet normal -0.881096 0.0432876 0.470952
    outer loop
      vertex -2.20364 14.7639 3.32445
      vertex -2.4 15.1791 2.91892
      vertex -2.4 14.7833 2.9553
    endloop
  endfacet
  facet normal -0.928364 0.232542 0.289939
    outer loop
      vertex -1.68608 13.7576 5.1702
      vertex -1.96547 13.8131 4.2311
      vertex -2.18998 12.9168 4.2311
    endloop
  endfacet
  facet normal -0.946684 0.140434 0.289946
    outer loop
      vertex -1.68608 13.7576 5.1702
      vertex -1.5464 14.6992 5.1702
      vertex -1.96547 13.8131 4.2311
    endloop
  endfacet
  facet normal -0.872613 -0.129433 0.470949
    outer loop
      vertex -2.4 16.8008 3.03339
      vertex -2.33381 17.4136 3.32445
      vertex -2.4 17.4004 3.19818
    endloop
  endfacet
  facet normal -0.872601 -0.129443 0.470969
    outer loop
      vertex -2.33381 17.4136 3.32445
      vertex -2.4 16.8008 3.03339
      vertex -2.20364 16.5361 3.32445
    endloop
  endfacet
  facet normal -0.855724 -0.214303 0.470968
    outer loop
      vertex -2.33381 17.4136 3.32445
      vertex -2.4 17.6779 3.32445
      vertex -2.4 17.4004 3.19818
    endloop
  endfacet
  facet normal -0.979647 -0.0481272 0.194871
    outer loop
      vertex -1.49969 15.65 5.1702
      vertex -1.30823 15.65 6.1327
      vertex -1.5464 16.6008 5.1702
    endloop
  endfacet
  facet normal -0.979647 0.0481272 0.194871
    outer loop
      vertex -1.30823 15.65 6.1327
      vertex -1.49969 15.65 5.1702
      vertex -1.5464 14.6992 5.1702
    endloop
  endfacet
  facet normal -0.993998 0.0488306 0.0978953
    outer loop
      vertex -1.27537 14.9811 6.8
      vertex -1.24251 15.65 6.8
      vertex -1.30823 15.65 6.1327
    endloop
  endfacet
endsolid OpenSCAD_Model
