solid OpenSCAD_Model
  facet normal -0.514166 0.857691 0
    outer loop
      vertex 0.243016 31.8096 1
      vertex -0.177851 31.5573 11.8
      vertex 0.243016 31.8096 11.8
    endloop
  endfacet
  facet normal -0.514166 0.857691 0
    outer loop
      vertex -0.177851 31.5573 11.8
      vertex 0.243016 31.8096 1
      vertex -0.177851 31.5573 1
    endloop
  endfacet
  facet normal 0.514226 0.857655 -0
    outer loop
      vertex 65.1778 31.5573 1
      vertex 64.757 31.8096 11.8
      vertex 65.1778 31.5573 11.8
    endloop
  endfacet
  facet normal 0.514226 0.857655 0
    outer loop
      vertex 64.757 31.8096 11.8
      vertex 65.1778 31.5573 1
      vertex 64.757 31.8096 1
    endloop
  endfacet
  facet normal -0.941548 0.336879 0
    outer loop
      vertex -2.1847 28.8514 1
      vertex -2.0194 29.3134 11.8
      vertex -2.0194 29.3134 1
    endloop
  endfacet
  facet normal -0.941548 0.336879 0
    outer loop
      vertex -2.0194 29.3134 11.8
      vertex -2.1847 28.8514 1
      vertex -2.1847 28.8514 11.8
    endloop
  endfacet
  facet normal 0.998793 0.0491143 0
    outer loop
      vertex 67.4 27.4 11.8
      vertex 67.3759 27.8901 1
      vertex 67.3759 27.8901 11.8
    endloop
  endfacet
  facet normal 0.998793 0.0491143 0
    outer loop
      vertex 67.3759 27.8901 1
      vertex 67.4 27.4 11.8
      vertex 67.4 27.4 1
    endloop
  endfacet
  facet normal 0.595491 0.803362 -0
    outer loop
      vertex 65.572 31.2651 1
      vertex 65.1778 31.5573 11.8
      vertex 65.572 31.2651 11.8
    endloop
  endfacet
  facet normal 0.595491 0.803362 0
    outer loop
      vertex 65.1778 31.5573 11.8
      vertex 65.572 31.2651 1
      vertex 65.1778 31.5573 1
    endloop
  endfacet
  facet normal 0.970034 0.242967 0
    outer loop
      vertex 67.3039 28.3755 11.8
      vertex 67.1847 28.8514 1
      vertex 67.1847 28.8514 11.8
    endloop
  endfacet
  facet normal 0.970034 0.242967 0
    outer loop
      vertex 67.1847 28.8514 1
      vertex 67.3039 28.3755 11.8
      vertex 67.3039 28.3755 1
    endloop
  endfacet
  facet normal -0.336881 0.941547 0
    outer loop
      vertex 1.14858 32.1847 1
      vertex 0.686583 32.0194 11.8
      vertex 1.14858 32.1847 11.8
    endloop
  endfacet
  facet normal -0.336881 0.941547 0
    outer loop
      vertex 0.686583 32.0194 11.8
      vertex 1.14858 32.1847 1
      vertex 0.686583 32.0194 1
    endloop
  endfacet
  facet normal 0.336879 0.941548 -0
    outer loop
      vertex 64.3134 32.0194 1
      vertex 63.8514 32.1847 11.8
      vertex 64.3134 32.0194 11.8
    endloop
  endfacet
  facet normal 0.336879 0.941548 0
    outer loop
      vertex 63.8514 32.1847 11.8
      vertex 64.3134 32.0194 1
      vertex 63.8514 32.1847 1
    endloop
  endfacet
  facet normal -0.998795 0.0490736 0
    outer loop
      vertex -2.4 27.4 1
      vertex -2.37592 27.8901 11.8
      vertex -2.37592 27.8901 1
    endloop
  endfacet
  facet normal -0.998795 0.0490736 0
    outer loop
      vertex -2.37592 27.8901 11.8
      vertex -2.4 27.4 1
      vertex -2.4 27.4 11.8
    endloop
  endfacet
  facet normal 0.857798 0.513986 0
    outer loop
      vertex 66.8096 29.757 11.8
      vertex 66.5574 30.1779 1
      vertex 66.5574 30.1779 11.8
    endloop
  endfacet
  facet normal 0.857798 0.513986 0
    outer loop
      vertex 66.5574 30.1779 1
      vertex 66.8096 29.757 11.8
      vertex 66.8096 29.757 1
    endloop
  endfacet
  facet normal 0 1 0
    outer loop
      vertex 62.4 32.4 11.8
      vertex 60.15 32.4 8.35
      vertex 60.15 32.4 11.8
    endloop
  endfacet
  facet normal 0 1 0
    outer loop
      vertex 62.4 32.4 11.8
      vertex 60.1404 32.4 8.15397
      vertex 60.15 32.4 8.35
    endloop
  endfacet
  facet normal 0 1 0
    outer loop
      vertex 62.4 32.4 11.8
      vertex 60.1116 32.4 7.95982
      vertex 60.1404 32.4 8.15397
    endloop
  endfacet
  facet normal 0 1 -0
    outer loop
      vertex 62.4 32.4 1
      vertex 60.1116 32.4 7.95982
      vertex 62.4 32.4 11.8
    endloop
  endfacet
  facet normal 0 1 0
    outer loop
      vertex 60.1116 32.4 7.95982
      vertex 62.4 32.4 1
      vertex 60.0639 32.4 7.76943
    endloop
  endfacet
  facet normal 0 1 0
    outer loop
      vertex 60.0639 32.4 7.76943
      vertex 62.4 32.4 1
      vertex 59.9978 32.4 7.58463
    endloop
  endfacet
  facet normal 0 1 0
    outer loop
      vertex 62.4 32.4 1
      vertex 49.05 32.4 6.35
      vertex 58.15 32.4 6.35
    endloop
  endfacet
  facet normal 0 1 0
    outer loop
      vertex 49.05 32.4 6.35
      vertex 62.4 32.4 1
      vertex 43.65 32.4 6.35
    endloop
  endfacet
  facet normal 0 1 0
    outer loop
      vertex 43.65 32.4 6.35
      vertex 62.4 32.4 1
      vertex 34.55 32.4 6.35
    endloop
  endfacet
  facet normal 0 1 0
    outer loop
      vertex 2.6 32.4 1
      vertex 34.55 32.4 6.35
      vertex 62.4 32.4 1
    endloop
  endfacet
  facet normal 0 1 0
    outer loop
      vertex 34.55 32.4 6.35
      vertex 2.6 32.4 1
      vertex 18.4 32.4 6.35
    endloop
  endfacet
  facet normal 0 1 0
    outer loop
      vertex 58.346 32.4 6.35963
      vertex 62.4 32.4 1
      vertex 58.15 32.4 6.35
    endloop
  endfacet
  facet normal 0 1 0
    outer loop
      vertex 58.5402 32.4 6.38843
      vertex 62.4 32.4 1
      vertex 58.346 32.4 6.35963
    endloop
  endfacet
  facet normal 0 1 0
    outer loop
      vertex 58.7306 32.4 6.43612
      vertex 62.4 32.4 1
      vertex 58.5402 32.4 6.38843
    endloop
  endfacet
  facet normal 0 1 0
    outer loop
      vertex 58.9154 32.4 6.50224
      vertex 62.4 32.4 1
      vertex 58.7306 32.4 6.43612
    endloop
  endfacet
  facet normal 0 1 0
    outer loop
      vertex 59.0928 32.4 6.58616
      vertex 62.4 32.4 1
      vertex 58.9154 32.4 6.50224
    endloop
  endfacet
  facet normal 0 1 0
    outer loop
      vertex 59.2611 32.4 6.68706
      vertex 62.4 32.4 1
      vertex 59.0928 32.4 6.58616
    endloop
  endfacet
  facet normal 0 1 0
    outer loop
      vertex 59.4188 32.4 6.80398
      vertex 62.4 32.4 1
      vertex 59.2611 32.4 6.68706
    endloop
  endfacet
  facet normal 0 1 0
    outer loop
      vertex 59.5642 32.4 6.93579
      vertex 62.4 32.4 1
      vertex 59.4188 32.4 6.80398
    endloop
  endfacet
  facet normal 0 1 0
    outer loop
      vertex 59.696 32.4 7.08121
      vertex 62.4 32.4 1
      vertex 59.5642 32.4 6.93579
    endloop
  endfacet
  facet normal 0 1 0
    outer loop
      vertex 59.8129 32.4 7.23886
      vertex 62.4 32.4 1
      vertex 59.696 32.4 7.08121
    endloop
  endfacet
  facet normal 0 1 0
    outer loop
      vertex 59.9138 32.4 7.40721
      vertex 62.4 32.4 1
      vertex 59.8129 32.4 7.23886
    endloop
  endfacet
  facet normal 0 1 0
    outer loop
      vertex 59.9978 32.4 7.58463
      vertex 62.4 32.4 1
      vertex 59.9138 32.4 7.40721
    endloop
  endfacet
  facet normal 0 1 -0
    outer loop
      vertex 47.05 32.4 8.35
      vertex 45.65 32.4 11.8
      vertex 47.05 32.4 11.8
    endloop
  endfacet
  facet normal 0 1 0
    outer loop
      vertex 47.05 32.4 8.35
      vertex 45.65 32.4 8.35
      vertex 45.65 32.4 11.8
    endloop
  endfacet
  facet normal 0 1 0
    outer loop
      vertex 47.0596 32.4 8.15397
      vertex 45.65 32.4 8.35
      vertex 47.05 32.4 8.35
    endloop
  endfacet
  facet normal 0 1 0
    outer loop
      vertex 47.0596 32.4 8.15397
      vertex 45.6404 32.4 8.15397
      vertex 45.65 32.4 8.35
    endloop
  endfacet
  facet normal 0 1 0
    outer loop
      vertex 47.0884 32.4 7.95982
      vertex 45.6404 32.4 8.15397
      vertex 47.0596 32.4 8.15397
    endloop
  endfacet
  facet normal 0 1 0
    outer loop
      vertex 47.0884 32.4 7.95982
      vertex 45.6116 32.4 7.95982
      vertex 45.6404 32.4 8.15397
    endloop
  endfacet
  facet normal 0 1 0
    outer loop
      vertex 47.1361 32.4 7.76943
      vertex 45.6116 32.4 7.95982
      vertex 47.0884 32.4 7.95982
    endloop
  endfacet
  facet normal 0 1 0
    outer loop
      vertex 47.1361 32.4 7.76943
      vertex 45.5639 32.4 7.76943
      vertex 45.6116 32.4 7.95982
    endloop
  endfacet
  facet normal 0 1 0
    outer loop
      vertex 47.2022 32.4 7.58463
      vertex 45.5639 32.4 7.76943
      vertex 47.1361 32.4 7.76943
    endloop
  endfacet
  facet normal 0 1 0
    outer loop
      vertex 47.2022 32.4 7.58463
      vertex 45.4978 32.4 7.58463
      vertex 45.5639 32.4 7.76943
    endloop
  endfacet
  facet normal 0 1 0
    outer loop
      vertex 47.2862 32.4 7.40721
      vertex 45.4978 32.4 7.58463
      vertex 47.2022 32.4 7.58463
    endloop
  endfacet
  facet normal 0 1 0
    outer loop
      vertex 47.2862 32.4 7.40721
      vertex 45.4138 32.4 7.40721
      vertex 45.4978 32.4 7.58463
    endloop
  endfacet
  facet normal 0 1 0
    outer loop
      vertex 47.3871 32.4 7.23886
      vertex 45.4138 32.4 7.40721
      vertex 47.2862 32.4 7.40721
    endloop
  endfacet
  facet normal 0 1 0
    outer loop
      vertex 47.3871 32.4 7.23886
      vertex 45.3129 32.4 7.23886
      vertex 45.4138 32.4 7.40721
    endloop
  endfacet
  facet normal 0 1 0
    outer loop
      vertex 47.504 32.4 7.08121
      vertex 45.3129 32.4 7.23886
      vertex 47.3871 32.4 7.23886
    endloop
  endfacet
  facet normal 0 1 0
    outer loop
      vertex 47.504 32.4 7.08121
      vertex 45.196 32.4 7.08121
      vertex 45.3129 32.4 7.23886
    endloop
  endfacet
  facet normal 0 1 0
    outer loop
      vertex 47.6358 32.4 6.93579
      vertex 45.196 32.4 7.08121
      vertex 47.504 32.4 7.08121
    endloop
  endfacet
  facet normal 0 1 0
    outer loop
      vertex 47.6358 32.4 6.93579
      vertex 45.0642 32.4 6.93579
      vertex 45.196 32.4 7.08121
    endloop
  endfacet
  facet normal 0 1 0
    outer loop
      vertex 47.7812 32.4 6.80398
      vertex 45.0642 32.4 6.93579
      vertex 47.6358 32.4 6.93579
    endloop
  endfacet
  facet normal 0 1 0
    outer loop
      vertex 47.7812 32.4 6.80398
      vertex 44.9188 32.4 6.80398
      vertex 45.0642 32.4 6.93579
    endloop
  endfacet
  facet normal 0 1 0
    outer loop
      vertex 47.9389 32.4 6.68706
      vertex 44.9188 32.4 6.80398
      vertex 47.7812 32.4 6.80398
    endloop
  endfacet
  facet normal 0 1 0
    outer loop
      vertex 47.9389 32.4 6.68706
      vertex 44.7611 32.4 6.68706
      vertex 44.9188 32.4 6.80398
    endloop
  endfacet
  facet normal 0 1 0
    outer loop
      vertex 48.1072 32.4 6.58616
      vertex 44.7611 32.4 6.68706
      vertex 47.9389 32.4 6.68706
    endloop
  endfacet
  facet normal 0 1 0
    outer loop
      vertex 48.1072 32.4 6.58616
      vertex 44.5928 32.4 6.58616
      vertex 44.7611 32.4 6.68706
    endloop
  endfacet
  facet normal 0 1 0
    outer loop
      vertex 48.2846 32.4 6.50224
      vertex 44.5928 32.4 6.58616
      vertex 48.1072 32.4 6.58616
    endloop
  endfacet
  facet normal 0 1 0
    outer loop
      vertex 48.2846 32.4 6.50224
      vertex 44.4154 32.4 6.50224
      vertex 44.5928 32.4 6.58616
    endloop
  endfacet
  facet normal 0 1 0
    outer loop
      vertex 48.4694 32.4 6.43612
      vertex 44.4154 32.4 6.50224
      vertex 48.2846 32.4 6.50224
    endloop
  endfacet
  facet normal 0 1 0
    outer loop
      vertex 48.4694 32.4 6.43612
      vertex 44.2306 32.4 6.43612
      vertex 44.4154 32.4 6.50224
    endloop
  endfacet
  facet normal 0 1 0
    outer loop
      vertex 48.6598 32.4 6.38843
      vertex 44.2306 32.4 6.43612
      vertex 48.4694 32.4 6.43612
    endloop
  endfacet
  facet normal 0 1 0
    outer loop
      vertex 48.6598 32.4 6.38843
      vertex 44.0402 32.4 6.38843
      vertex 44.2306 32.4 6.43612
    endloop
  endfacet
  facet normal 0 1 0
    outer loop
      vertex 48.854 32.4 6.35963
      vertex 44.0402 32.4 6.38843
      vertex 48.6598 32.4 6.38843
    endloop
  endfacet
  facet normal 0 1 0
    outer loop
      vertex 48.854 32.4 6.35963
      vertex 43.846 32.4 6.35963
      vertex 44.0402 32.4 6.38843
    endloop
  endfacet
  facet normal 0 1 0
    outer loop
      vertex 49.05 32.4 6.35
      vertex 43.846 32.4 6.35963
      vertex 48.854 32.4 6.35963
    endloop
  endfacet
  facet normal 0 1 0
    outer loop
      vertex 43.846 32.4 6.35963
      vertex 49.05 32.4 6.35
      vertex 43.65 32.4 6.35
    endloop
  endfacet
  facet normal 0 1 -0
    outer loop
      vertex 32.55 32.4 8.35
      vertex 20.4 32.4 11.8
      vertex 32.55 32.4 11.8
    endloop
  endfacet
  facet normal 0 1 0
    outer loop
      vertex 32.55 32.4 8.35
      vertex 20.4 32.4 8.35
      vertex 20.4 32.4 11.8
    endloop
  endfacet
  facet normal 0 1 0
    outer loop
      vertex 32.5596 32.4 8.15397
      vertex 20.4 32.4 8.35
      vertex 32.55 32.4 8.35
    endloop
  endfacet
  facet normal 0 1 0
    outer loop
      vertex 32.5596 32.4 8.15397
      vertex 20.3904 32.4 8.15397
      vertex 20.4 32.4 8.35
    endloop
  endfacet
  facet normal 0 1 0
    outer loop
      vertex 32.5884 32.4 7.95982
      vertex 20.3904 32.4 8.15397
      vertex 32.5596 32.4 8.15397
    endloop
  endfacet
  facet normal 0 1 0
    outer loop
      vertex 32.5884 32.4 7.95982
      vertex 20.3616 32.4 7.95982
      vertex 20.3904 32.4 8.15397
    endloop
  endfacet
  facet normal 0 1 0
    outer loop
      vertex 32.6361 32.4 7.76943
      vertex 20.3616 32.4 7.95982
      vertex 32.5884 32.4 7.95982
    endloop
  endfacet
  facet normal 0 1 0
    outer loop
      vertex 32.6361 32.4 7.76943
      vertex 20.3139 32.4 7.76943
      vertex 20.3616 32.4 7.95982
    endloop
  endfacet
  facet normal 0 1 0
    outer loop
      vertex 32.7022 32.4 7.58463
      vertex 20.3139 32.4 7.76943
      vertex 32.6361 32.4 7.76943
    endloop
  endfacet
  facet normal 0 1 0
    outer loop
      vertex 32.7022 32.4 7.58463
      vertex 20.2478 32.4 7.58463
      vertex 20.3139 32.4 7.76943
    endloop
  endfacet
  facet normal 0 1 0
    outer loop
      vertex 32.7862 32.4 7.40721
      vertex 20.2478 32.4 7.58463
      vertex 32.7022 32.4 7.58463
    endloop
  endfacet
  facet normal 0 1 0
    outer loop
      vertex 32.7862 32.4 7.40721
      vertex 20.1638 32.4 7.40721
      vertex 20.2478 32.4 7.58463
    endloop
  endfacet
  facet normal 0 1 0
    outer loop
      vertex 32.8871 32.4 7.23886
      vertex 20.1638 32.4 7.40721
      vertex 32.7862 32.4 7.40721
    endloop
  endfacet
  facet normal 0 1 0
    outer loop
      vertex 32.8871 32.4 7.23886
      vertex 20.0629 32.4 7.23886
      vertex 20.1638 32.4 7.40721
    endloop
  endfacet
  facet normal 0 1 0
    outer loop
      vertex 33.004 32.4 7.08121
      vertex 20.0629 32.4 7.23886
      vertex 32.8871 32.4 7.23886
    endloop
  endfacet
  facet normal 0 1 0
    outer loop
      vertex 33.004 32.4 7.08121
      vertex 19.946 32.4 7.08121
      vertex 20.0629 32.4 7.23886
    endloop
  endfacet
  facet normal 0 1 0
    outer loop
      vertex 33.1358 32.4 6.93579
      vertex 19.946 32.4 7.08121
      vertex 33.004 32.4 7.08121
    endloop
  endfacet
  facet normal 0 1 0
    outer loop
      vertex 33.1358 32.4 6.93579
      vertex 19.8142 32.4 6.93579
      vertex 19.946 32.4 7.08121
    endloop
  endfacet
  facet normal 0 1 0
    outer loop
      vertex 33.2812 32.4 6.80398
      vertex 19.8142 32.4 6.93579
      vertex 33.1358 32.4 6.93579
    endloop
  endfacet
  facet normal 0 1 0
    outer loop
      vertex 33.2812 32.4 6.80398
      vertex 19.6688 32.4 6.80398
      vertex 19.8142 32.4 6.93579
    endloop
  endfacet
  facet normal 0 1 0
    outer loop
      vertex 33.4389 32.4 6.68706
      vertex 19.6688 32.4 6.80398
      vertex 33.2812 32.4 6.80398
    endloop
  endfacet
  facet normal 0 1 0
    outer loop
      vertex 33.4389 32.4 6.68706
      vertex 19.5111 32.4 6.68706
      vertex 19.6688 32.4 6.80398
    endloop
  endfacet
  facet normal 0 1 0
    outer loop
      vertex 33.6072 32.4 6.58616
      vertex 19.5111 32.4 6.68706
      vertex 33.4389 32.4 6.68706
    endloop
  endfacet
  facet normal 0 1 0
    outer loop
      vertex 33.6072 32.4 6.58616
      vertex 19.3428 32.4 6.58616
      vertex 19.5111 32.4 6.68706
    endloop
  endfacet
  facet normal 0 1 0
    outer loop
      vertex 33.7846 32.4 6.50224
      vertex 19.3428 32.4 6.58616
      vertex 33.6072 32.4 6.58616
    endloop
  endfacet
  facet normal 0 1 0
    outer loop
      vertex 33.7846 32.4 6.50224
      vertex 19.1654 32.4 6.50224
      vertex 19.3428 32.4 6.58616
    endloop
  endfacet
  facet normal 0 1 0
    outer loop
      vertex 33.9694 32.4 6.43612
      vertex 19.1654 32.4 6.50224
      vertex 33.7846 32.4 6.50224
    endloop
  endfacet
  facet normal 0 1 0
    outer loop
      vertex 33.9694 32.4 6.43612
      vertex 18.9806 32.4 6.43612
      vertex 19.1654 32.4 6.50224
    endloop
  endfacet
  facet normal 0 1 0
    outer loop
      vertex 34.1598 32.4 6.38843
      vertex 18.9806 32.4 6.43612
      vertex 33.9694 32.4 6.43612
    endloop
  endfacet
  facet normal 0 1 0
    outer loop
      vertex 34.1598 32.4 6.38843
      vertex 18.7902 32.4 6.38843
      vertex 18.9806 32.4 6.43612
    endloop
  endfacet
  facet normal 0 1 0
    outer loop
      vertex 34.354 32.4 6.35963
      vertex 18.7902 32.4 6.38843
      vertex 34.1598 32.4 6.38843
    endloop
  endfacet
  facet normal 0 1 0
    outer loop
      vertex 34.354 32.4 6.35963
      vertex 18.596 32.4 6.35963
      vertex 18.7902 32.4 6.38843
    endloop
  endfacet
  facet normal 0 1 0
    outer loop
      vertex 34.55 32.4 6.35
      vertex 18.596 32.4 6.35963
      vertex 34.354 32.4 6.35963
    endloop
  endfacet
  facet normal 0 1 0
    outer loop
      vertex 18.596 32.4 6.35963
      vertex 34.55 32.4 6.35
      vertex 18.4 32.4 6.35
    endloop
  endfacet
  facet normal 0 1 -0
    outer loop
      vertex 4.3 32.4 8.35
      vertex 2.6 32.4 11.8
      vertex 4.3 32.4 11.8
    endloop
  endfacet
  facet normal 0 1 0
    outer loop
      vertex 4.30963 32.4 8.15397
      vertex 2.6 32.4 11.8
      vertex 4.3 32.4 8.35
    endloop
  endfacet
  facet normal 0 1 0
    outer loop
      vertex 4.33843 32.4 7.95982
      vertex 2.6 32.4 11.8
      vertex 4.30963 32.4 8.15397
    endloop
  endfacet
  facet normal 0 1 0
    outer loop
      vertex 2.6 32.4 1
      vertex 4.33843 32.4 7.95982
      vertex 4.38612 32.4 7.76943
    endloop
  endfacet
  facet normal 0 1 0
    outer loop
      vertex 2.6 32.4 1
      vertex 4.38612 32.4 7.76943
      vertex 4.45224 32.4 7.58463
    endloop
  endfacet
  facet normal 0 1 0
    outer loop
      vertex 18.4 32.4 6.35
      vertex 2.6 32.4 1
      vertex 6.3 32.4 6.35
    endloop
  endfacet
  facet normal 0 1 0
    outer loop
      vertex 4.33843 32.4 7.95982
      vertex 2.6 32.4 1
      vertex 2.6 32.4 11.8
    endloop
  endfacet
  facet normal 0 1 0
    outer loop
      vertex 4.53616 32.4 7.40721
      vertex 2.6 32.4 1
      vertex 4.45224 32.4 7.58463
    endloop
  endfacet
  facet normal 0 1 0
    outer loop
      vertex 4.63706 32.4 7.23886
      vertex 2.6 32.4 1
      vertex 4.53616 32.4 7.40721
    endloop
  endfacet
  facet normal 0 1 0
    outer loop
      vertex 4.75398 32.4 7.08121
      vertex 2.6 32.4 1
      vertex 4.63706 32.4 7.23886
    endloop
  endfacet
  facet normal 0 1 0
    outer loop
      vertex 4.88579 32.4 6.93579
      vertex 2.6 32.4 1
      vertex 4.75398 32.4 7.08121
    endloop
  endfacet
  facet normal 0 1 0
    outer loop
      vertex 5.03121 32.4 6.80398
      vertex 2.6 32.4 1
      vertex 4.88579 32.4 6.93579
    endloop
  endfacet
  facet normal 0 1 0
    outer loop
      vertex 5.18886 32.4 6.68706
      vertex 2.6 32.4 1
      vertex 5.03121 32.4 6.80398
    endloop
  endfacet
  facet normal 0 1 0
    outer loop
      vertex 5.35721 32.4 6.58616
      vertex 2.6 32.4 1
      vertex 5.18886 32.4 6.68706
    endloop
  endfacet
  facet normal 0 1 0
    outer loop
      vertex 5.53463 32.4 6.50224
      vertex 2.6 32.4 1
      vertex 5.35721 32.4 6.58616
    endloop
  endfacet
  facet normal 0 1 0
    outer loop
      vertex 5.71943 32.4 6.43612
      vertex 2.6 32.4 1
      vertex 5.53463 32.4 6.50224
    endloop
  endfacet
  facet normal 0 1 0
    outer loop
      vertex 5.90982 32.4 6.38843
      vertex 2.6 32.4 1
      vertex 5.71943 32.4 6.43612
    endloop
  endfacet
  facet normal 0 1 0
    outer loop
      vertex 6.10396 32.4 6.35963
      vertex 2.6 32.4 1
      vertex 5.90982 32.4 6.38843
    endloop
  endfacet
  facet normal 0 1 0
    outer loop
      vertex 6.3 32.4 6.35
      vertex 2.6 32.4 1
      vertex 6.10396 32.4 6.35963
    endloop
  endfacet
  facet normal -0.98918 0.146706 0
    outer loop
      vertex -2.37592 27.8901 1
      vertex -2.30393 28.3755 11.8
      vertex -2.30393 28.3755 1
    endloop
  endfacet
  facet normal -0.98918 0.146706 0
    outer loop
      vertex -2.30393 28.3755 11.8
      vertex -2.37592 27.8901 1
      vertex -2.37592 27.8901 11.8
    endloop
  endfacet
  facet normal 0 0 1
    outer loop
      vertex 67.1847 28.8514 11.8
      vertex 65.3904 28.596 11.8
      vertex 65.4 28.4 11.8
    endloop
  endfacet
  facet normal 0 0 1
    outer loop
      vertex 65.9355 30.9355 11.8
      vertex 65.3616 28.7902 11.8
      vertex 65.3904 28.596 11.8
    endloop
  endfacet
  facet normal 0 0 1
    outer loop
      vertex 65.9355 30.9355 11.8
      vertex 65.3139 28.9806 11.8
      vertex 65.3616 28.7902 11.8
    endloop
  endfacet
  facet normal 0 0 1
    outer loop
      vertex 65.9355 30.9355 11.8
      vertex 65.2478 29.1654 11.8
      vertex 65.3139 28.9806 11.8
    endloop
  endfacet
  facet normal 0 0 1
    outer loop
      vertex 64.5111 30.0629 11.8
      vertex 65.572 31.2651 11.8
      vertex 65.1778 31.5573 11.8
    endloop
  endfacet
  facet normal 0 0 1
    outer loop
      vertex 65.9355 30.9355 11.8
      vertex 65.1638 29.3428 11.8
      vertex 65.2478 29.1654 11.8
    endloop
  endfacet
  facet normal 0 0 1
    outer loop
      vertex 65.9355 30.9355 11.8
      vertex 65.0629 29.5111 11.8
      vertex 65.1638 29.3428 11.8
    endloop
  endfacet
  facet normal 0 0 1
    outer loop
      vertex 65.9355 30.9355 11.8
      vertex 64.946 29.6688 11.8
      vertex 65.0629 29.5111 11.8
    endloop
  endfacet
  facet normal 0 0 1
    outer loop
      vertex 65.9355 30.9355 11.8
      vertex 64.8142 29.8142 11.8
      vertex 64.946 29.6688 11.8
    endloop
  endfacet
  facet normal 0 0 1
    outer loop
      vertex 64.1654 30.2478 11.8
      vertex 65.1778 31.5573 11.8
      vertex 64.757 31.8096 11.8
    endloop
  endfacet
  facet normal 0 0 1
    outer loop
      vertex 65.9355 30.9355 11.8
      vertex 64.6688 29.946 11.8
      vertex 64.8142 29.8142 11.8
    endloop
  endfacet
  facet normal 0 0 1
    outer loop
      vertex 65.572 31.2651 11.8
      vertex 64.5111 30.0629 11.8
      vertex 64.6688 29.946 11.8
    endloop
  endfacet
  facet normal 0 0 1
    outer loop
      vertex 65.1778 31.5573 11.8
      vertex 64.3428 30.1638 11.8
      vertex 64.5111 30.0629 11.8
    endloop
  endfacet
  facet normal 0 0 1
    outer loop
      vertex 63.9806 30.3139 11.8
      vertex 64.757 31.8096 11.8
      vertex 64.3134 32.0194 11.8
    endloop
  endfacet
  facet normal 0 0 1
    outer loop
      vertex 65.1778 31.5573 11.8
      vertex 64.1654 30.2478 11.8
      vertex 64.3428 30.1638 11.8
    endloop
  endfacet
  facet normal 0 0 1
    outer loop
      vertex 64.757 31.8096 11.8
      vertex 63.9806 30.3139 11.8
      vertex 64.1654 30.2478 11.8
    endloop
  endfacet
  facet normal 0 0 1
    outer loop
      vertex 63.596 30.3904 11.8
      vertex 64.3134 32.0194 11.8
      vertex 63.8514 32.1847 11.8
    endloop
  endfacet
  facet normal 0 0 1
    outer loop
      vertex 64.3134 32.0194 11.8
      vertex 63.7902 30.3616 11.8
      vertex 63.9806 30.3139 11.8
    endloop
  endfacet
  facet normal 0 0 1
    outer loop
      vertex 64.3134 32.0194 11.8
      vertex 63.596 30.3904 11.8
      vertex 63.7902 30.3616 11.8
    endloop
  endfacet
  facet normal 0 0 1
    outer loop
      vertex 63.8514 32.1847 11.8
      vertex 63.4 30.4 11.8
      vertex 63.596 30.3904 11.8
    endloop
  endfacet
  facet normal 0 0 1
    outer loop
      vertex 63.3755 32.3039 11.8
      vertex 63.4 30.4 11.8
      vertex 63.8514 32.1847 11.8
    endloop
  endfacet
  facet normal 0 0 1
    outer loop
      vertex 62.8901 32.3759 11.8
      vertex 63.4 30.4 11.8
      vertex 63.3755 32.3039 11.8
    endloop
  endfacet
  facet normal 0 0 1
    outer loop
      vertex 62.4 32.4 11.8
      vertex 63.4 30.4 11.8
      vertex 62.8901 32.3759 11.8
    endloop
  endfacet
  facet normal 0 0 1
    outer loop
      vertex 60.15 31.2 11.8
      vertex 62.4 32.4 11.8
      vertex 60.15 32.4 11.8
    endloop
  endfacet
  facet normal 0 0 1
    outer loop
      vertex 62.4 32.4 11.8
      vertex 60.15 31.2 11.8
      vertex 63.4 30.4 11.8
    endloop
  endfacet
  facet normal 0 0 1
    outer loop
      vertex 58.9 30.4 11.8
      vertex 60.15 31.2 11.8
      vertex 58.9 31.2 11.8
    endloop
  endfacet
  facet normal 0 0 1
    outer loop
      vertex 60.15 31.2 11.8
      vertex 58.9 30.4 11.8
      vertex 63.4 30.4 11.8
    endloop
  endfacet
  facet normal 0 0 1
    outer loop
      vertex 65.4 28.4 11.8
      vertex 67.4 27.4 11.8
      vertex 67.3759 27.8901 11.8
    endloop
  endfacet
  facet normal 0 0 1
    outer loop
      vertex 65.4 28.4 11.8
      vertex 67.3759 27.8901 11.8
      vertex 67.3039 28.3755 11.8
    endloop
  endfacet
  facet normal -0 0 1
    outer loop
      vertex 65.4 28.4 11.8
      vertex 67.3039 28.3755 11.8
      vertex 67.1847 28.8514 11.8
    endloop
  endfacet
  facet normal 0 0 1
    outer loop
      vertex 65.3904 28.596 11.8
      vertex 67.1847 28.8514 11.8
      vertex 67.0194 29.3134 11.8
    endloop
  endfacet
  facet normal 0 0 1
    outer loop
      vertex 65.3904 28.596 11.8
      vertex 67.0194 29.3134 11.8
      vertex 66.8096 29.757 11.8
    endloop
  endfacet
  facet normal 0 0 1
    outer loop
      vertex 65.3904 28.596 11.8
      vertex 66.8096 29.757 11.8
      vertex 66.5574 30.1779 11.8
    endloop
  endfacet
  facet normal 0 0 1
    outer loop
      vertex 65.3904 28.596 11.8
      vertex 66.5574 30.1779 11.8
      vertex 66.2651 30.572 11.8
    endloop
  endfacet
  facet normal 0 0 1
    outer loop
      vertex 65.3904 28.596 11.8
      vertex 66.2651 30.572 11.8
      vertex 65.9355 30.9355 11.8
    endloop
  endfacet
  facet normal 0 0 1
    outer loop
      vertex 64.6688 29.946 11.8
      vertex 65.9355 30.9355 11.8
      vertex 65.572 31.2651 11.8
    endloop
  endfacet
  facet normal 0 0 1
    outer loop
      vertex 67.4 27.4 11.8
      vertex 65.4 28.4 11.8
      vertex 65.4 23.41 11.8
    endloop
  endfacet
  facet normal 0 0 1
    outer loop
      vertex 67.4 27.4 11.8
      vertex 65.4 23.41 11.8
      vertex 67.4 23.41 11.8
    endloop
  endfacet
  facet normal 0 0 1
    outer loop
      vertex 4.3 32.4 11.8
      vertex 2.6 32.4 11.8
      vertex 4.3 31.2 11.8
    endloop
  endfacet
  facet normal -0 0 1
    outer loop
      vertex 4.3 31.2 11.8
      vertex 5.8 30.4 11.8
      vertex 5.8 31.2 11.8
    endloop
  endfacet
  facet normal 0 0 1
    outer loop
      vertex 1.6 30.4 11.8
      vertex 2.6 32.4 11.8
      vertex 2.10991 32.3759 11.8
    endloop
  endfacet
  facet normal 0 0 1
    outer loop
      vertex 1.6 30.4 11.8
      vertex 2.10991 32.3759 11.8
      vertex 1.62455 32.3039 11.8
    endloop
  endfacet
  facet normal 0 0 1
    outer loop
      vertex 2.6 32.4 11.8
      vertex 1.6 30.4 11.8
      vertex 4.3 31.2 11.8
    endloop
  endfacet
  facet normal 0 0 1
    outer loop
      vertex 4.3 31.2 11.8
      vertex 1.6 30.4 11.8
      vertex 5.8 30.4 11.8
    endloop
  endfacet
  facet normal -0 0 1
    outer loop
      vertex 1.14858 32.1847 11.8
      vertex 1.6 30.4 11.8
      vertex 1.62455 32.3039 11.8
    endloop
  endfacet
  facet normal 0 0 1
    outer loop
      vertex 1.6 30.4 11.8
      vertex 1.14858 32.1847 11.8
      vertex 1.40396 30.3904 11.8
    endloop
  endfacet
  facet normal -0 0 1
    outer loop
      vertex 0.686583 32.0194 11.8
      vertex 1.40396 30.3904 11.8
      vertex 1.14858 32.1847 11.8
    endloop
  endfacet
  facet normal 0 0 1
    outer loop
      vertex 1.40396 30.3904 11.8
      vertex 0.686583 32.0194 11.8
      vertex 1.20982 30.3616 11.8
    endloop
  endfacet
  facet normal 0 0 1
    outer loop
      vertex 1.20982 30.3616 11.8
      vertex 0.686583 32.0194 11.8
      vertex 1.01943 30.3139 11.8
    endloop
  endfacet
  facet normal -0 0 1
    outer loop
      vertex 0.243016 31.8096 11.8
      vertex 1.01943 30.3139 11.8
      vertex 0.686583 32.0194 11.8
    endloop
  endfacet
  facet normal 0 0 1
    outer loop
      vertex 1.01943 30.3139 11.8
      vertex 0.243016 31.8096 11.8
      vertex 0.834633 30.2478 11.8
    endloop
  endfacet
  facet normal -0 0 1
    outer loop
      vertex -0.177851 31.5573 11.8
      vertex 0.834633 30.2478 11.8
      vertex 0.243016 31.8096 11.8
    endloop
  endfacet
  facet normal 0 0 1
    outer loop
      vertex 0.834633 30.2478 11.8
      vertex -0.177851 31.5573 11.8
      vertex 0.657206 30.1638 11.8
    endloop
  endfacet
  facet normal 0 0 1
    outer loop
      vertex 0.657206 30.1638 11.8
      vertex -0.177851 31.5573 11.8
      vertex 0.488859 30.0629 11.8
    endloop
  endfacet
  facet normal -0 0 1
    outer loop
      vertex -0.571966 31.2651 11.8
      vertex 0.488859 30.0629 11.8
      vertex -0.177851 31.5573 11.8
    endloop
  endfacet
  facet normal 0 0 1
    outer loop
      vertex 0.488859 30.0629 11.8
      vertex -0.571966 31.2651 11.8
      vertex 0.331213 29.946 11.8
    endloop
  endfacet
  facet normal -0 0 1
    outer loop
      vertex -0.935534 30.9355 11.8
      vertex 0.331213 29.946 11.8
      vertex -0.571966 31.2651 11.8
    endloop
  endfacet
  facet normal 0 0 1
    outer loop
      vertex 0.331213 29.946 11.8
      vertex -0.935534 30.9355 11.8
      vertex 0.185786 29.8142 11.8
    endloop
  endfacet
  facet normal 0 0 1
    outer loop
      vertex 0.185786 29.8142 11.8
      vertex -0.935534 30.9355 11.8
      vertex 0.0539789 29.6688 11.8
    endloop
  endfacet
  facet normal -0 0 1
    outer loop
      vertex -1.26505 30.572 11.8
      vertex 0.0539789 29.6688 11.8
      vertex -0.935534 30.9355 11.8
    endloop
  endfacet
  facet normal 0 0 1
    outer loop
      vertex 0.0539789 29.6688 11.8
      vertex -1.26505 30.572 11.8
      vertex -0.0629387 29.5111 11.8
    endloop
  endfacet
  facet normal -0 0 1
    outer loop
      vertex -1.55735 30.1779 11.8
      vertex -0.0629387 29.5111 11.8
      vertex -1.26505 30.572 11.8
    endloop
  endfacet
  facet normal 0 0 1
    outer loop
      vertex -0.0629387 29.5111 11.8
      vertex -1.55735 30.1779 11.8
      vertex -0.163842 29.3428 11.8
    endloop
  endfacet
  facet normal 0 0 1
    outer loop
      vertex -0.163842 29.3428 11.8
      vertex -1.55735 30.1779 11.8
      vertex -0.247759 29.1654 11.8
    endloop
  endfacet
  facet normal -0 0 1
    outer loop
      vertex -1.80961 29.757 11.8
      vertex -0.247759 29.1654 11.8
      vertex -1.55735 30.1779 11.8
    endloop
  endfacet
  facet normal 0 0 1
    outer loop
      vertex -0.247759 29.1654 11.8
      vertex -1.80961 29.757 11.8
      vertex -0.31388 28.9806 11.8
    endloop
  endfacet
  facet normal -0 0 1
    outer loop
      vertex -2.0194 29.3134 11.8
      vertex -0.31388 28.9806 11.8
      vertex -1.80961 29.757 11.8
    endloop
  endfacet
  facet normal 0 0 1
    outer loop
      vertex -0.31388 28.9806 11.8
      vertex -2.0194 29.3134 11.8
      vertex -0.36157 28.7902 11.8
    endloop
  endfacet
  facet normal 0 0 1
    outer loop
      vertex -0.36157 28.7902 11.8
      vertex -2.0194 29.3134 11.8
      vertex -0.390369 28.596 11.8
    endloop
  endfacet
  facet normal -0 0 1
    outer loop
      vertex -2.1847 28.8514 11.8
      vertex -0.390369 28.596 11.8
      vertex -2.0194 29.3134 11.8
    endloop
  endfacet
  facet normal 0 0 1
    outer loop
      vertex -0.390369 28.596 11.8
      vertex -2.1847 28.8514 11.8
      vertex -0.4 28.4 11.8
    endloop
  endfacet
  facet normal 0 0 1
    outer loop
      vertex -2.30393 28.3755 11.8
      vertex -0.4 28.4 11.8
      vertex -2.1847 28.8514 11.8
    endloop
  endfacet
  facet normal 0 0 1
    outer loop
      vertex -2.37592 27.8901 11.8
      vertex -0.4 28.4 11.8
      vertex -2.30393 28.3755 11.8
    endloop
  endfacet
  facet normal 0 0 1
    outer loop
      vertex -2.4 27.4 11.8
      vertex -0.4 28.4 11.8
      vertex -2.37592 27.8901 11.8
    endloop
  endfacet
  facet normal 0 0 1
    outer loop
      vertex -0.4 28.4 11.8
      vertex -2.4 27.4 11.8
      vertex -0.4 23.41 11.8
    endloop
  endfacet
  facet normal 0 0 1
    outer loop
      vertex -0.4 23.41 11.8
      vertex -2.4 27.4 11.8
      vertex -2.4 23.41 11.8
    endloop
  endfacet
  facet normal 0 0 1
    outer loop
      vertex 32.55 32.4 11.8
      vertex 20.4 32.4 11.8
      vertex 32.55 31.2 11.8
    endloop
  endfacet
  facet normal -0 0 1
    outer loop
      vertex 32.55 31.2 11.8
      vertex 33.8 30.4 11.8
      vertex 33.8 31.2 11.8
    endloop
  endfacet
  facet normal 0 0 1
    outer loop
      vertex 20.4 31.2 11.8
      vertex 32.55 31.2 11.8
      vertex 20.4 32.4 11.8
    endloop
  endfacet
  facet normal 0 0 1
    outer loop
      vertex 32.55 31.2 11.8
      vertex 20.4 31.2 11.8
      vertex 33.8 30.4 11.8
    endloop
  endfacet
  facet normal 0 0 1
    outer loop
      vertex 18.9 30.4 11.8
      vertex 20.4 31.2 11.8
      vertex 18.9 31.2 11.8
    endloop
  endfacet
  facet normal 0 0 1
    outer loop
      vertex 20.4 31.2 11.8
      vertex 18.9 30.4 11.8
      vertex 33.8 30.4 11.8
    endloop
  endfacet
  facet normal 0 0 1
    outer loop
      vertex 47.05 32.4 11.8
      vertex 45.65 32.4 11.8
      vertex 47.05 31.2 11.8
    endloop
  endfacet
  facet normal -0 0 1
    outer loop
      vertex 47.05 31.2 11.8
      vertex 48.3 30.4 11.8
      vertex 48.3 31.2 11.8
    endloop
  endfacet
  facet normal 0 0 1
    outer loop
      vertex 45.65 31.2 11.8
      vertex 47.05 31.2 11.8
      vertex 45.65 32.4 11.8
    endloop
  endfacet
  facet normal -0 0 1
    outer loop
      vertex 45.65 31.2 11.8
      vertex 48.3 30.4 11.8
      vertex 47.05 31.2 11.8
    endloop
  endfacet
  facet normal 0 0 1
    outer loop
      vertex 44.4 30.4 11.8
      vertex 45.65 31.2 11.8
      vertex 44.4 31.2 11.8
    endloop
  endfacet
  facet normal 0 0 1
    outer loop
      vertex 45.65 31.2 11.8
      vertex 44.4 30.4 11.8
      vertex 48.3 30.4 11.8
    endloop
  endfacet
  facet normal 0.427543 0.903995 -0
    outer loop
      vertex 64.757 31.8096 1
      vertex 64.3134 32.0194 11.8
      vertex 64.757 31.8096 11.8
    endloop
  endfacet
  facet normal 0.427543 0.903995 0
    outer loop
      vertex 64.3134 32.0194 11.8
      vertex 64.757 31.8096 1
      vertex 64.3134 32.0194 1
    endloop
  endfacet
  facet normal 1 -0 0
    outer loop
      vertex 67.4 23.41 11.8
      vertex 67.4 27.4 1
      vertex 67.4 27.4 11.8
    endloop
  endfacet
  facet normal 1 0 0
    outer loop
      vertex 67.4 27.4 1
      vertex 67.4 23.41 11.8
      vertex 67.4 23.41 1
    endloop
  endfacet
  facet normal 0.242967 0.970034 -0
    outer loop
      vertex 63.8514 32.1847 1
      vertex 63.3755 32.3039 11.8
      vertex 63.8514 32.1847 11.8
    endloop
  endfacet
  facet normal 0.242967 0.970034 0
    outer loop
      vertex 63.3755 32.3039 11.8
      vertex 63.8514 32.1847 1
      vertex 63.3755 32.3039 1
    endloop
  endfacet
  facet normal -0.146738 0.989175 0
    outer loop
      vertex 2.10991 32.3759 1
      vertex 1.62455 32.3039 11.8
      vertex 2.10991 32.3759 11.8
    endloop
  endfacet
  facet normal -0.146738 0.989175 0
    outer loop
      vertex 1.62455 32.3039 11.8
      vertex 2.10991 32.3759 1
      vertex 1.62455 32.3039 1
    endloop
  endfacet
  facet normal -0.595574 0.803301 0
    outer loop
      vertex -0.177851 31.5573 1
      vertex -0.571966 31.2651 11.8
      vertex -0.177851 31.5573 11.8
    endloop
  endfacet
  facet normal -0.595574 0.803301 0
    outer loop
      vertex -0.571966 31.2651 11.8
      vertex -0.177851 31.5573 1
      vertex -0.571966 31.2651 1
    endloop
  endfacet
  facet normal -0.67165 0.740869 0
    outer loop
      vertex -0.571966 31.2651 1
      vertex -0.935534 30.9355 11.8
      vertex -0.571966 31.2651 11.8
    endloop
  endfacet
  facet normal -0.67165 0.740869 0
    outer loop
      vertex -0.935534 30.9355 11.8
      vertex -0.571966 31.2651 1
      vertex -0.935534 30.9355 1
    endloop
  endfacet
  facet normal -0.857745 0.514076 0
    outer loop
      vertex -1.80961 29.757 1
      vertex -1.55735 30.1779 11.8
      vertex -1.55735 30.1779 1
    endloop
  endfacet
  facet normal -0.857745 0.514076 0
    outer loop
      vertex -1.55735 30.1779 11.8
      vertex -1.80961 29.757 1
      vertex -1.80961 29.757 11.8
    endloop
  endfacet
  facet normal -1 0 0
    outer loop
      vertex -2.4 23.41 1
      vertex -2.4 27.4 11.8
      vertex -2.4 27.4 1
    endloop
  endfacet
  facet normal -1 -0 0
    outer loop
      vertex -2.4 27.4 11.8
      vertex -2.4 23.41 1
      vertex -2.4 23.41 11.8
    endloop
  endfacet
  facet normal 0.671719 0.740806 -0
    outer loop
      vertex 65.9355 30.9355 1
      vertex 65.572 31.2651 11.8
      vertex 65.9355 30.9355 11.8
    endloop
  endfacet
  facet normal 0.671719 0.740806 0
    outer loop
      vertex 65.572 31.2651 11.8
      vertex 65.9355 30.9355 1
      vertex 65.572 31.2651 1
    endloop
  endfacet
  facet normal 0.803192 0.59572 0
    outer loop
      vertex 66.5574 30.1779 11.8
      vertex 66.2651 30.572 1
      vertex 66.2651 30.572 11.8
    endloop
  endfacet
  facet normal 0.803192 0.59572 0
    outer loop
      vertex 66.2651 30.572 1
      vertex 66.5574 30.1779 11.8
      vertex 66.5574 30.1779 1
    endloop
  endfacet
  facet normal 0.0491143 0.998793 -0
    outer loop
      vertex 62.8901 32.3759 1
      vertex 62.4 32.4 11.8
      vertex 62.8901 32.3759 11.8
    endloop
  endfacet
  facet normal 0.0491143 0.998793 0
    outer loop
      vertex 62.4 32.4 11.8
      vertex 62.8901 32.3759 1
      vertex 62.4 32.4 1
    endloop
  endfacet
  facet normal -0.0491153 0.998793 0
    outer loop
      vertex 2.6 32.4 1
      vertex 2.10991 32.3759 11.8
      vertex 2.6 32.4 11.8
    endloop
  endfacet
  facet normal -0.0491153 0.998793 0
    outer loop
      vertex 2.10991 32.3759 11.8
      vertex 2.6 32.4 1
      vertex 2.10991 32.3759 1
    endloop
  endfacet
  facet normal 0.740806 0.671719 0
    outer loop
      vertex 66.2651 30.572 11.8
      vertex 65.9355 30.9355 1
      vertex 65.9355 30.9355 11.8
    endloop
  endfacet
  facet normal 0.740806 0.671719 0
    outer loop
      vertex 65.9355 30.9355 1
      vertex 66.2651 30.572 11.8
      vertex 66.2651 30.572 1
    endloop
  endfacet
  facet normal 0.989177 0.146726 0
    outer loop
      vertex 67.3759 27.8901 11.8
      vertex 67.3039 28.3755 1
      vertex 67.3039 28.3755 11.8
    endloop
  endfacet
  facet normal 0.989177 0.146726 0
    outer loop
      vertex 67.3039 28.3755 1
      vertex 67.3759 27.8901 11.8
      vertex 67.3759 27.8901 1
    endloop
  endfacet
  facet normal -0.242934 0.970043 0
    outer loop
      vertex 1.62455 32.3039 1
      vertex 1.14858 32.1847 11.8
      vertex 1.62455 32.3039 11.8
    endloop
  endfacet
  facet normal -0.242934 0.970043 0
    outer loop
      vertex 1.14858 32.1847 11.8
      vertex 1.62455 32.3039 1
      vertex 1.14858 32.1847 1
    endloop
  endfacet
  facet normal -0.427569 0.903983 0
    outer loop
      vertex 0.686583 32.0194 1
      vertex 0.243016 31.8096 11.8
      vertex 0.686583 32.0194 11.8
    endloop
  endfacet
  facet normal -0.427569 0.903983 0
    outer loop
      vertex 0.243016 31.8096 11.8
      vertex 0.686583 32.0194 1
      vertex 0.243016 31.8096 1
    endloop
  endfacet
  facet normal 0.146726 0.989177 -0
    outer loop
      vertex 63.3755 32.3039 1
      vertex 62.8901 32.3759 11.8
      vertex 63.3755 32.3039 11.8
    endloop
  endfacet
  facet normal 0.146726 0.989177 0
    outer loop
      vertex 62.8901 32.3759 11.8
      vertex 63.3755 32.3039 1
      vertex 62.8901 32.3759 1
    endloop
  endfacet
  facet normal -0.740891 0.671625 0
    outer loop
      vertex -1.26505 30.572 1
      vertex -0.935534 30.9355 11.8
      vertex -0.935534 30.9355 1
    endloop
  endfacet
  facet normal -0.740891 0.671625 0
    outer loop
      vertex -0.935534 30.9355 11.8
      vertex -1.26505 30.572 1
      vertex -1.26505 30.572 11.8
    endloop
  endfacet
  facet normal 0 0 -1
    outer loop
      vertex 59.9955 23.6974 7.62939e-07
      vertex 66.4099 27.4 7.62939e-07
      vertex 66.4099 23.41 7.62939e-07
    endloop
  endfacet
  facet normal 0 0 -1
    outer loop
      vertex 59.8277 24.0523 7.62939e-07
      vertex 66.4099 27.4 7.62939e-07
      vertex 59.9955 23.6974 7.62939e-07
    endloop
  endfacet
  facet normal 0 0 -1
    outer loop
      vertex 59.392 24.7042 7.62939e-07
      vertex 66.4099 27.4 7.62939e-07
      vertex 59.6259 24.3889 7.62939e-07
    endloop
  endfacet
  facet normal -0 0 -1
    outer loop
      vertex 66.4099 27.4 7.62939e-07
      vertex 59.392 24.7042 7.62939e-07
      vertex 66.4097 27.4049 7.62939e-07
    endloop
  endfacet
  facet normal -0 0 -1
    outer loop
      vertex 66.4097 27.4049 7.62939e-07
      vertex 59.392 24.7042 7.62939e-07
      vertex 66.3906 27.793 7.62939e-07
    endloop
  endfacet
  facet normal -0 0 -1
    outer loop
      vertex 66.3906 27.793 7.62939e-07
      vertex 59.392 24.7042 7.62939e-07
      vertex 66.3336 28.1775 7.62939e-07
    endloop
  endfacet
  facet normal 0 -0 -1
    outer loop
      vertex 66.3317 28.187 7.62939e-07
      vertex 66.3336 28.1775 7.62939e-07
      vertex 59.392 24.7042 7.62939e-07
    endloop
  endfacet
  facet normal 0 0 -1
    outer loop
      vertex 66.3336 28.1775 7.62939e-07
      vertex 66.3317 28.187 7.62939e-07
      vertex 66.3329 28.1823 7.62939e-07
    endloop
  endfacet
  facet normal -0 0 -1
    outer loop
      vertex 66.3317 28.187 7.62939e-07
      vertex 59.392 24.7042 7.62939e-07
      vertex 66.2372 28.564 7.62939e-07
    endloop
  endfacet
  facet normal -0 0 -1
    outer loop
      vertex 66.2372 28.564 7.62939e-07
      vertex 59.392 24.7042 7.62939e-07
      vertex 66.1063 28.9299 7.62939e-07
    endloop
  endfacet
  facet normal 0 -0 -1
    outer loop
      vertex 66.1026 28.9389 7.62939e-07
      vertex 66.1063 28.9299 7.62939e-07
      vertex 59.392 24.7042 7.62939e-07
    endloop
  endfacet
  facet normal 0 0 -1
    outer loop
      vertex 66.1063 28.9299 7.62939e-07
      vertex 66.1026 28.9389 7.62939e-07
      vertex 66.1047 28.9345 7.62939e-07
    endloop
  endfacet
  facet normal 0 -0 -1
    outer loop
      vertex 65.9339 29.2944 7.62939e-07
      vertex 66.1026 28.9389 7.62939e-07
      vertex 59.392 24.7042 7.62939e-07
    endloop
  endfacet
  facet normal 0 0 -1
    outer loop
      vertex 66.1026 28.9389 7.62939e-07
      vertex 65.9339 29.2944 7.62939e-07
      vertex 65.9364 29.2903 7.62939e-07
    endloop
  endfacet
  facet normal -0 0 -1
    outer loop
      vertex 65.9339 29.2944 7.62939e-07
      vertex 59.392 24.7042 7.62939e-07
      vertex 65.7341 29.6278 7.62939e-07
    endloop
  endfacet
  facet normal -0 0 -1
    outer loop
      vertex 65.7341 29.6278 7.62939e-07
      vertex 59.392 24.7042 7.62939e-07
      vertex 65.5026 29.94 7.62939e-07
    endloop
  endfacet
  facet normal 0 0 -1
    outer loop
      vertex 65.5026 29.94 7.62939e-07
      vertex 65.4964 29.9475 7.62939e-07
      vertex 65.4997 29.9439 7.62939e-07
    endloop
  endfacet
  facet normal 0 -0 -1
    outer loop
      vertex 65.2318 30.2387 7.62939e-07
      vertex 65.4964 29.9475 7.62939e-07
      vertex 59.392 24.7042 7.62939e-07
    endloop
  endfacet
  facet normal 0 0 -1
    outer loop
      vertex 65.4964 29.9475 7.62939e-07
      vertex 65.2318 30.2387 7.62939e-07
      vertex 65.2354 30.2354 7.62939e-07
    endloop
  endfacet
  facet normal 0 -0 -1
    outer loop
      vertex 64.9399 30.5026 7.62939e-07
      vertex 65.2318 30.2387 7.62939e-07
      vertex 59.392 24.7042 7.62939e-07
    endloop
  endfacet
  facet normal 0 0 -1
    outer loop
      vertex 65.2318 30.2387 7.62939e-07
      vertex 64.9399 30.5026 7.62939e-07
      vertex 64.9439 30.4997 7.62939e-07
    endloop
  endfacet
  facet normal -0 0 -1
    outer loop
      vertex 64.9399 30.5026 7.62939e-07
      vertex 59.392 24.7042 7.62939e-07
      vertex 64.6278 30.7341 7.62939e-07
    endloop
  endfacet
  facet normal -0 0 -1
    outer loop
      vertex 64.6278 30.7341 7.62939e-07
      vertex 59.392 24.7042 7.62939e-07
      vertex 64.2944 30.9339 7.62939e-07
    endloop
  endfacet
  facet normal 0 -0 -1
    outer loop
      vertex 63.9389 31.1026 7.62939e-07
      vertex 64.2944 30.9339 7.62939e-07
      vertex 59.392 24.7042 7.62939e-07
    endloop
  endfacet
  facet normal 0 0 -1
    outer loop
      vertex 64.2944 30.9339 7.62939e-07
      vertex 63.9389 31.1026 7.62939e-07
      vertex 64.2903 30.9364 7.62939e-07
    endloop
  endfacet
  facet normal 0 -0 -1
    outer loop
      vertex 63.9299 31.1063 7.62939e-07
      vertex 63.9389 31.1026 7.62939e-07
      vertex 59.392 24.7042 7.62939e-07
    endloop
  endfacet
  facet normal 0 0 -1
    outer loop
      vertex 63.9389 31.1026 7.62939e-07
      vertex 63.9299 31.1063 7.62939e-07
      vertex 63.9345 31.1047 7.62939e-07
    endloop
  endfacet
  facet normal -0 0 -1
    outer loop
      vertex 63.9299 31.1063 7.62939e-07
      vertex 59.392 24.7042 7.62939e-07
      vertex 63.564 31.2372 7.62939e-07
    endloop
  endfacet
  facet normal -0 0 -1
    outer loop
      vertex 63.564 31.2372 7.62939e-07
      vertex 59.392 24.7042 7.62939e-07
      vertex 63.187 31.3317 7.62939e-07
    endloop
  endfacet
  facet normal 0 -0 -1
    outer loop
      vertex 63.1775 31.3336 7.62939e-07
      vertex 63.187 31.3317 7.62939e-07
      vertex 59.392 24.7042 7.62939e-07
    endloop
  endfacet
  facet normal 0 0 -1
    outer loop
      vertex 63.187 31.3317 7.62939e-07
      vertex 63.1775 31.3336 7.62939e-07
      vertex 63.1823 31.3329 7.62939e-07
    endloop
  endfacet
  facet normal -0 0 -1
    outer loop
      vertex 63.1775 31.3336 7.62939e-07
      vertex 59.392 24.7042 7.62939e-07
      vertex 62.793 31.3906 7.62939e-07
    endloop
  endfacet
  facet normal 0 0 -1
    outer loop
      vertex 59.9955 23.6974 7.62939e-07
      vertex 66.4099 23.41 7.62939e-07
      vertex 60.0984 23.41 7.62939e-07
    endloop
  endfacet
  facet normal 0 0 -1
    outer loop
      vertex 59.6259 24.3889 7.62939e-07
      vertex 66.4099 27.4 7.62939e-07
      vertex 59.8277 24.0523 7.62939e-07
    endloop
  endfacet
  facet normal 0 -0 -1
    outer loop
      vertex 65.4964 29.9475 7.62939e-07
      vertex 65.5026 29.94 7.62939e-07
      vertex 59.392 24.7042 7.62939e-07
    endloop
  endfacet
  facet normal -0 0 -1
    outer loop
      vertex 62.793 31.3906 7.62939e-07
      vertex 59.392 24.7042 7.62939e-07
      vertex 62.4049 31.4097 7.62939e-07
    endloop
  endfacet
  facet normal -0 0 -1
    outer loop
      vertex 62.4049 31.4097 7.62939e-07
      vertex 59.392 24.7042 7.62939e-07
      vertex 62.4 31.4099 7.62939e-07
    endloop
  endfacet
  facet normal 0 0 -1
    outer loop
      vertex 59.1284 24.9951 7.62939e-07
      vertex 62.4 31.4099 7.62939e-07
      vertex 59.392 24.7042 7.62939e-07
    endloop
  endfacet
  facet normal 0 0 -1
    outer loop
      vertex 58.8376 25.2587 7.62939e-07
      vertex 62.4 31.4099 7.62939e-07
      vertex 59.1284 24.9951 7.62939e-07
    endloop
  endfacet
  facet normal 0 0 -1
    outer loop
      vertex 58.5223 25.4925 7.62939e-07
      vertex 62.4 31.4099 7.62939e-07
      vertex 58.8376 25.2587 7.62939e-07
    endloop
  endfacet
  facet normal 0 0 -1
    outer loop
      vertex 58.1856 25.6944 7.62939e-07
      vertex 62.4 31.4099 7.62939e-07
      vertex 58.5223 25.4925 7.62939e-07
    endloop
  endfacet
  facet normal 0 0 -1
    outer loop
      vertex 57.8307 25.8622 7.62939e-07
      vertex 62.4 31.4099 7.62939e-07
      vertex 58.1856 25.6944 7.62939e-07
    endloop
  endfacet
  facet normal 0 0 -1
    outer loop
      vertex 57.4611 25.9944 7.62939e-07
      vertex 62.4 31.4099 7.62939e-07
      vertex 57.8307 25.8622 7.62939e-07
    endloop
  endfacet
  facet normal 0 0 -1
    outer loop
      vertex 57.0804 26.0898 7.62939e-07
      vertex 62.4 31.4099 7.62939e-07
      vertex 57.4611 25.9944 7.62939e-07
    endloop
  endfacet
  facet normal 0 0 -1
    outer loop
      vertex 56.6921 26.1474 7.62939e-07
      vertex 62.4 31.4099 7.62939e-07
      vertex 57.0804 26.0898 7.62939e-07
    endloop
  endfacet
  facet normal 0 0 -1
    outer loop
      vertex 56.3 26.1667 7.62939e-07
      vertex 62.4 31.4099 7.62939e-07
      vertex 56.6921 26.1474 7.62939e-07
    endloop
  endfacet
  facet normal 0 0 -1
    outer loop
      vertex 8.7 26.1667 7.62939e-07
      vertex 62.4 31.4099 7.62939e-07
      vertex 56.3 26.1667 7.62939e-07
    endloop
  endfacet
  facet normal 0 0 -1
    outer loop
      vertex 2.6 31.4099 7.62939e-07
      vertex 8.7 26.1667 7.62939e-07
      vertex 8.30793 26.1474 7.62939e-07
    endloop
  endfacet
  facet normal 0 0 -1
    outer loop
      vertex 8.7 26.1667 7.62939e-07
      vertex 2.6 31.4099 7.62939e-07
      vertex 62.4 31.4099 7.62939e-07
    endloop
  endfacet
  facet normal 0 0 -1
    outer loop
      vertex 7.91964 26.0898 7.62939e-07
      vertex 2.6 31.4099 7.62939e-07
      vertex 8.30793 26.1474 7.62939e-07
    endloop
  endfacet
  facet normal 0 0 -1
    outer loop
      vertex 7.53886 25.9944 7.62939e-07
      vertex 2.6 31.4099 7.62939e-07
      vertex 7.91964 26.0898 7.62939e-07
    endloop
  endfacet
  facet normal 0 0 -1
    outer loop
      vertex 7.16927 25.8622 7.62939e-07
      vertex 2.6 31.4099 7.62939e-07
      vertex 7.53886 25.9944 7.62939e-07
    endloop
  endfacet
  facet normal 0 0 -1
    outer loop
      vertex 6.81441 25.6944 7.62939e-07
      vertex 2.6 31.4099 7.62939e-07
      vertex 7.16927 25.8622 7.62939e-07
    endloop
  endfacet
  facet normal 0 0 -1
    outer loop
      vertex 6.47772 25.4925 7.62939e-07
      vertex 2.6 31.4099 7.62939e-07
      vertex 6.81441 25.6944 7.62939e-07
    endloop
  endfacet
  facet normal 0 0 -1
    outer loop
      vertex 6.16243 25.2587 7.62939e-07
      vertex 2.6 31.4099 7.62939e-07
      vertex 6.47772 25.4925 7.62939e-07
    endloop
  endfacet
  facet normal 0 0 -1
    outer loop
      vertex 5.87157 24.9951 7.62939e-07
      vertex 2.6 31.4099 7.62939e-07
      vertex 6.16243 25.2587 7.62939e-07
    endloop
  endfacet
  facet normal 0 0 -1
    outer loop
      vertex 5.60796 24.7042 7.62939e-07
      vertex 2.6 31.4099 7.62939e-07
      vertex 5.87157 24.9951 7.62939e-07
    endloop
  endfacet
  facet normal 0 0 -1
    outer loop
      vertex -1.4099 27.4 7.62939e-07
      vertex 5.60796 24.7042 7.62939e-07
      vertex 5.37412 24.3889 7.62939e-07
    endloop
  endfacet
  facet normal 0 0 -1
    outer loop
      vertex -1.4099 27.4 7.62939e-07
      vertex 5.37412 24.3889 7.62939e-07
      vertex 5.17231 24.0523 7.62939e-07
    endloop
  endfacet
  facet normal 0 0 -1
    outer loop
      vertex -1.4099 27.4 7.62939e-07
      vertex 5.17231 24.0523 7.62939e-07
      vertex 5.00448 23.6974 7.62939e-07
    endloop
  endfacet
  facet normal 0 0 -1
    outer loop
      vertex -1.4099 23.41 7.62939e-07
      vertex 5.00448 23.6974 7.62939e-07
      vertex 4.90165 23.41 7.62939e-07
    endloop
  endfacet
  facet normal 0 0 -1
    outer loop
      vertex 5.60796 24.7042 7.62939e-07
      vertex 2.59515 31.4097 7.62939e-07
      vertex 2.6 31.4099 7.62939e-07
    endloop
  endfacet
  facet normal 0 0 -1
    outer loop
      vertex 5.60796 24.7042 7.62939e-07
      vertex 2.20696 31.3906 7.62939e-07
      vertex 2.59515 31.4097 7.62939e-07
    endloop
  endfacet
  facet normal 0 0 -1
    outer loop
      vertex 5.60796 24.7042 7.62939e-07
      vertex 1.82251 31.3336 7.62939e-07
      vertex 2.20696 31.3906 7.62939e-07
    endloop
  endfacet
  facet normal 0 0 -1
    outer loop
      vertex 5.60796 24.7042 7.62939e-07
      vertex 1.81299 31.3317 7.62939e-07
      vertex 1.82251 31.3336 7.62939e-07
    endloop
  endfacet
  facet normal 0 0 -1
    outer loop
      vertex 1.82251 31.3336 7.62939e-07
      vertex 1.81299 31.3317 7.62939e-07
      vertex 1.81771 31.3329 7.62939e-07
    endloop
  endfacet
  facet normal 0 0 -1
    outer loop
      vertex 5.60796 24.7042 7.62939e-07
      vertex 1.43599 31.2372 7.62939e-07
      vertex 1.81299 31.3317 7.62939e-07
    endloop
  endfacet
  facet normal 0 0 -1
    outer loop
      vertex 5.60796 24.7042 7.62939e-07
      vertex 1.07005 31.1063 7.62939e-07
      vertex 1.43599 31.2372 7.62939e-07
    endloop
  endfacet
  facet normal 0 0 -1
    outer loop
      vertex 5.60796 24.7042 7.62939e-07
      vertex 1.06108 31.1026 7.62939e-07
      vertex 1.07005 31.1063 7.62939e-07
    endloop
  endfacet
  facet normal 0 0 -1
    outer loop
      vertex 1.07005 31.1063 7.62939e-07
      vertex 1.06108 31.1026 7.62939e-07
      vertex 1.06548 31.1047 7.62939e-07
    endloop
  endfacet
  facet normal 0 0 -1
    outer loop
      vertex 5.60796 24.7042 7.62939e-07
      vertex 0.705578 30.9339 7.62939e-07
      vertex 1.06108 31.1026 7.62939e-07
    endloop
  endfacet
  facet normal 0 0 -1
    outer loop
      vertex 1.06108 31.1026 7.62939e-07
      vertex 0.705578 30.9339 7.62939e-07
      vertex 0.709745 30.9364 7.62939e-07
    endloop
  endfacet
  facet normal 0 0 -1
    outer loop
      vertex 5.60796 24.7042 7.62939e-07
      vertex 0.372218 30.7341 7.62939e-07
      vertex 0.705578 30.9339 7.62939e-07
    endloop
  endfacet
  facet normal 0 0 -1
    outer loop
      vertex 5.60796 24.7042 7.62939e-07
      vertex 0.0600476 30.5026 7.62939e-07
      vertex 0.372218 30.7341 7.62939e-07
    endloop
  endfacet
  facet normal 0 0 -1
    outer loop
      vertex 5.60796 24.7042 7.62939e-07
      vertex 0.0525457 30.4964 7.62939e-07
      vertex 0.0600476 30.5026 7.62939e-07
    endloop
  endfacet
  facet normal 0 0 -1
    outer loop
      vertex 0.0600476 30.5026 7.62939e-07
      vertex 0.0525457 30.4964 7.62939e-07
      vertex 0.0561454 30.4997 7.62939e-07
    endloop
  endfacet
  facet normal 0 0 -1
    outer loop
      vertex 5.60796 24.7042 7.62939e-07
      vertex -0.235428 30.2354 7.62939e-07
      vertex 0.0525457 30.4964 7.62939e-07
    endloop
  endfacet
  facet normal 0 0 -1
    outer loop
      vertex 5.60796 24.7042 7.62939e-07
      vertex -0.496433 29.9475 7.62939e-07
      vertex -0.235428 30.2354 7.62939e-07
    endloop
  endfacet
  facet normal 0 0 -1
    outer loop
      vertex 5.60796 24.7042 7.62939e-07
      vertex -0.502589 29.94 7.62939e-07
      vertex -0.496433 29.9475 7.62939e-07
    endloop
  endfacet
  facet normal 0 0 -1
    outer loop
      vertex -0.496433 29.9475 7.62939e-07
      vertex -0.502589 29.94 7.62939e-07
      vertex -0.499695 29.9439 7.62939e-07
    endloop
  endfacet
  facet normal 0 0 -1
    outer loop
      vertex 5.60796 24.7042 7.62939e-07
      vertex -0.73411 29.6278 7.62939e-07
      vertex -0.502589 29.94 7.62939e-07
    endloop
  endfacet
  facet normal 0 0 -1
    outer loop
      vertex 5.60796 24.7042 7.62939e-07
      vertex -0.933919 29.2944 7.62939e-07
      vertex -0.73411 29.6278 7.62939e-07
    endloop
  endfacet
  facet normal 0 0 -1
    outer loop
      vertex 5.60796 24.7042 7.62939e-07
      vertex -1.10259 28.9389 7.62939e-07
      vertex -0.933919 29.2944 7.62939e-07
    endloop
  endfacet
  facet normal 0 0 -1
    outer loop
      vertex -0.933919 29.2944 7.62939e-07
      vertex -1.10259 28.9389 7.62939e-07
      vertex -0.936417 29.2903 7.62939e-07
    endloop
  endfacet
  facet normal 0 0 -1
    outer loop
      vertex 5.60796 24.7042 7.62939e-07
      vertex -1.1063 28.9299 7.62939e-07
      vertex -1.10259 28.9389 7.62939e-07
    endloop
  endfacet
  facet normal 0 0 -1
    outer loop
      vertex -1.10259 28.9389 7.62939e-07
      vertex -1.1063 28.9299 7.62939e-07
      vertex -1.10467 28.9345 7.62939e-07
    endloop
  endfacet
  facet normal 0 0 -1
    outer loop
      vertex 5.60796 24.7042 7.62939e-07
      vertex -1.23724 28.564 7.62939e-07
      vertex -1.1063 28.9299 7.62939e-07
    endloop
  endfacet
  facet normal 0 0 -1
    outer loop
      vertex 5.60796 24.7042 7.62939e-07
      vertex -1.33167 28.187 7.62939e-07
      vertex -1.23724 28.564 7.62939e-07
    endloop
  endfacet
  facet normal 0 0 -1
    outer loop
      vertex 5.60796 24.7042 7.62939e-07
      vertex -1.33356 28.1775 7.62939e-07
      vertex -1.33167 28.187 7.62939e-07
    endloop
  endfacet
  facet normal 0 0 -1
    outer loop
      vertex -1.33167 28.187 7.62939e-07
      vertex -1.33356 28.1775 7.62939e-07
      vertex -1.33285 28.1823 7.62939e-07
    endloop
  endfacet
  facet normal 0 0 -1
    outer loop
      vertex 5.60796 24.7042 7.62939e-07
      vertex -1.39059 27.793 7.62939e-07
      vertex -1.33356 28.1775 7.62939e-07
    endloop
  endfacet
  facet normal 0 0 -1
    outer loop
      vertex 5.60796 24.7042 7.62939e-07
      vertex -1.40966 27.4049 7.62939e-07
      vertex -1.39059 27.793 7.62939e-07
    endloop
  endfacet
  facet normal -0 0 -1
    outer loop
      vertex 5.00448 23.6974 7.62939e-07
      vertex -1.4099 23.41 7.62939e-07
      vertex -1.4099 27.4 7.62939e-07
    endloop
  endfacet
  facet normal 0 0 -1
    outer loop
      vertex 5.60796 24.7042 7.62939e-07
      vertex -1.4099 27.4 7.62939e-07
      vertex -1.40966 27.4049 7.62939e-07
    endloop
  endfacet
  facet normal 0 0 -1
    outer loop
      vertex 59.0266 23.41 7.62939e-07
      vertex 58.7944 23.8334 7.62939e-07
      vertex 58.9458 23.5809 7.62939e-07
    endloop
  endfacet
  facet normal 0 0 -1
    outer loop
      vertex 59.0266 23.41 7.62939e-07
      vertex 58.619 24.0698 7.62939e-07
      vertex 58.7944 23.8334 7.62939e-07
    endloop
  endfacet
  facet normal 0 0 -1
    outer loop
      vertex 59.0266 23.41 7.62939e-07
      vertex 58.4213 24.288 7.62939e-07
      vertex 58.619 24.0698 7.62939e-07
    endloop
  endfacet
  facet normal 0 0 -1
    outer loop
      vertex 59.0266 23.41 7.62939e-07
      vertex 58.2032 24.4857 7.62939e-07
      vertex 58.4213 24.288 7.62939e-07
    endloop
  endfacet
  facet normal 0 0 -1
    outer loop
      vertex 59.0266 23.41 7.62939e-07
      vertex 57.9667 24.6611 7.62939e-07
      vertex 58.2032 24.4857 7.62939e-07
    endloop
  endfacet
  facet normal 0 0 -1
    outer loop
      vertex 59.0266 23.41 7.62939e-07
      vertex 57.7142 24.8124 7.62939e-07
      vertex 57.9667 24.6611 7.62939e-07
    endloop
  endfacet
  facet normal 0 0 -1
    outer loop
      vertex 59.0266 23.41 7.62939e-07
      vertex 57.4481 24.9383 7.62939e-07
      vertex 57.7142 24.8124 7.62939e-07
    endloop
  endfacet
  facet normal 0 0 -1
    outer loop
      vertex 59.0266 23.41 7.62939e-07
      vertex 57.1709 25.0375 7.62939e-07
      vertex 57.4481 24.9383 7.62939e-07
    endloop
  endfacet
  facet normal 0 0 -1
    outer loop
      vertex 59.0266 23.41 7.62939e-07
      vertex 56.8853 25.109 7.62939e-07
      vertex 57.1709 25.0375 7.62939e-07
    endloop
  endfacet
  facet normal 0 0 -1
    outer loop
      vertex 59.0266 23.41 7.62939e-07
      vertex 56.5941 25.1522 7.62939e-07
      vertex 56.8853 25.109 7.62939e-07
    endloop
  endfacet
  facet normal 0 0 -1
    outer loop
      vertex 59.0266 23.41 7.62939e-07
      vertex 56.3 25.1667 7.62939e-07
      vertex 56.5941 25.1522 7.62939e-07
    endloop
  endfacet
  facet normal 0 0 -1
    outer loop
      vertex 59.0266 23.41 7.62939e-07
      vertex 8.7 25.1667 7.62939e-07
      vertex 56.3 25.1667 7.62939e-07
    endloop
  endfacet
  facet normal 0 0 -1
    outer loop
      vertex 5.97343 23.41 7.62939e-07
      vertex 8.7 25.1667 7.62939e-07
      vertex 59.0266 23.41 7.62939e-07
    endloop
  endfacet
  facet normal 0 0 -1
    outer loop
      vertex 8.7 25.1667 7.62939e-07
      vertex 5.97343 23.41 7.62939e-07
      vertex 8.40595 25.1522 7.62939e-07
    endloop
  endfacet
  facet normal 0 0 -1
    outer loop
      vertex 8.40595 25.1522 7.62939e-07
      vertex 5.97343 23.41 7.62939e-07
      vertex 8.11473 25.109 7.62939e-07
    endloop
  endfacet
  facet normal 0 0 -1
    outer loop
      vertex 8.11473 25.109 7.62939e-07
      vertex 5.97343 23.41 7.62939e-07
      vertex 7.82915 25.0375 7.62939e-07
    endloop
  endfacet
  facet normal 0 0 -1
    outer loop
      vertex 7.82915 25.0375 7.62939e-07
      vertex 5.97343 23.41 7.62939e-07
      vertex 7.55195 24.9383 7.62939e-07
    endloop
  endfacet
  facet normal 0 0 -1
    outer loop
      vertex 7.55195 24.9383 7.62939e-07
      vertex 5.97343 23.41 7.62939e-07
      vertex 7.28581 24.8124 7.62939e-07
    endloop
  endfacet
  facet normal 0 0 -1
    outer loop
      vertex 7.28581 24.8124 7.62939e-07
      vertex 5.97343 23.41 7.62939e-07
      vertex 7.03329 24.6611 7.62939e-07
    endloop
  endfacet
  facet normal 0 0 -1
    outer loop
      vertex 7.03329 24.6611 7.62939e-07
      vertex 5.97343 23.41 7.62939e-07
      vertex 6.79682 24.4857 7.62939e-07
    endloop
  endfacet
  facet normal 0 0 -1
    outer loop
      vertex 6.79682 24.4857 7.62939e-07
      vertex 5.97343 23.41 7.62939e-07
      vertex 6.57868 24.288 7.62939e-07
    endloop
  endfacet
  facet normal 0 0 -1
    outer loop
      vertex 6.57868 24.288 7.62939e-07
      vertex 5.97343 23.41 7.62939e-07
      vertex 6.38097 24.0698 7.62939e-07
    endloop
  endfacet
  facet normal 0 0 -1
    outer loop
      vertex 6.38097 24.0698 7.62939e-07
      vertex 5.97343 23.41 7.62939e-07
      vertex 6.20559 23.8334 7.62939e-07
    endloop
  endfacet
  facet normal 0 0 -1
    outer loop
      vertex 6.20559 23.8334 7.62939e-07
      vertex 5.97343 23.41 7.62939e-07
      vertex 6.05424 23.5809 7.62939e-07
    endloop
  endfacet
  facet normal 0.903995 0.427543 0
    outer loop
      vertex 67.0194 29.3134 11.8
      vertex 66.8096 29.757 1
      vertex 66.8096 29.757 11.8
    endloop
  endfacet
  facet normal 0.903995 0.427543 0
    outer loop
      vertex 66.8096 29.757 1
      vertex 67.0194 29.3134 11.8
      vertex 67.0194 29.3134 1
    endloop
  endfacet
  facet normal -0.97002 0.243025 0
    outer loop
      vertex -2.30393 28.3755 1
      vertex -2.1847 28.8514 11.8
      vertex -2.1847 28.8514 1
    endloop
  endfacet
  facet normal -0.97002 0.243025 0
    outer loop
      vertex -2.1847 28.8514 11.8
      vertex -2.30393 28.3755 1
      vertex -2.30393 28.3755 11.8
    endloop
  endfacet
  facet normal -0.803192 0.59572 0
    outer loop
      vertex -1.55735 30.1779 1
      vertex -1.26505 30.572 11.8
      vertex -1.26505 30.572 1
    endloop
  endfacet
  facet normal -0.803192 0.59572 0
    outer loop
      vertex -1.26505 30.572 11.8
      vertex -1.55735 30.1779 1
      vertex -1.55735 30.1779 11.8
    endloop
  endfacet
  facet normal 0.941548 0.336879 0
    outer loop
      vertex 67.1847 28.8514 11.8
      vertex 67.0194 29.3134 1
      vertex 67.0194 29.3134 11.8
    endloop
  endfacet
  facet normal 0.941548 0.336879 0
    outer loop
      vertex 67.0194 29.3134 1
      vertex 67.1847 28.8514 11.8
      vertex 67.1847 28.8514 1
    endloop
  endfacet
  facet normal -0.904003 0.427526 0
    outer loop
      vertex -2.0194 29.3134 1
      vertex -1.80961 29.757 11.8
      vertex -1.80961 29.757 1
    endloop
  endfacet
  facet normal -0.904003 0.427526 0
    outer loop
      vertex -1.80961 29.757 11.8
      vertex -2.0194 29.3134 1
      vertex -2.0194 29.3134 11.8
    endloop
  endfacet
  facet normal -0.94158 -0.336788 0
    outer loop
      vertex 65.3139 28.9806 10.8
      vertex 65.2478 29.1654 11.8
      vertex 65.2478 29.1654 10.8
    endloop
  endfacet
  facet normal -0.94158 -0.336788 0
    outer loop
      vertex 65.2478 29.1654 11.8
      vertex 65.3139 28.9806 10.8
      vertex 65.3139 28.9806 11.8
    endloop
  endfacet
  facet normal -0.146696 -0.989182 0
    outer loop
      vertex 63.596 30.3904 10.8
      vertex 63.7902 30.3616 11.8
      vertex 63.596 30.3904 11.8
    endloop
  endfacet
  facet normal -0.146696 -0.989182 -0
    outer loop
      vertex 63.7902 30.3616 11.8
      vertex 63.596 30.3904 10.8
      vertex 63.7902 30.3616 10.8
    endloop
  endfacet
  facet normal 0.941546 -0.336883 0
    outer loop
      vertex -0.31388 28.9806 11.8
      vertex -0.247759 29.1654 10.8
      vertex -0.247759 29.1654 11.8
    endloop
  endfacet
  facet normal 0.941546 -0.336883 0
    outer loop
      vertex -0.247759 29.1654 10.8
      vertex -0.31388 28.9806 11.8
      vertex -0.31388 28.9806 10.8
    endloop
  endfacet
  facet normal -0.427955 -0.9038 0
    outer loop
      vertex 64.1654 30.2478 10.8
      vertex 64.3428 30.1638 11.8
      vertex 64.1654 30.2478 11.8
    endloop
  endfacet
  facet normal -0.427955 -0.9038 -0
    outer loop
      vertex 64.3428 30.1638 11.8
      vertex 64.1654 30.2478 10.8
      vertex 64.3428 30.1638 10.8
    endloop
  endfacet
  facet normal 1 0 0
    outer loop
      vertex -0.4 28.4 11.8
      vertex -0.4 26.5 10.8
      vertex -0.4 28.4 10.8
    endloop
  endfacet
  facet normal 1 -0 0
    outer loop
      vertex -0.4 23.41 11.8
      vertex -0.4 26.5 10.8
      vertex -0.4 28.4 11.8
    endloop
  endfacet
  facet normal 1 0 0
    outer loop
      vertex -0.4 23.41 1.8
      vertex -0.4 26.5 10.8
      vertex -0.4 23.41 11.8
    endloop
  endfacet
  facet normal 1 0 0
    outer loop
      vertex -0.4 26.5 10.8
      vertex -0.4 23.41 1.8
      vertex -0.4 26.5 1.8
    endloop
  endfacet
  facet normal 0.998795 -0.0490785 0
    outer loop
      vertex -0.4 28.4 11.8
      vertex -0.390369 28.596 10.8
      vertex -0.390369 28.596 11.8
    endloop
  endfacet
  facet normal 0.998795 -0.0490785 0
    outer loop
      vertex -0.390369 28.596 10.8
      vertex -0.4 28.4 11.8
      vertex -0.4 28.4 10.8
    endloop
  endfacet
  facet normal 0 -1 0
    outer loop
      vertex 3.5 30.4 10.8
      vertex 1.6 30.4 11.8
      vertex 1.6 30.4 10.8
    endloop
  endfacet
  facet normal 0 -1 0
    outer loop
      vertex 1.6 30.4 11.8
      vertex 3.5 30.4 10.8
      vertex 5.8 30.4 11.8
    endloop
  endfacet
  facet normal 0 -1 0
    outer loop
      vertex 3.5 30.4 10.8
      vertex 5.8 30.4 9.3
      vertex 5.8 30.4 11.8
    endloop
  endfacet
  facet normal 0 -1 0
    outer loop
      vertex 3.5 30.4 10.8
      vertex 5.80481 30.4 9.20198
      vertex 5.8 30.4 9.3
    endloop
  endfacet
  facet normal 0 -1 0
    outer loop
      vertex 3.5 30.4 10.8
      vertex 5.81921 30.4 9.10491
      vertex 5.80481 30.4 9.20198
    endloop
  endfacet
  facet normal 0 -1 0
    outer loop
      vertex 3.5 30.4 10.8
      vertex 5.84306 30.4 9.00972
      vertex 5.81921 30.4 9.10491
    endloop
  endfacet
  facet normal 0 -1 0
    outer loop
      vertex 3.5 30.4 10.8
      vertex 5.87612 30.4 8.91732
      vertex 5.84306 30.4 9.00972
    endloop
  endfacet
  facet normal 0 -1 0
    outer loop
      vertex 3.5 30.4 10.8
      vertex 5.91808 30.4 8.8286
      vertex 5.87612 30.4 8.91732
    endloop
  endfacet
  facet normal 0 -1 0
    outer loop
      vertex 3.5 30.4 10.8
      vertex 5.96853 30.4 8.74443
      vertex 5.91808 30.4 8.8286
    endloop
  endfacet
  facet normal 0 -1 0
    outer loop
      vertex 3.5 30.4 1.8
      vertex 5.96853 30.4 8.74443
      vertex 3.5 30.4 10.8
    endloop
  endfacet
  facet normal 0 -1 -0
    outer loop
      vertex 5.96853 30.4 8.74443
      vertex 3.5 30.4 1.8
      vertex 6.02699 30.4 8.66561
    endloop
  endfacet
  facet normal 0 -1 -0
    outer loop
      vertex 6.02699 30.4 8.66561
      vertex 3.5 30.4 1.8
      vertex 6.09289 30.4 8.59289
    endloop
  endfacet
  facet normal 0 -1 0
    outer loop
      vertex 3.5 30.4 1.8
      vertex 17.9 30.4 8.3
      vertex 6.8 30.4 8.3
    endloop
  endfacet
  facet normal -0 -1 0
    outer loop
      vertex 34.5097 30.4 8.04306
      vertex 17.9 30.4 8.3
      vertex 3.5 30.4 1.8
    endloop
  endfacet
  facet normal 0 -1 0
    outer loop
      vertex 17.9 30.4 8.3
      vertex 34.1656 30.4 8.22699
      vertex 34.0929 30.4 8.29289
    endloop
  endfacet
  facet normal 0 -1 0
    outer loop
      vertex 17.9 30.4 8.3
      vertex 34.2444 30.4 8.16853
      vertex 34.1656 30.4 8.22699
    endloop
  endfacet
  facet normal 0 -1 0
    outer loop
      vertex 17.9 30.4 8.3
      vertex 34.3286 30.4 8.11808
      vertex 34.2444 30.4 8.16853
    endloop
  endfacet
  facet normal 0 -1 0
    outer loop
      vertex 17.9 30.4 8.3
      vertex 34.4173 30.4 8.07612
      vertex 34.3286 30.4 8.11808
    endloop
  endfacet
  facet normal 0 -1 0
    outer loop
      vertex 17.9 30.4 8.3
      vertex 34.5097 30.4 8.04306
      vertex 34.4173 30.4 8.07612
    endloop
  endfacet
  facet normal 0 -1 -0
    outer loop
      vertex 34.5097 30.4 8.04306
      vertex 3.5 30.4 1.8
      vertex 34.6049 30.4 8.01922
    endloop
  endfacet
  facet normal 0 -1 -0
    outer loop
      vertex 34.6049 30.4 8.01922
      vertex 3.5 30.4 1.8
      vertex 34.702 30.4 8.00482
    endloop
  endfacet
  facet normal 0 -1 0
    outer loop
      vertex 61.5 30.4 1.8
      vertex 43.4 30.4 8
      vertex 34.8 30.4 8
    endloop
  endfacet
  facet normal 0 -1 0
    outer loop
      vertex 43.4 30.4 8
      vertex 61.5 30.4 1.8
      vertex 49.3 30.4 8
    endloop
  endfacet
  facet normal 0 -1 0
    outer loop
      vertex 61.5 30.4 1.8
      vertex 34.8 30.4 8
      vertex 3.5 30.4 1.8
    endloop
  endfacet
  facet normal 0 -1 -0
    outer loop
      vertex 34.702 30.4 8.00482
      vertex 3.5 30.4 1.8
      vertex 34.8 30.4 8
    endloop
  endfacet
  facet normal 0 -1 -0
    outer loop
      vertex 6.70198 30.4 8.30482
      vertex 3.5 30.4 1.8
      vertex 6.8 30.4 8.3
    endloop
  endfacet
  facet normal 0 -1 -0
    outer loop
      vertex 6.60491 30.4 8.31922
      vertex 3.5 30.4 1.8
      vertex 6.70198 30.4 8.30482
    endloop
  endfacet
  facet normal 0 -1 -0
    outer loop
      vertex 6.50972 30.4 8.34306
      vertex 3.5 30.4 1.8
      vertex 6.60491 30.4 8.31922
    endloop
  endfacet
  facet normal 0 -1 -0
    outer loop
      vertex 6.41732 30.4 8.37612
      vertex 3.5 30.4 1.8
      vertex 6.50972 30.4 8.34306
    endloop
  endfacet
  facet normal 0 -1 -0
    outer loop
      vertex 6.3286 30.4 8.41808
      vertex 3.5 30.4 1.8
      vertex 6.41732 30.4 8.37612
    endloop
  endfacet
  facet normal 0 -1 -0
    outer loop
      vertex 6.24443 30.4 8.46853
      vertex 3.5 30.4 1.8
      vertex 6.3286 30.4 8.41808
    endloop
  endfacet
  facet normal 0 -1 -0
    outer loop
      vertex 6.16561 30.4 8.52699
      vertex 3.5 30.4 1.8
      vertex 6.24443 30.4 8.46853
    endloop
  endfacet
  facet normal 0 -1 -0
    outer loop
      vertex 6.09289 30.4 8.59289
      vertex 3.5 30.4 1.8
      vertex 6.16561 30.4 8.52699
    endloop
  endfacet
  facet normal 0 -1 0
    outer loop
      vertex 18.9 30.4 9.3
      vertex 33.8 30.4 11.8
      vertex 18.9 30.4 11.8
    endloop
  endfacet
  facet normal 0 -1 0
    outer loop
      vertex 33.8 30.4 9
      vertex 18.9 30.4 9.3
      vertex 18.8952 30.4 9.20198
    endloop
  endfacet
  facet normal 0 -1 0
    outer loop
      vertex 33.8048 30.4 8.90198
      vertex 18.8952 30.4 9.20198
      vertex 18.8808 30.4 9.10491
    endloop
  endfacet
  facet normal 0 -1 0
    outer loop
      vertex 33.8192 30.4 8.80491
      vertex 18.8808 30.4 9.10491
      vertex 18.8569 30.4 9.00972
    endloop
  endfacet
  facet normal 0 -1 0
    outer loop
      vertex 18.9 30.4 9.3
      vertex 33.8 30.4 9
      vertex 33.8 30.4 11.8
    endloop
  endfacet
  facet normal 0 -1 0
    outer loop
      vertex 33.8431 30.4 8.70972
      vertex 18.8569 30.4 9.00972
      vertex 18.8239 30.4 8.91732
    endloop
  endfacet
  facet normal 0 -1 0
    outer loop
      vertex 18.8952 30.4 9.20198
      vertex 33.8048 30.4 8.90198
      vertex 33.8 30.4 9
    endloop
  endfacet
  facet normal 0 -1 0
    outer loop
      vertex 33.8761 30.4 8.61732
      vertex 18.8239 30.4 8.91732
      vertex 18.7819 30.4 8.8286
    endloop
  endfacet
  facet normal 0 -1 0
    outer loop
      vertex 18.8808 30.4 9.10491
      vertex 33.8192 30.4 8.80491
      vertex 33.8048 30.4 8.90198
    endloop
  endfacet
  facet normal 0 -1 0
    outer loop
      vertex 33.9181 30.4 8.5286
      vertex 18.7819 30.4 8.8286
      vertex 18.7315 30.4 8.74443
    endloop
  endfacet
  facet normal 0 -1 0
    outer loop
      vertex 18.8569 30.4 9.00972
      vertex 33.8431 30.4 8.70972
      vertex 33.8192 30.4 8.80491
    endloop
  endfacet
  facet normal 0 -1 0
    outer loop
      vertex 33.9685 30.4 8.44443
      vertex 18.7315 30.4 8.74443
      vertex 18.673 30.4 8.66561
    endloop
  endfacet
  facet normal 0 -1 0
    outer loop
      vertex 18.8239 30.4 8.91732
      vertex 33.8761 30.4 8.61732
      vertex 33.8431 30.4 8.70972
    endloop
  endfacet
  facet normal 0 -1 0
    outer loop
      vertex 34.027 30.4 8.36561
      vertex 18.673 30.4 8.66561
      vertex 18.6071 30.4 8.59289
    endloop
  endfacet
  facet normal 0 -1 0
    outer loop
      vertex 18.7819 30.4 8.8286
      vertex 33.9181 30.4 8.5286
      vertex 33.8761 30.4 8.61732
    endloop
  endfacet
  facet normal 0 -1 0
    outer loop
      vertex 34.0929 30.4 8.29289
      vertex 18.6071 30.4 8.59289
      vertex 18.5344 30.4 8.52699
    endloop
  endfacet
  facet normal 0 -1 0
    outer loop
      vertex 34.0929 30.4 8.29289
      vertex 18.5344 30.4 8.52699
      vertex 18.4556 30.4 8.46853
    endloop
  endfacet
  facet normal 0 -1 0
    outer loop
      vertex 18.7315 30.4 8.74443
      vertex 33.9685 30.4 8.44443
      vertex 33.9181 30.4 8.5286
    endloop
  endfacet
  facet normal 0 -1 0
    outer loop
      vertex 34.0929 30.4 8.29289
      vertex 18.4556 30.4 8.46853
      vertex 18.3714 30.4 8.41808
    endloop
  endfacet
  facet normal 0 -1 0
    outer loop
      vertex 34.0929 30.4 8.29289
      vertex 18.3714 30.4 8.41808
      vertex 18.2827 30.4 8.37612
    endloop
  endfacet
  facet normal 0 -1 0
    outer loop
      vertex 18.673 30.4 8.66561
      vertex 34.027 30.4 8.36561
      vertex 33.9685 30.4 8.44443
    endloop
  endfacet
  facet normal 0 -1 0
    outer loop
      vertex 34.0929 30.4 8.29289
      vertex 18.2827 30.4 8.37612
      vertex 18.1903 30.4 8.34306
    endloop
  endfacet
  facet normal 0 -1 0
    outer loop
      vertex 34.0929 30.4 8.29289
      vertex 18.1903 30.4 8.34306
      vertex 18.0951 30.4 8.31922
    endloop
  endfacet
  facet normal 0 -1 0
    outer loop
      vertex 34.0929 30.4 8.29289
      vertex 18.0951 30.4 8.31922
      vertex 17.998 30.4 8.30482
    endloop
  endfacet
  facet normal 0 -1 0
    outer loop
      vertex 34.0929 30.4 8.29289
      vertex 17.998 30.4 8.30482
      vertex 17.9 30.4 8.3
    endloop
  endfacet
  facet normal 0 -1 0
    outer loop
      vertex 18.6071 30.4 8.59289
      vertex 34.0929 30.4 8.29289
      vertex 34.027 30.4 8.36561
    endloop
  endfacet
  facet normal 0 -1 0
    outer loop
      vertex 44.4 30.4 9
      vertex 48.3 30.4 11.8
      vertex 44.4 30.4 11.8
    endloop
  endfacet
  facet normal 0 -1 0
    outer loop
      vertex 44.4 30.4 9
      vertex 48.3 30.4 9
      vertex 48.3 30.4 11.8
    endloop
  endfacet
  facet normal 0 -1 0
    outer loop
      vertex 44.3952 30.4 8.90198
      vertex 48.3 30.4 9
      vertex 44.4 30.4 9
    endloop
  endfacet
  facet normal 0 -1 0
    outer loop
      vertex 44.3952 30.4 8.90198
      vertex 48.3048 30.4 8.90198
      vertex 48.3 30.4 9
    endloop
  endfacet
  facet normal 0 -1 0
    outer loop
      vertex 44.3808 30.4 8.80491
      vertex 48.3048 30.4 8.90198
      vertex 44.3952 30.4 8.90198
    endloop
  endfacet
  facet normal 0 -1 0
    outer loop
      vertex 44.3808 30.4 8.80491
      vertex 48.3192 30.4 8.80491
      vertex 48.3048 30.4 8.90198
    endloop
  endfacet
  facet normal 0 -1 0
    outer loop
      vertex 44.3569 30.4 8.70972
      vertex 48.3192 30.4 8.80491
      vertex 44.3808 30.4 8.80491
    endloop
  endfacet
  facet normal 0 -1 0
    outer loop
      vertex 44.3569 30.4 8.70972
      vertex 48.3431 30.4 8.70972
      vertex 48.3192 30.4 8.80491
    endloop
  endfacet
  facet normal 0 -1 0
    outer loop
      vertex 44.3239 30.4 8.61732
      vertex 48.3431 30.4 8.70972
      vertex 44.3569 30.4 8.70972
    endloop
  endfacet
  facet normal 0 -1 0
    outer loop
      vertex 44.3239 30.4 8.61732
      vertex 48.3761 30.4 8.61732
      vertex 48.3431 30.4 8.70972
    endloop
  endfacet
  facet normal 0 -1 0
    outer loop
      vertex 44.2819 30.4 8.5286
      vertex 48.3761 30.4 8.61732
      vertex 44.3239 30.4 8.61732
    endloop
  endfacet
  facet normal 0 -1 0
    outer loop
      vertex 44.2819 30.4 8.5286
      vertex 48.4181 30.4 8.5286
      vertex 48.3761 30.4 8.61732
    endloop
  endfacet
  facet normal 0 -1 0
    outer loop
      vertex 44.2315 30.4 8.44443
      vertex 48.4181 30.4 8.5286
      vertex 44.2819 30.4 8.5286
    endloop
  endfacet
  facet normal 0 -1 0
    outer loop
      vertex 44.2315 30.4 8.44443
      vertex 48.4685 30.4 8.44443
      vertex 48.4181 30.4 8.5286
    endloop
  endfacet
  facet normal 0 -1 0
    outer loop
      vertex 44.173 30.4 8.36561
      vertex 48.4685 30.4 8.44443
      vertex 44.2315 30.4 8.44443
    endloop
  endfacet
  facet normal 0 -1 0
    outer loop
      vertex 44.173 30.4 8.36561
      vertex 48.527 30.4 8.36561
      vertex 48.4685 30.4 8.44443
    endloop
  endfacet
  facet normal 0 -1 0
    outer loop
      vertex 44.1071 30.4 8.29289
      vertex 48.527 30.4 8.36561
      vertex 44.173 30.4 8.36561
    endloop
  endfacet
  facet normal 0 -1 0
    outer loop
      vertex 44.1071 30.4 8.29289
      vertex 48.5929 30.4 8.29289
      vertex 48.527 30.4 8.36561
    endloop
  endfacet
  facet normal 0 -1 0
    outer loop
      vertex 44.0344 30.4 8.22699
      vertex 48.5929 30.4 8.29289
      vertex 44.1071 30.4 8.29289
    endloop
  endfacet
  facet normal 0 -1 0
    outer loop
      vertex 44.0344 30.4 8.22699
      vertex 48.6656 30.4 8.22699
      vertex 48.5929 30.4 8.29289
    endloop
  endfacet
  facet normal 0 -1 0
    outer loop
      vertex 43.9556 30.4 8.16853
      vertex 48.6656 30.4 8.22699
      vertex 44.0344 30.4 8.22699
    endloop
  endfacet
  facet normal 0 -1 0
    outer loop
      vertex 43.9556 30.4 8.16853
      vertex 48.7444 30.4 8.16853
      vertex 48.6656 30.4 8.22699
    endloop
  endfacet
  facet normal 0 -1 0
    outer loop
      vertex 43.8714 30.4 8.11808
      vertex 48.7444 30.4 8.16853
      vertex 43.9556 30.4 8.16853
    endloop
  endfacet
  facet normal 0 -1 0
    outer loop
      vertex 43.8714 30.4 8.11808
      vertex 48.8286 30.4 8.11808
      vertex 48.7444 30.4 8.16853
    endloop
  endfacet
  facet normal 0 -1 0
    outer loop
      vertex 43.7827 30.4 8.07612
      vertex 48.8286 30.4 8.11808
      vertex 43.8714 30.4 8.11808
    endloop
  endfacet
  facet normal 0 -1 0
    outer loop
      vertex 43.7827 30.4 8.07612
      vertex 48.9173 30.4 8.07612
      vertex 48.8286 30.4 8.11808
    endloop
  endfacet
  facet normal 0 -1 0
    outer loop
      vertex 43.6903 30.4 8.04306
      vertex 48.9173 30.4 8.07612
      vertex 43.7827 30.4 8.07612
    endloop
  endfacet
  facet normal 0 -1 0
    outer loop
      vertex 43.6903 30.4 8.04306
      vertex 49.0097 30.4 8.04306
      vertex 48.9173 30.4 8.07612
    endloop
  endfacet
  facet normal 0 -1 0
    outer loop
      vertex 43.5951 30.4 8.01922
      vertex 49.0097 30.4 8.04306
      vertex 43.6903 30.4 8.04306
    endloop
  endfacet
  facet normal 0 -1 0
    outer loop
      vertex 43.5951 30.4 8.01922
      vertex 49.1049 30.4 8.01922
      vertex 49.0097 30.4 8.04306
    endloop
  endfacet
  facet normal 0 -1 0
    outer loop
      vertex 43.498 30.4 8.00482
      vertex 49.1049 30.4 8.01922
      vertex 43.5951 30.4 8.01922
    endloop
  endfacet
  facet normal 0 -1 0
    outer loop
      vertex 43.498 30.4 8.00482
      vertex 49.202 30.4 8.00482
      vertex 49.1049 30.4 8.01922
    endloop
  endfacet
  facet normal 0 -1 0
    outer loop
      vertex 43.4 30.4 8
      vertex 49.202 30.4 8.00482
      vertex 43.498 30.4 8.00482
    endloop
  endfacet
  facet normal 0 -1 -0
    outer loop
      vertex 49.202 30.4 8.00482
      vertex 43.4 30.4 8
      vertex 49.3 30.4 8
    endloop
  endfacet
  facet normal 0 -1 0
    outer loop
      vertex 58.9 30.4 11.8
      vertex 61.5 30.4 10.8
      vertex 63.4 30.4 11.8
    endloop
  endfacet
  facet normal 0 -1 0
    outer loop
      vertex 58.9 30.4 9
      vertex 61.5 30.4 10.8
      vertex 58.9 30.4 11.8
    endloop
  endfacet
  facet normal 0 -1 0
    outer loop
      vertex 58.8952 30.4 8.90198
      vertex 61.5 30.4 10.8
      vertex 58.9 30.4 9
    endloop
  endfacet
  facet normal 0 -1 0
    outer loop
      vertex 58.8808 30.4 8.80491
      vertex 61.5 30.4 10.8
      vertex 58.8952 30.4 8.90198
    endloop
  endfacet
  facet normal 0 -1 0
    outer loop
      vertex 58.8569 30.4 8.70972
      vertex 61.5 30.4 10.8
      vertex 58.8808 30.4 8.80491
    endloop
  endfacet
  facet normal 0 -1 0
    outer loop
      vertex 58.8239 30.4 8.61732
      vertex 61.5 30.4 10.8
      vertex 58.8569 30.4 8.70972
    endloop
  endfacet
  facet normal 0 -1 0
    outer loop
      vertex 58.7819 30.4 8.5286
      vertex 61.5 30.4 10.8
      vertex 58.8239 30.4 8.61732
    endloop
  endfacet
  facet normal 0 -1 0
    outer loop
      vertex 61.5 30.4 1.8
      vertex 58.7819 30.4 8.5286
      vertex 58.7315 30.4 8.44443
    endloop
  endfacet
  facet normal 0 -1 0
    outer loop
      vertex 61.5 30.4 1.8
      vertex 58.7315 30.4 8.44443
      vertex 58.673 30.4 8.36561
    endloop
  endfacet
  facet normal 0 -1 0
    outer loop
      vertex 61.5 30.4 1.8
      vertex 58.673 30.4 8.36561
      vertex 58.6071 30.4 8.29289
    endloop
  endfacet
  facet normal 0 -1 0
    outer loop
      vertex 61.5 30.4 1.8
      vertex 58.6071 30.4 8.29289
      vertex 58.5344 30.4 8.22699
    endloop
  endfacet
  facet normal 0 -1 0
    outer loop
      vertex 49.3 30.4 8
      vertex 61.5 30.4 1.8
      vertex 57.9 30.4 8
    endloop
  endfacet
  facet normal 0 -1 0
    outer loop
      vertex 58.7819 30.4 8.5286
      vertex 61.5 30.4 1.8
      vertex 61.5 30.4 10.8
    endloop
  endfacet
  facet normal 0 -1 0
    outer loop
      vertex 58.4556 30.4 8.16853
      vertex 61.5 30.4 1.8
      vertex 58.5344 30.4 8.22699
    endloop
  endfacet
  facet normal 0 -1 0
    outer loop
      vertex 58.3714 30.4 8.11808
      vertex 61.5 30.4 1.8
      vertex 58.4556 30.4 8.16853
    endloop
  endfacet
  facet normal 0 -1 0
    outer loop
      vertex 58.2827 30.4 8.07612
      vertex 61.5 30.4 1.8
      vertex 58.3714 30.4 8.11808
    endloop
  endfacet
  facet normal 0 -1 0
    outer loop
      vertex 58.1903 30.4 8.04306
      vertex 61.5 30.4 1.8
      vertex 58.2827 30.4 8.07612
    endloop
  endfacet
  facet normal 0 -1 0
    outer loop
      vertex 58.0951 30.4 8.01922
      vertex 61.5 30.4 1.8
      vertex 58.1903 30.4 8.04306
    endloop
  endfacet
  facet normal 0 -1 0
    outer loop
      vertex 57.998 30.4 8.00482
      vertex 61.5 30.4 1.8
      vertex 58.0951 30.4 8.01922
    endloop
  endfacet
  facet normal 0 -1 0
    outer loop
      vertex 57.9 30.4 8
      vertex 61.5 30.4 1.8
      vertex 57.998 30.4 8.00482
    endloop
  endfacet
  facet normal 0 -1 -0
    outer loop
      vertex 63.4 30.4 11.8
      vertex 61.5 30.4 10.8
      vertex 63.4 30.4 10.8
    endloop
  endfacet
  facet normal -1 0 0
    outer loop
      vertex 65.4 26.5 1.8
      vertex 65.4 23.41 1.8
      vertex 65.4 26.5 10.8
    endloop
  endfacet
  facet normal -1 0 0
    outer loop
      vertex 65.4 26.5 10.8
      vertex 65.4 28.4 11.8
      vertex 65.4 28.4 10.8
    endloop
  endfacet
  facet normal -1 0 0
    outer loop
      vertex 65.4 26.5 10.8
      vertex 65.4 23.41 11.8
      vertex 65.4 28.4 11.8
    endloop
  endfacet
  facet normal -1 0 0
    outer loop
      vertex 65.4 23.41 11.8
      vertex 65.4 26.5 10.8
      vertex 65.4 23.41 1.8
    endloop
  endfacet
  facet normal -0.857673 -0.514196 0
    outer loop
      vertex 65.1638 29.3428 10.8
      vertex 65.0629 29.5111 11.8
      vertex 65.0629 29.5111 10.8
    endloop
  endfacet
  facet normal -0.857673 -0.514196 0
    outer loop
      vertex 65.0629 29.5111 11.8
      vertex 65.1638 29.3428 10.8
      vertex 65.1638 29.3428 11.8
    endloop
  endfacet
  facet normal -0.970023 -0.243015 0
    outer loop
      vertex 65.3616 28.7902 10.8
      vertex 65.3139 28.9806 11.8
      vertex 65.3139 28.9806 10.8
    endloop
  endfacet
  facet normal -0.970023 -0.243015 0
    outer loop
      vertex 65.3139 28.9806 11.8
      vertex 65.3616 28.7902 10.8
      vertex 65.3616 28.7902 11.8
    endloop
  endfacet
  facet normal -0.989182 -0.146696 0
    outer loop
      vertex 65.3904 28.596 10.8
      vertex 65.3616 28.7902 11.8
      vertex 65.3616 28.7902 10.8
    endloop
  endfacet
  facet normal -0.989182 -0.146696 0
    outer loop
      vertex 65.3616 28.7902 11.8
      vertex 65.3904 28.596 10.8
      vertex 65.3904 28.596 11.8
    endloop
  endfacet
  facet normal 0.336793 -0.941579 0
    outer loop
      vertex 0.834633 30.2478 10.8
      vertex 1.01943 30.3139 11.8
      vertex 0.834633 30.2478 11.8
    endloop
  endfacet
  facet normal 0.336793 -0.941579 0
    outer loop
      vertex 1.01943 30.3139 11.8
      vertex 0.834633 30.2478 10.8
      vertex 1.01943 30.3139 10.8
    endloop
  endfacet
  facet normal -0.595508 -0.80335 0
    outer loop
      vertex 64.5111 30.0629 10.8
      vertex 64.6688 29.946 11.8
      vertex 64.5111 30.0629 11.8
    endloop
  endfacet
  facet normal -0.595508 -0.80335 -0
    outer loop
      vertex 64.6688 29.946 11.8
      vertex 64.5111 30.0629 10.8
      vertex 64.6688 29.946 10.8
    endloop
  endfacet
  facet normal 0.048911 -0.998803 0
    outer loop
      vertex 1.40396 30.3904 10.8
      vertex 1.6 30.4 11.8
      vertex 1.40396 30.3904 11.8
    endloop
  endfacet
  facet normal 0.048911 -0.998803 0
    outer loop
      vertex 1.6 30.4 11.8
      vertex 1.40396 30.3904 10.8
      vertex 1.6 30.4 10.8
    endloop
  endfacet
  facet normal -0.740908 -0.671607 0
    outer loop
      vertex 64.946 29.6688 10.8
      vertex 64.8142 29.8142 11.8
      vertex 64.8142 29.8142 10.8
    endloop
  endfacet
  facet normal -0.740908 -0.671607 0
    outer loop
      vertex 64.8142 29.8142 11.8
      vertex 64.946 29.6688 10.8
      vertex 64.946 29.6688 11.8
    endloop
  endfacet
  facet normal 0.427902 -0.903825 0
    outer loop
      vertex 0.657206 30.1638 10.8
      vertex 0.834633 30.2478 11.8
      vertex 0.657206 30.1638 11.8
    endloop
  endfacet
  facet normal 0.427902 -0.903825 0
    outer loop
      vertex 0.834633 30.2478 11.8
      vertex 0.657206 30.1638 10.8
      vertex 0.834633 30.2478 10.8
    endloop
  endfacet
  facet normal -0.9038 -0.427955 0
    outer loop
      vertex 65.2478 29.1654 10.8
      vertex 65.1638 29.3428 11.8
      vertex 65.1638 29.3428 10.8
    endloop
  endfacet
  facet normal -0.9038 -0.427955 0
    outer loop
      vertex 65.1638 29.3428 11.8
      vertex 65.2478 29.1654 10.8
      vertex 65.2478 29.1654 11.8
    endloop
  endfacet
  facet normal 0.146741 -0.989175 0
    outer loop
      vertex 1.20982 30.3616 10.8
      vertex 1.40396 30.3904 11.8
      vertex 1.20982 30.3616 11.8
    endloop
  endfacet
  facet normal 0.146741 -0.989175 0
    outer loop
      vertex 1.40396 30.3904 11.8
      vertex 1.20982 30.3616 10.8
      vertex 1.40396 30.3904 10.8
    endloop
  endfacet
  facet normal -0.0489209 -0.998803 0
    outer loop
      vertex 63.4 30.4 10.8
      vertex 63.596 30.3904 11.8
      vertex 63.4 30.4 11.8
    endloop
  endfacet
  facet normal -0.0489209 -0.998803 -0
    outer loop
      vertex 63.596 30.3904 11.8
      vertex 63.4 30.4 10.8
      vertex 63.596 30.3904 10.8
    endloop
  endfacet
  facet normal -0.514196 -0.857673 0
    outer loop
      vertex 64.3428 30.1638 10.8
      vertex 64.5111 30.0629 11.8
      vertex 64.3428 30.1638 11.8
    endloop
  endfacet
  facet normal -0.514196 -0.857673 -0
    outer loop
      vertex 64.5111 30.0629 11.8
      vertex 64.3428 30.1638 10.8
      vertex 64.5111 30.0629 10.8
    endloop
  endfacet
  facet normal 0.989182 -0.146691 0
    outer loop
      vertex -0.390369 28.596 11.8
      vertex -0.36157 28.7902 10.8
      vertex -0.36157 28.7902 11.8
    endloop
  endfacet
  facet normal 0.989182 -0.146691 0
    outer loop
      vertex -0.36157 28.7902 10.8
      vertex -0.390369 28.596 11.8
      vertex -0.390369 28.596 10.8
    endloop
  endfacet
  facet normal 0.903964 -0.427609 0
    outer loop
      vertex -0.247759 29.1654 11.8
      vertex -0.163842 29.3428 10.8
      vertex -0.163842 29.3428 11.8
    endloop
  endfacet
  facet normal 0.903964 -0.427609 0
    outer loop
      vertex -0.163842 29.3428 10.8
      vertex -0.247759 29.1654 11.8
      vertex -0.247759 29.1654 10.8
    endloop
  endfacet
  facet normal 0.595639 -0.803252 0
    outer loop
      vertex 0.331213 29.946 10.8
      vertex 0.488859 30.0629 11.8
      vertex 0.331213 29.946 11.8
    endloop
  endfacet
  facet normal 0.595639 -0.803252 0
    outer loop
      vertex 0.488859 30.0629 11.8
      vertex 0.331213 29.946 10.8
      vertex 0.488859 30.0629 10.8
    endloop
  endfacet
  facet normal -0.243015 -0.970023 0
    outer loop
      vertex 63.7902 30.3616 10.8
      vertex 63.9806 30.3139 11.8
      vertex 63.7902 30.3616 11.8
    endloop
  endfacet
  facet normal -0.243015 -0.970023 -0
    outer loop
      vertex 63.9806 30.3139 11.8
      vertex 63.7902 30.3616 10.8
      vertex 63.9806 30.3139 10.8
    endloop
  endfacet
  facet normal 0.51409 -0.857736 0
    outer loop
      vertex 0.488859 30.0629 10.8
      vertex 0.657206 30.1638 11.8
      vertex 0.488859 30.0629 11.8
    endloop
  endfacet
  facet normal 0.51409 -0.857736 0
    outer loop
      vertex 0.657206 30.1638 11.8
      vertex 0.488859 30.0629 10.8
      vertex 0.657206 30.1638 10.8
    endloop
  endfacet
  facet normal -0.336788 -0.94158 0
    outer loop
      vertex 63.9806 30.3139 10.8
      vertex 64.1654 30.2478 11.8
      vertex 63.9806 30.3139 11.8
    endloop
  endfacet
  facet normal -0.336788 -0.94158 -0
    outer loop
      vertex 64.1654 30.2478 11.8
      vertex 63.9806 30.3139 10.8
      vertex 64.1654 30.2478 10.8
    endloop
  endfacet
  facet normal -0.671607 -0.740908 0
    outer loop
      vertex 64.6688 29.946 10.8
      vertex 64.8142 29.8142 11.8
      vertex 64.6688 29.946 11.8
    endloop
  endfacet
  facet normal -0.671607 -0.740908 -0
    outer loop
      vertex 64.8142 29.8142 11.8
      vertex 64.6688 29.946 10.8
      vertex 64.8142 29.8142 10.8
    endloop
  endfacet
  facet normal 0.857665 -0.514208 0
    outer loop
      vertex -0.163842 29.3428 11.8
      vertex -0.0629387 29.5111 10.8
      vertex -0.0629387 29.5111 11.8
    endloop
  endfacet
  facet normal 0.857665 -0.514208 0
    outer loop
      vertex -0.0629387 29.5111 10.8
      vertex -0.163842 29.3428 11.8
      vertex -0.163842 29.3428 10.8
    endloop
  endfacet
  facet normal -0.80335 -0.595508 0
    outer loop
      vertex 65.0629 29.5111 10.8
      vertex 64.946 29.6688 11.8
      vertex 64.946 29.6688 10.8
    endloop
  endfacet
  facet normal -0.80335 -0.595508 0
    outer loop
      vertex 64.946 29.6688 11.8
      vertex 65.0629 29.5111 10.8
      vertex 65.0629 29.5111 11.8
    endloop
  endfacet
  facet normal 0.243027 -0.970019 0
    outer loop
      vertex 1.01943 30.3139 10.8
      vertex 1.20982 30.3616 11.8
      vertex 1.01943 30.3139 11.8
    endloop
  endfacet
  facet normal 0.243027 -0.970019 0
    outer loop
      vertex 1.20982 30.3616 11.8
      vertex 1.01943 30.3139 10.8
      vertex 1.20982 30.3616 10.8
    endloop
  endfacet
  facet normal 0.803307 -0.595566 0
    outer loop
      vertex -0.0629387 29.5111 11.8
      vertex 0.0539789 29.6688 10.8
      vertex 0.0539789 29.6688 11.8
    endloop
  endfacet
  facet normal 0.803307 -0.595566 0
    outer loop
      vertex 0.0539789 29.6688 10.8
      vertex -0.0629387 29.5111 11.8
      vertex -0.0629387 29.5111 10.8
    endloop
  endfacet
  facet normal 0.671538 -0.74097 0
    outer loop
      vertex 0.185786 29.8142 10.8
      vertex 0.331213 29.946 11.8
      vertex 0.185786 29.8142 11.8
    endloop
  endfacet
  facet normal 0.671538 -0.74097 0
    outer loop
      vertex 0.331213 29.946 11.8
      vertex 0.185786 29.8142 10.8
      vertex 0.331213 29.946 10.8
    endloop
  endfacet
  facet normal 0.74089 -0.671627 0
    outer loop
      vertex 0.0539789 29.6688 11.8
      vertex 0.185786 29.8142 10.8
      vertex 0.185786 29.8142 11.8
    endloop
  endfacet
  facet normal 0.74089 -0.671627 0
    outer loop
      vertex 0.185786 29.8142 10.8
      vertex 0.0539789 29.6688 11.8
      vertex 0.0539789 29.6688 10.8
    endloop
  endfacet
  facet normal 0.970035 -0.242967 0
    outer loop
      vertex -0.36157 28.7902 11.8
      vertex -0.31388 28.9806 10.8
      vertex -0.31388 28.9806 11.8
    endloop
  endfacet
  facet normal 0.970035 -0.242967 0
    outer loop
      vertex -0.31388 28.9806 10.8
      vertex -0.36157 28.7902 11.8
      vertex -0.36157 28.7902 10.8
    endloop
  endfacet
  facet normal -0.998803 -0.0489209 0
    outer loop
      vertex 65.4 28.4 10.8
      vertex 65.3904 28.596 11.8
      vertex 65.3904 28.596 10.8
    endloop
  endfacet
  facet normal -0.998803 -0.0489209 0
    outer loop
      vertex 65.3904 28.596 11.8
      vertex 65.4 28.4 10.8
      vertex 65.4 28.4 11.8
    endloop
  endfacet
  facet normal 0 0 1
    outer loop
      vertex 39.2539 28.802 1.8
      vertex 38.3283 28.802 1.8
      vertex 39.2539 26.3994 1.8
    endloop
  endfacet
  facet normal 0 0 1
    outer loop
      vertex 61.5 30.4 1.8
      vertex 61.2059 29.4856 1.8
      vertex 61.5 29.5 1.8
    endloop
  endfacet
  facet normal 0 0 1
    outer loop
      vertex 61.5 30.4 1.8
      vertex 60.9147 29.4424 1.8
      vertex 61.2059 29.4856 1.8
    endloop
  endfacet
  facet normal 0 0 1
    outer loop
      vertex 61.5 30.4 1.8
      vertex 60.6291 29.3708 1.8
      vertex 60.9147 29.4424 1.8
    endloop
  endfacet
  facet normal 0 0 1
    outer loop
      vertex 61.5 30.4 1.8
      vertex 60.352 29.2716 1.8
      vertex 60.6291 29.3708 1.8
    endloop
  endfacet
  facet normal 0 0 1
    outer loop
      vertex 61.5 30.4 1.8
      vertex 60.0858 29.1458 1.8
      vertex 60.352 29.2716 1.8
    endloop
  endfacet
  facet normal 0 0 1
    outer loop
      vertex 61.5 30.4 1.8
      vertex 59.8333 28.9944 1.8
      vertex 60.0858 29.1458 1.8
    endloop
  endfacet
  facet normal -0 0 1
    outer loop
      vertex 53.9551 29.1413 1.8
      vertex 59.8333 28.9944 1.8
      vertex 61.5 30.4 1.8
    endloop
  endfacet
  facet normal 0 0 1
    outer loop
      vertex 58.5144 26.7941 1.8
      vertex 54.3058 26.8693 1.8
      vertex 58.5 26.5 1.8
    endloop
  endfacet
  facet normal 0 0 1
    outer loop
      vertex 58.5576 27.0853 1.8
      vertex 54.3058 26.8693 1.8
      vertex 58.5144 26.7941 1.8
    endloop
  endfacet
  facet normal 0 0 1
    outer loop
      vertex 54.2366 28.2911 1.8
      vertex 58.5576 27.0853 1.8
      vertex 58.6292 27.3709 1.8
    endloop
  endfacet
  facet normal 0 0 1
    outer loop
      vertex 54.2571 28.4153 1.8
      vertex 58.6292 27.3709 1.8
      vertex 58.7284 27.6481 1.8
    endloop
  endfacet
  facet normal 0 0 1
    outer loop
      vertex 54.258 28.5858 1.8
      vertex 58.7284 27.6481 1.8
      vertex 58.8542 27.9142 1.8
    endloop
  endfacet
  facet normal 0 0 1
    outer loop
      vertex 54.2335 28.7389 1.8
      vertex 58.8542 27.9142 1.8
      vertex 59.0056 28.1667 1.8
    endloop
  endfacet
  facet normal 0 0 1
    outer loop
      vertex 54.1845 28.8751 1.8
      vertex 59.0056 28.1667 1.8
      vertex 59.181 28.4032 1.8
    endloop
  endfacet
  facet normal 0 0 1
    outer loop
      vertex 54.1508 28.9369 1.8
      vertex 59.181 28.4032 1.8
      vertex 59.3787 28.6213 1.8
    endloop
  endfacet
  facet normal 0 0 1
    outer loop
      vertex 54.065 29.0478 1.8
      vertex 59.3787 28.6213 1.8
      vertex 59.5968 28.819 1.8
    endloop
  endfacet
  facet normal -0 -0 1
    outer loop
      vertex 54.0129 29.0969 1.8
      vertex 59.8333 28.9944 1.8
      vertex 53.9551 29.1413 1.8
    endloop
  endfacet
  facet normal 0 0 1
    outer loop
      vertex 58.7284 27.6481 1.8
      vertex 54.2611 28.5029 1.8
      vertex 54.2601 28.4586 1.8
    endloop
  endfacet
  facet normal 0 0 1
    outer loop
      vertex 58.7284 27.6481 1.8
      vertex 54.258 28.5858 1.8
      vertex 54.2611 28.5029 1.8
    endloop
  endfacet
  facet normal 0 0 1
    outer loop
      vertex 58.8542 27.9142 1.8
      vertex 54.2488 28.6645 1.8
      vertex 54.258 28.5858 1.8
    endloop
  endfacet
  facet normal 0 0 1
    outer loop
      vertex 58.8542 27.9142 1.8
      vertex 54.2335 28.7389 1.8
      vertex 54.2488 28.6645 1.8
    endloop
  endfacet
  facet normal 0 0 1
    outer loop
      vertex 59.0056 28.1667 1.8
      vertex 54.212 28.8091 1.8
      vertex 54.2335 28.7389 1.8
    endloop
  endfacet
  facet normal 0 0 1
    outer loop
      vertex 59.0056 28.1667 1.8
      vertex 54.1845 28.8751 1.8
      vertex 54.212 28.8091 1.8
    endloop
  endfacet
  facet normal 0 0 1
    outer loop
      vertex 59.181 28.4032 1.8
      vertex 54.1508 28.9369 1.8
      vertex 54.1845 28.8751 1.8
    endloop
  endfacet
  facet normal 0 0 1
    outer loop
      vertex 59.3787 28.6213 1.8
      vertex 54.1109 28.9945 1.8
      vertex 54.1508 28.9369 1.8
    endloop
  endfacet
  facet normal 0 0 1
    outer loop
      vertex 59.3787 28.6213 1.8
      vertex 54.065 29.0478 1.8
      vertex 54.1109 28.9945 1.8
    endloop
  endfacet
  facet normal 0 0 1
    outer loop
      vertex 59.5968 28.819 1.8
      vertex 54.0129 29.0969 1.8
      vertex 54.065 29.0478 1.8
    endloop
  endfacet
  facet normal 0 0 1
    outer loop
      vertex 59.8333 28.9944 1.8
      vertex 54.0129 29.0969 1.8
      vertex 59.5968 28.819 1.8
    endloop
  endfacet
  facet normal 0 0 1
    outer loop
      vertex 61.5 30.4 1.8
      vertex 53.8919 29.1805 1.8
      vertex 53.9551 29.1413 1.8
    endloop
  endfacet
  facet normal 0 0 1
    outer loop
      vertex 61.5 30.4 1.8
      vertex 53.8234 29.2145 1.8
      vertex 53.8919 29.1805 1.8
    endloop
  endfacet
  facet normal 0 0 1
    outer loop
      vertex 61.5 30.4 1.8
      vertex 53.7497 29.2432 1.8
      vertex 53.8234 29.2145 1.8
    endloop
  endfacet
  facet normal 0 0 1
    outer loop
      vertex 61.5 30.4 1.8
      vertex 53.6705 29.2667 1.8
      vertex 53.7497 29.2432 1.8
    endloop
  endfacet
  facet normal 0 0 1
    outer loop
      vertex 61.5 30.4 1.8
      vertex 53.5861 29.285 1.8
      vertex 53.6705 29.2667 1.8
    endloop
  endfacet
  facet normal 0 0 1
    outer loop
      vertex 61.5 30.4 1.8
      vertex 53.4963 29.2981 1.8
      vertex 53.5861 29.285 1.8
    endloop
  endfacet
  facet normal 0 0 1
    outer loop
      vertex 61.5 30.4 1.8
      vertex 53.4013 29.3059 1.8
      vertex 53.4963 29.2981 1.8
    endloop
  endfacet
  facet normal 0 0 1
    outer loop
      vertex 61.5 30.4 1.8
      vertex 53.3008 29.3085 1.8
      vertex 53.4013 29.3059 1.8
    endloop
  endfacet
  facet normal 0 0 1
    outer loop
      vertex 61.5 30.4 1.8
      vertex 53.2077 29.3059 1.8
      vertex 53.3008 29.3085 1.8
    endloop
  endfacet
  facet normal 0 0 1
    outer loop
      vertex 51.4366 29.2658 1.8
      vertex 53.2077 29.3059 1.8
      vertex 61.5 30.4 1.8
    endloop
  endfacet
  facet normal 0 0 1
    outer loop
      vertex 52.0937 26.3994 1.8
      vertex 52.2999 26.7961 1.8
      vertex 52.0937 26.8246 1.8
    endloop
  endfacet
  facet normal 0 0 1
    outer loop
      vertex 52.326 26.8506 1.8
      vertex 52.0937 26.8246 1.8
      vertex 52.2999 26.7961 1.8
    endloop
  endfacet
  facet normal 0 0 1
    outer loop
      vertex 51.4366 26.8246 1.8
      vertex 52.3243 28.4907 1.8
      vertex 51.4366 29.2658 1.8
    endloop
  endfacet
  facet normal 0 0 1
    outer loop
      vertex 52.3377 28.577 1.8
      vertex 51.4366 29.2658 1.8
      vertex 52.3243 28.4907 1.8
    endloop
  endfacet
  facet normal 0 0 1
    outer loop
      vertex 52.3559 28.6586 1.8
      vertex 51.4366 29.2658 1.8
      vertex 52.3377 28.577 1.8
    endloop
  endfacet
  facet normal 0 0 1
    outer loop
      vertex 52.3792 28.7355 1.8
      vertex 51.4366 29.2658 1.8
      vertex 52.3559 28.6586 1.8
    endloop
  endfacet
  facet normal 0 0 1
    outer loop
      vertex 52.4073 28.8078 1.8
      vertex 51.4366 29.2658 1.8
      vertex 52.3792 28.7355 1.8
    endloop
  endfacet
  facet normal 0 0 1
    outer loop
      vertex 52.4404 28.8754 1.8
      vertex 51.4366 29.2658 1.8
      vertex 52.4073 28.8078 1.8
    endloop
  endfacet
  facet normal 0 0 1
    outer loop
      vertex 52.4785 28.9383 1.8
      vertex 51.4366 29.2658 1.8
      vertex 52.4404 28.8754 1.8
    endloop
  endfacet
  facet normal 0 0 1
    outer loop
      vertex 52.5215 28.9965 1.8
      vertex 51.4366 29.2658 1.8
      vertex 52.4785 28.9383 1.8
    endloop
  endfacet
  facet normal 0 0 1
    outer loop
      vertex 52.5695 29.0501 1.8
      vertex 51.4366 29.2658 1.8
      vertex 52.5215 28.9965 1.8
    endloop
  endfacet
  facet normal 0 0 1
    outer loop
      vertex 52.6224 29.099 1.8
      vertex 51.4366 29.2658 1.8
      vertex 52.5695 29.0501 1.8
    endloop
  endfacet
  facet normal 0 0 1
    outer loop
      vertex 52.68 29.143 1.8
      vertex 51.4366 29.2658 1.8
      vertex 52.6224 29.099 1.8
    endloop
  endfacet
  facet normal 0 0 1
    outer loop
      vertex 52.742 29.1818 1.8
      vertex 51.4366 29.2658 1.8
      vertex 52.68 29.143 1.8
    endloop
  endfacet
  facet normal 0 0 1
    outer loop
      vertex 52.8085 29.2154 1.8
      vertex 51.4366 29.2658 1.8
      vertex 52.742 29.1818 1.8
    endloop
  endfacet
  facet normal 0 0 1
    outer loop
      vertex 52.8795 29.2438 1.8
      vertex 51.4366 29.2658 1.8
      vertex 52.8085 29.2154 1.8
    endloop
  endfacet
  facet normal 0 0 1
    outer loop
      vertex 52.9548 29.2671 1.8
      vertex 51.4366 29.2658 1.8
      vertex 52.8795 29.2438 1.8
    endloop
  endfacet
  facet normal 0 0 1
    outer loop
      vertex 53.0347 29.2852 1.8
      vertex 51.4366 29.2658 1.8
      vertex 52.9548 29.2671 1.8
    endloop
  endfacet
  facet normal 0 0 1
    outer loop
      vertex 53.1189 29.2982 1.8
      vertex 51.4366 29.2658 1.8
      vertex 53.0347 29.2852 1.8
    endloop
  endfacet
  facet normal 0 0 1
    outer loop
      vertex 53.2077 29.3059 1.8
      vertex 51.4366 29.2658 1.8
      vertex 53.1189 29.2982 1.8
    endloop
  endfacet
  facet normal 0 0 1
    outer loop
      vertex 61.5 30.4 1.8
      vertex 50.8955 29.2658 1.8
      vertex 51.4366 29.2658 1.8
    endloop
  endfacet
  facet normal -0 0 1
    outer loop
      vertex 49.9284 28.6006 1.8
      vertex 50.1773 28.3503 1.8
      vertex 50.1773 28.7999 1.8
    endloop
  endfacet
  facet normal 0 0 1
    outer loop
      vertex 50.1773 28.3503 1.8
      vertex 49.1167 26.3994 1.8
      vertex 50.1549 26.8246 1.8
    endloop
  endfacet
  facet normal 0 0 1
    outer loop
      vertex 49.1167 26.3994 1.8
      vertex 50.1773 28.3503 1.8
      vertex 49.9284 28.6006 1.8
    endloop
  endfacet
  facet normal 0 0 1
    outer loop
      vertex 50.1773 28.7999 1.8
      vertex 49.3303 28.6006 1.8
      vertex 49.9284 28.6006 1.8
    endloop
  endfacet
  facet normal 0 0 1
    outer loop
      vertex 50.8955 29.2658 1.8
      vertex 49.3303 28.6006 1.8
      vertex 50.1773 28.7999 1.8
    endloop
  endfacet
  facet normal 0 0 1
    outer loop
      vertex 48.784 26.8813 1.8
      vertex 48.7324 27.0269 1.8
      vertex 48.779 26.8612 1.8
    endloop
  endfacet
  facet normal 0 0 1
    outer loop
      vertex 48.7901 26.9045 1.8
      vertex 48.7324 27.0269 1.8
      vertex 48.784 26.8813 1.8
    endloop
  endfacet
  facet normal 0 0 1
    outer loop
      vertex 48.7973 26.9308 1.8
      vertex 48.7324 27.0269 1.8
      vertex 48.7901 26.9045 1.8
    endloop
  endfacet
  facet normal 0 0 1
    outer loop
      vertex 48.8055 26.9602 1.8
      vertex 48.7324 27.0269 1.8
      vertex 48.7973 26.9308 1.8
    endloop
  endfacet
  facet normal 0 0 1
    outer loop
      vertex 48.8147 26.9928 1.8
      vertex 48.7324 27.0269 1.8
      vertex 48.8055 26.9602 1.8
    endloop
  endfacet
  facet normal 0 0 1
    outer loop
      vertex 48.8251 27.0285 1.8
      vertex 48.7324 27.0269 1.8
      vertex 48.8147 26.9928 1.8
    endloop
  endfacet
  facet normal 0 0 1
    outer loop
      vertex 48.8364 27.0672 1.8
      vertex 48.7324 27.0269 1.8
      vertex 48.8251 27.0285 1.8
    endloop
  endfacet
  facet normal -0 0 1
    outer loop
      vertex 48.7123 27.0985 1.8
      vertex 48.8364 27.0672 1.8
      vertex 48.8489 27.1091 1.8
    endloop
  endfacet
  facet normal 0 0 1
    outer loop
      vertex 48.6942 27.1626 1.8
      vertex 48.8489 27.1091 1.8
      vertex 48.8624 27.1541 1.8
    endloop
  endfacet
  facet normal -0 0 1
    outer loop
      vertex 48.6942 27.1626 1.8
      vertex 48.8624 27.1541 1.8
      vertex 48.8806 27.2134 1.8
    endloop
  endfacet
  facet normal -0 0 1
    outer loop
      vertex 48.6641 27.2681 1.8
      vertex 48.8806 27.2134 1.8
      vertex 48.9073 27.298 1.8
    endloop
  endfacet
  facet normal -0 0 1
    outer loop
      vertex 48.6423 27.3434 1.8
      vertex 48.9073 27.298 1.8
      vertex 48.9424 27.408 1.8
    endloop
  endfacet
  facet normal 0 0 1
    outer loop
      vertex 48.6345 27.3698 1.8
      vertex 48.9424 27.408 1.8
      vertex 48.9859 27.5433 1.8
    endloop
  endfacet
  facet normal 0 0 1
    outer loop
      vertex 48.6345 27.3698 1.8
      vertex 48.9859 27.5433 1.8
      vertex 49.0379 27.704 1.8
    endloop
  endfacet
  facet normal 0 0 1
    outer loop
      vertex 48.6345 27.3698 1.8
      vertex 49.0379 27.704 1.8
      vertex 49.0984 27.8901 1.8
    endloop
  endfacet
  facet normal 0 0 1
    outer loop
      vertex 48.25 28.6006 1.8
      vertex 49.0984 27.8901 1.8
      vertex 49.1672 28.1016 1.8
    endloop
  endfacet
  facet normal 0 0 1
    outer loop
      vertex 48.25 28.6006 1.8
      vertex 49.1672 28.1016 1.8
      vertex 49.2445 28.3384 1.8
    endloop
  endfacet
  facet normal -0 0 1
    outer loop
      vertex 48.25 28.6006 1.8
      vertex 49.2445 28.3384 1.8
      vertex 49.3303 28.6006 1.8
    endloop
  endfacet
  facet normal 0 0 1
    outer loop
      vertex 48.8364 27.0672 1.8
      vertex 48.7123 27.0985 1.8
      vertex 48.7324 27.0269 1.8
    endloop
  endfacet
  facet normal 0 0 1
    outer loop
      vertex 48.8489 27.1091 1.8
      vertex 48.6942 27.1626 1.8
      vertex 48.7123 27.0985 1.8
    endloop
  endfacet
  facet normal 0 0 1
    outer loop
      vertex 48.8806 27.2134 1.8
      vertex 48.6781 27.2191 1.8
      vertex 48.6942 27.1626 1.8
    endloop
  endfacet
  facet normal 0 0 1
    outer loop
      vertex 48.8806 27.2134 1.8
      vertex 48.6641 27.2681 1.8
      vertex 48.6781 27.2191 1.8
    endloop
  endfacet
  facet normal 0 0 1
    outer loop
      vertex 48.9073 27.298 1.8
      vertex 48.6522 27.3095 1.8
      vertex 48.6641 27.2681 1.8
    endloop
  endfacet
  facet normal 0 0 1
    outer loop
      vertex 48.9073 27.298 1.8
      vertex 48.6423 27.3434 1.8
      vertex 48.6522 27.3095 1.8
    endloop
  endfacet
  facet normal 0 0 1
    outer loop
      vertex 48.9424 27.408 1.8
      vertex 48.6345 27.3698 1.8
      vertex 48.6423 27.3434 1.8
    endloop
  endfacet
  facet normal 0 0 1
    outer loop
      vertex 49.0984 27.8901 1.8
      vertex 48.25 28.6006 1.8
      vertex 48.6345 27.3698 1.8
    endloop
  endfacet
  facet normal 0 0 1
    outer loop
      vertex 50.8955 29.2658 1.8
      vertex 48.25 28.6006 1.8
      vertex 49.3303 28.6006 1.8
    endloop
  endfacet
  facet normal -0 0 1
    outer loop
      vertex 46.0823 29.1224 1.8
      vertex 48.25 28.6006 1.8
      vertex 50.8955 29.2658 1.8
    endloop
  endfacet
  facet normal 0 0 1
    outer loop
      vertex 47.6458 28.6006 1.8
      vertex 46.4916 28.4523 1.8
      vertex 46.4951 28.3585 1.8
    endloop
  endfacet
  facet normal 0 0 1
    outer loop
      vertex 48.25 28.6006 1.8
      vertex 46.0823 29.1224 1.8
      vertex 47.6458 28.6006 1.8
    endloop
  endfacet
  facet normal 0 0 1
    outer loop
      vertex 47.6458 28.6006 1.8
      vertex 46.4814 28.5414 1.8
      vertex 46.4916 28.4523 1.8
    endloop
  endfacet
  facet normal 0 0 1
    outer loop
      vertex 47.6458 28.6006 1.8
      vertex 46.4642 28.6255 1.8
      vertex 46.4814 28.5414 1.8
    endloop
  endfacet
  facet normal 0 0 1
    outer loop
      vertex 47.6458 28.6006 1.8
      vertex 46.4402 28.7049 1.8
      vertex 46.4642 28.6255 1.8
    endloop
  endfacet
  facet normal 0 0 1
    outer loop
      vertex 47.6458 28.6006 1.8
      vertex 46.4094 28.7794 1.8
      vertex 46.4402 28.7049 1.8
    endloop
  endfacet
  facet normal 0 0 1
    outer loop
      vertex 47.6458 28.6006 1.8
      vertex 46.3717 28.849 1.8
      vertex 46.4094 28.7794 1.8
    endloop
  endfacet
  facet normal 0 0 1
    outer loop
      vertex 45.5365 29.2629 1.8
      vertex 50.8955 29.2658 1.8
      vertex 61.5 30.4 1.8
    endloop
  endfacet
  facet normal 0 0 1
    outer loop
      vertex 47.6458 28.6006 1.8
      vertex 46.3271 28.9138 1.8
      vertex 46.3717 28.849 1.8
    endloop
  endfacet
  facet normal 0 0 1
    outer loop
      vertex 47.6458 28.6006 1.8
      vertex 46.2757 28.9737 1.8
      vertex 46.3271 28.9138 1.8
    endloop
  endfacet
  facet normal 0 0 1
    outer loop
      vertex 47.6458 28.6006 1.8
      vertex 46.2174 29.0288 1.8
      vertex 46.2757 28.9737 1.8
    endloop
  endfacet
  facet normal 0 0 1
    outer loop
      vertex 47.6458 28.6006 1.8
      vertex 46.1527 29.0785 1.8
      vertex 46.2174 29.0288 1.8
    endloop
  endfacet
  facet normal 0 0 1
    outer loop
      vertex 47.6458 28.6006 1.8
      vertex 46.0823 29.1224 1.8
      vertex 46.1527 29.0785 1.8
    endloop
  endfacet
  facet normal 0 0 1
    outer loop
      vertex 50.8955 29.2658 1.8
      vertex 46.0059 29.1605 1.8
      vertex 46.0823 29.1224 1.8
    endloop
  endfacet
  facet normal 0 0 1
    outer loop
      vertex 50.8955 29.2658 1.8
      vertex 45.9237 29.1927 1.8
      vertex 46.0059 29.1605 1.8
    endloop
  endfacet
  facet normal 0 0 1
    outer loop
      vertex 50.8955 29.2658 1.8
      vertex 45.8357 29.219 1.8
      vertex 45.9237 29.1927 1.8
    endloop
  endfacet
  facet normal 0 0 1
    outer loop
      vertex 50.8955 29.2658 1.8
      vertex 45.7418 29.2395 1.8
      vertex 45.8357 29.219 1.8
    endloop
  endfacet
  facet normal 0 0 1
    outer loop
      vertex 50.8955 29.2658 1.8
      vertex 45.6421 29.2541 1.8
      vertex 45.7418 29.2395 1.8
    endloop
  endfacet
  facet normal 0 0 1
    outer loop
      vertex 50.8955 29.2658 1.8
      vertex 45.5365 29.2629 1.8
      vertex 45.6421 29.2541 1.8
    endloop
  endfacet
  facet normal 0 0 1
    outer loop
      vertex 61.5 30.4 1.8
      vertex 45.425 29.2658 1.8
      vertex 45.5365 29.2629 1.8
    endloop
  endfacet
  facet normal 0 0 1
    outer loop
      vertex 61.5 30.4 1.8
      vertex 44.1372 29.2658 1.8
      vertex 45.425 29.2658 1.8
    endloop
  endfacet
  facet normal 0 0 1
    outer loop
      vertex 44.1372 29.2658 1.8
      vertex 43.7593 27.8458 1.8
      vertex 44.1372 26.3994 1.8
    endloop
  endfacet
  facet normal 0 0 1
    outer loop
      vertex 44.1372 29.2658 1.8
      vertex 43.7546 27.9937 1.8
      vertex 43.7593 27.8458 1.8
    endloop
  endfacet
  facet normal 0 0 1
    outer loop
      vertex 44.1372 29.2658 1.8
      vertex 43.7404 28.1343 1.8
      vertex 43.7546 27.9937 1.8
    endloop
  endfacet
  facet normal 0 0 1
    outer loop
      vertex 44.1372 29.2658 1.8
      vertex 43.7167 28.2678 1.8
      vertex 43.7404 28.1343 1.8
    endloop
  endfacet
  facet normal 0 0 1
    outer loop
      vertex 44.1372 29.2658 1.8
      vertex 43.6836 28.3941 1.8
      vertex 43.7167 28.2678 1.8
    endloop
  endfacet
  facet normal 0 0 1
    outer loop
      vertex 44.1372 29.2658 1.8
      vertex 43.641 28.5133 1.8
      vertex 43.6836 28.3941 1.8
    endloop
  endfacet
  facet normal 0 0 1
    outer loop
      vertex 44.1372 29.2658 1.8
      vertex 43.5889 28.6252 1.8
      vertex 43.641 28.5133 1.8
    endloop
  endfacet
  facet normal 0 0 1
    outer loop
      vertex 44.1372 29.2658 1.8
      vertex 43.5273 28.73 1.8
      vertex 43.5889 28.6252 1.8
    endloop
  endfacet
  facet normal 0 0 1
    outer loop
      vertex 44.1372 29.2658 1.8
      vertex 43.4563 28.8275 1.8
      vertex 43.5273 28.73 1.8
    endloop
  endfacet
  facet normal 0 0 1
    outer loop
      vertex 44.1372 29.2658 1.8
      vertex 43.3758 28.9179 1.8
      vertex 43.4563 28.8275 1.8
    endloop
  endfacet
  facet normal 0 0 1
    outer loop
      vertex 44.1372 29.2658 1.8
      vertex 43.2869 28.9999 1.8
      vertex 43.3758 28.9179 1.8
    endloop
  endfacet
  facet normal 0 0 1
    outer loop
      vertex 44.1372 29.2658 1.8
      vertex 43.1907 29.0722 1.8
      vertex 43.2869 28.9999 1.8
    endloop
  endfacet
  facet normal 0 0 1
    outer loop
      vertex 44.1372 29.2658 1.8
      vertex 43.0871 29.1349 1.8
      vertex 43.1907 29.0722 1.8
    endloop
  endfacet
  facet normal 0 0 1
    outer loop
      vertex 44.1372 29.2658 1.8
      vertex 42.9761 29.188 1.8
      vertex 43.0871 29.1349 1.8
    endloop
  endfacet
  facet normal 0 0 1
    outer loop
      vertex 44.1372 29.2658 1.8
      vertex 42.8578 29.2314 1.8
      vertex 42.9761 29.188 1.8
    endloop
  endfacet
  facet normal -0 0 1
    outer loop
      vertex 42.4586 29.3037 1.8
      vertex 44.1372 29.2658 1.8
      vertex 61.5 30.4 1.8
    endloop
  endfacet
  facet normal 0 0 1
    outer loop
      vertex 44.1372 29.2658 1.8
      vertex 42.7321 29.2651 1.8
      vertex 42.8578 29.2314 1.8
    endloop
  endfacet
  facet normal 0 0 1
    outer loop
      vertex 44.1372 29.2658 1.8
      vertex 42.5991 29.2892 1.8
      vertex 42.7321 29.2651 1.8
    endloop
  endfacet
  facet normal 0 0 1
    outer loop
      vertex 44.1372 29.2658 1.8
      vertex 42.4586 29.3037 1.8
      vertex 42.5991 29.2892 1.8
    endloop
  endfacet
  facet normal 0 0 1
    outer loop
      vertex 61.5 30.4 1.8
      vertex 42.3109 29.3085 1.8
      vertex 42.4586 29.3037 1.8
    endloop
  endfacet
  facet normal 0 0 1
    outer loop
      vertex 38.3283 29.2658 1.8
      vertex 42.3109 29.3085 1.8
      vertex 61.5 30.4 1.8
    endloop
  endfacet
  facet normal 0 0 1
    outer loop
      vertex 40.9069 28.2719 1.8
      vertex 39.8541 28.802 1.8
      vertex 40.8833 28.1374 1.8
    endloop
  endfacet
  facet normal -0 0 1
    outer loop
      vertex 39.8541 28.802 1.8
      vertex 40.9069 28.2719 1.8
      vertex 40.7818 28.802 1.8
    endloop
  endfacet
  facet normal 0 0 1
    outer loop
      vertex 40.94 28.399 1.8
      vertex 40.7818 28.802 1.8
      vertex 40.9069 28.2719 1.8
    endloop
  endfacet
  facet normal 0 0 1
    outer loop
      vertex 40.9825 28.5185 1.8
      vertex 40.7818 28.802 1.8
      vertex 40.94 28.399 1.8
    endloop
  endfacet
  facet normal 0 0 1
    outer loop
      vertex 41.0344 28.6306 1.8
      vertex 40.7818 28.802 1.8
      vertex 40.9825 28.5185 1.8
    endloop
  endfacet
  facet normal 0 0 1
    outer loop
      vertex 41.0958 28.7352 1.8
      vertex 40.7818 28.802 1.8
      vertex 41.0344 28.6306 1.8
    endloop
  endfacet
  facet normal 0 0 1
    outer loop
      vertex 41.1666 28.8323 1.8
      vertex 40.7818 28.802 1.8
      vertex 41.0958 28.7352 1.8
    endloop
  endfacet
  facet normal 0 0 1
    outer loop
      vertex 40.7818 28.802 1.8
      vertex 41.1666 28.8323 1.8
      vertex 40.7818 29.2658 1.8
    endloop
  endfacet
  facet normal 0 0 1
    outer loop
      vertex 41.2469 28.922 1.8
      vertex 40.7818 29.2658 1.8
      vertex 41.1666 28.8323 1.8
    endloop
  endfacet
  facet normal 0 0 1
    outer loop
      vertex 41.3356 29.0031 1.8
      vertex 40.7818 29.2658 1.8
      vertex 41.2469 28.922 1.8
    endloop
  endfacet
  facet normal 0 0 1
    outer loop
      vertex 41.4316 29.0747 1.8
      vertex 40.7818 29.2658 1.8
      vertex 41.3356 29.0031 1.8
    endloop
  endfacet
  facet normal 0 0 1
    outer loop
      vertex 41.5351 29.1367 1.8
      vertex 40.7818 29.2658 1.8
      vertex 41.4316 29.0747 1.8
    endloop
  endfacet
  facet normal 0 0 1
    outer loop
      vertex 41.6459 29.1892 1.8
      vertex 40.7818 29.2658 1.8
      vertex 41.5351 29.1367 1.8
    endloop
  endfacet
  facet normal 0 0 1
    outer loop
      vertex 41.7642 29.2322 1.8
      vertex 40.7818 29.2658 1.8
      vertex 41.6459 29.1892 1.8
    endloop
  endfacet
  facet normal 0 0 1
    outer loop
      vertex 41.8898 29.2656 1.8
      vertex 40.7818 29.2658 1.8
      vertex 41.7642 29.2322 1.8
    endloop
  endfacet
  facet normal 0 0 1
    outer loop
      vertex 42.0227 29.2894 1.8
      vertex 40.7818 29.2658 1.8
      vertex 41.8898 29.2656 1.8
    endloop
  endfacet
  facet normal 0 0 1
    outer loop
      vertex 42.1631 29.3038 1.8
      vertex 40.7818 29.2658 1.8
      vertex 42.0227 29.2894 1.8
    endloop
  endfacet
  facet normal 0 0 1
    outer loop
      vertex 42.3109 29.3085 1.8
      vertex 38.3283 29.2658 1.8
      vertex 42.1631 29.3038 1.8
    endloop
  endfacet
  facet normal 0 0 1
    outer loop
      vertex 42.1631 29.3038 1.8
      vertex 38.3283 29.2658 1.8
      vertex 40.7818 29.2658 1.8
    endloop
  endfacet
  facet normal 0 0 1
    outer loop
      vertex 6.48555 26.7941 1.8
      vertex 38.3283 28.802 1.8
      vertex 38.3283 29.2658 1.8
    endloop
  endfacet
  facet normal 0 0 1
    outer loop
      vertex 38.3283 28.802 1.8
      vertex 6.48555 26.7941 1.8
      vertex 6.5 26.5 1.8
    endloop
  endfacet
  facet normal 0 0 1
    outer loop
      vertex 38.3283 29.2658 1.8
      vertex 6.44236 27.0853 1.8
      vertex 6.48555 26.7941 1.8
    endloop
  endfacet
  facet normal 0 0 1
    outer loop
      vertex 38.3283 29.2658 1.8
      vertex 6.37082 27.3709 1.8
      vertex 6.44236 27.0853 1.8
    endloop
  endfacet
  facet normal 0 0 1
    outer loop
      vertex 38.3283 29.2658 1.8
      vertex 6.27164 27.6481 1.8
      vertex 6.37082 27.3709 1.8
    endloop
  endfacet
  facet normal 0 0 1
    outer loop
      vertex 38.3283 29.2658 1.8
      vertex 6.14576 27.9142 1.8
      vertex 6.27164 27.6481 1.8
    endloop
  endfacet
  facet normal -0 0 1
    outer loop
      vertex 3.5 30.4 1.8
      vertex 38.3283 29.2658 1.8
      vertex 61.5 30.4 1.8
    endloop
  endfacet
  facet normal 0 0 1
    outer loop
      vertex 38.3283 29.2658 1.8
      vertex 5.99441 28.1667 1.8
      vertex 6.14576 27.9142 1.8
    endloop
  endfacet
  facet normal 0 0 1
    outer loop
      vertex 38.3283 29.2658 1.8
      vertex 5.81903 28.4032 1.8
      vertex 5.99441 28.1667 1.8
    endloop
  endfacet
  facet normal 0 0 1
    outer loop
      vertex 38.3283 29.2658 1.8
      vertex 5.62132 28.6213 1.8
      vertex 5.81903 28.4032 1.8
    endloop
  endfacet
  facet normal 0 0 1
    outer loop
      vertex 38.3283 29.2658 1.8
      vertex 5.40318 28.819 1.8
      vertex 5.62132 28.6213 1.8
    endloop
  endfacet
  facet normal 0 0 1
    outer loop
      vertex 38.3283 29.2658 1.8
      vertex 3.5 30.4 1.8
      vertex 5.40318 28.819 1.8
    endloop
  endfacet
  facet normal 0 0 1
    outer loop
      vertex 5.40318 28.819 1.8
      vertex 3.5 30.4 1.8
      vertex 5.16671 28.9944 1.8
    endloop
  endfacet
  facet normal 0 0 1
    outer loop
      vertex 5.16671 28.9944 1.8
      vertex 3.5 30.4 1.8
      vertex 4.91419 29.1458 1.8
    endloop
  endfacet
  facet normal 0 0 1
    outer loop
      vertex 4.91419 29.1458 1.8
      vertex 3.5 30.4 1.8
      vertex 4.64805 29.2716 1.8
    endloop
  endfacet
  facet normal 0 0 1
    outer loop
      vertex 4.64805 29.2716 1.8
      vertex 3.5 30.4 1.8
      vertex 4.37085 29.3708 1.8
    endloop
  endfacet
  facet normal 0 0 1
    outer loop
      vertex 4.37085 29.3708 1.8
      vertex 3.5 30.4 1.8
      vertex 4.08527 29.4424 1.8
    endloop
  endfacet
  facet normal 0 0 1
    outer loop
      vertex 4.08527 29.4424 1.8
      vertex 3.5 30.4 1.8
      vertex 3.79405 29.4856 1.8
    endloop
  endfacet
  facet normal 0 0 1
    outer loop
      vertex 3.79405 29.4856 1.8
      vertex 3.5 30.4 1.8
      vertex 3.5 29.5 1.8
    endloop
  endfacet
  facet normal 0 0 1
    outer loop
      vertex 64.4855 26.2059 1.8
      vertex 65.4 26.5 1.8
      vertex 64.5 26.5 1.8
    endloop
  endfacet
  facet normal 0 0 1
    outer loop
      vertex 64.4424 25.9147 1.8
      vertex 65.4 26.5 1.8
      vertex 64.4855 26.2059 1.8
    endloop
  endfacet
  facet normal 0 0 1
    outer loop
      vertex 64.3708 25.6291 1.8
      vertex 65.4 26.5 1.8
      vertex 64.4424 25.9147 1.8
    endloop
  endfacet
  facet normal 0 0 1
    outer loop
      vertex 65.4 26.5 1.8
      vertex 64.3708 25.6291 1.8
      vertex 65.4 23.41 1.8
    endloop
  endfacet
  facet normal -0 0 1
    outer loop
      vertex 64.2716 25.3519 1.8
      vertex 65.4 23.41 1.8
      vertex 64.3708 25.6291 1.8
    endloop
  endfacet
  facet normal -0 0 1
    outer loop
      vertex 64.1458 25.0858 1.8
      vertex 65.4 23.41 1.8
      vertex 64.2716 25.3519 1.8
    endloop
  endfacet
  facet normal -0 0 1
    outer loop
      vertex 63.9944 24.8333 1.8
      vertex 65.4 23.41 1.8
      vertex 64.1458 25.0858 1.8
    endloop
  endfacet
  facet normal -0 0 1
    outer loop
      vertex 63.819 24.5968 1.8
      vertex 65.4 23.41 1.8
      vertex 63.9944 24.8333 1.8
    endloop
  endfacet
  facet normal -0 0 1
    outer loop
      vertex 63.6213 24.3787 1.8
      vertex 65.4 23.41 1.8
      vertex 63.819 24.5968 1.8
    endloop
  endfacet
  facet normal -0 0 1
    outer loop
      vertex 63.4032 24.181 1.8
      vertex 65.4 23.41 1.8
      vertex 63.6213 24.3787 1.8
    endloop
  endfacet
  facet normal -0 0 1
    outer loop
      vertex 63.1667 24.0056 1.8
      vertex 65.4 23.41 1.8
      vertex 63.4032 24.181 1.8
    endloop
  endfacet
  facet normal -0 0 1
    outer loop
      vertex 62.9142 23.8542 1.8
      vertex 65.4 23.41 1.8
      vertex 63.1667 24.0056 1.8
    endloop
  endfacet
  facet normal -0 0 1
    outer loop
      vertex 62.648 23.7284 1.8
      vertex 65.4 23.41 1.8
      vertex 62.9142 23.8542 1.8
    endloop
  endfacet
  facet normal -0 0 1
    outer loop
      vertex 62.3709 23.6292 1.8
      vertex 65.4 23.41 1.8
      vertex 62.648 23.7284 1.8
    endloop
  endfacet
  facet normal -0 0 1
    outer loop
      vertex 62.0853 23.5576 1.8
      vertex 65.4 23.41 1.8
      vertex 62.3709 23.6292 1.8
    endloop
  endfacet
  facet normal -0 0 1
    outer loop
      vertex 61.7941 23.5144 1.8
      vertex 65.4 23.41 1.8
      vertex 62.0853 23.5576 1.8
    endloop
  endfacet
  facet normal -0 0 1
    outer loop
      vertex 61.5 23.5 1.8
      vertex 65.4 23.41 1.8
      vertex 61.7941 23.5144 1.8
    endloop
  endfacet
  facet normal 0 0 1
    outer loop
      vertex 54.3058 26.3994 1.8
      vertex 58.5 26.5 1.8
      vertex 54.3058 26.8693 1.8
    endloop
  endfacet
  facet normal 0 0 1
    outer loop
      vertex 58.5 26.5 1.8
      vertex 54.3058 26.3994 1.8
      vertex 58.5144 26.2059 1.8
    endloop
  endfacet
  facet normal 0 0 1
    outer loop
      vertex 58.5144 26.2059 1.8
      vertex 54.3058 26.3994 1.8
      vertex 58.5576 25.9147 1.8
    endloop
  endfacet
  facet normal 0 0 1
    outer loop
      vertex 58.5576 25.9147 1.8
      vertex 54.3058 26.3994 1.8
      vertex 58.6292 25.6291 1.8
    endloop
  endfacet
  facet normal 0 0 1
    outer loop
      vertex 58.6292 25.6291 1.8
      vertex 54.3058 26.3994 1.8
      vertex 58.7284 25.3519 1.8
    endloop
  endfacet
  facet normal 0 0 1
    outer loop
      vertex 58.7284 25.3519 1.8
      vertex 54.3058 26.3994 1.8
      vertex 58.8542 25.0858 1.8
    endloop
  endfacet
  facet normal 0 0 1
    outer loop
      vertex 58.8542 25.0858 1.8
      vertex 54.3058 26.3994 1.8
      vertex 59.0056 24.8333 1.8
    endloop
  endfacet
  facet normal 0 0 1
    outer loop
      vertex 59.0056 24.8333 1.8
      vertex 54.3058 26.3994 1.8
      vertex 59.181 24.5968 1.8
    endloop
  endfacet
  facet normal 0 0 1
    outer loop
      vertex 59.181 24.5968 1.8
      vertex 54.3058 26.3994 1.8
      vertex 59.3787 24.3787 1.8
    endloop
  endfacet
  facet normal 0 0 1
    outer loop
      vertex 59.3787 24.3787 1.8
      vertex 54.3058 26.3994 1.8
      vertex 59.5968 24.181 1.8
    endloop
  endfacet
  facet normal -0 0 1
    outer loop
      vertex 52.2999 26.3994 1.8
      vertex 59.5968 24.181 1.8
      vertex 54.3058 26.3994 1.8
    endloop
  endfacet
  facet normal 0 0 1
    outer loop
      vertex 59.5968 24.181 1.8
      vertex 52.2999 26.3994 1.8
      vertex 59.8333 24.0056 1.8
    endloop
  endfacet
  facet normal -0 0 1
    outer loop
      vertex 52.0937 26.3994 1.8
      vertex 59.8333 24.0056 1.8
      vertex 52.2999 26.3994 1.8
    endloop
  endfacet
  facet normal -0 0 1
    outer loop
      vertex 50.1549 26.3994 1.8
      vertex 59.8333 24.0056 1.8
      vertex 52.0937 26.3994 1.8
    endloop
  endfacet
  facet normal 0 0 1
    outer loop
      vertex 59.8333 24.0056 1.8
      vertex 50.1549 26.3994 1.8
      vertex 60.0858 23.8542 1.8
    endloop
  endfacet
  facet normal 0 0 1
    outer loop
      vertex 52.2999 26.7961 1.8
      vertex 52.0937 26.3994 1.8
      vertex 52.2999 26.3994 1.8
    endloop
  endfacet
  facet normal -0 0 1
    outer loop
      vertex 49.1167 26.3994 1.8
      vertex 60.0858 23.8542 1.8
      vertex 50.1549 26.3994 1.8
    endloop
  endfacet
  facet normal 0 0 1
    outer loop
      vertex 60.0858 23.8542 1.8
      vertex 49.1167 26.3994 1.8
      vertex 60.352 23.7284 1.8
    endloop
  endfacet
  facet normal 0 0 1
    outer loop
      vertex 50.1549 26.8246 1.8
      vertex 49.1167 26.3994 1.8
      vertex 50.1549 26.3994 1.8
    endloop
  endfacet
  facet normal -0 0 1
    outer loop
      vertex 48.4331 26.3994 1.8
      vertex 60.352 23.7284 1.8
      vertex 49.1167 26.3994 1.8
    endloop
  endfacet
  facet normal -0 0 1
    outer loop
      vertex 44.7374 26.3994 1.8
      vertex 60.352 23.7284 1.8
      vertex 48.4331 26.3994 1.8
    endloop
  endfacet
  facet normal 0 0 1
    outer loop
      vertex 60.352 23.7284 1.8
      vertex 44.7374 26.3994 1.8
      vertex 60.6291 23.6292 1.8
    endloop
  endfacet
  facet normal 0 0 1
    outer loop
      vertex 46.4935 28.2977 1.8
      vertex 47.6458 28.6006 1.8
      vertex 46.4951 28.3585 1.8
    endloop
  endfacet
  facet normal 0 0 1
    outer loop
      vertex 46.4889 28.2384 1.8
      vertex 47.6458 28.6006 1.8
      vertex 46.4935 28.2977 1.8
    endloop
  endfacet
  facet normal 0 0 1
    outer loop
      vertex 46.4811 28.1806 1.8
      vertex 47.6458 28.6006 1.8
      vertex 46.4889 28.2384 1.8
    endloop
  endfacet
  facet normal 0 0 1
    outer loop
      vertex 46.4702 28.1242 1.8
      vertex 47.6458 28.6006 1.8
      vertex 46.4811 28.1806 1.8
    endloop
  endfacet
  facet normal 0 0 1
    outer loop
      vertex 46.4561 28.0693 1.8
      vertex 47.6458 28.6006 1.8
      vertex 46.4702 28.1242 1.8
    endloop
  endfacet
  facet normal 0 0 1
    outer loop
      vertex 46.439 28.0158 1.8
      vertex 47.6458 28.6006 1.8
      vertex 46.4561 28.0693 1.8
    endloop
  endfacet
  facet normal 0 0 1
    outer loop
      vertex 46.4188 27.9638 1.8
      vertex 47.6458 28.6006 1.8
      vertex 46.439 28.0158 1.8
    endloop
  endfacet
  facet normal 0 0 1
    outer loop
      vertex 46.3954 27.9132 1.8
      vertex 47.6458 28.6006 1.8
      vertex 46.4188 27.9638 1.8
    endloop
  endfacet
  facet normal 0 0 1
    outer loop
      vertex 47.6458 28.6006 1.8
      vertex 46.3954 27.9132 1.8
      vertex 48.4331 26.3994 1.8
    endloop
  endfacet
  facet normal -0 0 1
    outer loop
      vertex 46.3689 27.8641 1.8
      vertex 48.4331 26.3994 1.8
      vertex 46.3954 27.9132 1.8
    endloop
  endfacet
  facet normal -0 0 1
    outer loop
      vertex 46.3396 27.817 1.8
      vertex 48.4331 26.3994 1.8
      vertex 46.3689 27.8641 1.8
    endloop
  endfacet
  facet normal -0 0 1
    outer loop
      vertex 46.3075 27.7723 1.8
      vertex 48.4331 26.3994 1.8
      vertex 46.3396 27.817 1.8
    endloop
  endfacet
  facet normal -0 0 1
    outer loop
      vertex 46.2728 27.73 1.8
      vertex 48.4331 26.3994 1.8
      vertex 46.3075 27.7723 1.8
    endloop
  endfacet
  facet normal -0 0 1
    outer loop
      vertex 46.2353 27.6901 1.8
      vertex 48.4331 26.3994 1.8
      vertex 46.2728 27.73 1.8
    endloop
  endfacet
  facet normal -0 0 1
    outer loop
      vertex 46.1952 27.6527 1.8
      vertex 48.4331 26.3994 1.8
      vertex 46.2353 27.6901 1.8
    endloop
  endfacet
  facet normal -0 0 1
    outer loop
      vertex 46.1524 27.6177 1.8
      vertex 48.4331 26.3994 1.8
      vertex 46.1952 27.6527 1.8
    endloop
  endfacet
  facet normal -0 0 1
    outer loop
      vertex 46.1069 27.5852 1.8
      vertex 48.4331 26.3994 1.8
      vertex 46.1524 27.6177 1.8
    endloop
  endfacet
  facet normal -0 0 1
    outer loop
      vertex 46.0587 27.5551 1.8
      vertex 48.4331 26.3994 1.8
      vertex 46.1069 27.5852 1.8
    endloop
  endfacet
  facet normal -0 0 1
    outer loop
      vertex 46.0079 27.5274 1.8
      vertex 48.4331 26.3994 1.8
      vertex 46.0587 27.5551 1.8
    endloop
  endfacet
  facet normal -0 0 1
    outer loop
      vertex 45.9546 27.5025 1.8
      vertex 48.4331 26.3994 1.8
      vertex 46.0079 27.5274 1.8
    endloop
  endfacet
  facet normal -0 0 1
    outer loop
      vertex 45.8991 27.4804 1.8
      vertex 48.4331 26.3994 1.8
      vertex 45.9546 27.5025 1.8
    endloop
  endfacet
  facet normal 0 0 1
    outer loop
      vertex 44.7374 26.3994 1.8
      vertex 45.8991 27.4804 1.8
      vertex 45.8414 27.4613 1.8
    endloop
  endfacet
  facet normal 0 0 1
    outer loop
      vertex 44.7374 26.3994 1.8
      vertex 45.8414 27.4613 1.8
      vertex 45.7815 27.4452 1.8
    endloop
  endfacet
  facet normal 0 0 1
    outer loop
      vertex 44.7374 26.3994 1.8
      vertex 45.7815 27.4452 1.8
      vertex 45.7195 27.4319 1.8
    endloop
  endfacet
  facet normal 0 0 1
    outer loop
      vertex 44.7374 26.3994 1.8
      vertex 45.7195 27.4319 1.8
      vertex 45.6552 27.4217 1.8
    endloop
  endfacet
  facet normal 0 0 1
    outer loop
      vertex 44.7374 26.3994 1.8
      vertex 45.6552 27.4217 1.8
      vertex 45.5888 27.4143 1.8
    endloop
  endfacet
  facet normal 0 0 1
    outer loop
      vertex 44.7374 26.3994 1.8
      vertex 45.5888 27.4143 1.8
      vertex 45.5202 27.4099 1.8
    endloop
  endfacet
  facet normal 0 0 1
    outer loop
      vertex 44.7374 26.3994 1.8
      vertex 45.5202 27.4099 1.8
      vertex 45.4494 27.4084 1.8
    endloop
  endfacet
  facet normal 0 0 1
    outer loop
      vertex 44.7374 26.3994 1.8
      vertex 45.4494 27.4084 1.8
      vertex 44.7374 27.4084 1.8
    endloop
  endfacet
  facet normal 0 0 1
    outer loop
      vertex 45.8991 27.4804 1.8
      vertex 44.7374 26.3994 1.8
      vertex 48.4331 26.3994 1.8
    endloop
  endfacet
  facet normal -0 0 1
    outer loop
      vertex 44.1372 26.3994 1.8
      vertex 60.6291 23.6292 1.8
      vertex 44.7374 26.3994 1.8
    endloop
  endfacet
  facet normal -0 0 1
    outer loop
      vertex 42.4031 26.3609 1.8
      vertex 60.6291 23.6292 1.8
      vertex 44.1372 26.3994 1.8
    endloop
  endfacet
  facet normal -0 0 1
    outer loop
      vertex 43.7571 27.7477 1.8
      vertex 44.1372 26.3994 1.8
      vertex 43.7593 27.8458 1.8
    endloop
  endfacet
  facet normal -0 0 1
    outer loop
      vertex 43.7506 27.6522 1.8
      vertex 44.1372 26.3994 1.8
      vertex 43.7571 27.7477 1.8
    endloop
  endfacet
  facet normal -0 0 1
    outer loop
      vertex 43.7397 27.5594 1.8
      vertex 44.1372 26.3994 1.8
      vertex 43.7506 27.6522 1.8
    endloop
  endfacet
  facet normal -0 0 1
    outer loop
      vertex 43.7244 27.4693 1.8
      vertex 44.1372 26.3994 1.8
      vertex 43.7397 27.5594 1.8
    endloop
  endfacet
  facet normal -0 0 1
    outer loop
      vertex 43.7047 27.3818 1.8
      vertex 44.1372 26.3994 1.8
      vertex 43.7244 27.4693 1.8
    endloop
  endfacet
  facet normal -0 0 1
    outer loop
      vertex 43.6807 27.297 1.8
      vertex 44.1372 26.3994 1.8
      vertex 43.7047 27.3818 1.8
    endloop
  endfacet
  facet normal -0 0 1
    outer loop
      vertex 43.6523 27.2148 1.8
      vertex 44.1372 26.3994 1.8
      vertex 43.6807 27.297 1.8
    endloop
  endfacet
  facet normal -0 0 1
    outer loop
      vertex 43.6195 27.1353 1.8
      vertex 44.1372 26.3994 1.8
      vertex 43.6523 27.2148 1.8
    endloop
  endfacet
  facet normal -0 0 1
    outer loop
      vertex 43.5823 27.0585 1.8
      vertex 44.1372 26.3994 1.8
      vertex 43.6195 27.1353 1.8
    endloop
  endfacet
  facet normal -0 0 1
    outer loop
      vertex 43.5411 26.985 1.8
      vertex 44.1372 26.3994 1.8
      vertex 43.5823 27.0585 1.8
    endloop
  endfacet
  facet normal -0 0 1
    outer loop
      vertex 43.4961 26.9154 1.8
      vertex 44.1372 26.3994 1.8
      vertex 43.5411 26.985 1.8
    endloop
  endfacet
  facet normal -0 0 1
    outer loop
      vertex 43.4474 26.8498 1.8
      vertex 44.1372 26.3994 1.8
      vertex 43.4961 26.9154 1.8
    endloop
  endfacet
  facet normal -0 0 1
    outer loop
      vertex 43.3949 26.7881 1.8
      vertex 44.1372 26.3994 1.8
      vertex 43.4474 26.8498 1.8
    endloop
  endfacet
  facet normal -0 0 1
    outer loop
      vertex 43.3386 26.7303 1.8
      vertex 44.1372 26.3994 1.8
      vertex 43.3949 26.7881 1.8
    endloop
  endfacet
  facet normal -0 0 1
    outer loop
      vertex 43.2785 26.6765 1.8
      vertex 44.1372 26.3994 1.8
      vertex 43.3386 26.7303 1.8
    endloop
  endfacet
  facet normal -0 0 1
    outer loop
      vertex 43.2147 26.6266 1.8
      vertex 44.1372 26.3994 1.8
      vertex 43.2785 26.6765 1.8
    endloop
  endfacet
  facet normal -0 0 1
    outer loop
      vertex 43.1471 26.5807 1.8
      vertex 44.1372 26.3994 1.8
      vertex 43.2147 26.6266 1.8
    endloop
  endfacet
  facet normal -0 0 1
    outer loop
      vertex 43.0758 26.5387 1.8
      vertex 44.1372 26.3994 1.8
      vertex 43.1471 26.5807 1.8
    endloop
  endfacet
  facet normal -0 0 1
    outer loop
      vertex 43.0012 26.5009 1.8
      vertex 44.1372 26.3994 1.8
      vertex 43.0758 26.5387 1.8
    endloop
  endfacet
  facet normal -0 0 1
    outer loop
      vertex 42.9239 26.4676 1.8
      vertex 44.1372 26.3994 1.8
      vertex 43.0012 26.5009 1.8
    endloop
  endfacet
  facet normal -0 0 1
    outer loop
      vertex 42.8439 26.4387 1.8
      vertex 44.1372 26.3994 1.8
      vertex 42.9239 26.4676 1.8
    endloop
  endfacet
  facet normal -0 0 1
    outer loop
      vertex 42.7611 26.4143 1.8
      vertex 44.1372 26.3994 1.8
      vertex 42.8439 26.4387 1.8
    endloop
  endfacet
  facet normal 0 0 1
    outer loop
      vertex 42.6757 26.3943 1.8
      vertex 44.1372 26.3994 1.8
      vertex 42.7611 26.4143 1.8
    endloop
  endfacet
  facet normal 0 0 1
    outer loop
      vertex 42.5875 26.3787 1.8
      vertex 44.1372 26.3994 1.8
      vertex 42.6757 26.3943 1.8
    endloop
  endfacet
  facet normal 0 0 1
    outer loop
      vertex 42.4967 26.3676 1.8
      vertex 44.1372 26.3994 1.8
      vertex 42.5875 26.3787 1.8
    endloop
  endfacet
  facet normal 0 0 1
    outer loop
      vertex 42.4031 26.3609 1.8
      vertex 44.1372 26.3994 1.8
      vertex 42.4967 26.3676 1.8
    endloop
  endfacet
  facet normal -0 0 1
    outer loop
      vertex 42.3068 26.3587 1.8
      vertex 60.6291 23.6292 1.8
      vertex 42.4031 26.3609 1.8
    endloop
  endfacet
  facet normal 0 0 1
    outer loop
      vertex 42.1603 26.3636 1.8
      vertex 60.6291 23.6292 1.8
      vertex 42.3068 26.3587 1.8
    endloop
  endfacet
  facet normal 0 0 1
    outer loop
      vertex 39.8541 26.3994 1.8
      vertex 60.6291 23.6292 1.8
      vertex 42.1603 26.3636 1.8
    endloop
  endfacet
  facet normal 0 0 1
    outer loop
      vertex 39.8541 26.3994 1.8
      vertex 42.1603 26.3636 1.8
      vertex 42.021 26.3783 1.8
    endloop
  endfacet
  facet normal 0 0 1
    outer loop
      vertex 40.8833 28.1374 1.8
      vertex 39.8541 28.802 1.8
      vertex 40.8691 27.9953 1.8
    endloop
  endfacet
  facet normal 0 0 1
    outer loop
      vertex 40.8691 27.9953 1.8
      vertex 39.8541 28.802 1.8
      vertex 40.8644 27.8458 1.8
    endloop
  endfacet
  facet normal 0 0 1
    outer loop
      vertex 40.8644 27.8458 1.8
      vertex 39.8541 28.802 1.8
      vertex 40.8691 27.6958 1.8
    endloop
  endfacet
  facet normal 0 0 1
    outer loop
      vertex 39.8541 26.3994 1.8
      vertex 40.8691 27.6958 1.8
      vertex 39.8541 28.802 1.8
    endloop
  endfacet
  facet normal 0 0 1
    outer loop
      vertex 40.8691 27.6958 1.8
      vertex 39.8541 26.3994 1.8
      vertex 40.8834 27.5529 1.8
    endloop
  endfacet
  facet normal 0 0 1
    outer loop
      vertex 40.8834 27.5529 1.8
      vertex 39.8541 26.3994 1.8
      vertex 40.907 27.4174 1.8
    endloop
  endfacet
  facet normal 0 0 1
    outer loop
      vertex 40.907 27.4174 1.8
      vertex 39.8541 26.3994 1.8
      vertex 40.9402 27.2891 1.8
    endloop
  endfacet
  facet normal 0 0 1
    outer loop
      vertex 40.9402 27.2891 1.8
      vertex 39.8541 26.3994 1.8
      vertex 40.9828 27.168 1.8
    endloop
  endfacet
  facet normal 0 0 1
    outer loop
      vertex 40.9828 27.168 1.8
      vertex 39.8541 26.3994 1.8
      vertex 41.0349 27.0542 1.8
    endloop
  endfacet
  facet normal 0 0 1
    outer loop
      vertex 41.0349 27.0542 1.8
      vertex 39.8541 26.3994 1.8
      vertex 41.0964 26.9477 1.8
    endloop
  endfacet
  facet normal 0 0 1
    outer loop
      vertex 39.8541 26.3994 1.8
      vertex 41.1674 26.8484 1.8
      vertex 41.0964 26.9477 1.8
    endloop
  endfacet
  facet normal 0 0 1
    outer loop
      vertex 39.8541 26.3994 1.8
      vertex 41.2479 26.7564 1.8
      vertex 41.1674 26.8484 1.8
    endloop
  endfacet
  facet normal 0 0 1
    outer loop
      vertex 39.8541 26.3994 1.8
      vertex 41.3367 26.6729 1.8
      vertex 41.2479 26.7564 1.8
    endloop
  endfacet
  facet normal 0 0 1
    outer loop
      vertex 39.8541 26.3994 1.8
      vertex 41.4328 26.5993 1.8
      vertex 41.3367 26.6729 1.8
    endloop
  endfacet
  facet normal 0 0 1
    outer loop
      vertex 39.8541 26.3994 1.8
      vertex 41.536 26.5355 1.8
      vertex 41.4328 26.5993 1.8
    endloop
  endfacet
  facet normal 0 0 1
    outer loop
      vertex 39.8541 26.3994 1.8
      vertex 41.6464 26.4815 1.8
      vertex 41.536 26.5355 1.8
    endloop
  endfacet
  facet normal 0 0 1
    outer loop
      vertex 39.8541 26.3994 1.8
      vertex 41.7641 26.4373 1.8
      vertex 41.6464 26.4815 1.8
    endloop
  endfacet
  facet normal 0 0 1
    outer loop
      vertex 39.8541 26.3994 1.8
      vertex 41.889 26.4029 1.8
      vertex 41.7641 26.4373 1.8
    endloop
  endfacet
  facet normal -0 0 1
    outer loop
      vertex 39.8541 26.3994 1.8
      vertex 42.021 26.3783 1.8
      vertex 41.889 26.4029 1.8
    endloop
  endfacet
  facet normal -0 0 1
    outer loop
      vertex 39.2539 26.3994 1.8
      vertex 60.6291 23.6292 1.8
      vertex 39.8541 26.3994 1.8
    endloop
  endfacet
  facet normal 0 0 1
    outer loop
      vertex 60.6291 23.6292 1.8
      vertex 39.2539 26.3994 1.8
      vertex 60.9147 23.5576 1.8
    endloop
  endfacet
  facet normal 0 0 1
    outer loop
      vertex 4.08527 23.5576 1.8
      vertex 60.9147 23.5576 1.8
      vertex 39.2539 26.3994 1.8
    endloop
  endfacet
  facet normal 0 0 1
    outer loop
      vertex 6.48555 26.2059 1.8
      vertex 38.3283 28.802 1.8
      vertex 6.5 26.5 1.8
    endloop
  endfacet
  facet normal 0 0 1
    outer loop
      vertex 6.44236 25.9147 1.8
      vertex 38.3283 28.802 1.8
      vertex 6.48555 26.2059 1.8
    endloop
  endfacet
  facet normal 0 0 1
    outer loop
      vertex 38.3283 28.802 1.8
      vertex 6.44236 25.9147 1.8
      vertex 39.2539 26.3994 1.8
    endloop
  endfacet
  facet normal 0 0 1
    outer loop
      vertex 6.37082 25.6291 1.8
      vertex 39.2539 26.3994 1.8
      vertex 6.44236 25.9147 1.8
    endloop
  endfacet
  facet normal 0 0 1
    outer loop
      vertex 6.27164 25.3519 1.8
      vertex 39.2539 26.3994 1.8
      vertex 6.37082 25.6291 1.8
    endloop
  endfacet
  facet normal 0 0 1
    outer loop
      vertex 6.14576 25.0858 1.8
      vertex 39.2539 26.3994 1.8
      vertex 6.27164 25.3519 1.8
    endloop
  endfacet
  facet normal 0 0 1
    outer loop
      vertex 5.99441 24.8333 1.8
      vertex 39.2539 26.3994 1.8
      vertex 6.14576 25.0858 1.8
    endloop
  endfacet
  facet normal 0 0 1
    outer loop
      vertex 5.81903 24.5968 1.8
      vertex 39.2539 26.3994 1.8
      vertex 5.99441 24.8333 1.8
    endloop
  endfacet
  facet normal 0 0 1
    outer loop
      vertex 5.62132 24.3787 1.8
      vertex 39.2539 26.3994 1.8
      vertex 5.81903 24.5968 1.8
    endloop
  endfacet
  facet normal 0 0 1
    outer loop
      vertex 5.40318 24.181 1.8
      vertex 39.2539 26.3994 1.8
      vertex 5.62132 24.3787 1.8
    endloop
  endfacet
  facet normal 0 0 1
    outer loop
      vertex 5.16671 24.0056 1.8
      vertex 39.2539 26.3994 1.8
      vertex 5.40318 24.181 1.8
    endloop
  endfacet
  facet normal 0 0 1
    outer loop
      vertex 4.91419 23.8542 1.8
      vertex 39.2539 26.3994 1.8
      vertex 5.16671 24.0056 1.8
    endloop
  endfacet
  facet normal 0 0 1
    outer loop
      vertex 4.64805 23.7284 1.8
      vertex 39.2539 26.3994 1.8
      vertex 4.91419 23.8542 1.8
    endloop
  endfacet
  facet normal 0 0 1
    outer loop
      vertex 4.37085 23.6292 1.8
      vertex 39.2539 26.3994 1.8
      vertex 4.64805 23.7284 1.8
    endloop
  endfacet
  facet normal 0 0 1
    outer loop
      vertex 4.08527 23.5576 1.8
      vertex 39.2539 26.3994 1.8
      vertex 4.37085 23.6292 1.8
    endloop
  endfacet
  facet normal 0 0 1
    outer loop
      vertex 60.9147 23.5576 1.8
      vertex 4.08527 23.5576 1.8
      vertex 61.2059 23.5144 1.8
    endloop
  endfacet
  facet normal 0 0 1
    outer loop
      vertex 3.79405 23.5144 1.8
      vertex 61.2059 23.5144 1.8
      vertex 4.08527 23.5576 1.8
    endloop
  endfacet
  facet normal 0 0 1
    outer loop
      vertex 61.2059 23.5144 1.8
      vertex 3.79405 23.5144 1.8
      vertex 61.5 23.5 1.8
    endloop
  endfacet
  facet normal 0 0 1
    outer loop
      vertex 3.5 23.5 1.8
      vertex 61.5 23.5 1.8
      vertex 3.79405 23.5144 1.8
    endloop
  endfacet
  facet normal 0 0 1
    outer loop
      vertex 61.5 23.5 1.8
      vertex 3.5 23.5 1.8
      vertex 65.4 23.41 1.8
    endloop
  endfacet
  facet normal -0 0 1
    outer loop
      vertex -0.4 26.5 1.8
      vertex 0.514445 26.2059 1.8
      vertex 0.5 26.5 1.8
    endloop
  endfacet
  facet normal 0 0 1
    outer loop
      vertex -0.4 26.5 1.8
      vertex 0.557644 25.9147 1.8
      vertex 0.514445 26.2059 1.8
    endloop
  endfacet
  facet normal 0 0 1
    outer loop
      vertex -0.4 26.5 1.8
      vertex 0.629178 25.6291 1.8
      vertex 0.557644 25.9147 1.8
    endloop
  endfacet
  facet normal 0 0 1
    outer loop
      vertex -0.4 26.5 1.8
      vertex 0.728361 25.3519 1.8
      vertex 0.629178 25.6291 1.8
    endloop
  endfacet
  facet normal 0 0 1
    outer loop
      vertex -0.4 23.41 1.8
      vertex 0.728361 25.3519 1.8
      vertex -0.4 26.5 1.8
    endloop
  endfacet
  facet normal 0 0 1
    outer loop
      vertex 0.728361 25.3519 1.8
      vertex -0.4 23.41 1.8
      vertex 0.854236 25.0858 1.8
    endloop
  endfacet
  facet normal 0 0 1
    outer loop
      vertex 0.854236 25.0858 1.8
      vertex -0.4 23.41 1.8
      vertex 1.00559 24.8333 1.8
    endloop
  endfacet
  facet normal 0 0 1
    outer loop
      vertex 3.5 23.5 1.8
      vertex -0.4 23.41 1.8
      vertex 65.4 23.41 1.8
    endloop
  endfacet
  facet normal 0 0 1
    outer loop
      vertex 3.20595 23.5144 1.8
      vertex -0.4 23.41 1.8
      vertex 3.5 23.5 1.8
    endloop
  endfacet
  facet normal 0 0 1
    outer loop
      vertex 2.91473 23.5576 1.8
      vertex -0.4 23.41 1.8
      vertex 3.20595 23.5144 1.8
    endloop
  endfacet
  facet normal 0 0 1
    outer loop
      vertex 2.62915 23.6292 1.8
      vertex -0.4 23.41 1.8
      vertex 2.91473 23.5576 1.8
    endloop
  endfacet
  facet normal 0 0 1
    outer loop
      vertex 2.35195 23.7284 1.8
      vertex -0.4 23.41 1.8
      vertex 2.62915 23.6292 1.8
    endloop
  endfacet
  facet normal 0 0 1
    outer loop
      vertex 2.08581 23.8542 1.8
      vertex -0.4 23.41 1.8
      vertex 2.35195 23.7284 1.8
    endloop
  endfacet
  facet normal 0 0 1
    outer loop
      vertex 1.83329 24.0056 1.8
      vertex -0.4 23.41 1.8
      vertex 2.08581 23.8542 1.8
    endloop
  endfacet
  facet normal 0 0 1
    outer loop
      vertex 1.59682 24.181 1.8
      vertex -0.4 23.41 1.8
      vertex 1.83329 24.0056 1.8
    endloop
  endfacet
  facet normal 0 0 1
    outer loop
      vertex 1.37868 24.3787 1.8
      vertex -0.4 23.41 1.8
      vertex 1.59682 24.181 1.8
    endloop
  endfacet
  facet normal 0 0 1
    outer loop
      vertex 1.18097 24.5968 1.8
      vertex -0.4 23.41 1.8
      vertex 1.37868 24.3787 1.8
    endloop
  endfacet
  facet normal 0 0 1
    outer loop
      vertex 1.00559 24.8333 1.8
      vertex -0.4 23.41 1.8
      vertex 1.18097 24.5968 1.8
    endloop
  endfacet
  facet normal 0 0 1
    outer loop
      vertex 58.7284 27.6481 1.8
      vertex 54.2601 28.4586 1.8
      vertex 54.2571 28.4153 1.8
    endloop
  endfacet
  facet normal 0 0 1
    outer loop
      vertex 58.6292 27.3709 1.8
      vertex 54.2571 28.4153 1.8
      vertex 54.2523 28.3729 1.8
    endloop
  endfacet
  facet normal 0 0 1
    outer loop
      vertex 58.6292 27.3709 1.8
      vertex 54.2523 28.3729 1.8
      vertex 54.2454 28.3315 1.8
    endloop
  endfacet
  facet normal 0 0 1
    outer loop
      vertex 58.6292 27.3709 1.8
      vertex 54.2454 28.3315 1.8
      vertex 54.2366 28.2911 1.8
    endloop
  endfacet
  facet normal 0 0 1
    outer loop
      vertex 58.5576 27.0853 1.8
      vertex 54.2366 28.2911 1.8
      vertex 54.3058 26.8693 1.8
    endloop
  endfacet
  facet normal -0 0 1
    outer loop
      vertex 54.2258 28.2516 1.8
      vertex 54.3058 26.8693 1.8
      vertex 54.2366 28.2911 1.8
    endloop
  endfacet
  facet normal -0 0 1
    outer loop
      vertex 54.2131 28.213 1.8
      vertex 54.3058 26.8693 1.8
      vertex 54.2258 28.2516 1.8
    endloop
  endfacet
  facet normal -0 0 1
    outer loop
      vertex 54.1984 28.1754 1.8
      vertex 54.3058 26.8693 1.8
      vertex 54.2131 28.213 1.8
    endloop
  endfacet
  facet normal -0 0 1
    outer loop
      vertex 54.1817 28.1388 1.8
      vertex 54.3058 26.8693 1.8
      vertex 54.1984 28.1754 1.8
    endloop
  endfacet
  facet normal -0 0 1
    outer loop
      vertex 54.1635 28.1029 1.8
      vertex 54.3058 26.8693 1.8
      vertex 54.1817 28.1388 1.8
    endloop
  endfacet
  facet normal -0 0 1
    outer loop
      vertex 54.1442 28.0677 1.8
      vertex 54.3058 26.8693 1.8
      vertex 54.1635 28.1029 1.8
    endloop
  endfacet
  facet normal -0 0 1
    outer loop
      vertex 54.1239 28.0331 1.8
      vertex 54.3058 26.8693 1.8
      vertex 54.1442 28.0677 1.8
    endloop
  endfacet
  facet normal -0 0 1
    outer loop
      vertex 54.1024 27.9991 1.8
      vertex 54.3058 26.8693 1.8
      vertex 54.1239 28.0331 1.8
    endloop
  endfacet
  facet normal -0 0 1
    outer loop
      vertex 54.0798 27.9658 1.8
      vertex 54.3058 26.8693 1.8
      vertex 54.1024 27.9991 1.8
    endloop
  endfacet
  facet normal -0 0 1
    outer loop
      vertex 54.0561 27.9331 1.8
      vertex 54.3058 26.8693 1.8
      vertex 54.0798 27.9658 1.8
    endloop
  endfacet
  facet normal -0 0 1
    outer loop
      vertex 54.0312 27.901 1.8
      vertex 54.3058 26.8693 1.8
      vertex 54.0561 27.9331 1.8
    endloop
  endfacet
  facet normal -0 0 1
    outer loop
      vertex 54.0053 27.8695 1.8
      vertex 54.3058 26.8693 1.8
      vertex 54.0312 27.901 1.8
    endloop
  endfacet
  facet normal -0 0 1
    outer loop
      vertex 53.9783 27.8387 1.8
      vertex 54.3058 26.8693 1.8
      vertex 54.0053 27.8695 1.8
    endloop
  endfacet
  facet normal -0 0 1
    outer loop
      vertex 53.9504 27.8084 1.8
      vertex 54.3058 26.8693 1.8
      vertex 53.9783 27.8387 1.8
    endloop
  endfacet
  facet normal -0 0 1
    outer loop
      vertex 53.9218 27.7785 1.8
      vertex 54.3058 26.8693 1.8
      vertex 53.9504 27.8084 1.8
    endloop
  endfacet
  facet normal -0 0 1
    outer loop
      vertex 53.8925 27.7491 1.8
      vertex 54.3058 26.8693 1.8
      vertex 53.9218 27.7785 1.8
    endloop
  endfacet
  facet normal -0 0 1
    outer loop
      vertex 53.8625 27.7201 1.8
      vertex 54.3058 26.8693 1.8
      vertex 53.8925 27.7491 1.8
    endloop
  endfacet
  facet normal -0 0 1
    outer loop
      vertex 53.8319 27.6915 1.8
      vertex 54.3058 26.8693 1.8
      vertex 53.8625 27.7201 1.8
    endloop
  endfacet
  facet normal -0 0 1
    outer loop
      vertex 53.8006 27.6633 1.8
      vertex 54.3058 26.8693 1.8
      vertex 53.8319 27.6915 1.8
    endloop
  endfacet
  facet normal -0 0 1
    outer loop
      vertex 53.7686 27.6356 1.8
      vertex 54.3058 26.8693 1.8
      vertex 53.8006 27.6633 1.8
    endloop
  endfacet
  facet normal -0 0 1
    outer loop
      vertex 53.736 27.6082 1.8
      vertex 54.3058 26.8693 1.8
      vertex 53.7686 27.6356 1.8
    endloop
  endfacet
  facet normal -0 0 1
    outer loop
      vertex 53.7026 27.5814 1.8
      vertex 54.3058 26.8693 1.8
      vertex 53.736 27.6082 1.8
    endloop
  endfacet
  facet normal -0 0 1
    outer loop
      vertex 53.669 27.5548 1.8
      vertex 54.3058 26.8693 1.8
      vertex 53.7026 27.5814 1.8
    endloop
  endfacet
  facet normal -0 0 1
    outer loop
      vertex 53.6026 27.502 1.8
      vertex 54.3058 26.8693 1.8
      vertex 53.669 27.5548 1.8
    endloop
  endfacet
  facet normal -0 0 1
    outer loop
      vertex 53.537 27.4499 1.8
      vertex 54.3058 26.8693 1.8
      vertex 53.6026 27.502 1.8
    endloop
  endfacet
  facet normal -0 0 1
    outer loop
      vertex 53.4724 27.3983 1.8
      vertex 54.3058 26.8693 1.8
      vertex 53.537 27.4499 1.8
    endloop
  endfacet
  facet normal -0 0 1
    outer loop
      vertex 53.4087 27.3474 1.8
      vertex 54.3058 26.8693 1.8
      vertex 53.4724 27.3983 1.8
    endloop
  endfacet
  facet normal -0 0 1
    outer loop
      vertex 53.3773 27.322 1.8
      vertex 54.3058 26.8693 1.8
      vertex 53.4087 27.3474 1.8
    endloop
  endfacet
  facet normal -0 0 1
    outer loop
      vertex 53.3466 27.2967 1.8
      vertex 54.3058 26.8693 1.8
      vertex 53.3773 27.322 1.8
    endloop
  endfacet
  facet normal -0 0 1
    outer loop
      vertex 53.3166 27.2712 1.8
      vertex 54.3058 26.8693 1.8
      vertex 53.3466 27.2967 1.8
    endloop
  endfacet
  facet normal -0 0 1
    outer loop
      vertex 53.2871 27.2457 1.8
      vertex 54.3058 26.8693 1.8
      vertex 53.3166 27.2712 1.8
    endloop
  endfacet
  facet normal -0 0 1
    outer loop
      vertex 53.2583 27.2202 1.8
      vertex 54.3058 26.8693 1.8
      vertex 53.2871 27.2457 1.8
    endloop
  endfacet
  facet normal -0 0 1
    outer loop
      vertex 53.2301 27.1946 1.8
      vertex 54.3058 26.8693 1.8
      vertex 53.2583 27.2202 1.8
    endloop
  endfacet
  facet normal -0 0 1
    outer loop
      vertex 53.2025 27.169 1.8
      vertex 54.3058 26.8693 1.8
      vertex 53.2301 27.1946 1.8
    endloop
  endfacet
  facet normal -0 0 1
    outer loop
      vertex 53.1756 27.1433 1.8
      vertex 54.3058 26.8693 1.8
      vertex 53.2025 27.169 1.8
    endloop
  endfacet
  facet normal -0 0 1
    outer loop
      vertex 53.1493 27.1175 1.8
      vertex 54.3058 26.8693 1.8
      vertex 53.1756 27.1433 1.8
    endloop
  endfacet
  facet normal -0 0 1
    outer loop
      vertex 53.124 27.0915 1.8
      vertex 54.3058 26.8693 1.8
      vertex 53.1493 27.1175 1.8
    endloop
  endfacet
  facet normal -0 0 1
    outer loop
      vertex 53.1002 27.0652 1.8
      vertex 54.3058 26.8693 1.8
      vertex 53.124 27.0915 1.8
    endloop
  endfacet
  facet normal -0 0 1
    outer loop
      vertex 53.0779 27.0384 1.8
      vertex 54.3058 26.8693 1.8
      vertex 53.1002 27.0652 1.8
    endloop
  endfacet
  facet normal -0 0 1
    outer loop
      vertex 53.0572 27.0112 1.8
      vertex 54.3058 26.8693 1.8
      vertex 53.0779 27.0384 1.8
    endloop
  endfacet
  facet normal -0 0 1
    outer loop
      vertex 53.0378 26.9837 1.8
      vertex 54.3058 26.8693 1.8
      vertex 53.0572 27.0112 1.8
    endloop
  endfacet
  facet normal -0 0 1
    outer loop
      vertex 53.02 26.9557 1.8
      vertex 54.3058 26.8693 1.8
      vertex 53.0378 26.9837 1.8
    endloop
  endfacet
  facet normal -0 0 1
    outer loop
      vertex 53.0036 26.9273 1.8
      vertex 54.3058 26.8693 1.8
      vertex 53.02 26.9557 1.8
    endloop
  endfacet
  facet normal -0 0 1
    outer loop
      vertex 52.9887 26.8985 1.8
      vertex 54.3058 26.8693 1.8
      vertex 53.0036 26.9273 1.8
    endloop
  endfacet
  facet normal 0 0 1
    outer loop
      vertex 54.3058 26.8693 1.8
      vertex 52.9887 26.8985 1.8
      vertex 52.9753 26.8693 1.8
    endloop
  endfacet
  facet normal 0 0 1
    outer loop
      vertex 53.3049 28.8528 1.8
      vertex 53.6813 28.4785 1.8
      vertex 53.6766 28.557 1.8
    endloop
  endfacet
  facet normal 0 0 1
    outer loop
      vertex 53.6813 28.4785 1.8
      vertex 53.3049 28.8528 1.8
      vertex 53.6798 28.4445 1.8
    endloop
  endfacet
  facet normal 0 0 1
    outer loop
      vertex 53.6798 28.4445 1.8
      vertex 53.3049 28.8528 1.8
      vertex 53.6753 28.4104 1.8
    endloop
  endfacet
  facet normal 0 0 1
    outer loop
      vertex 53.3839 28.8482 1.8
      vertex 53.6766 28.557 1.8
      vertex 53.6627 28.6264 1.8
    endloop
  endfacet
  facet normal 0 0 1
    outer loop
      vertex 53.3049 28.8528 1.8
      vertex 53.6766 28.557 1.8
      vertex 53.3839 28.8482 1.8
    endloop
  endfacet
  facet normal 0 0 1
    outer loop
      vertex 53.6753 28.4104 1.8
      vertex 53.3049 28.8528 1.8
      vertex 53.6678 28.3761 1.8
    endloop
  endfacet
  facet normal 0 0 1
    outer loop
      vertex 53.4536 28.8343 1.8
      vertex 53.6627 28.6264 1.8
      vertex 53.6394 28.6865 1.8
    endloop
  endfacet
  facet normal 0 0 1
    outer loop
      vertex 53.6678 28.3761 1.8
      vertex 53.3049 28.8528 1.8
      vertex 53.6573 28.3417 1.8
    endloop
  endfacet
  facet normal -0 0 1
    outer loop
      vertex 52.9266 28.5787 1.8
      vertex 53.6573 28.3417 1.8
      vertex 53.3049 28.8528 1.8
    endloop
  endfacet
  facet normal 0 0 1
    outer loop
      vertex 53.514 28.8112 1.8
      vertex 53.6394 28.6865 1.8
      vertex 53.6069 28.7373 1.8
    endloop
  endfacet
  facet normal 0 0 1
    outer loop
      vertex 53.6573 28.3417 1.8
      vertex 52.9266 28.5787 1.8
      vertex 53.6439 28.3071 1.8
    endloop
  endfacet
  facet normal 0 0 1
    outer loop
      vertex 53.514 28.8112 1.8
      vertex 53.6069 28.7373 1.8
      vertex 53.5651 28.7789 1.8
    endloop
  endfacet
  facet normal 0 0 1
    outer loop
      vertex 53.6439 28.3071 1.8
      vertex 52.9266 28.5787 1.8
      vertex 53.6275 28.2723 1.8
    endloop
  endfacet
  facet normal -0 0 1
    outer loop
      vertex 52.9161 28.541 1.8
      vertex 53.6275 28.2723 1.8
      vertex 52.9266 28.5787 1.8
    endloop
  endfacet
  facet normal 0 0 1
    outer loop
      vertex 53.6394 28.6865 1.8
      vertex 53.514 28.8112 1.8
      vertex 53.4536 28.8343 1.8
    endloop
  endfacet
  facet normal 0 0 1
    outer loop
      vertex 53.6627 28.6264 1.8
      vertex 53.4536 28.8343 1.8
      vertex 53.3839 28.8482 1.8
    endloop
  endfacet
  facet normal 0 0 1
    outer loop
      vertex 53.6275 28.2723 1.8
      vertex 52.9161 28.541 1.8
      vertex 53.608 28.2375 1.8
    endloop
  endfacet
  facet normal -0 0 1
    outer loop
      vertex 52.9072 28.5008 1.8
      vertex 53.608 28.2375 1.8
      vertex 52.9161 28.541 1.8
    endloop
  endfacet
  facet normal -0 0 1
    outer loop
      vertex 52.9001 28.4581 1.8
      vertex 53.5856 28.2024 1.8
      vertex 52.9072 28.5008 1.8
    endloop
  endfacet
  facet normal 0 0 1
    outer loop
      vertex 53.5602 28.1672 1.8
      vertex 52.9001 28.4581 1.8
      vertex 53.5311 28.1309 1.8
    endloop
  endfacet
  facet normal 0 0 1
    outer loop
      vertex 53.4975 28.0925 1.8
      vertex 52.9001 28.4581 1.8
      vertex 53.4595 28.052 1.8
    endloop
  endfacet
  facet normal 0 0 1
    outer loop
      vertex 53.4171 28.0093 1.8
      vertex 52.9001 28.4581 1.8
      vertex 53.3702 27.9646 1.8
    endloop
  endfacet
  facet normal 0 0 1
    outer loop
      vertex 53.5856 28.2024 1.8
      vertex 52.9001 28.4581 1.8
      vertex 53.5602 28.1672 1.8
    endloop
  endfacet
  facet normal 0 0 1
    outer loop
      vertex 52.9266 28.5787 1.8
      vertex 53.3049 28.8528 1.8
      vertex 53.2653 28.8516 1.8
    endloop
  endfacet
  facet normal 0 0 1
    outer loop
      vertex 53.3702 27.9646 1.8
      vertex 52.9001 28.4581 1.8
      vertex 53.3188 27.9177 1.8
    endloop
  endfacet
  facet normal 0 0 1
    outer loop
      vertex 52.9389 28.6141 1.8
      vertex 53.2653 28.8516 1.8
      vertex 53.2278 28.848 1.8
    endloop
  endfacet
  facet normal 0 0 1
    outer loop
      vertex 53.3188 27.9177 1.8
      vertex 52.9001 28.4581 1.8
      vertex 53.263 27.8687 1.8
    endloop
  endfacet
  facet normal 0 0 1
    outer loop
      vertex 52.9528 28.647 1.8
      vertex 53.2278 28.848 1.8
      vertex 53.1925 28.8419 1.8
    endloop
  endfacet
  facet normal 0 0 1
    outer loop
      vertex 52.9683 28.6774 1.8
      vertex 53.1925 28.8419 1.8
      vertex 53.1592 28.8333 1.8
    endloop
  endfacet
  facet normal 0 0 1
    outer loop
      vertex 53.263 27.8687 1.8
      vertex 52.9001 28.4581 1.8
      vertex 53.2028 27.8176 1.8
    endloop
  endfacet
  facet normal 0 0 1
    outer loop
      vertex 52.9856 28.7054 1.8
      vertex 53.1592 28.8333 1.8
      vertex 53.1282 28.8224 1.8
    endloop
  endfacet
  facet normal 0 0 1
    outer loop
      vertex 52.9856 28.7054 1.8
      vertex 53.1282 28.8224 1.8
      vertex 53.0992 28.809 1.8
    endloop
  endfacet
  facet normal 0 0 1
    outer loop
      vertex 53.0046 28.731 1.8
      vertex 53.0992 28.809 1.8
      vertex 53.0724 28.7931 1.8
    endloop
  endfacet
  facet normal 0 0 1
    outer loop
      vertex 53.2028 27.8176 1.8
      vertex 52.9001 28.4581 1.8
      vertex 53.1381 27.7644 1.8
    endloop
  endfacet
  facet normal 0 0 1
    outer loop
      vertex 53.0046 28.731 1.8
      vertex 53.0724 28.7931 1.8
      vertex 53.0477 28.7749 1.8
    endloop
  endfacet
  facet normal 0 0 1
    outer loop
      vertex 53.0046 28.731 1.8
      vertex 53.0477 28.7749 1.8
      vertex 53.0252 28.7542 1.8
    endloop
  endfacet
  facet normal 0 0 1
    outer loop
      vertex 53.0992 28.809 1.8
      vertex 53.0046 28.731 1.8
      vertex 52.9856 28.7054 1.8
    endloop
  endfacet
  facet normal 0 0 1
    outer loop
      vertex 53.1381 27.7644 1.8
      vertex 52.9001 28.4581 1.8
      vertex 53.0698 27.7082 1.8
    endloop
  endfacet
  facet normal 0 0 1
    outer loop
      vertex 53.1592 28.8333 1.8
      vertex 52.9856 28.7054 1.8
      vertex 52.9683 28.6774 1.8
    endloop
  endfacet
  facet normal 0 0 1
    outer loop
      vertex 53.1925 28.8419 1.8
      vertex 52.9683 28.6774 1.8
      vertex 52.9528 28.647 1.8
    endloop
  endfacet
  facet normal 0 0 1
    outer loop
      vertex 53.2278 28.848 1.8
      vertex 52.9528 28.647 1.8
      vertex 52.9389 28.6141 1.8
    endloop
  endfacet
  facet normal 0 0 1
    outer loop
      vertex 53.0698 27.7082 1.8
      vertex 52.9001 28.4581 1.8
      vertex 53.0041 27.6524 1.8
    endloop
  endfacet
  facet normal 0 0 1
    outer loop
      vertex 53.2653 28.8516 1.8
      vertex 52.9389 28.6141 1.8
      vertex 52.9266 28.5787 1.8
    endloop
  endfacet
  facet normal 0 0 1
    outer loop
      vertex 53.608 28.2375 1.8
      vertex 52.9072 28.5008 1.8
      vertex 53.5856 28.2024 1.8
    endloop
  endfacet
  facet normal 0 0 1
    outer loop
      vertex 53.5311 28.1309 1.8
      vertex 52.9001 28.4581 1.8
      vertex 53.4975 28.0925 1.8
    endloop
  endfacet
  facet normal 0 0 1
    outer loop
      vertex 53.4595 28.052 1.8
      vertex 52.9001 28.4581 1.8
      vertex 53.4171 28.0093 1.8
    endloop
  endfacet
  facet normal 0 0 1
    outer loop
      vertex 53.0041 27.6524 1.8
      vertex 52.9001 28.4581 1.8
      vertex 52.9411 27.5972 1.8
    endloop
  endfacet
  facet normal 0 0 1
    outer loop
      vertex 52.3243 28.4907 1.8
      vertex 52.9411 27.5972 1.8
      vertex 52.9001 28.4581 1.8
    endloop
  endfacet
  facet normal 0 0 1
    outer loop
      vertex 52.9411 27.5972 1.8
      vertex 52.3243 28.4907 1.8
      vertex 52.8807 27.5424 1.8
    endloop
  endfacet
  facet normal 0 0 1
    outer loop
      vertex 52.8807 27.5424 1.8
      vertex 52.3243 28.4907 1.8
      vertex 52.8229 27.4882 1.8
    endloop
  endfacet
  facet normal 0 0 1
    outer loop
      vertex 52.8229 27.4882 1.8
      vertex 52.3243 28.4907 1.8
      vertex 52.7678 27.4344 1.8
    endloop
  endfacet
  facet normal 0 0 1
    outer loop
      vertex 52.7678 27.4344 1.8
      vertex 52.3243 28.4907 1.8
      vertex 52.7153 27.3812 1.8
    endloop
  endfacet
  facet normal 0 0 1
    outer loop
      vertex 52.7153 27.3812 1.8
      vertex 52.3243 28.4907 1.8
      vertex 52.6655 27.3284 1.8
    endloop
  endfacet
  facet normal 0 0 1
    outer loop
      vertex 52.6655 27.3284 1.8
      vertex 52.3243 28.4907 1.8
      vertex 52.6183 27.2762 1.8
    endloop
  endfacet
  facet normal 0 0 1
    outer loop
      vertex 52.6183 27.2762 1.8
      vertex 52.3243 28.4907 1.8
      vertex 52.5736 27.2241 1.8
    endloop
  endfacet
  facet normal 0 0 1
    outer loop
      vertex 52.5736 27.2241 1.8
      vertex 52.3243 28.4907 1.8
      vertex 52.5312 27.1716 1.8
    endloop
  endfacet
  facet normal 0 0 1
    outer loop
      vertex 52.5312 27.1716 1.8
      vertex 52.3243 28.4907 1.8
      vertex 52.4912 27.1189 1.8
    endloop
  endfacet
  facet normal 0 0 1
    outer loop
      vertex 51.4366 26.8246 1.8
      vertex 52.4912 27.1189 1.8
      vertex 52.3243 28.4907 1.8
    endloop
  endfacet
  facet normal 0 0 1
    outer loop
      vertex 52.4912 27.1189 1.8
      vertex 52.0937 26.8246 1.8
      vertex 52.4534 27.0658 1.8
    endloop
  endfacet
  facet normal 0 0 1
    outer loop
      vertex 52.4534 27.0658 1.8
      vertex 52.0937 26.8246 1.8
      vertex 52.4181 27.0125 1.8
    endloop
  endfacet
  facet normal 0 0 1
    outer loop
      vertex 52.4181 27.0125 1.8
      vertex 52.0937 26.8246 1.8
      vertex 52.385 26.9588 1.8
    endloop
  endfacet
  facet normal 0 0 1
    outer loop
      vertex 52.385 26.9588 1.8
      vertex 52.0937 26.8246 1.8
      vertex 52.3543 26.9049 1.8
    endloop
  endfacet
  facet normal 0 0 1
    outer loop
      vertex 52.3543 26.9049 1.8
      vertex 52.0937 26.8246 1.8
      vertex 52.326 26.8506 1.8
    endloop
  endfacet
  facet normal 0 0 1
    outer loop
      vertex 52.4912 27.1189 1.8
      vertex 51.4366 26.8246 1.8
      vertex 52.0937 26.8246 1.8
    endloop
  endfacet
  facet normal -0 0 1
    outer loop
      vertex 50.1773 28.3503 1.8
      vertex 50.8649 26.8246 1.8
      vertex 50.8649 28.7796 1.8
    endloop
  endfacet
  facet normal 0 0 1
    outer loop
      vertex 50.8649 26.8246 1.8
      vertex 50.1773 28.3503 1.8
      vertex 50.1549 26.8246 1.8
    endloop
  endfacet
  facet normal 0 0 1
    outer loop
      vertex 41.4687 27.8458 1.8
      vertex 43.147 27.8458 1.8
      vertex 43.1443 27.9464 1.8
    endloop
  endfacet
  facet normal 0 0 1
    outer loop
      vertex 43.147 27.8458 1.8
      vertex 41.4687 27.8458 1.8
      vertex 43.1443 27.7405 1.8
    endloop
  endfacet
  facet normal -0 0 1
    outer loop
      vertex 41.4714 27.9472 1.8
      vertex 43.1443 27.9464 1.8
      vertex 43.1361 28.0421 1.8
    endloop
  endfacet
  facet normal -0 -0 1
    outer loop
      vertex 41.4714 27.7434 1.8
      vertex 43.1443 27.7405 1.8
      vertex 41.4687 27.8458 1.8
    endloop
  endfacet
  facet normal -0 0 1
    outer loop
      vertex 41.4795 28.0436 1.8
      vertex 43.1361 28.0421 1.8
      vertex 43.1226 28.1328 1.8
    endloop
  endfacet
  facet normal 0 0 1
    outer loop
      vertex 43.1443 27.7405 1.8
      vertex 41.4714 27.7434 1.8
      vertex 43.1362 27.6407 1.8
    endloop
  endfacet
  facet normal -0 0 1
    outer loop
      vertex 41.4931 28.1348 1.8
      vertex 43.1226 28.1328 1.8
      vertex 43.1036 28.2185 1.8
    endloop
  endfacet
  facet normal -0 -0 1
    outer loop
      vertex 41.4798 27.646 1.8
      vertex 43.1362 27.6407 1.8
      vertex 41.4714 27.7434 1.8
    endloop
  endfacet
  facet normal -0 0 1
    outer loop
      vertex 41.512 28.2209 1.8
      vertex 43.1036 28.2185 1.8
      vertex 43.0792 28.2993 1.8
    endloop
  endfacet
  facet normal 0 -0 1
    outer loop
      vertex 41.4936 27.5534 1.8
      vertex 43.1362 27.6407 1.8
      vertex 41.4798 27.646 1.8
    endloop
  endfacet
  facet normal 0 0 1
    outer loop
      vertex 42.3968 28.8333 1.8
      vertex 43.0792 28.2993 1.8
      vertex 43.0494 28.3752 1.8
    endloop
  endfacet
  facet normal 0 0 1
    outer loop
      vertex 43.1362 27.6407 1.8
      vertex 41.4936 27.5534 1.8
      vertex 43.1227 27.5463 1.8
    endloop
  endfacet
  facet normal 0 0 1
    outer loop
      vertex 42.3968 28.8333 1.8
      vertex 43.0494 28.3752 1.8
      vertex 43.0141 28.4461 1.8
    endloop
  endfacet
  facet normal 0 -0 1
    outer loop
      vertex 41.5131 27.4659 1.8
      vertex 43.1227 27.5463 1.8
      vertex 41.4936 27.5534 1.8
    endloop
  endfacet
  facet normal 0 0 1
    outer loop
      vertex 42.4784 28.8235 1.8
      vertex 43.0141 28.4461 1.8
      vertex 42.9734 28.5121 1.8
    endloop
  endfacet
  facet normal 0 0 1
    outer loop
      vertex 43.1227 27.5463 1.8
      vertex 41.5131 27.4659 1.8
      vertex 43.1038 27.4574 1.8
    endloop
  endfacet
  facet normal 0 0 1
    outer loop
      vertex 42.4784 28.8235 1.8
      vertex 42.9734 28.5121 1.8
      vertex 42.9273 28.5731 1.8
    endloop
  endfacet
  facet normal 0 -0 1
    outer loop
      vertex 41.538 27.3833 1.8
      vertex 43.1038 27.4574 1.8
      vertex 41.5131 27.4659 1.8
    endloop
  endfacet
  facet normal 0 0 1
    outer loop
      vertex 42.5557 28.8073 1.8
      vertex 42.9273 28.5731 1.8
      vertex 42.8763 28.6284 1.8
    endloop
  endfacet
  facet normal 0 0 1
    outer loop
      vertex 43.1038 27.4574 1.8
      vertex 41.538 27.3833 1.8
      vertex 43.0795 27.374 1.8
    endloop
  endfacet
  facet normal 0 0 1
    outer loop
      vertex 42.5557 28.8073 1.8
      vertex 42.8763 28.6284 1.8
      vertex 42.8209 28.6772 1.8
    endloop
  endfacet
  facet normal 0 -0 1
    outer loop
      vertex 42.3068 26.8307 1.8
      vertex 43.0795 27.374 1.8
      vertex 41.538 27.3833 1.8
    endloop
  endfacet
  facet normal 0 0 1
    outer loop
      vertex 42.5557 28.8073 1.8
      vertex 42.8209 28.6772 1.8
      vertex 42.7611 28.7194 1.8
    endloop
  endfacet
  facet normal 0 0 1
    outer loop
      vertex 43.0498 27.2961 1.8
      vertex 42.394 26.8339 1.8
      vertex 43.0147 27.2236 1.8
    endloop
  endfacet
  facet normal 0 0 1
    outer loop
      vertex 42.5557 28.8073 1.8
      vertex 42.7611 28.7194 1.8
      vertex 42.697 28.7552 1.8
    endloop
  endfacet
  facet normal 0 0 1
    outer loop
      vertex 42.5557 28.8073 1.8
      vertex 42.697 28.7552 1.8
      vertex 42.6285 28.7845 1.8
    endloop
  endfacet
  facet normal 0 -0 1
    outer loop
      vertex 42.4767 26.8437 1.8
      vertex 43.0147 27.2236 1.8
      vertex 42.394 26.8339 1.8
    endloop
  endfacet
  facet normal 0 0 1
    outer loop
      vertex 42.9273 28.5731 1.8
      vertex 42.5557 28.8073 1.8
      vertex 42.4784 28.8235 1.8
    endloop
  endfacet
  facet normal 0 0 1
    outer loop
      vertex 43.0147 27.2236 1.8
      vertex 42.4767 26.8437 1.8
      vertex 42.9742 27.1567 1.8
    endloop
  endfacet
  facet normal 0 0 1
    outer loop
      vertex 43.0141 28.4461 1.8
      vertex 42.4784 28.8235 1.8
      vertex 42.3968 28.8333 1.8
    endloop
  endfacet
  facet normal 0 -0 1
    outer loop
      vertex 42.5549 26.86 1.8
      vertex 42.9742 27.1567 1.8
      vertex 42.4767 26.8437 1.8
    endloop
  endfacet
  facet normal 0 0 1
    outer loop
      vertex 43.0792 28.2993 1.8
      vertex 42.3968 28.8333 1.8
      vertex 42.3109 28.8365 1.8
    endloop
  endfacet
  facet normal 0 0 1
    outer loop
      vertex 42.9742 27.1567 1.8
      vertex 42.5549 26.86 1.8
      vertex 42.9283 27.0951 1.8
    endloop
  endfacet
  facet normal 0 0 1
    outer loop
      vertex 43.0792 28.2993 1.8
      vertex 42.3109 28.8365 1.8
      vertex 41.512 28.2209 1.8
    endloop
  endfacet
  facet normal 0 0 1
    outer loop
      vertex 42.762 26.9482 1.8
      vertex 42.5549 26.86 1.8
      vertex 42.6975 26.9123 1.8
    endloop
  endfacet
  facet normal 0 0 1
    outer loop
      vertex 41.512 28.2209 1.8
      vertex 42.3109 28.8365 1.8
      vertex 42.2236 28.8333 1.8
    endloop
  endfacet
  facet normal 0 0 1
    outer loop
      vertex 42.6975 26.9123 1.8
      vertex 42.5549 26.86 1.8
      vertex 42.6285 26.8829 1.8
    endloop
  endfacet
  facet normal 0 0 1
    outer loop
      vertex 42.822 26.9907 1.8
      vertex 42.5549 26.86 1.8
      vertex 42.762 26.9482 1.8
    endloop
  endfacet
  facet normal 0 0 1
    outer loop
      vertex 41.5365 28.302 1.8
      vertex 42.2236 28.8333 1.8
      vertex 42.1409 28.8236 1.8
    endloop
  endfacet
  facet normal 0 0 1
    outer loop
      vertex 42.8774 27.0396 1.8
      vertex 42.5549 26.86 1.8
      vertex 42.822 26.9907 1.8
    endloop
  endfacet
  facet normal 0 0 1
    outer loop
      vertex 41.5663 28.3779 1.8
      vertex 42.1409 28.8236 1.8
      vertex 42.0627 28.8075 1.8
    endloop
  endfacet
  facet normal 0 0 1
    outer loop
      vertex 42.9283 27.0951 1.8
      vertex 42.5549 26.86 1.8
      vertex 42.8774 27.0396 1.8
    endloop
  endfacet
  facet normal 0 0 1
    outer loop
      vertex 41.6016 28.4487 1.8
      vertex 42.0627 28.8075 1.8
      vertex 41.989 28.7849 1.8
    endloop
  endfacet
  facet normal 0 0 1
    outer loop
      vertex 43.0795 27.374 1.8
      vertex 42.394 26.8339 1.8
      vertex 43.0498 27.2961 1.8
    endloop
  endfacet
  facet normal 0 0 1
    outer loop
      vertex 41.6422 28.5145 1.8
      vertex 41.989 28.7849 1.8
      vertex 41.9198 28.7559 1.8
    endloop
  endfacet
  facet normal 0 -0 1
    outer loop
      vertex 42.394 26.8339 1.8
      vertex 43.0795 27.374 1.8
      vertex 42.3068 26.8307 1.8
    endloop
  endfacet
  facet normal 0 0 1
    outer loop
      vertex 41.6422 28.5145 1.8
      vertex 41.9198 28.7559 1.8
      vertex 41.8552 28.7203 1.8
    endloop
  endfacet
  facet normal -0 -0 1
    outer loop
      vertex 41.5686 27.3056 1.8
      vertex 42.3068 26.8307 1.8
      vertex 41.538 27.3833 1.8
    endloop
  endfacet
  facet normal 0 0 1
    outer loop
      vertex 41.6422 28.5145 1.8
      vertex 41.8552 28.7203 1.8
      vertex 41.795 28.6784 1.8
    endloop
  endfacet
  facet normal 0 0 1
    outer loop
      vertex 42.3068 26.8307 1.8
      vertex 41.5686 27.3056 1.8
      vertex 42.2225 26.834 1.8
    endloop
  endfacet
  facet normal 0 0 1
    outer loop
      vertex 41.6883 28.5751 1.8
      vertex 41.795 28.6784 1.8
      vertex 41.7394 28.63 1.8
    endloop
  endfacet
  facet normal -0 -0 1
    outer loop
      vertex 41.6046 27.2329 1.8
      vertex 42.2225 26.834 1.8
      vertex 41.5686 27.3056 1.8
    endloop
  endfacet
  facet normal 0 0 1
    outer loop
      vertex 41.6422 28.5145 1.8
      vertex 41.795 28.6784 1.8
      vertex 41.6883 28.5751 1.8
    endloop
  endfacet
  facet normal 0 0 1
    outer loop
      vertex 42.2225 26.834 1.8
      vertex 41.6046 27.2329 1.8
      vertex 42.1422 26.8441 1.8
    endloop
  endfacet
  facet normal 0 0 1
    outer loop
      vertex 41.989 28.7849 1.8
      vertex 41.6422 28.5145 1.8
      vertex 41.6016 28.4487 1.8
    endloop
  endfacet
  facet normal 0 0 1
    outer loop
      vertex 42.1422 26.8441 1.8
      vertex 41.6463 27.1651 1.8
      vertex 42.0659 26.8608 1.8
    endloop
  endfacet
  facet normal 0 0 1
    outer loop
      vertex 42.0627 28.8075 1.8
      vertex 41.6016 28.4487 1.8
      vertex 41.5663 28.3779 1.8
    endloop
  endfacet
  facet normal -0 -0 1
    outer loop
      vertex 41.6934 27.1022 1.8
      vertex 42.0659 26.8608 1.8
      vertex 41.6463 27.1651 1.8
    endloop
  endfacet
  facet normal 0 0 1
    outer loop
      vertex 42.1409 28.8236 1.8
      vertex 41.5663 28.3779 1.8
      vertex 41.5365 28.302 1.8
    endloop
  endfacet
  facet normal 0 0 1
    outer loop
      vertex 41.8615 26.9514 1.8
      vertex 41.7454 27.0453 1.8
      vertex 41.8014 26.995 1.8
    endloop
  endfacet
  facet normal 0 0 1
    outer loop
      vertex 42.2236 28.8333 1.8
      vertex 41.5365 28.302 1.8
      vertex 41.512 28.2209 1.8
    endloop
  endfacet
  facet normal 0 0 1
    outer loop
      vertex 41.8615 26.9514 1.8
      vertex 41.6934 27.1022 1.8
      vertex 41.7454 27.0453 1.8
    endloop
  endfacet
  facet normal 0 0 1
    outer loop
      vertex 43.1036 28.2185 1.8
      vertex 41.512 28.2209 1.8
      vertex 41.4931 28.1348 1.8
    endloop
  endfacet
  facet normal 0 0 1
    outer loop
      vertex 42.0659 26.8608 1.8
      vertex 41.6934 27.1022 1.8
      vertex 41.9938 26.8843 1.8
    endloop
  endfacet
  facet normal 0 0 1
    outer loop
      vertex 43.1226 28.1328 1.8
      vertex 41.4931 28.1348 1.8
      vertex 41.4795 28.0436 1.8
    endloop
  endfacet
  facet normal 0 0 1
    outer loop
      vertex 41.9256 26.9145 1.8
      vertex 41.6934 27.1022 1.8
      vertex 41.8615 26.9514 1.8
    endloop
  endfacet
  facet normal 0 0 1
    outer loop
      vertex 43.1361 28.0421 1.8
      vertex 41.4795 28.0436 1.8
      vertex 41.4714 27.9472 1.8
    endloop
  endfacet
  facet normal 0 0 1
    outer loop
      vertex 41.9938 26.8843 1.8
      vertex 41.6934 27.1022 1.8
      vertex 41.9256 26.9145 1.8
    endloop
  endfacet
  facet normal 0 0 1
    outer loop
      vertex 43.1443 27.9464 1.8
      vertex 41.4714 27.9472 1.8
      vertex 41.4687 27.8458 1.8
    endloop
  endfacet
  facet normal -0 -0 1
    outer loop
      vertex 41.6463 27.1651 1.8
      vertex 42.1422 26.8441 1.8
      vertex 41.6046 27.2329 1.8
    endloop
  endfacet
  facet normal 0 0 1
    outer loop
      vertex 45.5685 28.7776 1.8
      vertex 45.8909 28.3483 1.8
      vertex 45.8843 28.4431 1.8
    endloop
  endfacet
  facet normal 0 0 1
    outer loop
      vertex 45.4697 28.7944 1.8
      vertex 45.8909 28.3483 1.8
      vertex 45.5685 28.7776 1.8
    endloop
  endfacet
  facet normal 0 0 1
    outer loop
      vertex 45.8909 28.3483 1.8
      vertex 45.4697 28.7944 1.8
      vertex 45.8892 28.2981 1.8
    endloop
  endfacet
  facet normal 0 0 1
    outer loop
      vertex 45.654 28.7498 1.8
      vertex 45.8843 28.4431 1.8
      vertex 45.8646 28.5267 1.8
    endloop
  endfacet
  facet normal 0 -0 1
    outer loop
      vertex 45.5269 27.8839 1.8
      vertex 45.8892 28.2981 1.8
      vertex 45.4697 28.7944 1.8
    endloop
  endfacet
  facet normal 0 0 1
    outer loop
      vertex 45.8892 28.2981 1.8
      vertex 45.5269 27.8839 1.8
      vertex 45.8843 28.2506 1.8
    endloop
  endfacet
  facet normal 0 0 1
    outer loop
      vertex 45.7264 28.7107 1.8
      vertex 45.8646 28.5267 1.8
      vertex 45.8317 28.5992 1.8
    endloop
  endfacet
  facet normal 0 -0 1
    outer loop
      vertex 45.5723 27.8945 1.8
      vertex 45.8843 28.2506 1.8
      vertex 45.5269 27.8839 1.8
    endloop
  endfacet
  facet normal 0 0 1
    outer loop
      vertex 45.876 28.2058 1.8
      vertex 45.6148 27.9082 1.8
      vertex 45.8644 28.1636 1.8
    endloop
  endfacet
  facet normal 0 0 1
    outer loop
      vertex 45.7264 28.7107 1.8
      vertex 45.8317 28.5992 1.8
      vertex 45.7856 28.6605 1.8
    endloop
  endfacet
  facet normal 0 0 1
    outer loop
      vertex 45.8843 28.4431 1.8
      vertex 45.654 28.7498 1.8
      vertex 45.5685 28.7776 1.8
    endloop
  endfacet
  facet normal 0 -0 1
    outer loop
      vertex 45.6544 27.9249 1.8
      vertex 45.8644 28.1636 1.8
      vertex 45.6148 27.9082 1.8
    endloop
  endfacet
  facet normal 0 0 1
    outer loop
      vertex 45.8646 28.5267 1.8
      vertex 45.7264 28.7107 1.8
      vertex 45.654 28.7498 1.8
    endloop
  endfacet
  facet normal 0 0 1
    outer loop
      vertex 45.8644 28.1636 1.8
      vertex 45.6544 27.9249 1.8
      vertex 45.8494 28.1242 1.8
    endloop
  endfacet
  facet normal 0 0 1
    outer loop
      vertex 45.8312 28.0874 1.8
      vertex 45.6544 27.9249 1.8
      vertex 45.8097 28.0534 1.8
    endloop
  endfacet
  facet normal 0 0 1
    outer loop
      vertex 45.7848 28.022 1.8
      vertex 45.6544 27.9249 1.8
      vertex 45.7566 27.9933 1.8
    endloop
  endfacet
  facet normal 0 0 1
    outer loop
      vertex 45.7566 27.9933 1.8
      vertex 45.6913 27.9447 1.8
      vertex 45.7254 27.9675 1.8
    endloop
  endfacet
  facet normal 0 0 1
    outer loop
      vertex 45.7566 27.9933 1.8
      vertex 45.6544 27.9249 1.8
      vertex 45.6913 27.9447 1.8
    endloop
  endfacet
  facet normal 0 0 1
    outer loop
      vertex 45.8097 28.0534 1.8
      vertex 45.6544 27.9249 1.8
      vertex 45.7848 28.022 1.8
    endloop
  endfacet
  facet normal 0 0 1
    outer loop
      vertex 45.8494 28.1242 1.8
      vertex 45.6544 27.9249 1.8
      vertex 45.8312 28.0874 1.8
    endloop
  endfacet
  facet normal 0 -0 1
    outer loop
      vertex 45.6148 27.9082 1.8
      vertex 45.876 28.2058 1.8
      vertex 45.5723 27.8945 1.8
    endloop
  endfacet
  facet normal 0 0 1
    outer loop
      vertex 45.8843 28.2506 1.8
      vertex 45.5723 27.8945 1.8
      vertex 45.876 28.2058 1.8
    endloop
  endfacet
  facet normal 0 0 1
    outer loop
      vertex 45.5269 27.8839 1.8
      vertex 45.4697 28.7944 1.8
      vertex 45.4788 27.8763 1.8
    endloop
  endfacet
  facet normal 0 0 1
    outer loop
      vertex 45.4697 28.7944 1.8
      vertex 45.4279 27.8717 1.8
      vertex 45.4788 27.8763 1.8
    endloop
  endfacet
  facet normal 0 0 1
    outer loop
      vertex 45.4697 28.7944 1.8
      vertex 45.3741 27.8702 1.8
      vertex 45.4279 27.8717 1.8
    endloop
  endfacet
  facet normal 0 0 1
    outer loop
      vertex 45.3579 28.7999 1.8
      vertex 45.3741 27.8702 1.8
      vertex 45.4697 28.7944 1.8
    endloop
  endfacet
  facet normal 0 0 1
    outer loop
      vertex 44.7374 27.8702 1.8
      vertex 45.3579 28.7999 1.8
      vertex 44.7374 28.7999 1.8
    endloop
  endfacet
  facet normal 0 0 1
    outer loop
      vertex 45.3579 28.7999 1.8
      vertex 44.7374 27.8702 1.8
      vertex 45.3741 27.8702 1.8
    endloop
  endfacet
  facet normal 0.989179 0.146712 0
    outer loop
      vertex 6.48555 26.7941 11.8
      vertex 6.44236 27.0853 1.8
      vertex 6.44236 27.0853 11.8
    endloop
  endfacet
  facet normal 0.989179 0.146712 0
    outer loop
      vertex 6.44236 27.0853 1.8
      vertex 6.48555 26.7941 11.8
      vertex 6.48555 26.7941 1.8
    endloop
  endfacet
  facet normal -0.941545 -0.336888 0
    outer loop
      vertex 0.728361 25.3519 1.8
      vertex 0.629178 25.6291 11.8
      vertex 0.629178 25.6291 1.8
    endloop
  endfacet
  facet normal -0.941545 -0.336888 0
    outer loop
      vertex 0.629178 25.6291 11.8
      vertex 0.728361 25.3519 1.8
      vertex 0.728361 25.3519 11.8
    endloop
  endfacet
  facet normal 0.146736 0.989176 -0
    outer loop
      vertex 4.08527 29.4424 1.8
      vertex 3.79405 29.4856 11.8
      vertex 4.08527 29.4424 11.8
    endloop
  endfacet
  facet normal 0.146736 0.989176 0
    outer loop
      vertex 3.79405 29.4856 11.8
      vertex 4.08527 29.4424 1.8
      vertex 3.79405 29.4856 1.8
    endloop
  endfacet
  facet normal 0.146736 -0.989176 0
    outer loop
      vertex 3.79405 23.5144 1.8
      vertex 4.08527 23.5576 11.8
      vertex 3.79405 23.5144 11.8
    endloop
  endfacet
  facet normal 0.146736 -0.989176 0
    outer loop
      vertex 4.08527 23.5576 11.8
      vertex 3.79405 23.5144 1.8
      vertex 4.08527 23.5576 1.8
    endloop
  endfacet
  facet normal -0.0489126 -0.998803 0
    outer loop
      vertex 3.20595 23.5144 1.8
      vertex 3.5 23.5 11.8
      vertex 3.20595 23.5144 11.8
    endloop
  endfacet
  facet normal -0.0489126 -0.998803 -0
    outer loop
      vertex 3.5 23.5 11.8
      vertex 3.20595 23.5144 1.8
      vertex 3.5 23.5 1.8
    endloop
  endfacet
  facet normal -0.0489126 0.998803 0
    outer loop
      vertex 3.5 29.5 10.8
      vertex 3.20595 29.4856 11.8
      vertex 3.5 29.5 11.8
    endloop
  endfacet
  facet normal -0.0489126 0.998803 0
    outer loop
      vertex 3.20595 29.4856 11.8
      vertex 3.5 29.5 10.8
      vertex 3.20595 29.4856 10.8
    endloop
  endfacet
  facet normal -0.146736 0.989176 0
    outer loop
      vertex 3.20595 29.4856 10.8
      vertex 2.91473 29.4424 11.8
      vertex 3.20595 29.4856 11.8
    endloop
  endfacet
  facet normal -0.146736 0.989176 0
    outer loop
      vertex 2.91473 29.4424 11.8
      vertex 3.20595 29.4856 10.8
      vertex 2.91473 29.4424 10.8
    endloop
  endfacet
  facet normal -0.243191 -0.969978 0
    outer loop
      vertex 2.62915 23.6292 1.8
      vertex 2.91473 23.5576 11.8
      vertex 2.62915 23.6292 11.8
    endloop
  endfacet
  facet normal -0.243191 -0.969978 -0
    outer loop
      vertex 2.91473 23.5576 11.8
      vertex 2.62915 23.6292 1.8
      vertex 2.91473 23.5576 1.8
    endloop
  endfacet
  facet normal 0.514216 0.857661 -0
    outer loop
      vertex 5.16671 28.9944 1.8
      vertex 4.91419 29.1458 11.8
      vertex 5.16671 28.9944 11.8
    endloop
  endfacet
  facet normal 0.514216 0.857661 0
    outer loop
      vertex 4.91419 29.1458 11.8
      vertex 5.16671 28.9944 1.8
      vertex 4.91419 29.1458 1.8
    endloop
  endfacet
  facet normal -0.595747 -0.803172 0
    outer loop
      vertex 1.59682 24.181 1.8
      vertex 1.83329 24.0056 11.8
      vertex 1.59682 24.181 11.8
    endloop
  endfacet
  facet normal -0.595747 -0.803172 -0
    outer loop
      vertex 1.83329 24.0056 11.8
      vertex 1.59682 24.181 1.8
      vertex 1.83329 24.0056 1.8
    endloop
  endfacet
  facet normal -0.427347 0.904088 0
    outer loop
      vertex 2.35195 29.2716 10.8
      vertex 2.08581 29.1458 11.8
      vertex 2.35195 29.2716 11.8
    endloop
  endfacet
  facet normal -0.427347 0.904088 0
    outer loop
      vertex 2.08581 29.1458 11.8
      vertex 2.35195 29.2716 10.8
      vertex 2.08581 29.1458 10.8
    endloop
  endfacet
  facet normal -0.671539 0.740969 0
    outer loop
      vertex 1.59682 28.819 10.8
      vertex 1.37868 28.6213 11.8
      vertex 1.59682 28.819 11.8
    endloop
  endfacet
  facet normal -0.671539 0.740969 0
    outer loop
      vertex 1.37868 28.6213 11.8
      vertex 1.59682 28.819 10.8
      vertex 1.37868 28.6213 10.8
    endloop
  endfacet
  facet normal 0.941548 -0.336879 0
    outer loop
      vertex 6.27164 25.3519 11.8
      vertex 6.37082 25.6291 1.8
      vertex 6.37082 25.6291 11.8
    endloop
  endfacet
  facet normal 0.941548 -0.336879 0
    outer loop
      vertex 6.37082 25.6291 1.8
      vertex 6.27164 25.3519 11.8
      vertex 6.27164 25.3519 1.8
    endloop
  endfacet
  facet normal 0.671539 -0.740969 0
    outer loop
      vertex 5.40318 24.181 1.8
      vertex 5.62132 24.3787 11.8
      vertex 5.40318 24.181 11.8
    endloop
  endfacet
  facet normal 0.671539 -0.740969 0
    outer loop
      vertex 5.62132 24.3787 11.8
      vertex 5.40318 24.181 1.8
      vertex 5.62132 24.3787 1.8
    endloop
  endfacet
  facet normal 0.0489126 0.998803 0
    outer loop
      vertex 3.79405 29.4856 11.8
      vertex 3.5 29.5 10.8
      vertex 3.5 29.5 11.8
    endloop
  endfacet
  facet normal 0.0489126 0.998803 -0
    outer loop
      vertex 3.79405 29.4856 1.8
      vertex 3.5 29.5 10.8
      vertex 3.79405 29.4856 11.8
    endloop
  endfacet
  facet normal 0.0489126 0.998803 0
    outer loop
      vertex 3.5 29.5 10.8
      vertex 3.79405 29.4856 1.8
      vertex 3.5 29.5 1.8
    endloop
  endfacet
  facet normal 0.336939 -0.941527 0
    outer loop
      vertex 4.37085 23.6292 1.8
      vertex 4.64805 23.7284 11.8
      vertex 4.37085 23.6292 11.8
    endloop
  endfacet
  facet normal 0.336939 -0.941527 0
    outer loop
      vertex 4.64805 23.7284 11.8
      vertex 4.37085 23.6292 1.8
      vertex 4.64805 23.7284 1.8
    endloop
  endfacet
  facet normal -0.336939 0.941527 0
    outer loop
      vertex 2.62915 29.3708 10.8
      vertex 2.35195 29.2716 11.8
      vertex 2.62915 29.3708 11.8
    endloop
  endfacet
  facet normal -0.336939 0.941527 0
    outer loop
      vertex 2.35195 29.2716 11.8
      vertex 2.62915 29.3708 10.8
      vertex 2.35195 29.2716 10.8
    endloop
  endfacet
  facet normal 0.989179 -0.146712 0
    outer loop
      vertex 6.44236 25.9147 11.8
      vertex 6.48555 26.2059 1.8
      vertex 6.48555 26.2059 11.8
    endloop
  endfacet
  facet normal 0.989179 -0.146712 0
    outer loop
      vertex 6.48555 26.2059 1.8
      vertex 6.44236 25.9147 11.8
      vertex 6.44236 25.9147 1.8
    endloop
  endfacet
  facet normal 0 0 1
    outer loop
      vertex 4.6 26.5 11.8
      vertex 6.5 26.5 11.8
      vertex 6.48555 26.7941 11.8
    endloop
  endfacet
  facet normal 0 0 1
    outer loop
      vertex 4.5947 26.6078 11.8
      vertex 6.48555 26.7941 11.8
      vertex 6.44236 27.0853 11.8
    endloop
  endfacet
  facet normal 0 0 1
    outer loop
      vertex 6.5 26.5 11.8
      vertex 4.6 26.5 11.8
      vertex 6.48555 26.2059 11.8
    endloop
  endfacet
  facet normal 0 0 1
    outer loop
      vertex 4.57886 26.7146 11.8
      vertex 6.44236 27.0853 11.8
      vertex 6.37082 27.3709 11.8
    endloop
  endfacet
  facet normal -0 0 1
    outer loop
      vertex 4.5947 26.3922 11.8
      vertex 6.48555 26.2059 11.8
      vertex 4.6 26.5 11.8
    endloop
  endfacet
  facet normal 0 0 1
    outer loop
      vertex 4.55263 26.8193 11.8
      vertex 6.37082 27.3709 11.8
      vertex 6.27164 27.6481 11.8
    endloop
  endfacet
  facet normal 0 0 1
    outer loop
      vertex 6.48555 26.2059 11.8
      vertex 4.5947 26.3922 11.8
      vertex 6.44236 25.9147 11.8
    endloop
  endfacet
  facet normal 0 0 1
    outer loop
      vertex 4.51627 26.921 11.8
      vertex 6.27164 27.6481 11.8
      vertex 6.14576 27.9142 11.8
    endloop
  endfacet
  facet normal -0 0 1
    outer loop
      vertex 4.57886 26.2854 11.8
      vertex 6.44236 25.9147 11.8
      vertex 4.5947 26.3922 11.8
    endloop
  endfacet
  facet normal 0 0 1
    outer loop
      vertex 4.47011 27.0185 11.8
      vertex 6.14576 27.9142 11.8
      vertex 5.99441 28.1667 11.8
    endloop
  endfacet
  facet normal 0 0 1
    outer loop
      vertex 6.44236 25.9147 11.8
      vertex 4.57886 26.2854 11.8
      vertex 6.37082 25.6291 11.8
    endloop
  endfacet
  facet normal 0 0 1
    outer loop
      vertex 4.41462 27.1111 11.8
      vertex 5.99441 28.1667 11.8
      vertex 5.81903 28.4032 11.8
    endloop
  endfacet
  facet normal -0 0 1
    outer loop
      vertex 4.55263 26.1807 11.8
      vertex 6.37082 25.6291 11.8
      vertex 4.57886 26.2854 11.8
    endloop
  endfacet
  facet normal 0 0 1
    outer loop
      vertex 4.35031 27.1978 11.8
      vertex 5.81903 28.4032 11.8
      vertex 5.62132 28.6213 11.8
    endloop
  endfacet
  facet normal 0 0 1
    outer loop
      vertex 6.37082 25.6291 11.8
      vertex 4.55263 26.1807 11.8
      vertex 6.27164 25.3519 11.8
    endloop
  endfacet
  facet normal 0 0 1
    outer loop
      vertex 4.27782 27.2778 11.8
      vertex 5.62132 28.6213 11.8
      vertex 5.40318 28.819 11.8
    endloop
  endfacet
  facet normal -0 0 1
    outer loop
      vertex 4.51627 26.079 11.8
      vertex 6.27164 25.3519 11.8
      vertex 4.55263 26.1807 11.8
    endloop
  endfacet
  facet normal 0 0 1
    outer loop
      vertex 4.19783 27.3503 11.8
      vertex 5.40318 28.819 11.8
      vertex 5.16671 28.9944 11.8
    endloop
  endfacet
  facet normal 0 0 1
    outer loop
      vertex 6.27164 25.3519 11.8
      vertex 4.51627 26.079 11.8
      vertex 6.14576 25.0858 11.8
    endloop
  endfacet
  facet normal 0 0 1
    outer loop
      vertex 4.11113 27.4146 11.8
      vertex 5.16671 28.9944 11.8
      vertex 4.91419 29.1458 11.8
    endloop
  endfacet
  facet normal -0 0 1
    outer loop
      vertex 4.47011 25.9815 11.8
      vertex 6.14576 25.0858 11.8
      vertex 4.51627 26.079 11.8
    endloop
  endfacet
  facet normal 0 0 1
    outer loop
      vertex 4.01854 27.4701 11.8
      vertex 4.91419 29.1458 11.8
      vertex 4.64805 29.2716 11.8
    endloop
  endfacet
  facet normal 0 0 1
    outer loop
      vertex 6.14576 25.0858 11.8
      vertex 4.47011 25.9815 11.8
      vertex 5.99441 24.8333 11.8
    endloop
  endfacet
  facet normal -0 0 1
    outer loop
      vertex 4.41462 25.8889 11.8
      vertex 5.99441 24.8333 11.8
      vertex 4.47011 25.9815 11.8
    endloop
  endfacet
  facet normal 0 0 1
    outer loop
      vertex 6.48555 26.7941 11.8
      vertex 4.5947 26.6078 11.8
      vertex 4.6 26.5 11.8
    endloop
  endfacet
  facet normal 0 0 1
    outer loop
      vertex 6.44236 27.0853 11.8
      vertex 4.57886 26.7146 11.8
      vertex 4.5947 26.6078 11.8
    endloop
  endfacet
  facet normal 0 0 1
    outer loop
      vertex 6.37082 27.3709 11.8
      vertex 4.55263 26.8193 11.8
      vertex 4.57886 26.7146 11.8
    endloop
  endfacet
  facet normal 0 0 1
    outer loop
      vertex 6.27164 27.6481 11.8
      vertex 4.51627 26.921 11.8
      vertex 4.55263 26.8193 11.8
    endloop
  endfacet
  facet normal 0 0 1
    outer loop
      vertex 6.14576 27.9142 11.8
      vertex 4.47011 27.0185 11.8
      vertex 4.51627 26.921 11.8
    endloop
  endfacet
  facet normal 0 0 1
    outer loop
      vertex 5.99441 28.1667 11.8
      vertex 4.41462 27.1111 11.8
      vertex 4.47011 27.0185 11.8
    endloop
  endfacet
  facet normal 0 0 1
    outer loop
      vertex 3.92095 27.5163 11.8
      vertex 4.64805 29.2716 11.8
      vertex 4.37085 29.3708 11.8
    endloop
  endfacet
  facet normal 0 0 1
    outer loop
      vertex 5.81903 28.4032 11.8
      vertex 4.35031 27.1978 11.8
      vertex 4.41462 27.1111 11.8
    endloop
  endfacet
  facet normal 0 0 1
    outer loop
      vertex 5.62132 28.6213 11.8
      vertex 4.27782 27.2778 11.8
      vertex 4.35031 27.1978 11.8
    endloop
  endfacet
  facet normal 0 0 1
    outer loop
      vertex 5.40318 28.819 11.8
      vertex 4.19783 27.3503 11.8
      vertex 4.27782 27.2778 11.8
    endloop
  endfacet
  facet normal 0 0 1
    outer loop
      vertex 5.16671 28.9944 11.8
      vertex 4.11113 27.4146 11.8
      vertex 4.19783 27.3503 11.8
    endloop
  endfacet
  facet normal 0 0 1
    outer loop
      vertex 3.81931 27.5526 11.8
      vertex 4.37085 29.3708 11.8
      vertex 4.08527 29.4424 11.8
    endloop
  endfacet
  facet normal 0 0 1
    outer loop
      vertex 4.91419 29.1458 11.8
      vertex 4.01854 27.4701 11.8
      vertex 4.11113 27.4146 11.8
    endloop
  endfacet
  facet normal 0 0 1
    outer loop
      vertex 4.64805 29.2716 11.8
      vertex 3.92095 27.5163 11.8
      vertex 4.01854 27.4701 11.8
    endloop
  endfacet
  facet normal 0 0 1
    outer loop
      vertex 4.37085 29.3708 11.8
      vertex 3.81931 27.5526 11.8
      vertex 3.92095 27.5163 11.8
    endloop
  endfacet
  facet normal 0 0 1
    outer loop
      vertex 3.7146 27.5789 11.8
      vertex 4.08527 29.4424 11.8
      vertex 3.79405 29.4856 11.8
    endloop
  endfacet
  facet normal 0 0 1
    outer loop
      vertex 4.08527 29.4424 11.8
      vertex 3.7146 27.5789 11.8
      vertex 3.81931 27.5526 11.8
    endloop
  endfacet
  facet normal 0 0 1
    outer loop
      vertex 3.79405 29.4856 11.8
      vertex 3.60782 27.5947 11.8
      vertex 3.7146 27.5789 11.8
    endloop
  endfacet
  facet normal 0 0 1
    outer loop
      vertex 3.5 29.5 11.8
      vertex 3.60782 27.5947 11.8
      vertex 3.79405 29.4856 11.8
    endloop
  endfacet
  facet normal 0 0 1
    outer loop
      vertex 3.5 29.5 11.8
      vertex 3.5 27.6 11.8
      vertex 3.60782 27.5947 11.8
    endloop
  endfacet
  facet normal 0 0 1
    outer loop
      vertex 3.5 29.5 11.8
      vertex 3.39218 27.5947 11.8
      vertex 3.5 27.6 11.8
    endloop
  endfacet
  facet normal -0 0 1
    outer loop
      vertex 3.20595 29.4856 11.8
      vertex 3.39218 27.5947 11.8
      vertex 3.5 29.5 11.8
    endloop
  endfacet
  facet normal 0 0 1
    outer loop
      vertex 3.39218 27.5947 11.8
      vertex 3.20595 29.4856 11.8
      vertex 3.2854 27.5789 11.8
    endloop
  endfacet
  facet normal -0 0 1
    outer loop
      vertex 2.91473 29.4424 11.8
      vertex 3.2854 27.5789 11.8
      vertex 3.20595 29.4856 11.8
    endloop
  endfacet
  facet normal 0 0 1
    outer loop
      vertex 3.2854 27.5789 11.8
      vertex 2.91473 29.4424 11.8
      vertex 3.18069 27.5526 11.8
    endloop
  endfacet
  facet normal -0 0 1
    outer loop
      vertex 2.62915 29.3708 11.8
      vertex 3.18069 27.5526 11.8
      vertex 2.91473 29.4424 11.8
    endloop
  endfacet
  facet normal 0 0 1
    outer loop
      vertex 3.18069 27.5526 11.8
      vertex 2.62915 29.3708 11.8
      vertex 3.07905 27.5163 11.8
    endloop
  endfacet
  facet normal -0 0 1
    outer loop
      vertex 2.35195 29.2716 11.8
      vertex 3.07905 27.5163 11.8
      vertex 2.62915 29.3708 11.8
    endloop
  endfacet
  facet normal 0 0 1
    outer loop
      vertex 3.07905 27.5163 11.8
      vertex 2.35195 29.2716 11.8
      vertex 2.98146 27.4701 11.8
    endloop
  endfacet
  facet normal -0 0 1
    outer loop
      vertex 2.08581 29.1458 11.8
      vertex 2.98146 27.4701 11.8
      vertex 2.35195 29.2716 11.8
    endloop
  endfacet
  facet normal 0 0 1
    outer loop
      vertex 2.98146 27.4701 11.8
      vertex 2.08581 29.1458 11.8
      vertex 2.88887 27.4146 11.8
    endloop
  endfacet
  facet normal -0 0 1
    outer loop
      vertex 1.83329 28.9944 11.8
      vertex 2.88887 27.4146 11.8
      vertex 2.08581 29.1458 11.8
    endloop
  endfacet
  facet normal 0 0 1
    outer loop
      vertex 2.88887 27.4146 11.8
      vertex 1.83329 28.9944 11.8
      vertex 2.80217 27.3503 11.8
    endloop
  endfacet
  facet normal -0 0 1
    outer loop
      vertex 1.59682 28.819 11.8
      vertex 2.80217 27.3503 11.8
      vertex 1.83329 28.9944 11.8
    endloop
  endfacet
  facet normal 0 0 1
    outer loop
      vertex 2.80217 27.3503 11.8
      vertex 1.59682 28.819 11.8
      vertex 2.72218 27.2778 11.8
    endloop
  endfacet
  facet normal -0 0 1
    outer loop
      vertex 1.37868 28.6213 11.8
      vertex 2.72218 27.2778 11.8
      vertex 1.59682 28.819 11.8
    endloop
  endfacet
  facet normal 0 0 1
    outer loop
      vertex 2.72218 27.2778 11.8
      vertex 1.37868 28.6213 11.8
      vertex 2.64969 27.1978 11.8
    endloop
  endfacet
  facet normal -0 0 1
    outer loop
      vertex 1.18097 28.4032 11.8
      vertex 2.64969 27.1978 11.8
      vertex 1.37868 28.6213 11.8
    endloop
  endfacet
  facet normal -0 0 1
    outer loop
      vertex 1.00559 28.1667 11.8
      vertex 2.58538 27.1111 11.8
      vertex 1.18097 28.4032 11.8
    endloop
  endfacet
  facet normal 0 0 1
    outer loop
      vertex 2.64969 27.1978 11.8
      vertex 1.18097 28.4032 11.8
      vertex 2.58538 27.1111 11.8
    endloop
  endfacet
  facet normal 0 0 1
    outer loop
      vertex 5.99441 24.8333 11.8
      vertex 4.41462 25.8889 11.8
      vertex 5.81903 24.5968 11.8
    endloop
  endfacet
  facet normal -0 0 1
    outer loop
      vertex 4.35031 25.8022 11.8
      vertex 5.81903 24.5968 11.8
      vertex 4.41462 25.8889 11.8
    endloop
  endfacet
  facet normal 0 0 1
    outer loop
      vertex 5.81903 24.5968 11.8
      vertex 4.35031 25.8022 11.8
      vertex 5.62132 24.3787 11.8
    endloop
  endfacet
  facet normal -0 0 1
    outer loop
      vertex 4.27782 25.7222 11.8
      vertex 5.62132 24.3787 11.8
      vertex 4.35031 25.8022 11.8
    endloop
  endfacet
  facet normal 0 0 1
    outer loop
      vertex 5.62132 24.3787 11.8
      vertex 4.27782 25.7222 11.8
      vertex 5.40318 24.181 11.8
    endloop
  endfacet
  facet normal -0 0 1
    outer loop
      vertex 4.19783 25.6497 11.8
      vertex 5.40318 24.181 11.8
      vertex 4.27782 25.7222 11.8
    endloop
  endfacet
  facet normal 0 0 1
    outer loop
      vertex 5.40318 24.181 11.8
      vertex 4.19783 25.6497 11.8
      vertex 5.16671 24.0056 11.8
    endloop
  endfacet
  facet normal -0 0 1
    outer loop
      vertex 4.11113 25.5854 11.8
      vertex 5.16671 24.0056 11.8
      vertex 4.19783 25.6497 11.8
    endloop
  endfacet
  facet normal 0 0 1
    outer loop
      vertex 5.16671 24.0056 11.8
      vertex 4.11113 25.5854 11.8
      vertex 4.91419 23.8542 11.8
    endloop
  endfacet
  facet normal -0 0 1
    outer loop
      vertex 4.01854 25.5299 11.8
      vertex 4.91419 23.8542 11.8
      vertex 4.11113 25.5854 11.8
    endloop
  endfacet
  facet normal 0 0 1
    outer loop
      vertex 4.91419 23.8542 11.8
      vertex 4.01854 25.5299 11.8
      vertex 4.64805 23.7284 11.8
    endloop
  endfacet
  facet normal -0 0 1
    outer loop
      vertex 3.92095 25.4837 11.8
      vertex 4.64805 23.7284 11.8
      vertex 4.01854 25.5299 11.8
    endloop
  endfacet
  facet normal 0 0 1
    outer loop
      vertex 4.64805 23.7284 11.8
      vertex 3.92095 25.4837 11.8
      vertex 4.37085 23.6292 11.8
    endloop
  endfacet
  facet normal -0 0 1
    outer loop
      vertex 3.81931 25.4474 11.8
      vertex 4.37085 23.6292 11.8
      vertex 3.92095 25.4837 11.8
    endloop
  endfacet
  facet normal 0 0 1
    outer loop
      vertex 4.37085 23.6292 11.8
      vertex 3.81931 25.4474 11.8
      vertex 4.08527 23.5576 11.8
    endloop
  endfacet
  facet normal -0 0 1
    outer loop
      vertex 3.7146 25.4211 11.8
      vertex 4.08527 23.5576 11.8
      vertex 3.81931 25.4474 11.8
    endloop
  endfacet
  facet normal 0 0 1
    outer loop
      vertex 4.08527 23.5576 11.8
      vertex 3.7146 25.4211 11.8
      vertex 3.79405 23.5144 11.8
    endloop
  endfacet
  facet normal -0 0 1
    outer loop
      vertex 3.60782 25.4053 11.8
      vertex 3.79405 23.5144 11.8
      vertex 3.7146 25.4211 11.8
    endloop
  endfacet
  facet normal -0 0 1
    outer loop
      vertex 3.5 25.4 11.8
      vertex 3.79405 23.5144 11.8
      vertex 3.60782 25.4053 11.8
    endloop
  endfacet
  facet normal 0 0 1
    outer loop
      vertex 3.5 25.4 11.8
      vertex 3.5 23.5 11.8
      vertex 3.79405 23.5144 11.8
    endloop
  endfacet
  facet normal 0 0 1
    outer loop
      vertex 3.39218 25.4053 11.8
      vertex 3.5 23.5 11.8
      vertex 3.5 25.4 11.8
    endloop
  endfacet
  facet normal 0 0 1
    outer loop
      vertex 3.20595 23.5144 11.8
      vertex 3.39218 25.4053 11.8
      vertex 3.2854 25.4211 11.8
    endloop
  endfacet
  facet normal 0 0 1
    outer loop
      vertex 3.39218 25.4053 11.8
      vertex 3.20595 23.5144 11.8
      vertex 3.5 23.5 11.8
    endloop
  endfacet
  facet normal 0 0 1
    outer loop
      vertex 2.91473 23.5576 11.8
      vertex 3.2854 25.4211 11.8
      vertex 3.18069 25.4474 11.8
    endloop
  endfacet
  facet normal 0 0 1
    outer loop
      vertex 2.62915 23.6292 11.8
      vertex 3.18069 25.4474 11.8
      vertex 3.07905 25.4837 11.8
    endloop
  endfacet
  facet normal 0 0 1
    outer loop
      vertex 2.35195 23.7284 11.8
      vertex 3.07905 25.4837 11.8
      vertex 2.98146 25.5299 11.8
    endloop
  endfacet
  facet normal 0 0 1
    outer loop
      vertex 3.2854 25.4211 11.8
      vertex 2.91473 23.5576 11.8
      vertex 3.20595 23.5144 11.8
    endloop
  endfacet
  facet normal 0 0 1
    outer loop
      vertex 2.08581 23.8542 11.8
      vertex 2.98146 25.5299 11.8
      vertex 2.88887 25.5854 11.8
    endloop
  endfacet
  facet normal 0 0 1
    outer loop
      vertex 1.83329 24.0056 11.8
      vertex 2.88887 25.5854 11.8
      vertex 2.80217 25.6497 11.8
    endloop
  endfacet
  facet normal 0 0 1
    outer loop
      vertex 1.59682 24.181 11.8
      vertex 2.80217 25.6497 11.8
      vertex 2.72218 25.7222 11.8
    endloop
  endfacet
  facet normal 0 0 1
    outer loop
      vertex 1.37868 24.3787 11.8
      vertex 2.72218 25.7222 11.8
      vertex 2.64969 25.8022 11.8
    endloop
  endfacet
  facet normal 0 0 1
    outer loop
      vertex 3.18069 25.4474 11.8
      vertex 2.62915 23.6292 11.8
      vertex 2.91473 23.5576 11.8
    endloop
  endfacet
  facet normal 0 0 1
    outer loop
      vertex 1.18097 24.5968 11.8
      vertex 2.64969 25.8022 11.8
      vertex 2.58538 25.8889 11.8
    endloop
  endfacet
  facet normal 0 0 1
    outer loop
      vertex 1.00559 24.8333 11.8
      vertex 2.58538 25.8889 11.8
      vertex 2.52989 25.9815 11.8
    endloop
  endfacet
  facet normal 0 0 1
    outer loop
      vertex 0.854236 25.0858 11.8
      vertex 2.52989 25.9815 11.8
      vertex 2.48373 26.079 11.8
    endloop
  endfacet
  facet normal 0 0 1
    outer loop
      vertex 0.728361 25.3519 11.8
      vertex 2.48373 26.079 11.8
      vertex 2.44736 26.1807 11.8
    endloop
  endfacet
  facet normal 0 0 1
    outer loop
      vertex 0.629178 25.6291 11.8
      vertex 2.44736 26.1807 11.8
      vertex 2.42114 26.2854 11.8
    endloop
  endfacet
  facet normal 0 0 1
    outer loop
      vertex 0.557644 25.9147 11.8
      vertex 2.42114 26.2854 11.8
      vertex 2.4053 26.3922 11.8
    endloop
  endfacet
  facet normal 0 0 1
    outer loop
      vertex 3.07905 25.4837 11.8
      vertex 2.35195 23.7284 11.8
      vertex 2.62915 23.6292 11.8
    endloop
  endfacet
  facet normal 0 0 1
    outer loop
      vertex 0.514445 26.2059 11.8
      vertex 2.4053 26.3922 11.8
      vertex 2.4 26.5 11.8
    endloop
  endfacet
  facet normal 0 0 1
    outer loop
      vertex 2.58538 27.1111 11.8
      vertex 1.00559 28.1667 11.8
      vertex 2.52989 27.0185 11.8
    endloop
  endfacet
  facet normal -0 0 1
    outer loop
      vertex 0.854236 27.9142 11.8
      vertex 2.52989 27.0185 11.8
      vertex 1.00559 28.1667 11.8
    endloop
  endfacet
  facet normal 0 0 1
    outer loop
      vertex 2.98146 25.5299 11.8
      vertex 2.08581 23.8542 11.8
      vertex 2.35195 23.7284 11.8
    endloop
  endfacet
  facet normal 0 0 1
    outer loop
      vertex 2.52989 27.0185 11.8
      vertex 0.854236 27.9142 11.8
      vertex 2.48373 26.921 11.8
    endloop
  endfacet
  facet normal 0 0 1
    outer loop
      vertex 2.88887 25.5854 11.8
      vertex 1.83329 24.0056 11.8
      vertex 2.08581 23.8542 11.8
    endloop
  endfacet
  facet normal -0 0 1
    outer loop
      vertex 0.728361 27.6481 11.8
      vertex 2.48373 26.921 11.8
      vertex 0.854236 27.9142 11.8
    endloop
  endfacet
  facet normal 0 0 1
    outer loop
      vertex 2.80217 25.6497 11.8
      vertex 1.59682 24.181 11.8
      vertex 1.83329 24.0056 11.8
    endloop
  endfacet
  facet normal 0 0 1
    outer loop
      vertex 2.48373 26.921 11.8
      vertex 0.728361 27.6481 11.8
      vertex 2.44736 26.8193 11.8
    endloop
  endfacet
  facet normal 0 0 1
    outer loop
      vertex 2.72218 25.7222 11.8
      vertex 1.37868 24.3787 11.8
      vertex 1.59682 24.181 11.8
    endloop
  endfacet
  facet normal -0 0 1
    outer loop
      vertex 0.629178 27.3709 11.8
      vertex 2.44736 26.8193 11.8
      vertex 0.728361 27.6481 11.8
    endloop
  endfacet
  facet normal 0 0 1
    outer loop
      vertex 2.64969 25.8022 11.8
      vertex 1.18097 24.5968 11.8
      vertex 1.37868 24.3787 11.8
    endloop
  endfacet
  facet normal 0 0 1
    outer loop
      vertex 2.44736 26.8193 11.8
      vertex 0.629178 27.3709 11.8
      vertex 2.42114 26.7146 11.8
    endloop
  endfacet
  facet normal 0 0 1
    outer loop
      vertex 2.58538 25.8889 11.8
      vertex 1.00559 24.8333 11.8
      vertex 1.18097 24.5968 11.8
    endloop
  endfacet
  facet normal -0 0 1
    outer loop
      vertex 0.557644 27.0853 11.8
      vertex 2.42114 26.7146 11.8
      vertex 0.629178 27.3709 11.8
    endloop
  endfacet
  facet normal 0 0 1
    outer loop
      vertex 2.52989 25.9815 11.8
      vertex 0.854236 25.0858 11.8
      vertex 1.00559 24.8333 11.8
    endloop
  endfacet
  facet normal 0 0 1
    outer loop
      vertex 2.42114 26.7146 11.8
      vertex 0.557644 27.0853 11.8
      vertex 2.4053 26.6078 11.8
    endloop
  endfacet
  facet normal 0 0 1
    outer loop
      vertex 2.48373 26.079 11.8
      vertex 0.728361 25.3519 11.8
      vertex 0.854236 25.0858 11.8
    endloop
  endfacet
  facet normal -0 0 1
    outer loop
      vertex 0.514445 26.7941 11.8
      vertex 2.4053 26.6078 11.8
      vertex 0.557644 27.0853 11.8
    endloop
  endfacet
  facet normal 0 0 1
    outer loop
      vertex 2.44736 26.1807 11.8
      vertex 0.629178 25.6291 11.8
      vertex 0.728361 25.3519 11.8
    endloop
  endfacet
  facet normal 0 0 1
    outer loop
      vertex 2.4053 26.6078 11.8
      vertex 0.514445 26.7941 11.8
      vertex 2.4 26.5 11.8
    endloop
  endfacet
  facet normal 0 0 1
    outer loop
      vertex 2.42114 26.2854 11.8
      vertex 0.557644 25.9147 11.8
      vertex 0.629178 25.6291 11.8
    endloop
  endfacet
  facet normal 0 0 1
    outer loop
      vertex 0.5 26.5 11.8
      vertex 2.4 26.5 11.8
      vertex 0.514445 26.7941 11.8
    endloop
  endfacet
  facet normal 0 0 1
    outer loop
      vertex 2.4053 26.3922 11.8
      vertex 0.514445 26.2059 11.8
      vertex 0.557644 25.9147 11.8
    endloop
  endfacet
  facet normal 0 0 1
    outer loop
      vertex 2.4 26.5 11.8
      vertex 0.5 26.5 11.8
      vertex 0.514445 26.2059 11.8
    endloop
  endfacet
  facet normal 0 0 1
    outer loop
      vertex 62.6 26.5 11.8
      vertex 64.5 26.5 11.8
      vertex 64.4855 26.7941 11.8
    endloop
  endfacet
  facet normal 0 0 1
    outer loop
      vertex 62.5947 26.6078 11.8
      vertex 64.4855 26.7941 11.8
      vertex 64.4424 27.0853 11.8
    endloop
  endfacet
  facet normal 0 0 1
    outer loop
      vertex 64.5 26.5 11.8
      vertex 62.6 26.5 11.8
      vertex 64.4855 26.2059 11.8
    endloop
  endfacet
  facet normal 0 0 1
    outer loop
      vertex 62.5789 26.7146 11.8
      vertex 64.4424 27.0853 11.8
      vertex 64.3708 27.3709 11.8
    endloop
  endfacet
  facet normal -0 0 1
    outer loop
      vertex 62.5947 26.3922 11.8
      vertex 64.4855 26.2059 11.8
      vertex 62.6 26.5 11.8
    endloop
  endfacet
  facet normal 0 0 1
    outer loop
      vertex 62.5526 26.8193 11.8
      vertex 64.3708 27.3709 11.8
      vertex 64.2716 27.6481 11.8
    endloop
  endfacet
  facet normal 0 0 1
    outer loop
      vertex 64.4855 26.2059 11.8
      vertex 62.5947 26.3922 11.8
      vertex 64.4424 25.9147 11.8
    endloop
  endfacet
  facet normal 0 0 1
    outer loop
      vertex 62.5163 26.921 11.8
      vertex 64.2716 27.6481 11.8
      vertex 64.1458 27.9142 11.8
    endloop
  endfacet
  facet normal -0 0 1
    outer loop
      vertex 62.5789 26.2854 11.8
      vertex 64.4424 25.9147 11.8
      vertex 62.5947 26.3922 11.8
    endloop
  endfacet
  facet normal 0 0 1
    outer loop
      vertex 62.4701 27.0185 11.8
      vertex 64.1458 27.9142 11.8
      vertex 63.9944 28.1667 11.8
    endloop
  endfacet
  facet normal 0 0 1
    outer loop
      vertex 64.4424 25.9147 11.8
      vertex 62.5789 26.2854 11.8
      vertex 64.3708 25.6291 11.8
    endloop
  endfacet
  facet normal 0 0 1
    outer loop
      vertex 62.4146 27.1111 11.8
      vertex 63.9944 28.1667 11.8
      vertex 63.819 28.4032 11.8
    endloop
  endfacet
  facet normal -0 0 1
    outer loop
      vertex 62.5526 26.1807 11.8
      vertex 64.3708 25.6291 11.8
      vertex 62.5789 26.2854 11.8
    endloop
  endfacet
  facet normal 0 0 1
    outer loop
      vertex 62.3503 27.1978 11.8
      vertex 63.819 28.4032 11.8
      vertex 63.6213 28.6213 11.8
    endloop
  endfacet
  facet normal 0 0 1
    outer loop
      vertex 64.3708 25.6291 11.8
      vertex 62.5526 26.1807 11.8
      vertex 64.2716 25.3519 11.8
    endloop
  endfacet
  facet normal 0 0 1
    outer loop
      vertex 62.2778 27.2778 11.8
      vertex 63.6213 28.6213 11.8
      vertex 63.4032 28.819 11.8
    endloop
  endfacet
  facet normal -0 0 1
    outer loop
      vertex 62.5163 26.079 11.8
      vertex 64.2716 25.3519 11.8
      vertex 62.5526 26.1807 11.8
    endloop
  endfacet
  facet normal 0 0 1
    outer loop
      vertex 62.1978 27.3503 11.8
      vertex 63.4032 28.819 11.8
      vertex 63.1667 28.9944 11.8
    endloop
  endfacet
  facet normal 0 0 1
    outer loop
      vertex 64.2716 25.3519 11.8
      vertex 62.5163 26.079 11.8
      vertex 64.1458 25.0858 11.8
    endloop
  endfacet
  facet normal 0 0 1
    outer loop
      vertex 62.1111 27.4146 11.8
      vertex 63.1667 28.9944 11.8
      vertex 62.9142 29.1458 11.8
    endloop
  endfacet
  facet normal -0 0 1
    outer loop
      vertex 62.4701 25.9815 11.8
      vertex 64.1458 25.0858 11.8
      vertex 62.5163 26.079 11.8
    endloop
  endfacet
  facet normal 0 0 1
    outer loop
      vertex 62.0185 27.4701 11.8
      vertex 62.9142 29.1458 11.8
      vertex 62.648 29.2716 11.8
    endloop
  endfacet
  facet normal 0 0 1
    outer loop
      vertex 64.1458 25.0858 11.8
      vertex 62.4701 25.9815 11.8
      vertex 63.9944 24.8333 11.8
    endloop
  endfacet
  facet normal -0 0 1
    outer loop
      vertex 62.4146 25.8889 11.8
      vertex 63.9944 24.8333 11.8
      vertex 62.4701 25.9815 11.8
    endloop
  endfacet
  facet normal 0 0 1
    outer loop
      vertex 64.4855 26.7941 11.8
      vertex 62.5947 26.6078 11.8
      vertex 62.6 26.5 11.8
    endloop
  endfacet
  facet normal 0 0 1
    outer loop
      vertex 64.4424 27.0853 11.8
      vertex 62.5789 26.7146 11.8
      vertex 62.5947 26.6078 11.8
    endloop
  endfacet
  facet normal 0 0 1
    outer loop
      vertex 64.3708 27.3709 11.8
      vertex 62.5526 26.8193 11.8
      vertex 62.5789 26.7146 11.8
    endloop
  endfacet
  facet normal 0 0 1
    outer loop
      vertex 64.2716 27.6481 11.8
      vertex 62.5163 26.921 11.8
      vertex 62.5526 26.8193 11.8
    endloop
  endfacet
  facet normal 0 0 1
    outer loop
      vertex 64.1458 27.9142 11.8
      vertex 62.4701 27.0185 11.8
      vertex 62.5163 26.921 11.8
    endloop
  endfacet
  facet normal 0 0 1
    outer loop
      vertex 63.9944 28.1667 11.8
      vertex 62.4146 27.1111 11.8
      vertex 62.4701 27.0185 11.8
    endloop
  endfacet
  facet normal 0 0 1
    outer loop
      vertex 61.921 27.5163 11.8
      vertex 62.648 29.2716 11.8
      vertex 62.3709 29.3708 11.8
    endloop
  endfacet
  facet normal 0 0 1
    outer loop
      vertex 63.819 28.4032 11.8
      vertex 62.3503 27.1978 11.8
      vertex 62.4146 27.1111 11.8
    endloop
  endfacet
  facet normal 0 0 1
    outer loop
      vertex 63.6213 28.6213 11.8
      vertex 62.2778 27.2778 11.8
      vertex 62.3503 27.1978 11.8
    endloop
  endfacet
  facet normal 0 0 1
    outer loop
      vertex 63.4032 28.819 11.8
      vertex 62.1978 27.3503 11.8
      vertex 62.2778 27.2778 11.8
    endloop
  endfacet
  facet normal 0 0 1
    outer loop
      vertex 63.1667 28.9944 11.8
      vertex 62.1111 27.4146 11.8
      vertex 62.1978 27.3503 11.8
    endloop
  endfacet
  facet normal 0 0 1
    outer loop
      vertex 61.8193 27.5526 11.8
      vertex 62.3709 29.3708 11.8
      vertex 62.0853 29.4424 11.8
    endloop
  endfacet
  facet normal 0 0 1
    outer loop
      vertex 62.9142 29.1458 11.8
      vertex 62.0185 27.4701 11.8
      vertex 62.1111 27.4146 11.8
    endloop
  endfacet
  facet normal 0 0 1
    outer loop
      vertex 62.648 29.2716 11.8
      vertex 61.921 27.5163 11.8
      vertex 62.0185 27.4701 11.8
    endloop
  endfacet
  facet normal 0 0 1
    outer loop
      vertex 62.3709 29.3708 11.8
      vertex 61.8193 27.5526 11.8
      vertex 61.921 27.5163 11.8
    endloop
  endfacet
  facet normal 0 0 1
    outer loop
      vertex 61.7146 27.5789 11.8
      vertex 62.0853 29.4424 11.8
      vertex 61.7941 29.4856 11.8
    endloop
  endfacet
  facet normal 0 0 1
    outer loop
      vertex 62.0853 29.4424 11.8
      vertex 61.7146 27.5789 11.8
      vertex 61.8193 27.5526 11.8
    endloop
  endfacet
  facet normal 0 0 1
    outer loop
      vertex 61.7941 29.4856 11.8
      vertex 61.6078 27.5947 11.8
      vertex 61.7146 27.5789 11.8
    endloop
  endfacet
  facet normal 0 0 1
    outer loop
      vertex 61.5 29.5 11.8
      vertex 61.6078 27.5947 11.8
      vertex 61.7941 29.4856 11.8
    endloop
  endfacet
  facet normal 0 0 1
    outer loop
      vertex 61.5 29.5 11.8
      vertex 61.5 27.6 11.8
      vertex 61.6078 27.5947 11.8
    endloop
  endfacet
  facet normal 0 0 1
    outer loop
      vertex 61.5 29.5 11.8
      vertex 61.3922 27.5947 11.8
      vertex 61.5 27.6 11.8
    endloop
  endfacet
  facet normal -0 0 1
    outer loop
      vertex 61.2059 29.4856 11.8
      vertex 61.3922 27.5947 11.8
      vertex 61.5 29.5 11.8
    endloop
  endfacet
  facet normal 0 0 1
    outer loop
      vertex 61.3922 27.5947 11.8
      vertex 61.2059 29.4856 11.8
      vertex 61.2854 27.5789 11.8
    endloop
  endfacet
  facet normal -0 0 1
    outer loop
      vertex 60.9147 29.4424 11.8
      vertex 61.2854 27.5789 11.8
      vertex 61.2059 29.4856 11.8
    endloop
  endfacet
  facet normal 0 0 1
    outer loop
      vertex 61.2854 27.5789 11.8
      vertex 60.9147 29.4424 11.8
      vertex 61.1807 27.5526 11.8
    endloop
  endfacet
  facet normal -0 0 1
    outer loop
      vertex 60.6291 29.3708 11.8
      vertex 61.1807 27.5526 11.8
      vertex 60.9147 29.4424 11.8
    endloop
  endfacet
  facet normal 0 0 1
    outer loop
      vertex 61.1807 27.5526 11.8
      vertex 60.6291 29.3708 11.8
      vertex 61.079 27.5163 11.8
    endloop
  endfacet
  facet normal -0 0 1
    outer loop
      vertex 60.352 29.2716 11.8
      vertex 61.079 27.5163 11.8
      vertex 60.6291 29.3708 11.8
    endloop
  endfacet
  facet normal 0 0 1
    outer loop
      vertex 61.079 27.5163 11.8
      vertex 60.352 29.2716 11.8
      vertex 60.9815 27.4701 11.8
    endloop
  endfacet
  facet normal -0 0 1
    outer loop
      vertex 60.0858 29.1458 11.8
      vertex 60.9815 27.4701 11.8
      vertex 60.352 29.2716 11.8
    endloop
  endfacet
  facet normal 0 0 1
    outer loop
      vertex 60.9815 27.4701 11.8
      vertex 60.0858 29.1458 11.8
      vertex 60.8889 27.4146 11.8
    endloop
  endfacet
  facet normal -0 0 1
    outer loop
      vertex 59.8333 28.9944 11.8
      vertex 60.8889 27.4146 11.8
      vertex 60.0858 29.1458 11.8
    endloop
  endfacet
  facet normal 0 0 1
    outer loop
      vertex 60.8889 27.4146 11.8
      vertex 59.8333 28.9944 11.8
      vertex 60.8022 27.3503 11.8
    endloop
  endfacet
  facet normal -0 0 1
    outer loop
      vertex 59.5968 28.819 11.8
      vertex 60.8022 27.3503 11.8
      vertex 59.8333 28.9944 11.8
    endloop
  endfacet
  facet normal 0 0 1
    outer loop
      vertex 60.8022 27.3503 11.8
      vertex 59.5968 28.819 11.8
      vertex 60.7222 27.2778 11.8
    endloop
  endfacet
  facet normal -0 0 1
    outer loop
      vertex 59.3787 28.6213 11.8
      vertex 60.7222 27.2778 11.8
      vertex 59.5968 28.819 11.8
    endloop
  endfacet
  facet normal 0 0 1
    outer loop
      vertex 60.7222 27.2778 11.8
      vertex 59.3787 28.6213 11.8
      vertex 60.6497 27.1978 11.8
    endloop
  endfacet
  facet normal -0 0 1
    outer loop
      vertex 59.181 28.4032 11.8
      vertex 60.6497 27.1978 11.8
      vertex 59.3787 28.6213 11.8
    endloop
  endfacet
  facet normal -0 0 1
    outer loop
      vertex 59.0056 28.1667 11.8
      vertex 60.5854 27.1111 11.8
      vertex 59.181 28.4032 11.8
    endloop
  endfacet
  facet normal 0 0 1
    outer loop
      vertex 60.6497 27.1978 11.8
      vertex 59.181 28.4032 11.8
      vertex 60.5854 27.1111 11.8
    endloop
  endfacet
  facet normal 0 0 1
    outer loop
      vertex 63.9944 24.8333 11.8
      vertex 62.4146 25.8889 11.8
      vertex 63.819 24.5968 11.8
    endloop
  endfacet
  facet normal -0 0 1
    outer loop
      vertex 62.3503 25.8022 11.8
      vertex 63.819 24.5968 11.8
      vertex 62.4146 25.8889 11.8
    endloop
  endfacet
  facet normal 0 0 1
    outer loop
      vertex 63.819 24.5968 11.8
      vertex 62.3503 25.8022 11.8
      vertex 63.6213 24.3787 11.8
    endloop
  endfacet
  facet normal -0 0 1
    outer loop
      vertex 62.2778 25.7222 11.8
      vertex 63.6213 24.3787 11.8
      vertex 62.3503 25.8022 11.8
    endloop
  endfacet
  facet normal 0 0 1
    outer loop
      vertex 63.6213 24.3787 11.8
      vertex 62.2778 25.7222 11.8
      vertex 63.4032 24.181 11.8
    endloop
  endfacet
  facet normal -0 0 1
    outer loop
      vertex 62.1978 25.6497 11.8
      vertex 63.4032 24.181 11.8
      vertex 62.2778 25.7222 11.8
    endloop
  endfacet
  facet normal 0 0 1
    outer loop
      vertex 63.4032 24.181 11.8
      vertex 62.1978 25.6497 11.8
      vertex 63.1667 24.0056 11.8
    endloop
  endfacet
  facet normal -0 0 1
    outer loop
      vertex 62.1111 25.5854 11.8
      vertex 63.1667 24.0056 11.8
      vertex 62.1978 25.6497 11.8
    endloop
  endfacet
  facet normal 0 0 1
    outer loop
      vertex 63.1667 24.0056 11.8
      vertex 62.1111 25.5854 11.8
      vertex 62.9142 23.8542 11.8
    endloop
  endfacet
  facet normal -0 0 1
    outer loop
      vertex 62.0185 25.5299 11.8
      vertex 62.9142 23.8542 11.8
      vertex 62.1111 25.5854 11.8
    endloop
  endfacet
  facet normal 0 0 1
    outer loop
      vertex 62.9142 23.8542 11.8
      vertex 62.0185 25.5299 11.8
      vertex 62.648 23.7284 11.8
    endloop
  endfacet
  facet normal -0 0 1
    outer loop
      vertex 61.921 25.4837 11.8
      vertex 62.648 23.7284 11.8
      vertex 62.0185 25.5299 11.8
    endloop
  endfacet
  facet normal 0 0 1
    outer loop
      vertex 62.648 23.7284 11.8
      vertex 61.921 25.4837 11.8
      vertex 62.3709 23.6292 11.8
    endloop
  endfacet
  facet normal -0 0 1
    outer loop
      vertex 61.8193 25.4474 11.8
      vertex 62.3709 23.6292 11.8
      vertex 61.921 25.4837 11.8
    endloop
  endfacet
  facet normal 0 0 1
    outer loop
      vertex 62.3709 23.6292 11.8
      vertex 61.8193 25.4474 11.8
      vertex 62.0853 23.5576 11.8
    endloop
  endfacet
  facet normal -0 0 1
    outer loop
      vertex 61.7146 25.4211 11.8
      vertex 62.0853 23.5576 11.8
      vertex 61.8193 25.4474 11.8
    endloop
  endfacet
  facet normal 0 0 1
    outer loop
      vertex 62.0853 23.5576 11.8
      vertex 61.7146 25.4211 11.8
      vertex 61.7941 23.5144 11.8
    endloop
  endfacet
  facet normal -0 0 1
    outer loop
      vertex 61.6078 25.4053 11.8
      vertex 61.7941 23.5144 11.8
      vertex 61.7146 25.4211 11.8
    endloop
  endfacet
  facet normal -0 0 1
    outer loop
      vertex 61.5 25.4 11.8
      vertex 61.7941 23.5144 11.8
      vertex 61.6078 25.4053 11.8
    endloop
  endfacet
  facet normal 0 0 1
    outer loop
      vertex 61.5 25.4 11.8
      vertex 61.5 23.5 11.8
      vertex 61.7941 23.5144 11.8
    endloop
  endfacet
  facet normal 0 0 1
    outer loop
      vertex 61.3922 25.4053 11.8
      vertex 61.5 23.5 11.8
      vertex 61.5 25.4 11.8
    endloop
  endfacet
  facet normal 0 0 1
    outer loop
      vertex 61.2059 23.5144 11.8
      vertex 61.3922 25.4053 11.8
      vertex 61.2854 25.4211 11.8
    endloop
  endfacet
  facet normal 0 0 1
    outer loop
      vertex 61.3922 25.4053 11.8
      vertex 61.2059 23.5144 11.8
      vertex 61.5 23.5 11.8
    endloop
  endfacet
  facet normal 0 0 1
    outer loop
      vertex 60.9147 23.5576 11.8
      vertex 61.2854 25.4211 11.8
      vertex 61.1807 25.4474 11.8
    endloop
  endfacet
  facet normal 0 0 1
    outer loop
      vertex 60.6291 23.6292 11.8
      vertex 61.1807 25.4474 11.8
      vertex 61.079 25.4837 11.8
    endloop
  endfacet
  facet normal 0 0 1
    outer loop
      vertex 60.352 23.7284 11.8
      vertex 61.079 25.4837 11.8
      vertex 60.9815 25.5299 11.8
    endloop
  endfacet
  facet normal 0 0 1
    outer loop
      vertex 61.2854 25.4211 11.8
      vertex 60.9147 23.5576 11.8
      vertex 61.2059 23.5144 11.8
    endloop
  endfacet
  facet normal 0 0 1
    outer loop
      vertex 60.0858 23.8542 11.8
      vertex 60.9815 25.5299 11.8
      vertex 60.8889 25.5854 11.8
    endloop
  endfacet
  facet normal 0 0 1
    outer loop
      vertex 59.8333 24.0056 11.8
      vertex 60.8889 25.5854 11.8
      vertex 60.8022 25.6497 11.8
    endloop
  endfacet
  facet normal 0 0 1
    outer loop
      vertex 59.5968 24.181 11.8
      vertex 60.8022 25.6497 11.8
      vertex 60.7222 25.7222 11.8
    endloop
  endfacet
  facet normal 0 0 1
    outer loop
      vertex 59.3787 24.3787 11.8
      vertex 60.7222 25.7222 11.8
      vertex 60.6497 25.8022 11.8
    endloop
  endfacet
  facet normal 0 0 1
    outer loop
      vertex 61.1807 25.4474 11.8
      vertex 60.6291 23.6292 11.8
      vertex 60.9147 23.5576 11.8
    endloop
  endfacet
  facet normal 0 0 1
    outer loop
      vertex 59.181 24.5968 11.8
      vertex 60.6497 25.8022 11.8
      vertex 60.5854 25.8889 11.8
    endloop
  endfacet
  facet normal 0 0 1
    outer loop
      vertex 59.0056 24.8333 11.8
      vertex 60.5854 25.8889 11.8
      vertex 60.5299 25.9815 11.8
    endloop
  endfacet
  facet normal 0 0 1
    outer loop
      vertex 58.8542 25.0858 11.8
      vertex 60.5299 25.9815 11.8
      vertex 60.4837 26.079 11.8
    endloop
  endfacet
  facet normal 0 0 1
    outer loop
      vertex 58.7284 25.3519 11.8
      vertex 60.4837 26.079 11.8
      vertex 60.4474 26.1807 11.8
    endloop
  endfacet
  facet normal 0 0 1
    outer loop
      vertex 58.6292 25.6291 11.8
      vertex 60.4474 26.1807 11.8
      vertex 60.4211 26.2854 11.8
    endloop
  endfacet
  facet normal 0 0 1
    outer loop
      vertex 58.5576 25.9147 11.8
      vertex 60.4211 26.2854 11.8
      vertex 60.4053 26.3922 11.8
    endloop
  endfacet
  facet normal 0 0 1
    outer loop
      vertex 61.079 25.4837 11.8
      vertex 60.352 23.7284 11.8
      vertex 60.6291 23.6292 11.8
    endloop
  endfacet
  facet normal 0 0 1
    outer loop
      vertex 58.5144 26.2059 11.8
      vertex 60.4053 26.3922 11.8
      vertex 60.4 26.5 11.8
    endloop
  endfacet
  facet normal 0 0 1
    outer loop
      vertex 60.5854 27.1111 11.8
      vertex 59.0056 28.1667 11.8
      vertex 60.5299 27.0185 11.8
    endloop
  endfacet
  facet normal -0 0 1
    outer loop
      vertex 58.8542 27.9142 11.8
      vertex 60.5299 27.0185 11.8
      vertex 59.0056 28.1667 11.8
    endloop
  endfacet
  facet normal 0 0 1
    outer loop
      vertex 60.9815 25.5299 11.8
      vertex 60.0858 23.8542 11.8
      vertex 60.352 23.7284 11.8
    endloop
  endfacet
  facet normal 0 0 1
    outer loop
      vertex 60.5299 27.0185 11.8
      vertex 58.8542 27.9142 11.8
      vertex 60.4837 26.921 11.8
    endloop
  endfacet
  facet normal 0 0 1
    outer loop
      vertex 60.8889 25.5854 11.8
      vertex 59.8333 24.0056 11.8
      vertex 60.0858 23.8542 11.8
    endloop
  endfacet
  facet normal -0 0 1
    outer loop
      vertex 58.7284 27.6481 11.8
      vertex 60.4837 26.921 11.8
      vertex 58.8542 27.9142 11.8
    endloop
  endfacet
  facet normal 0 0 1
    outer loop
      vertex 60.8022 25.6497 11.8
      vertex 59.5968 24.181 11.8
      vertex 59.8333 24.0056 11.8
    endloop
  endfacet
  facet normal 0 0 1
    outer loop
      vertex 60.4837 26.921 11.8
      vertex 58.7284 27.6481 11.8
      vertex 60.4474 26.8193 11.8
    endloop
  endfacet
  facet normal 0 0 1
    outer loop
      vertex 60.7222 25.7222 11.8
      vertex 59.3787 24.3787 11.8
      vertex 59.5968 24.181 11.8
    endloop
  endfacet
  facet normal -0 0 1
    outer loop
      vertex 58.6292 27.3709 11.8
      vertex 60.4474 26.8193 11.8
      vertex 58.7284 27.6481 11.8
    endloop
  endfacet
  facet normal 0 0 1
    outer loop
      vertex 60.6497 25.8022 11.8
      vertex 59.181 24.5968 11.8
      vertex 59.3787 24.3787 11.8
    endloop
  endfacet
  facet normal 0 0 1
    outer loop
      vertex 60.4474 26.8193 11.8
      vertex 58.6292 27.3709 11.8
      vertex 60.4211 26.7146 11.8
    endloop
  endfacet
  facet normal 0 0 1
    outer loop
      vertex 60.5854 25.8889 11.8
      vertex 59.0056 24.8333 11.8
      vertex 59.181 24.5968 11.8
    endloop
  endfacet
  facet normal -0 0 1
    outer loop
      vertex 58.5576 27.0853 11.8
      vertex 60.4211 26.7146 11.8
      vertex 58.6292 27.3709 11.8
    endloop
  endfacet
  facet normal 0 0 1
    outer loop
      vertex 60.5299 25.9815 11.8
      vertex 58.8542 25.0858 11.8
      vertex 59.0056 24.8333 11.8
    endloop
  endfacet
  facet normal 0 0 1
    outer loop
      vertex 60.4211 26.7146 11.8
      vertex 58.5576 27.0853 11.8
      vertex 60.4053 26.6078 11.8
    endloop
  endfacet
  facet normal 0 0 1
    outer loop
      vertex 60.4837 26.079 11.8
      vertex 58.7284 25.3519 11.8
      vertex 58.8542 25.0858 11.8
    endloop
  endfacet
  facet normal -0 0 1
    outer loop
      vertex 58.5144 26.7941 11.8
      vertex 60.4053 26.6078 11.8
      vertex 58.5576 27.0853 11.8
    endloop
  endfacet
  facet normal 0 0 1
    outer loop
      vertex 60.4474 26.1807 11.8
      vertex 58.6292 25.6291 11.8
      vertex 58.7284 25.3519 11.8
    endloop
  endfacet
  facet normal 0 0 1
    outer loop
      vertex 60.4053 26.6078 11.8
      vertex 58.5144 26.7941 11.8
      vertex 60.4 26.5 11.8
    endloop
  endfacet
  facet normal 0 0 1
    outer loop
      vertex 60.4211 26.2854 11.8
      vertex 58.5576 25.9147 11.8
      vertex 58.6292 25.6291 11.8
    endloop
  endfacet
  facet normal 0 0 1
    outer loop
      vertex 58.5 26.5 11.8
      vertex 60.4 26.5 11.8
      vertex 58.5144 26.7941 11.8
    endloop
  endfacet
  facet normal 0 0 1
    outer loop
      vertex 60.4053 26.3922 11.8
      vertex 58.5144 26.2059 11.8
      vertex 58.5576 25.9147 11.8
    endloop
  endfacet
  facet normal 0 0 1
    outer loop
      vertex 60.4 26.5 11.8
      vertex 58.5 26.5 11.8
      vertex 58.5144 26.2059 11.8
    endloop
  endfacet
  facet normal 0.998795 -0.0490738 0
    outer loop
      vertex 6.48555 26.2059 11.8
      vertex 6.5 26.5 1.8
      vertex 6.5 26.5 11.8
    endloop
  endfacet
  facet normal 0.998795 -0.0490738 0
    outer loop
      vertex 6.5 26.5 1.8
      vertex 6.48555 26.2059 11.8
      vertex 6.48555 26.2059 1.8
    endloop
  endfacet
  facet normal 0.595747 0.803172 -0
    outer loop
      vertex 5.40318 28.819 1.8
      vertex 5.16671 28.9944 11.8
      vertex 5.40318 28.819 11.8
    endloop
  endfacet
  facet normal 0.595747 0.803172 0
    outer loop
      vertex 5.16671 28.9944 11.8
      vertex 5.40318 28.819 1.8
      vertex 5.16671 28.9944 1.8
    endloop
  endfacet
  facet normal 0.243191 -0.969978 0
    outer loop
      vertex 4.08527 23.5576 1.8
      vertex 4.37085 23.6292 11.8
      vertex 4.08527 23.5576 11.8
    endloop
  endfacet
  facet normal 0.243191 -0.969978 0
    outer loop
      vertex 4.37085 23.6292 11.8
      vertex 4.08527 23.5576 1.8
      vertex 4.37085 23.6292 1.8
    endloop
  endfacet
  facet normal -0.970035 0.242964 0
    outer loop
      vertex 0.557644 27.0853 10.8
      vertex 0.629178 27.3709 11.8
      vertex 0.629178 27.3709 10.8
    endloop
  endfacet
  facet normal -0.970035 0.242964 0
    outer loop
      vertex 0.629178 27.3709 11.8
      vertex 0.557644 27.0853 10.8
      vertex 0.557644 27.0853 11.8
    endloop
  endfacet
  facet normal 0.427347 -0.904088 0
    outer loop
      vertex 4.64805 23.7284 1.8
      vertex 4.91419 23.8542 11.8
      vertex 4.64805 23.7284 11.8
    endloop
  endfacet
  facet normal 0.427347 -0.904088 0
    outer loop
      vertex 4.91419 23.8542 11.8
      vertex 4.64805 23.7284 1.8
      vertex 4.91419 23.8542 1.8
    endloop
  endfacet
  facet normal -0.146736 -0.989176 0
    outer loop
      vertex 2.91473 23.5576 1.8
      vertex 3.20595 23.5144 11.8
      vertex 2.91473 23.5576 11.8
    endloop
  endfacet
  facet normal -0.146736 -0.989176 -0
    outer loop
      vertex 3.20595 23.5144 11.8
      vertex 2.91473 23.5576 1.8
      vertex 3.20595 23.5144 1.8
    endloop
  endfacet
  facet normal 0.803241 0.595655 0
    outer loop
      vertex 5.99441 28.1667 11.8
      vertex 5.81903 28.4032 1.8
      vertex 5.81903 28.4032 11.8
    endloop
  endfacet
  facet normal 0.803241 0.595655 0
    outer loop
      vertex 5.81903 28.4032 1.8
      vertex 5.99441 28.1667 11.8
      vertex 5.99441 28.1667 1.8
    endloop
  endfacet
  facet normal -0.903964 -0.427608 0
    outer loop
      vertex 0.854236 25.0858 1.8
      vertex 0.728361 25.3519 11.8
      vertex 0.728361 25.3519 1.8
    endloop
  endfacet
  facet normal -0.903964 -0.427608 0
    outer loop
      vertex 0.728361 25.3519 11.8
      vertex 0.854236 25.0858 1.8
      vertex 0.854236 25.0858 11.8
    endloop
  endfacet
  facet normal 0.970031 0.242983 0
    outer loop
      vertex 6.44236 27.0853 11.8
      vertex 6.37082 27.3709 1.8
      vertex 6.37082 27.3709 11.8
    endloop
  endfacet
  facet normal 0.970031 0.242983 0
    outer loop
      vertex 6.37082 27.3709 1.8
      vertex 6.44236 27.0853 11.8
      vertex 6.44236 27.0853 1.8
    endloop
  endfacet
  facet normal 0.970031 -0.242983 0
    outer loop
      vertex 6.37082 25.6291 11.8
      vertex 6.44236 25.9147 1.8
      vertex 6.44236 25.9147 11.8
    endloop
  endfacet
  facet normal 0.970031 -0.242983 0
    outer loop
      vertex 6.44236 25.9147 1.8
      vertex 6.37082 25.6291 11.8
      vertex 6.37082 25.6291 1.8
    endloop
  endfacet
  facet normal -0.989175 0.146742 0
    outer loop
      vertex 0.514445 26.7941 10.8
      vertex 0.557644 27.0853 11.8
      vertex 0.557644 27.0853 10.8
    endloop
  endfacet
  facet normal -0.989175 0.146742 0
    outer loop
      vertex 0.557644 27.0853 11.8
      vertex 0.514445 26.7941 10.8
      vertex 0.514445 26.7941 11.8
    endloop
  endfacet
  facet normal -0.803241 -0.595655 0
    outer loop
      vertex 1.18097 24.5968 1.8
      vertex 1.00559 24.8333 11.8
      vertex 1.00559 24.8333 1.8
    endloop
  endfacet
  facet normal -0.803241 -0.595655 0
    outer loop
      vertex 1.00559 24.8333 11.8
      vertex 1.18097 24.5968 1.8
      vertex 1.18097 24.5968 11.8
    endloop
  endfacet
  facet normal 0.336939 0.941527 -0
    outer loop
      vertex 4.64805 29.2716 1.8
      vertex 4.37085 29.3708 11.8
      vertex 4.64805 29.2716 11.8
    endloop
  endfacet
  facet normal 0.336939 0.941527 0
    outer loop
      vertex 4.37085 29.3708 11.8
      vertex 4.64805 29.2716 1.8
      vertex 4.37085 29.3708 1.8
    endloop
  endfacet
  facet normal -0.336939 -0.941527 0
    outer loop
      vertex 2.35195 23.7284 1.8
      vertex 2.62915 23.6292 11.8
      vertex 2.35195 23.7284 11.8
    endloop
  endfacet
  facet normal -0.336939 -0.941527 -0
    outer loop
      vertex 2.62915 23.6292 11.8
      vertex 2.35195 23.7284 1.8
      vertex 2.62915 23.6292 1.8
    endloop
  endfacet
  facet normal -0.740891 0.671625 0
    outer loop
      vertex 1.18097 28.4032 10.8
      vertex 1.37868 28.6213 11.8
      vertex 1.37868 28.6213 10.8
    endloop
  endfacet
  facet normal -0.740891 0.671625 0
    outer loop
      vertex 1.37868 28.6213 11.8
      vertex 1.18097 28.4032 10.8
      vertex 1.18097 28.4032 11.8
    endloop
  endfacet
  facet normal 0.595747 -0.803172 0
    outer loop
      vertex 5.16671 24.0056 1.8
      vertex 5.40318 24.181 11.8
      vertex 5.16671 24.0056 11.8
    endloop
  endfacet
  facet normal 0.595747 -0.803172 0
    outer loop
      vertex 5.40318 24.181 11.8
      vertex 5.16671 24.0056 1.8
      vertex 5.40318 24.181 1.8
    endloop
  endfacet
  facet normal -0.427347 -0.904088 0
    outer loop
      vertex 2.08581 23.8542 1.8
      vertex 2.35195 23.7284 11.8
      vertex 2.08581 23.8542 11.8
    endloop
  endfacet
  facet normal -0.427347 -0.904088 -0
    outer loop
      vertex 2.35195 23.7284 11.8
      vertex 2.08581 23.8542 1.8
      vertex 2.35195 23.7284 1.8
    endloop
  endfacet
  facet normal -0.514216 0.857661 0
    outer loop
      vertex 2.08581 29.1458 10.8
      vertex 1.83329 28.9944 11.8
      vertex 2.08581 29.1458 11.8
    endloop
  endfacet
  facet normal -0.514216 0.857661 0
    outer loop
      vertex 1.83329 28.9944 11.8
      vertex 2.08581 29.1458 10.8
      vertex 1.83329 28.9944 10.8
    endloop
  endfacet
  facet normal -0.857712 -0.514131 0
    outer loop
      vertex 1.00559 24.8333 1.8
      vertex 0.854236 25.0858 11.8
      vertex 0.854236 25.0858 1.8
    endloop
  endfacet
  facet normal -0.857712 -0.514131 0
    outer loop
      vertex 0.854236 25.0858 11.8
      vertex 1.00559 24.8333 1.8
      vertex 1.00559 24.8333 11.8
    endloop
  endfacet
  facet normal -0.903964 0.427608 0
    outer loop
      vertex 0.728361 27.6481 10.8
      vertex 0.854236 27.9142 11.8
      vertex 0.854236 27.9142 10.8
    endloop
  endfacet
  facet normal -0.903964 0.427608 0
    outer loop
      vertex 0.854236 27.9142 11.8
      vertex 0.728361 27.6481 10.8
      vertex 0.728361 27.6481 11.8
    endloop
  endfacet
  facet normal 0.857718 -0.514121 0
    outer loop
      vertex 5.99441 24.8333 11.8
      vertex 6.14576 25.0858 1.8
      vertex 6.14576 25.0858 11.8
    endloop
  endfacet
  facet normal 0.857718 -0.514121 0
    outer loop
      vertex 6.14576 25.0858 1.8
      vertex 5.99441 24.8333 11.8
      vertex 5.99441 24.8333 1.8
    endloop
  endfacet
  facet normal 0.514216 -0.857661 0
    outer loop
      vertex 4.91419 23.8542 1.8
      vertex 5.16671 24.0056 11.8
      vertex 4.91419 23.8542 11.8
    endloop
  endfacet
  facet normal 0.514216 -0.857661 0
    outer loop
      vertex 5.16671 24.0056 11.8
      vertex 4.91419 23.8542 1.8
      vertex 5.16671 24.0056 1.8
    endloop
  endfacet
  facet normal 0.998795 0.0490738 0
    outer loop
      vertex 6.5 26.5 11.8
      vertex 6.48555 26.7941 1.8
      vertex 6.48555 26.7941 11.8
    endloop
  endfacet
  facet normal 0.998795 0.0490738 0
    outer loop
      vertex 6.48555 26.7941 1.8
      vertex 6.5 26.5 11.8
      vertex 6.5 26.5 1.8
    endloop
  endfacet
  facet normal -0.970035 -0.242964 0
    outer loop
      vertex 0.629178 25.6291 1.8
      vertex 0.557644 25.9147 11.8
      vertex 0.557644 25.9147 1.8
    endloop
  endfacet
  facet normal -0.970035 -0.242964 0
    outer loop
      vertex 0.557644 25.9147 11.8
      vertex 0.629178 25.6291 1.8
      vertex 0.629178 25.6291 11.8
    endloop
  endfacet
  facet normal 0.243191 0.969978 -0
    outer loop
      vertex 4.37085 29.3708 1.8
      vertex 4.08527 29.4424 11.8
      vertex 4.37085 29.3708 11.8
    endloop
  endfacet
  facet normal 0.243191 0.969978 0
    outer loop
      vertex 4.08527 29.4424 11.8
      vertex 4.37085 29.3708 1.8
      vertex 4.08527 29.4424 1.8
    endloop
  endfacet
  facet normal 0.0489126 -0.998803 0
    outer loop
      vertex 3.5 23.5 1.8
      vertex 3.79405 23.5144 11.8
      vertex 3.5 23.5 11.8
    endloop
  endfacet
  facet normal 0.0489126 -0.998803 0
    outer loop
      vertex 3.79405 23.5144 11.8
      vertex 3.5 23.5 1.8
      vertex 3.79405 23.5144 1.8
    endloop
  endfacet
  facet normal 0.903958 -0.427622 0
    outer loop
      vertex 6.14576 25.0858 11.8
      vertex 6.27164 25.3519 1.8
      vertex 6.27164 25.3519 11.8
    endloop
  endfacet
  facet normal 0.903958 -0.427622 0
    outer loop
      vertex 6.27164 25.3519 1.8
      vertex 6.14576 25.0858 11.8
      vertex 6.14576 25.0858 1.8
    endloop
  endfacet
  facet normal 0.803241 -0.595655 0
    outer loop
      vertex 5.81903 24.5968 11.8
      vertex 5.99441 24.8333 1.8
      vertex 5.99441 24.8333 11.8
    endloop
  endfacet
  facet normal 0.803241 -0.595655 0
    outer loop
      vertex 5.99441 24.8333 1.8
      vertex 5.81903 24.5968 11.8
      vertex 5.81903 24.5968 1.8
    endloop
  endfacet
  facet normal -0.989175 -0.146742 0
    outer loop
      vertex 0.557644 25.9147 1.8
      vertex 0.514445 26.2059 11.8
      vertex 0.514445 26.2059 1.8
    endloop
  endfacet
  facet normal -0.989175 -0.146742 0
    outer loop
      vertex 0.514445 26.2059 11.8
      vertex 0.557644 25.9147 1.8
      vertex 0.557644 25.9147 11.8
    endloop
  endfacet
  facet normal -0.740891 -0.671625 0
    outer loop
      vertex 1.37868 24.3787 1.8
      vertex 1.18097 24.5968 11.8
      vertex 1.18097 24.5968 1.8
    endloop
  endfacet
  facet normal -0.740891 -0.671625 0
    outer loop
      vertex 1.18097 24.5968 11.8
      vertex 1.37868 24.3787 1.8
      vertex 1.37868 24.3787 11.8
    endloop
  endfacet
  facet normal -0.671539 -0.740969 0
    outer loop
      vertex 1.37868 24.3787 1.8
      vertex 1.59682 24.181 11.8
      vertex 1.37868 24.3787 11.8
    endloop
  endfacet
  facet normal -0.671539 -0.740969 -0
    outer loop
      vertex 1.59682 24.181 11.8
      vertex 1.37868 24.3787 1.8
      vertex 1.59682 24.181 1.8
    endloop
  endfacet
  facet normal -0.941545 0.336888 0
    outer loop
      vertex 0.629178 27.3709 10.8
      vertex 0.728361 27.6481 11.8
      vertex 0.728361 27.6481 10.8
    endloop
  endfacet
  facet normal -0.941545 0.336888 0
    outer loop
      vertex 0.728361 27.6481 11.8
      vertex 0.629178 27.3709 10.8
      vertex 0.629178 27.3709 11.8
    endloop
  endfacet
  facet normal -0.514216 -0.857661 0
    outer loop
      vertex 1.83329 24.0056 1.8
      vertex 2.08581 23.8542 11.8
      vertex 1.83329 24.0056 11.8
    endloop
  endfacet
  facet normal -0.514216 -0.857661 -0
    outer loop
      vertex 2.08581 23.8542 11.8
      vertex 1.83329 24.0056 1.8
      vertex 2.08581 23.8542 1.8
    endloop
  endfacet
  facet normal 0.941548 0.336879 0
    outer loop
      vertex 6.37082 27.3709 11.8
      vertex 6.27164 27.6481 1.8
      vertex 6.27164 27.6481 11.8
    endloop
  endfacet
  facet normal 0.941548 0.336879 0
    outer loop
      vertex 6.27164 27.6481 1.8
      vertex 6.37082 27.3709 11.8
      vertex 6.37082 27.3709 1.8
    endloop
  endfacet
  facet normal 0.740891 -0.671625 0
    outer loop
      vertex 5.62132 24.3787 11.8
      vertex 5.81903 24.5968 1.8
      vertex 5.81903 24.5968 11.8
    endloop
  endfacet
  facet normal 0.740891 -0.671625 0
    outer loop
      vertex 5.81903 24.5968 1.8
      vertex 5.62132 24.3787 11.8
      vertex 5.62132 24.3787 1.8
    endloop
  endfacet
  facet normal -0.998796 -0.0490568 0
    outer loop
      vertex 0.514445 26.2059 1.8
      vertex 0.5 26.5 10.8
      vertex 0.5 26.5 1.8
    endloop
  endfacet
  facet normal -0.998796 -0.0490568 -0
    outer loop
      vertex 0.514445 26.2059 11.8
      vertex 0.5 26.5 10.8
      vertex 0.514445 26.2059 1.8
    endloop
  endfacet
  facet normal -0.998796 -0.0490568 0
    outer loop
      vertex 0.5 26.5 10.8
      vertex 0.514445 26.2059 11.8
      vertex 0.5 26.5 11.8
    endloop
  endfacet
  facet normal 0.857718 0.514121 0
    outer loop
      vertex 6.14576 27.9142 11.8
      vertex 5.99441 28.1667 1.8
      vertex 5.99441 28.1667 11.8
    endloop
  endfacet
  facet normal 0.857718 0.514121 0
    outer loop
      vertex 5.99441 28.1667 1.8
      vertex 6.14576 27.9142 11.8
      vertex 6.14576 27.9142 1.8
    endloop
  endfacet
  facet normal 0.427347 0.904088 -0
    outer loop
      vertex 4.91419 29.1458 1.8
      vertex 4.64805 29.2716 11.8
      vertex 4.91419 29.1458 11.8
    endloop
  endfacet
  facet normal 0.427347 0.904088 0
    outer loop
      vertex 4.64805 29.2716 11.8
      vertex 4.91419 29.1458 1.8
      vertex 4.64805 29.2716 1.8
    endloop
  endfacet
  facet normal -0.998796 0.0490568 0
    outer loop
      vertex 0.5 26.5 10.8
      vertex 0.514445 26.7941 11.8
      vertex 0.514445 26.7941 10.8
    endloop
  endfacet
  facet normal -0.998796 0.0490568 0
    outer loop
      vertex 0.514445 26.7941 11.8
      vertex 0.5 26.5 10.8
      vertex 0.5 26.5 11.8
    endloop
  endfacet
  facet normal -0.595747 0.803172 0
    outer loop
      vertex 1.83329 28.9944 10.8
      vertex 1.59682 28.819 11.8
      vertex 1.83329 28.9944 11.8
    endloop
  endfacet
  facet normal -0.595747 0.803172 0
    outer loop
      vertex 1.59682 28.819 11.8
      vertex 1.83329 28.9944 10.8
      vertex 1.59682 28.819 10.8
    endloop
  endfacet
  facet normal -0.803241 0.595655 0
    outer loop
      vertex 1.00559 28.1667 10.8
      vertex 1.18097 28.4032 11.8
      vertex 1.18097 28.4032 10.8
    endloop
  endfacet
  facet normal -0.803241 0.595655 0
    outer loop
      vertex 1.18097 28.4032 11.8
      vertex 1.00559 28.1667 10.8
      vertex 1.00559 28.1667 11.8
    endloop
  endfacet
  facet normal -0.857712 0.514131 0
    outer loop
      vertex 0.854236 27.9142 10.8
      vertex 1.00559 28.1667 11.8
      vertex 1.00559 28.1667 10.8
    endloop
  endfacet
  facet normal -0.857712 0.514131 0
    outer loop
      vertex 1.00559 28.1667 11.8
      vertex 0.854236 27.9142 10.8
      vertex 0.854236 27.9142 11.8
    endloop
  endfacet
  facet normal -0.243191 0.969978 0
    outer loop
      vertex 2.91473 29.4424 10.8
      vertex 2.62915 29.3708 11.8
      vertex 2.91473 29.4424 11.8
    endloop
  endfacet
  facet normal -0.243191 0.969978 0
    outer loop
      vertex 2.62915 29.3708 11.8
      vertex 2.91473 29.4424 10.8
      vertex 2.62915 29.3708 10.8
    endloop
  endfacet
  facet normal 0.903958 0.427622 0
    outer loop
      vertex 6.27164 27.6481 11.8
      vertex 6.14576 27.9142 1.8
      vertex 6.14576 27.9142 11.8
    endloop
  endfacet
  facet normal 0.903958 0.427622 0
    outer loop
      vertex 6.14576 27.9142 1.8
      vertex 6.27164 27.6481 11.8
      vertex 6.27164 27.6481 1.8
    endloop
  endfacet
  facet normal 0.740891 0.671625 0
    outer loop
      vertex 5.81903 28.4032 11.8
      vertex 5.62132 28.6213 1.8
      vertex 5.62132 28.6213 11.8
    endloop
  endfacet
  facet normal 0.740891 0.671625 0
    outer loop
      vertex 5.62132 28.6213 1.8
      vertex 5.81903 28.4032 11.8
      vertex 5.81903 28.4032 1.8
    endloop
  endfacet
  facet normal 0.671539 0.740969 -0
    outer loop
      vertex 5.62132 28.6213 1.8
      vertex 5.40318 28.819 11.8
      vertex 5.62132 28.6213 11.8
    endloop
  endfacet
  facet normal 0.671539 0.740969 0
    outer loop
      vertex 5.40318 28.819 11.8
      vertex 5.62132 28.6213 1.8
      vertex 5.40318 28.819 1.8
    endloop
  endfacet
  facet normal -0.595699 0.803208 0
    outer loop
      vertex 59.8333 28.9944 1.8
      vertex 59.5968 28.819 11.8
      vertex 59.8333 28.9944 11.8
    endloop
  endfacet
  facet normal -0.595699 0.803208 0
    outer loop
      vertex 59.5968 28.819 11.8
      vertex 59.8333 28.9944 1.8
      vertex 59.5968 28.819 1.8
    endloop
  endfacet
  facet normal -0.337047 0.941488 0
    outer loop
      vertex 60.6291 29.3708 1.8
      vertex 60.352 29.2716 11.8
      vertex 60.6291 29.3708 11.8
    endloop
  endfacet
  facet normal -0.337047 0.941488 0
    outer loop
      vertex 60.352 29.2716 11.8
      vertex 60.6291 29.3708 1.8
      vertex 60.352 29.2716 1.8
    endloop
  endfacet
  facet normal 0.989224 -0.146413 0
    outer loop
      vertex 64.4424 25.9147 11.8
      vertex 64.4855 26.2059 1.8
      vertex 64.4855 26.2059 11.8
    endloop
  endfacet
  facet normal 0.989224 -0.146413 0
    outer loop
      vertex 64.4855 26.2059 1.8
      vertex 64.4424 25.9147 11.8
      vertex 64.4424 25.9147 1.8
    endloop
  endfacet
  facet normal -0.514246 0.857643 0
    outer loop
      vertex 60.0858 29.1458 1.8
      vertex 59.8333 28.9944 11.8
      vertex 60.0858 29.1458 11.8
    endloop
  endfacet
  facet normal -0.514246 0.857643 0
    outer loop
      vertex 59.8333 28.9944 11.8
      vertex 60.0858 29.1458 1.8
      vertex 59.8333 28.9944 1.8
    endloop
  endfacet
  facet normal -0.969982 -0.243175 0
    outer loop
      vertex 58.6292 25.6291 1.8
      vertex 58.5576 25.9147 11.8
      vertex 58.5576 25.9147 1.8
    endloop
  endfacet
  facet normal -0.969982 -0.243175 0
    outer loop
      vertex 58.5576 25.9147 11.8
      vertex 58.6292 25.6291 1.8
      vertex 58.6292 25.6291 11.8
    endloop
  endfacet
  facet normal -0.337047 -0.941488 0
    outer loop
      vertex 60.352 23.7284 1.8
      vertex 60.6291 23.6292 11.8
      vertex 60.352 23.7284 11.8
    endloop
  endfacet
  facet normal -0.337047 -0.941488 -0
    outer loop
      vertex 60.6291 23.6292 11.8
      vertex 60.352 23.7284 1.8
      vertex 60.6291 23.6292 1.8
    endloop
  endfacet
  facet normal 0.243175 0.969982 -0
    outer loop
      vertex 62.3709 29.3708 10.8
      vertex 62.0853 29.4424 11.8
      vertex 62.3709 29.3708 11.8
    endloop
  endfacet
  facet normal 0.243175 0.969982 0
    outer loop
      vertex 62.0853 29.4424 11.8
      vertex 62.3709 29.3708 10.8
      vertex 62.0853 29.4424 10.8
    endloop
  endfacet
  facet normal 0.595699 0.803208 -0
    outer loop
      vertex 63.4032 28.819 10.8
      vertex 63.1667 28.9944 11.8
      vertex 63.4032 28.819 11.8
    endloop
  endfacet
  facet normal 0.595699 0.803208 0
    outer loop
      vertex 63.1667 28.9944 11.8
      vertex 63.4032 28.819 10.8
      vertex 63.1667 28.9944 10.8
    endloop
  endfacet
  facet normal -0.941527 0.336939 0
    outer loop
      vertex 58.6292 27.3709 1.8
      vertex 58.7284 27.6481 11.8
      vertex 58.7284 27.6481 1.8
    endloop
  endfacet
  facet normal -0.941527 0.336939 0
    outer loop
      vertex 58.7284 27.6481 11.8
      vertex 58.6292 27.3709 1.8
      vertex 58.6292 27.3709 11.8
    endloop
  endfacet
  facet normal 0.941527 -0.336939 0
    outer loop
      vertex 64.2716 25.3519 11.8
      vertex 64.3708 25.6291 1.8
      vertex 64.3708 25.6291 11.8
    endloop
  endfacet
  facet normal 0.941527 -0.336939 0
    outer loop
      vertex 64.3708 25.6291 1.8
      vertex 64.2716 25.3519 11.8
      vertex 64.2716 25.3519 1.8
    endloop
  endfacet
  facet normal 0.0489044 0.998803 -0
    outer loop
      vertex 61.7941 29.4856 10.8
      vertex 61.5 29.5 11.8
      vertex 61.7941 29.4856 11.8
    endloop
  endfacet
  facet normal 0.0489044 0.998803 0
    outer loop
      vertex 61.5 29.5 11.8
      vertex 61.7941 29.4856 10.8
      vertex 61.5 29.5 10.8
    endloop
  endfacet
  facet normal 0.337047 -0.941488 0
    outer loop
      vertex 62.3709 23.6292 1.8
      vertex 62.648 23.7284 11.8
      vertex 62.3709 23.6292 11.8
    endloop
  endfacet
  facet normal 0.337047 -0.941488 0
    outer loop
      vertex 62.648 23.7284 11.8
      vertex 62.3709 23.6292 1.8
      vertex 62.648 23.7284 1.8
    endloop
  endfacet
  facet normal -0.0489044 -0.998803 0
    outer loop
      vertex 61.2059 23.5144 1.8
      vertex 61.5 23.5 11.8
      vertex 61.2059 23.5144 11.8
    endloop
  endfacet
  facet normal -0.0489044 -0.998803 -0
    outer loop
      vertex 61.5 23.5 11.8
      vertex 61.2059 23.5144 1.8
      vertex 61.5 23.5 1.8
    endloop
  endfacet
  facet normal 0.989224 0.146413 0
    outer loop
      vertex 64.4855 26.7941 11.8
      vertex 64.4424 27.0853 10.8
      vertex 64.4424 27.0853 11.8
    endloop
  endfacet
  facet normal 0.989224 0.146413 0
    outer loop
      vertex 64.4424 27.0853 10.8
      vertex 64.4855 26.7941 11.8
      vertex 64.4855 26.7941 10.8
    endloop
  endfacet
  facet normal -0.146746 0.989174 0
    outer loop
      vertex 61.2059 29.4856 1.8
      vertex 60.9147 29.4424 11.8
      vertex 61.2059 29.4856 11.8
    endloop
  endfacet
  facet normal -0.146746 0.989174 0
    outer loop
      vertex 60.9147 29.4424 11.8
      vertex 61.2059 29.4856 1.8
      vertex 60.9147 29.4424 1.8
    endloop
  endfacet
  facet normal 0.803208 0.595699 0
    outer loop
      vertex 63.9944 28.1667 11.8
      vertex 63.819 28.4032 10.8
      vertex 63.819 28.4032 11.8
    endloop
  endfacet
  facet normal 0.803208 0.595699 0
    outer loop
      vertex 63.819 28.4032 10.8
      vertex 63.9944 28.1667 11.8
      vertex 63.9944 28.1667 10.8
    endloop
  endfacet
  facet normal 0.998787 -0.0492431 0
    outer loop
      vertex 64.4855 26.2059 11.8
      vertex 64.5 26.5 10.8
      vertex 64.5 26.5 11.8
    endloop
  endfacet
  facet normal 0.998787 -0.0492431 0
    outer loop
      vertex 64.4855 26.2059 1.8
      vertex 64.5 26.5 10.8
      vertex 64.4855 26.2059 11.8
    endloop
  endfacet
  facet normal 0.998787 -0.0492431 0
    outer loop
      vertex 64.5 26.5 10.8
      vertex 64.4855 26.2059 1.8
      vertex 64.5 26.5 1.8
    endloop
  endfacet
  facet normal 0.969982 -0.243175 0
    outer loop
      vertex 64.3708 25.6291 11.8
      vertex 64.4424 25.9147 1.8
      vertex 64.4424 25.9147 11.8
    endloop
  endfacet
  facet normal 0.969982 -0.243175 0
    outer loop
      vertex 64.4424 25.9147 1.8
      vertex 64.3708 25.6291 11.8
      vertex 64.3708 25.6291 1.8
    endloop
  endfacet
  facet normal -0.904063 -0.4274 0
    outer loop
      vertex 58.8542 25.0858 1.8
      vertex 58.7284 25.3519 11.8
      vertex 58.7284 25.3519 1.8
    endloop
  endfacet
  facet normal -0.904063 -0.4274 0
    outer loop
      vertex 58.7284 25.3519 11.8
      vertex 58.8542 25.0858 1.8
      vertex 58.8542 25.0858 11.8
    endloop
  endfacet
  facet normal -0.427269 -0.904125 0
    outer loop
      vertex 60.0858 23.8542 1.8
      vertex 60.352 23.7284 11.8
      vertex 60.0858 23.8542 11.8
    endloop
  endfacet
  facet normal -0.427269 -0.904125 -0
    outer loop
      vertex 60.352 23.7284 11.8
      vertex 60.0858 23.8542 1.8
      vertex 60.352 23.7284 1.8
    endloop
  endfacet
  facet normal -0.803208 0.595699 0
    outer loop
      vertex 59.0056 28.1667 1.8
      vertex 59.181 28.4032 11.8
      vertex 59.181 28.4032 1.8
    endloop
  endfacet
  facet normal -0.803208 0.595699 0
    outer loop
      vertex 59.181 28.4032 11.8
      vertex 59.0056 28.1667 1.8
      vertex 59.0056 28.1667 11.8
    endloop
  endfacet
  facet normal 0.514246 -0.857643 0
    outer loop
      vertex 62.9142 23.8542 1.8
      vertex 63.1667 24.0056 11.8
      vertex 62.9142 23.8542 11.8
    endloop
  endfacet
  facet normal 0.514246 -0.857643 0
    outer loop
      vertex 63.1667 24.0056 11.8
      vertex 62.9142 23.8542 1.8
      vertex 63.1667 24.0056 1.8
    endloop
  endfacet
  facet normal 0.904063 -0.4274 0
    outer loop
      vertex 64.1458 25.0858 11.8
      vertex 64.2716 25.3519 1.8
      vertex 64.2716 25.3519 11.8
    endloop
  endfacet
  facet normal 0.904063 -0.4274 0
    outer loop
      vertex 64.2716 25.3519 1.8
      vertex 64.1458 25.0858 11.8
      vertex 64.1458 25.0858 1.8
    endloop
  endfacet
  facet normal 0.740908 -0.671607 0
    outer loop
      vertex 63.6213 24.3787 11.8
      vertex 63.819 24.5968 1.8
      vertex 63.819 24.5968 11.8
    endloop
  endfacet
  facet normal 0.740908 -0.671607 0
    outer loop
      vertex 63.819 24.5968 1.8
      vertex 63.6213 24.3787 11.8
      vertex 63.6213 24.3787 1.8
    endloop
  endfacet
  facet normal -0.595699 -0.803208 0
    outer loop
      vertex 59.5968 24.181 1.8
      vertex 59.8333 24.0056 11.8
      vertex 59.5968 24.181 11.8
    endloop
  endfacet
  facet normal -0.595699 -0.803208 -0
    outer loop
      vertex 59.8333 24.0056 11.8
      vertex 59.5968 24.181 1.8
      vertex 59.8333 24.0056 1.8
    endloop
  endfacet
  facet normal -0.998803 0.0489044 0
    outer loop
      vertex 58.5 26.5 1.8
      vertex 58.5144 26.7941 11.8
      vertex 58.5144 26.7941 1.8
    endloop
  endfacet
  facet normal -0.998803 0.0489044 0
    outer loop
      vertex 58.5144 26.7941 11.8
      vertex 58.5 26.5 1.8
      vertex 58.5 26.5 11.8
    endloop
  endfacet
  facet normal 0.857643 0.514246 0
    outer loop
      vertex 64.1458 27.9142 11.8
      vertex 63.9944 28.1667 10.8
      vertex 63.9944 28.1667 11.8
    endloop
  endfacet
  facet normal 0.857643 0.514246 0
    outer loop
      vertex 63.9944 28.1667 10.8
      vertex 64.1458 27.9142 11.8
      vertex 64.1458 27.9142 10.8
    endloop
  endfacet
  facet normal 0.427269 0.904125 -0
    outer loop
      vertex 62.9142 29.1458 10.8
      vertex 62.648 29.2716 11.8
      vertex 62.9142 29.1458 11.8
    endloop
  endfacet
  facet normal 0.427269 0.904125 0
    outer loop
      vertex 62.648 29.2716 11.8
      vertex 62.9142 29.1458 10.8
      vertex 62.648 29.2716 10.8
    endloop
  endfacet
  facet normal -0.740908 -0.671607 0
    outer loop
      vertex 59.3787 24.3787 1.8
      vertex 59.181 24.5968 11.8
      vertex 59.181 24.5968 1.8
    endloop
  endfacet
  facet normal -0.740908 -0.671607 0
    outer loop
      vertex 59.181 24.5968 11.8
      vertex 59.3787 24.3787 1.8
      vertex 59.3787 24.3787 11.8
    endloop
  endfacet
  facet normal 0.337047 0.941488 -0
    outer loop
      vertex 62.648 29.2716 10.8
      vertex 62.3709 29.3708 11.8
      vertex 62.648 29.2716 11.8
    endloop
  endfacet
  facet normal 0.337047 0.941488 0
    outer loop
      vertex 62.3709 29.3708 11.8
      vertex 62.648 29.2716 10.8
      vertex 62.3709 29.3708 10.8
    endloop
  endfacet
  facet normal 0.998787 0.0492431 0
    outer loop
      vertex 64.5 26.5 11.8
      vertex 64.4855 26.7941 10.8
      vertex 64.4855 26.7941 11.8
    endloop
  endfacet
  facet normal 0.998787 0.0492431 0
    outer loop
      vertex 64.4855 26.7941 10.8
      vertex 64.5 26.5 11.8
      vertex 64.5 26.5 10.8
    endloop
  endfacet
  facet normal 0.671607 -0.740908 0
    outer loop
      vertex 63.4032 24.181 1.8
      vertex 63.6213 24.3787 11.8
      vertex 63.4032 24.181 11.8
    endloop
  endfacet
  facet normal 0.671607 -0.740908 0
    outer loop
      vertex 63.6213 24.3787 11.8
      vertex 63.4032 24.181 1.8
      vertex 63.6213 24.3787 1.8
    endloop
  endfacet
  facet normal 0.427269 -0.904125 0
    outer loop
      vertex 62.648 23.7284 1.8
      vertex 62.9142 23.8542 11.8
      vertex 62.648 23.7284 11.8
    endloop
  endfacet
  facet normal 0.427269 -0.904125 0
    outer loop
      vertex 62.9142 23.8542 11.8
      vertex 62.648 23.7284 1.8
      vertex 62.9142 23.8542 1.8
    endloop
  endfacet
  facet normal -0.243175 -0.969982 0
    outer loop
      vertex 60.6291 23.6292 1.8
      vertex 60.9147 23.5576 11.8
      vertex 60.6291 23.6292 11.8
    endloop
  endfacet
  facet normal -0.243175 -0.969982 -0
    outer loop
      vertex 60.9147 23.5576 11.8
      vertex 60.6291 23.6292 1.8
      vertex 60.9147 23.5576 1.8
    endloop
  endfacet
  facet normal 0.595699 -0.803208 0
    outer loop
      vertex 63.1667 24.0056 1.8
      vertex 63.4032 24.181 11.8
      vertex 63.1667 24.0056 11.8
    endloop
  endfacet
  facet normal 0.595699 -0.803208 0
    outer loop
      vertex 63.4032 24.181 11.8
      vertex 63.1667 24.0056 1.8
      vertex 63.4032 24.181 1.8
    endloop
  endfacet
  facet normal -0.998803 -0.0489044 0
    outer loop
      vertex 58.5144 26.2059 1.8
      vertex 58.5 26.5 11.8
      vertex 58.5 26.5 1.8
    endloop
  endfacet
  facet normal -0.998803 -0.0489044 0
    outer loop
      vertex 58.5 26.5 11.8
      vertex 58.5144 26.2059 1.8
      vertex 58.5144 26.2059 11.8
    endloop
  endfacet
  facet normal 0.146746 0.989174 -0
    outer loop
      vertex 62.0853 29.4424 10.8
      vertex 61.7941 29.4856 11.8
      vertex 62.0853 29.4424 11.8
    endloop
  endfacet
  facet normal 0.146746 0.989174 0
    outer loop
      vertex 61.7941 29.4856 11.8
      vertex 62.0853 29.4424 10.8
      vertex 61.7941 29.4856 10.8
    endloop
  endfacet
  facet normal 0.904063 0.4274 0
    outer loop
      vertex 64.2716 27.6481 11.8
      vertex 64.1458 27.9142 10.8
      vertex 64.1458 27.9142 11.8
    endloop
  endfacet
  facet normal 0.904063 0.4274 0
    outer loop
      vertex 64.1458 27.9142 10.8
      vertex 64.2716 27.6481 11.8
      vertex 64.2716 27.6481 10.8
    endloop
  endfacet
  facet normal -0.146746 -0.989174 0
    outer loop
      vertex 60.9147 23.5576 1.8
      vertex 61.2059 23.5144 11.8
      vertex 60.9147 23.5576 11.8
    endloop
  endfacet
  facet normal -0.146746 -0.989174 -0
    outer loop
      vertex 61.2059 23.5144 11.8
      vertex 60.9147 23.5576 1.8
      vertex 61.2059 23.5144 1.8
    endloop
  endfacet
  facet normal -0.857643 -0.514246 0
    outer loop
      vertex 59.0056 24.8333 1.8
      vertex 58.8542 25.0858 11.8
      vertex 58.8542 25.0858 1.8
    endloop
  endfacet
  facet normal -0.857643 -0.514246 0
    outer loop
      vertex 58.8542 25.0858 11.8
      vertex 59.0056 24.8333 1.8
      vertex 59.0056 24.8333 11.8
    endloop
  endfacet
  facet normal 0.803208 -0.595699 0
    outer loop
      vertex 63.819 24.5968 11.8
      vertex 63.9944 24.8333 1.8
      vertex 63.9944 24.8333 11.8
    endloop
  endfacet
  facet normal 0.803208 -0.595699 0
    outer loop
      vertex 63.9944 24.8333 1.8
      vertex 63.819 24.5968 11.8
      vertex 63.819 24.5968 1.8
    endloop
  endfacet
  facet normal 0.671607 0.740908 -0
    outer loop
      vertex 63.6213 28.6213 10.8
      vertex 63.4032 28.819 11.8
      vertex 63.6213 28.6213 11.8
    endloop
  endfacet
  facet normal 0.671607 0.740908 0
    outer loop
      vertex 63.4032 28.819 11.8
      vertex 63.6213 28.6213 10.8
      vertex 63.4032 28.819 10.8
    endloop
  endfacet
  facet normal 0.969982 0.243175 0
    outer loop
      vertex 64.4424 27.0853 11.8
      vertex 64.3708 27.3709 10.8
      vertex 64.3708 27.3709 11.8
    endloop
  endfacet
  facet normal 0.969982 0.243175 0
    outer loop
      vertex 64.3708 27.3709 10.8
      vertex 64.4424 27.0853 11.8
      vertex 64.4424 27.0853 10.8
    endloop
  endfacet
  facet normal -0.427269 0.904125 0
    outer loop
      vertex 60.352 29.2716 1.8
      vertex 60.0858 29.1458 11.8
      vertex 60.352 29.2716 11.8
    endloop
  endfacet
  facet normal -0.427269 0.904125 0
    outer loop
      vertex 60.0858 29.1458 11.8
      vertex 60.352 29.2716 1.8
      vertex 60.0858 29.1458 1.8
    endloop
  endfacet
  facet normal 0.857643 -0.514246 0
    outer loop
      vertex 63.9944 24.8333 11.8
      vertex 64.1458 25.0858 1.8
      vertex 64.1458 25.0858 11.8
    endloop
  endfacet
  facet normal 0.857643 -0.514246 0
    outer loop
      vertex 64.1458 25.0858 1.8
      vertex 63.9944 24.8333 11.8
      vertex 63.9944 24.8333 1.8
    endloop
  endfacet
  facet normal -0.989174 -0.146746 0
    outer loop
      vertex 58.5576 25.9147 1.8
      vertex 58.5144 26.2059 11.8
      vertex 58.5144 26.2059 1.8
    endloop
  endfacet
  facet normal -0.989174 -0.146746 0
    outer loop
      vertex 58.5144 26.2059 11.8
      vertex 58.5576 25.9147 1.8
      vertex 58.5576 25.9147 11.8
    endloop
  endfacet
  facet normal -0.671607 -0.740908 0
    outer loop
      vertex 59.3787 24.3787 1.8
      vertex 59.5968 24.181 11.8
      vertex 59.3787 24.3787 11.8
    endloop
  endfacet
  facet normal -0.671607 -0.740908 -0
    outer loop
      vertex 59.5968 24.181 11.8
      vertex 59.3787 24.3787 1.8
      vertex 59.5968 24.181 1.8
    endloop
  endfacet
  facet normal 0.0489044 -0.998803 0
    outer loop
      vertex 61.5 23.5 1.8
      vertex 61.7941 23.5144 11.8
      vertex 61.5 23.5 11.8
    endloop
  endfacet
  facet normal 0.0489044 -0.998803 0
    outer loop
      vertex 61.7941 23.5144 11.8
      vertex 61.5 23.5 1.8
      vertex 61.7941 23.5144 1.8
    endloop
  endfacet
  facet normal -0.904063 0.4274 0
    outer loop
      vertex 58.7284 27.6481 1.8
      vertex 58.8542 27.9142 11.8
      vertex 58.8542 27.9142 1.8
    endloop
  endfacet
  facet normal -0.904063 0.4274 0
    outer loop
      vertex 58.8542 27.9142 11.8
      vertex 58.7284 27.6481 1.8
      vertex 58.7284 27.6481 11.8
    endloop
  endfacet
  facet normal -0.941527 -0.336939 0
    outer loop
      vertex 58.7284 25.3519 1.8
      vertex 58.6292 25.6291 11.8
      vertex 58.6292 25.6291 1.8
    endloop
  endfacet
  facet normal -0.941527 -0.336939 0
    outer loop
      vertex 58.6292 25.6291 11.8
      vertex 58.7284 25.3519 1.8
      vertex 58.7284 25.3519 11.8
    endloop
  endfacet
  facet normal -0.989174 0.146746 0
    outer loop
      vertex 58.5144 26.7941 1.8
      vertex 58.5576 27.0853 11.8
      vertex 58.5576 27.0853 1.8
    endloop
  endfacet
  facet normal -0.989174 0.146746 0
    outer loop
      vertex 58.5576 27.0853 11.8
      vertex 58.5144 26.7941 1.8
      vertex 58.5144 26.7941 11.8
    endloop
  endfacet
  facet normal 0.941527 0.336939 0
    outer loop
      vertex 64.3708 27.3709 11.8
      vertex 64.2716 27.6481 10.8
      vertex 64.2716 27.6481 11.8
    endloop
  endfacet
  facet normal 0.941527 0.336939 0
    outer loop
      vertex 64.2716 27.6481 10.8
      vertex 64.3708 27.3709 11.8
      vertex 64.3708 27.3709 10.8
    endloop
  endfacet
  facet normal -0.671607 0.740908 0
    outer loop
      vertex 59.5968 28.819 1.8
      vertex 59.3787 28.6213 11.8
      vertex 59.5968 28.819 11.8
    endloop
  endfacet
  facet normal -0.671607 0.740908 0
    outer loop
      vertex 59.3787 28.6213 11.8
      vertex 59.5968 28.819 1.8
      vertex 59.3787 28.6213 1.8
    endloop
  endfacet
  facet normal -0.740908 0.671607 0
    outer loop
      vertex 59.181 28.4032 1.8
      vertex 59.3787 28.6213 11.8
      vertex 59.3787 28.6213 1.8
    endloop
  endfacet
  facet normal -0.740908 0.671607 0
    outer loop
      vertex 59.3787 28.6213 11.8
      vertex 59.181 28.4032 1.8
      vertex 59.181 28.4032 11.8
    endloop
  endfacet
  facet normal 0.146746 -0.989174 0
    outer loop
      vertex 61.7941 23.5144 1.8
      vertex 62.0853 23.5576 11.8
      vertex 61.7941 23.5144 11.8
    endloop
  endfacet
  facet normal 0.146746 -0.989174 0
    outer loop
      vertex 62.0853 23.5576 11.8
      vertex 61.7941 23.5144 1.8
      vertex 62.0853 23.5576 1.8
    endloop
  endfacet
  facet normal -0.969982 0.243175 0
    outer loop
      vertex 58.5576 27.0853 1.8
      vertex 58.6292 27.3709 11.8
      vertex 58.6292 27.3709 1.8
    endloop
  endfacet
  facet normal -0.969982 0.243175 0
    outer loop
      vertex 58.6292 27.3709 11.8
      vertex 58.5576 27.0853 1.8
      vertex 58.5576 27.0853 11.8
    endloop
  endfacet
  facet normal -0.243175 0.969982 0
    outer loop
      vertex 60.9147 29.4424 1.8
      vertex 60.6291 29.3708 11.8
      vertex 60.9147 29.4424 11.8
    endloop
  endfacet
  facet normal -0.243175 0.969982 0
    outer loop
      vertex 60.6291 29.3708 11.8
      vertex 60.9147 29.4424 1.8
      vertex 60.6291 29.3708 1.8
    endloop
  endfacet
  facet normal 0.740908 0.671607 0
    outer loop
      vertex 63.819 28.4032 11.8
      vertex 63.6213 28.6213 10.8
      vertex 63.6213 28.6213 11.8
    endloop
  endfacet
  facet normal 0.740908 0.671607 0
    outer loop
      vertex 63.6213 28.6213 10.8
      vertex 63.819 28.4032 11.8
      vertex 63.819 28.4032 10.8
    endloop
  endfacet
  facet normal 0.243175 -0.969982 0
    outer loop
      vertex 62.0853 23.5576 1.8
      vertex 62.3709 23.6292 11.8
      vertex 62.0853 23.5576 11.8
    endloop
  endfacet
  facet normal 0.243175 -0.969982 0
    outer loop
      vertex 62.3709 23.6292 11.8
      vertex 62.0853 23.5576 1.8
      vertex 62.3709 23.6292 1.8
    endloop
  endfacet
  facet normal -0.803208 -0.595699 0
    outer loop
      vertex 59.181 24.5968 1.8
      vertex 59.0056 24.8333 11.8
      vertex 59.0056 24.8333 1.8
    endloop
  endfacet
  facet normal -0.803208 -0.595699 0
    outer loop
      vertex 59.0056 24.8333 11.8
      vertex 59.181 24.5968 1.8
      vertex 59.181 24.5968 11.8
    endloop
  endfacet
  facet normal 0.514246 0.857643 -0
    outer loop
      vertex 63.1667 28.9944 10.8
      vertex 62.9142 29.1458 11.8
      vertex 63.1667 28.9944 11.8
    endloop
  endfacet
  facet normal 0.514246 0.857643 0
    outer loop
      vertex 62.9142 29.1458 11.8
      vertex 63.1667 28.9944 10.8
      vertex 62.9142 29.1458 10.8
    endloop
  endfacet
  facet normal -0.857643 0.514246 0
    outer loop
      vertex 58.8542 27.9142 1.8
      vertex 59.0056 28.1667 11.8
      vertex 59.0056 28.1667 1.8
    endloop
  endfacet
  facet normal -0.857643 0.514246 0
    outer loop
      vertex 59.0056 28.1667 11.8
      vertex 58.8542 27.9142 1.8
      vertex 58.8542 27.9142 11.8
    endloop
  endfacet
  facet normal -0.514246 -0.857643 0
    outer loop
      vertex 59.8333 24.0056 1.8
      vertex 60.0858 23.8542 11.8
      vertex 59.8333 24.0056 11.8
    endloop
  endfacet
  facet normal -0.514246 -0.857643 -0
    outer loop
      vertex 60.0858 23.8542 11.8
      vertex 59.8333 24.0056 1.8
      vertex 60.0858 23.8542 1.8
    endloop
  endfacet
  facet normal -0.0489044 0.998803 0
    outer loop
      vertex 61.5 29.5 10.8
      vertex 61.2059 29.4856 11.8
      vertex 61.5 29.5 11.8
    endloop
  endfacet
  facet normal -0.0489044 0.998803 0
    outer loop
      vertex 61.2059 29.4856 1.8
      vertex 61.5 29.5 10.8
      vertex 61.5 29.5 1.8
    endloop
  endfacet
  facet normal -0.0489044 0.998803 0
    outer loop
      vertex 61.5 29.5 10.8
      vertex 61.2059 29.4856 1.8
      vertex 61.2059 29.4856 11.8
    endloop
  endfacet
  facet normal 1 -0 0
    outer loop
      vertex 3.5 29.5 10.8
      vertex 3.5 30.4 1.8
      vertex 3.5 30.4 10.8
    endloop
  endfacet
  facet normal 1 0 0
    outer loop
      vertex 3.5 30.4 1.8
      vertex 3.5 29.5 10.8
      vertex 3.5 29.5 1.8
    endloop
  endfacet
  facet normal 0 0 1
    outer loop
      vertex 3.5 30.4 10.8
      vertex 3.20595 29.4856 10.8
      vertex 3.5 29.5 10.8
    endloop
  endfacet
  facet normal 0 0 1
    outer loop
      vertex 3.5 30.4 10.8
      vertex 2.91473 29.4424 10.8
      vertex 3.20595 29.4856 10.8
    endloop
  endfacet
  facet normal 0 0 1
    outer loop
      vertex 3.5 30.4 10.8
      vertex 2.62915 29.3708 10.8
      vertex 2.91473 29.4424 10.8
    endloop
  endfacet
  facet normal -0 0 1
    outer loop
      vertex 1.6 30.4 10.8
      vertex 2.62915 29.3708 10.8
      vertex 3.5 30.4 10.8
    endloop
  endfacet
  facet normal 0 0 1
    outer loop
      vertex 2.62915 29.3708 10.8
      vertex 1.6 30.4 10.8
      vertex 2.35195 29.2716 10.8
    endloop
  endfacet
  facet normal 0 0 1
    outer loop
      vertex 2.35195 29.2716 10.8
      vertex 1.6 30.4 10.8
      vertex 2.08581 29.1458 10.8
    endloop
  endfacet
  facet normal 0 0 1
    outer loop
      vertex 2.08581 29.1458 10.8
      vertex 1.6 30.4 10.8
      vertex 1.83329 28.9944 10.8
    endloop
  endfacet
  facet normal -0 0 1
    outer loop
      vertex 1.40396 30.3904 10.8
      vertex 1.83329 28.9944 10.8
      vertex 1.6 30.4 10.8
    endloop
  endfacet
  facet normal -0 0 1
    outer loop
      vertex 1.20982 30.3616 10.8
      vertex 1.83329 28.9944 10.8
      vertex 1.40396 30.3904 10.8
    endloop
  endfacet
  facet normal -0 0 1
    outer loop
      vertex 1.01943 30.3139 10.8
      vertex 1.83329 28.9944 10.8
      vertex 1.20982 30.3616 10.8
    endloop
  endfacet
  facet normal 0 0 1
    outer loop
      vertex 1.83329 28.9944 10.8
      vertex 1.01943 30.3139 10.8
      vertex 1.59682 28.819 10.8
    endloop
  endfacet
  facet normal -0 0 1
    outer loop
      vertex 0.834633 30.2478 10.8
      vertex 1.59682 28.819 10.8
      vertex 1.01943 30.3139 10.8
    endloop
  endfacet
  facet normal -0 0 1
    outer loop
      vertex 0.657206 30.1638 10.8
      vertex 1.59682 28.819 10.8
      vertex 0.834633 30.2478 10.8
    endloop
  endfacet
  facet normal -0 0 1
    outer loop
      vertex 0.488859 30.0629 10.8
      vertex 1.59682 28.819 10.8
      vertex 0.657206 30.1638 10.8
    endloop
  endfacet
  facet normal 0 0 1
    outer loop
      vertex 1.59682 28.819 10.8
      vertex 0.488859 30.0629 10.8
      vertex 1.37868 28.6213 10.8
    endloop
  endfacet
  facet normal -0 0 1
    outer loop
      vertex 0.331213 29.946 10.8
      vertex 1.37868 28.6213 10.8
      vertex 0.488859 30.0629 10.8
    endloop
  endfacet
  facet normal -0 0 1
    outer loop
      vertex 0.185786 29.8142 10.8
      vertex 1.37868 28.6213 10.8
      vertex 0.331213 29.946 10.8
    endloop
  endfacet
  facet normal -0 0 1
    outer loop
      vertex 0.0539789 29.6688 10.8
      vertex 1.37868 28.6213 10.8
      vertex 0.185786 29.8142 10.8
    endloop
  endfacet
  facet normal -0 0 1
    outer loop
      vertex -0.0629387 29.5111 10.8
      vertex 1.37868 28.6213 10.8
      vertex 0.0539789 29.6688 10.8
    endloop
  endfacet
  facet normal 0 0 1
    outer loop
      vertex 1.37868 28.6213 10.8
      vertex -0.0629387 29.5111 10.8
      vertex 1.18097 28.4032 10.8
    endloop
  endfacet
  facet normal -0 0 1
    outer loop
      vertex -0.163842 29.3428 10.8
      vertex 1.18097 28.4032 10.8
      vertex -0.0629387 29.5111 10.8
    endloop
  endfacet
  facet normal -0 0 1
    outer loop
      vertex -0.247759 29.1654 10.8
      vertex 1.18097 28.4032 10.8
      vertex -0.163842 29.3428 10.8
    endloop
  endfacet
  facet normal -0 0 1
    outer loop
      vertex -0.31388 28.9806 10.8
      vertex 1.18097 28.4032 10.8
      vertex -0.247759 29.1654 10.8
    endloop
  endfacet
  facet normal 0 0 1
    outer loop
      vertex 1.18097 28.4032 10.8
      vertex -0.31388 28.9806 10.8
      vertex 1.00559 28.1667 10.8
    endloop
  endfacet
  facet normal -0 0 1
    outer loop
      vertex -0.36157 28.7902 10.8
      vertex 1.00559 28.1667 10.8
      vertex -0.31388 28.9806 10.8
    endloop
  endfacet
  facet normal -0 0 1
    outer loop
      vertex -0.390369 28.596 10.8
      vertex 1.00559 28.1667 10.8
      vertex -0.36157 28.7902 10.8
    endloop
  endfacet
  facet normal -0 0 1
    outer loop
      vertex -0.4 28.4 10.8
      vertex 1.00559 28.1667 10.8
      vertex -0.390369 28.596 10.8
    endloop
  endfacet
  facet normal 0 0 1
    outer loop
      vertex 1.00559 28.1667 10.8
      vertex -0.4 28.4 10.8
      vertex 0.854236 27.9142 10.8
    endloop
  endfacet
  facet normal 0 0 1
    outer loop
      vertex 0.854236 27.9142 10.8
      vertex -0.4 28.4 10.8
      vertex 0.728361 27.6481 10.8
    endloop
  endfacet
  facet normal 0 0 1
    outer loop
      vertex -0.4 26.5 10.8
      vertex 0.557644 27.0853 10.8
      vertex -0.4 28.4 10.8
    endloop
  endfacet
  facet normal 0 0 1
    outer loop
      vertex 0.728361 27.6481 10.8
      vertex -0.4 28.4 10.8
      vertex 0.629178 27.3709 10.8
    endloop
  endfacet
  facet normal 0 0 1
    outer loop
      vertex 0.629178 27.3709 10.8
      vertex -0.4 28.4 10.8
      vertex 0.557644 27.0853 10.8
    endloop
  endfacet
  facet normal 0 0 1
    outer loop
      vertex 0.557644 27.0853 10.8
      vertex -0.4 26.5 10.8
      vertex 0.514445 26.7941 10.8
    endloop
  endfacet
  facet normal 0 0 1
    outer loop
      vertex 0.514445 26.7941 10.8
      vertex -0.4 26.5 10.8
      vertex 0.5 26.5 10.8
    endloop
  endfacet
  facet normal 0 -1 0
    outer loop
      vertex -0.4 26.5 1.8
      vertex 0.5 26.5 10.8
      vertex -0.4 26.5 10.8
    endloop
  endfacet
  facet normal 0 -1 -0
    outer loop
      vertex 0.5 26.5 10.8
      vertex -0.4 26.5 1.8
      vertex 0.5 26.5 1.8
    endloop
  endfacet
  facet normal 0 0 1
    outer loop
      vertex 63.9944 28.1667 10.8
      vertex 65.4 28.4 10.8
      vertex 65.3904 28.596 10.8
    endloop
  endfacet
  facet normal 0 0 1
    outer loop
      vertex 63.9944 28.1667 10.8
      vertex 65.3904 28.596 10.8
      vertex 65.3616 28.7902 10.8
    endloop
  endfacet
  facet normal 0 0 1
    outer loop
      vertex 63.9944 28.1667 10.8
      vertex 65.3616 28.7902 10.8
      vertex 65.3139 28.9806 10.8
    endloop
  endfacet
  facet normal 0 0 1
    outer loop
      vertex 63.819 28.4032 10.8
      vertex 65.3139 28.9806 10.8
      vertex 65.2478 29.1654 10.8
    endloop
  endfacet
  facet normal 0 0 1
    outer loop
      vertex 63.819 28.4032 10.8
      vertex 65.2478 29.1654 10.8
      vertex 65.1638 29.3428 10.8
    endloop
  endfacet
  facet normal 0 0 1
    outer loop
      vertex 63.819 28.4032 10.8
      vertex 65.1638 29.3428 10.8
      vertex 65.0629 29.5111 10.8
    endloop
  endfacet
  facet normal 0 0 1
    outer loop
      vertex 63.6213 28.6213 10.8
      vertex 65.0629 29.5111 10.8
      vertex 64.946 29.6688 10.8
    endloop
  endfacet
  facet normal 0 0 1
    outer loop
      vertex 63.6213 28.6213 10.8
      vertex 64.946 29.6688 10.8
      vertex 64.8142 29.8142 10.8
    endloop
  endfacet
  facet normal 0 0 1
    outer loop
      vertex 63.6213 28.6213 10.8
      vertex 64.8142 29.8142 10.8
      vertex 64.6688 29.946 10.8
    endloop
  endfacet
  facet normal 0 0 1
    outer loop
      vertex 63.6213 28.6213 10.8
      vertex 64.6688 29.946 10.8
      vertex 64.5111 30.0629 10.8
    endloop
  endfacet
  facet normal 0 0 1
    outer loop
      vertex 65.4 28.4 10.8
      vertex 64.2716 27.6481 10.8
      vertex 64.3708 27.3709 10.8
    endloop
  endfacet
  facet normal 0 0 1
    outer loop
      vertex 65.4 26.5 10.8
      vertex 64.4855 26.7941 10.8
      vertex 64.5 26.5 10.8
    endloop
  endfacet
  facet normal 0 0 1
    outer loop
      vertex 65.4 26.5 10.8
      vertex 64.4424 27.0853 10.8
      vertex 64.4855 26.7941 10.8
    endloop
  endfacet
  facet normal 0 0 1
    outer loop
      vertex 65.4 26.5 10.8
      vertex 64.3708 27.3709 10.8
      vertex 64.4424 27.0853 10.8
    endloop
  endfacet
  facet normal 0 0 1
    outer loop
      vertex 63.4032 28.819 10.8
      vertex 64.5111 30.0629 10.8
      vertex 64.3428 30.1638 10.8
    endloop
  endfacet
  facet normal 0 0 1
    outer loop
      vertex 65.4 28.4 10.8
      vertex 64.3708 27.3709 10.8
      vertex 65.4 26.5 10.8
    endloop
  endfacet
  facet normal 0 0 1
    outer loop
      vertex 63.4032 28.819 10.8
      vertex 64.3428 30.1638 10.8
      vertex 64.1654 30.2478 10.8
    endloop
  endfacet
  facet normal 0 0 1
    outer loop
      vertex 65.4 28.4 10.8
      vertex 64.1458 27.9142 10.8
      vertex 64.2716 27.6481 10.8
    endloop
  endfacet
  facet normal 0 0 1
    outer loop
      vertex 65.4 28.4 10.8
      vertex 63.9944 28.1667 10.8
      vertex 64.1458 27.9142 10.8
    endloop
  endfacet
  facet normal 0 0 1
    outer loop
      vertex 63.4032 28.819 10.8
      vertex 64.1654 30.2478 10.8
      vertex 63.9806 30.3139 10.8
    endloop
  endfacet
  facet normal 0 0 1
    outer loop
      vertex 65.3139 28.9806 10.8
      vertex 63.819 28.4032 10.8
      vertex 63.9944 28.1667 10.8
    endloop
  endfacet
  facet normal 0 0 1
    outer loop
      vertex 63.1667 28.9944 10.8
      vertex 63.9806 30.3139 10.8
      vertex 63.7902 30.3616 10.8
    endloop
  endfacet
  facet normal 0 0 1
    outer loop
      vertex 65.0629 29.5111 10.8
      vertex 63.6213 28.6213 10.8
      vertex 63.819 28.4032 10.8
    endloop
  endfacet
  facet normal 0 0 1
    outer loop
      vertex 63.1667 28.9944 10.8
      vertex 63.7902 30.3616 10.8
      vertex 63.596 30.3904 10.8
    endloop
  endfacet
  facet normal 0 0 1
    outer loop
      vertex 64.5111 30.0629 10.8
      vertex 63.4032 28.819 10.8
      vertex 63.6213 28.6213 10.8
    endloop
  endfacet
  facet normal 0 0 1
    outer loop
      vertex 63.1667 28.9944 10.8
      vertex 63.596 30.3904 10.8
      vertex 63.4 30.4 10.8
    endloop
  endfacet
  facet normal 0 0 1
    outer loop
      vertex 63.9806 30.3139 10.8
      vertex 63.1667 28.9944 10.8
      vertex 63.4032 28.819 10.8
    endloop
  endfacet
  facet normal 0 0 1
    outer loop
      vertex 63.4 30.4 10.8
      vertex 62.9142 29.1458 10.8
      vertex 63.1667 28.9944 10.8
    endloop
  endfacet
  facet normal 0 0 1
    outer loop
      vertex 63.4 30.4 10.8
      vertex 62.648 29.2716 10.8
      vertex 62.9142 29.1458 10.8
    endloop
  endfacet
  facet normal 0 0 1
    outer loop
      vertex 63.4 30.4 10.8
      vertex 62.3709 29.3708 10.8
      vertex 62.648 29.2716 10.8
    endloop
  endfacet
  facet normal 0 0 1
    outer loop
      vertex 63.4 30.4 10.8
      vertex 62.0853 29.4424 10.8
      vertex 62.3709 29.3708 10.8
    endloop
  endfacet
  facet normal -0 0 1
    outer loop
      vertex 61.5 30.4 10.8
      vertex 62.0853 29.4424 10.8
      vertex 63.4 30.4 10.8
    endloop
  endfacet
  facet normal 0 0 1
    outer loop
      vertex 62.0853 29.4424 10.8
      vertex 61.5 30.4 10.8
      vertex 61.7941 29.4856 10.8
    endloop
  endfacet
  facet normal 0 0 1
    outer loop
      vertex 61.7941 29.4856 10.8
      vertex 61.5 30.4 10.8
      vertex 61.5 29.5 10.8
    endloop
  endfacet
  facet normal -1 0 0
    outer loop
      vertex 61.5 29.5 1.8
      vertex 61.5 30.4 10.8
      vertex 61.5 30.4 1.8
    endloop
  endfacet
  facet normal -1 -0 0
    outer loop
      vertex 61.5 30.4 10.8
      vertex 61.5 29.5 1.8
      vertex 61.5 29.5 10.8
    endloop
  endfacet
  facet normal 0 -1 0
    outer loop
      vertex 64.5 26.5 1.8
      vertex 65.4 26.5 10.8
      vertex 64.5 26.5 10.8
    endloop
  endfacet
  facet normal 0 -1 -0
    outer loop
      vertex 65.4 26.5 10.8
      vertex 64.5 26.5 1.8
      vertex 65.4 26.5 1.8
    endloop
  endfacet
  facet normal -0.98918 -0.14671 0
    outer loop
      vertex 4.5947 26.6078 4.8
      vertex 4.57886 26.7146 11.8
      vertex 4.57886 26.7146 4.8
    endloop
  endfacet
  facet normal -0.98918 -0.14671 0
    outer loop
      vertex 4.57886 26.7146 11.8
      vertex 4.5947 26.6078 4.8
      vertex 4.5947 26.6078 11.8
    endloop
  endfacet
  facet normal 0.941599 0.336735 0
    outer loop
      vertex 2.48373 26.079 11.8
      vertex 2.44736 26.1807 4.8
      vertex 2.44736 26.1807 11.8
    endloop
  endfacet
  facet normal 0.941599 0.336735 0
    outer loop
      vertex 2.44736 26.1807 4.8
      vertex 2.48373 26.079 11.8
      vertex 2.48373 26.079 4.8
    endloop
  endfacet
  facet normal -0.146374 -0.989229 0
    outer loop
      vertex 3.60782 27.5947 4.8
      vertex 3.7146 27.5789 11.8
      vertex 3.60782 27.5947 11.8
    endloop
  endfacet
  facet normal -0.146374 -0.989229 -0
    outer loop
      vertex 3.7146 27.5789 11.8
      vertex 3.60782 27.5947 4.8
      vertex 3.7146 27.5789 4.8
    endloop
  endfacet
  facet normal -0.146374 0.989229 0
    outer loop
      vertex 3.7146 25.4211 4.8
      vertex 3.60782 25.4053 11.8
      vertex 3.7146 25.4211 11.8
    endloop
  endfacet
  facet normal -0.146374 0.989229 0
    outer loop
      vertex 3.60782 25.4053 11.8
      vertex 3.7146 25.4211 4.8
      vertex 3.60782 25.4053 4.8
    endloop
  endfacet
  facet normal 0.0490967 0.998794 -0
    outer loop
      vertex 3.5 25.4 4.8
      vertex 3.39218 25.4053 11.8
      vertex 3.5 25.4 11.8
    endloop
  endfacet
  facet normal 0.0490967 0.998794 0
    outer loop
      vertex 3.39218 25.4053 11.8
      vertex 3.5 25.4 4.8
      vertex 3.39218 25.4053 4.8
    endloop
  endfacet
  facet normal 0.0490967 -0.998794 0
    outer loop
      vertex 3.39218 27.5947 4.8
      vertex 3.5 27.6 11.8
      vertex 3.39218 27.5947 11.8
    endloop
  endfacet
  facet normal 0.0490967 -0.998794 0
    outer loop
      vertex 3.5 27.6 11.8
      vertex 3.39218 27.5947 4.8
      vertex 3.5 27.6 4.8
    endloop
  endfacet
  facet normal 0.146374 -0.989229 0
    outer loop
      vertex 3.2854 27.5789 4.8
      vertex 3.39218 27.5947 11.8
      vertex 3.2854 27.5789 11.8
    endloop
  endfacet
  facet normal 0.146374 -0.989229 0
    outer loop
      vertex 3.39218 27.5947 11.8
      vertex 3.2854 27.5789 4.8
      vertex 3.39218 27.5947 4.8
    endloop
  endfacet
  facet normal 0.243603 0.969875 -0
    outer loop
      vertex 3.2854 25.4211 4.8
      vertex 3.18069 25.4474 11.8
      vertex 3.2854 25.4211 11.8
    endloop
  endfacet
  facet normal 0.243603 0.969875 0
    outer loop
      vertex 3.18069 25.4474 11.8
      vertex 3.2854 25.4211 4.8
      vertex 3.18069 25.4474 4.8
    endloop
  endfacet
  facet normal -0.514128 -0.857714 0
    outer loop
      vertex 4.01854 27.4701 4.8
      vertex 4.11113 27.4146 11.8
      vertex 4.01854 27.4701 11.8
    endloop
  endfacet
  facet normal -0.514128 -0.857714 -0
    outer loop
      vertex 4.11113 27.4146 11.8
      vertex 4.01854 27.4701 4.8
      vertex 4.11113 27.4146 4.8
    endloop
  endfacet
  facet normal 0.595693 0.803212 -0
    outer loop
      vertex 2.88887 25.5854 4.8
      vertex 2.80217 25.6497 11.8
      vertex 2.88887 25.5854 11.8
    endloop
  endfacet
  facet normal 0.595693 0.803212 0
    outer loop
      vertex 2.80217 25.6497 11.8
      vertex 2.88887 25.5854 4.8
      vertex 2.80217 25.6497 4.8
    endloop
  endfacet
  facet normal 0.427883 -0.903834 0
    outer loop
      vertex 2.98146 27.4701 4.8
      vertex 3.07905 27.5163 11.8
      vertex 2.98146 27.4701 11.8
    endloop
  endfacet
  facet normal 0.427883 -0.903834 0
    outer loop
      vertex 3.07905 27.5163 11.8
      vertex 2.98146 27.4701 4.8
      vertex 3.07905 27.5163 4.8
    endloop
  endfacet
  facet normal 0.671566 -0.740945 0
    outer loop
      vertex 2.72218 27.2778 4.8
      vertex 2.80217 27.3503 11.8
      vertex 2.72218 27.2778 11.8
    endloop
  endfacet
  facet normal 0.671566 -0.740945 0
    outer loop
      vertex 2.80217 27.3503 11.8
      vertex 2.72218 27.2778 4.8
      vertex 2.80217 27.3503 4.8
    endloop
  endfacet
  facet normal -0.941629 0.336653 0
    outer loop
      vertex 4.51627 26.079 4.8
      vertex 4.55263 26.1807 11.8
      vertex 4.55263 26.1807 4.8
    endloop
  endfacet
  facet normal -0.941629 0.336653 0
    outer loop
      vertex 4.55263 26.1807 11.8
      vertex 4.51627 26.079 4.8
      vertex 4.51627 26.079 11.8
    endloop
  endfacet
  facet normal -0.671566 0.740945 0
    outer loop
      vertex 4.27782 25.7222 4.8
      vertex 4.19783 25.6497 11.8
      vertex 4.27782 25.7222 11.8
    endloop
  endfacet
  facet normal -0.671566 0.740945 0
    outer loop
      vertex 4.19783 25.6497 11.8
      vertex 4.27782 25.7222 4.8
      vertex 4.19783 25.6497 4.8
    endloop
  endfacet
  facet normal -0.0490967 -0.998794 0
    outer loop
      vertex 3.5 27.6 4.8
      vertex 3.60782 27.5947 11.8
      vertex 3.5 27.6 11.8
    endloop
  endfacet
  facet normal -0.0490967 -0.998794 -0
    outer loop
      vertex 3.60782 27.5947 11.8
      vertex 3.5 27.6 4.8
      vertex 3.60782 27.5947 4.8
    endloop
  endfacet
  facet normal -0.336336 0.941742 0
    outer loop
      vertex 3.92095 25.4837 4.8
      vertex 3.81931 25.4474 11.8
      vertex 3.92095 25.4837 11.8
    endloop
  endfacet
  facet normal -0.336336 0.941742 0
    outer loop
      vertex 3.81931 25.4474 11.8
      vertex 3.92095 25.4837 4.8
      vertex 3.81931 25.4474 4.8
    endloop
  endfacet
  facet normal 0.336336 -0.941742 0
    outer loop
      vertex 3.07905 27.5163 4.8
      vertex 3.18069 27.5526 11.8
      vertex 3.07905 27.5163 11.8
    endloop
  endfacet
  facet normal 0.336336 -0.941742 0
    outer loop
      vertex 3.18069 27.5526 11.8
      vertex 3.07905 27.5163 4.8
      vertex 3.18069 27.5526 4.8
    endloop
  endfacet
  facet normal -0.98918 0.14671 0
    outer loop
      vertex 4.57886 26.2854 4.8
      vertex 4.5947 26.3922 11.8
      vertex 4.5947 26.3922 4.8
    endloop
  endfacet
  facet normal -0.98918 0.14671 0
    outer loop
      vertex 4.5947 26.3922 11.8
      vertex 4.57886 26.2854 4.8
      vertex 4.57886 26.2854 11.8
    endloop
  endfacet
  facet normal -0.998794 0.0491058 0
    outer loop
      vertex 4.5947 26.3922 4.8
      vertex 4.6 26.5 11.8
      vertex 4.6 26.5 4.8
    endloop
  endfacet
  facet normal -0.998794 0.0491058 0
    outer loop
      vertex 4.6 26.5 11.8
      vertex 4.5947 26.3922 4.8
      vertex 4.5947 26.3922 11.8
    endloop
  endfacet
  facet normal -0.243603 0.969875 0
    outer loop
      vertex 3.81931 25.4474 4.8
      vertex 3.7146 25.4211 11.8
      vertex 3.81931 25.4474 11.8
    endloop
  endfacet
  facet normal -0.243603 0.969875 0
    outer loop
      vertex 3.7146 25.4211 11.8
      vertex 3.81931 25.4474 4.8
      vertex 3.7146 25.4211 4.8
    endloop
  endfacet
  facet normal 0.970044 -0.242928 0
    outer loop
      vertex 2.42114 26.7146 11.8
      vertex 2.44736 26.8193 4.8
      vertex 2.44736 26.8193 11.8
    endloop
  endfacet
  facet normal 0.970044 -0.242928 0
    outer loop
      vertex 2.44736 26.8193 4.8
      vertex 2.42114 26.7146 11.8
      vertex 2.42114 26.7146 4.8
    endloop
  endfacet
  facet normal -0.427883 0.903834 0
    outer loop
      vertex 4.01854 25.5299 4.8
      vertex 3.92095 25.4837 11.8
      vertex 4.01854 25.5299 11.8
    endloop
  endfacet
  facet normal -0.427883 0.903834 0
    outer loop
      vertex 3.92095 25.4837 11.8
      vertex 4.01854 25.5299 4.8
      vertex 3.92095 25.4837 4.8
    endloop
  endfacet
  facet normal 0.146374 0.989229 -0
    outer loop
      vertex 3.39218 25.4053 4.8
      vertex 3.2854 25.4211 11.8
      vertex 3.39218 25.4053 11.8
    endloop
  endfacet
  facet normal 0.146374 0.989229 0
    outer loop
      vertex 3.2854 25.4211 11.8
      vertex 3.39218 25.4053 4.8
      vertex 3.2854 25.4211 4.8
    endloop
  endfacet
  facet normal -0.803168 -0.595752 0
    outer loop
      vertex 4.41462 27.1111 4.8
      vertex 4.35031 27.1978 11.8
      vertex 4.35031 27.1978 4.8
    endloop
  endfacet
  facet normal -0.803168 -0.595752 0
    outer loop
      vertex 4.35031 27.1978 11.8
      vertex 4.41462 27.1111 4.8
      vertex 4.41462 27.1111 11.8
    endloop
  endfacet
  facet normal 0.903825 0.427903 0
    outer loop
      vertex 2.52989 25.9815 11.8
      vertex 2.48373 26.079 4.8
      vertex 2.48373 26.079 11.8
    endloop
  endfacet
  facet normal 0.903825 0.427903 0
    outer loop
      vertex 2.48373 26.079 4.8
      vertex 2.52989 25.9815 11.8
      vertex 2.52989 25.9815 4.8
    endloop
  endfacet
  facet normal -0.970022 -0.243015 0
    outer loop
      vertex 4.57886 26.7146 4.8
      vertex 4.55263 26.8193 11.8
      vertex 4.55263 26.8193 4.8
    endloop
  endfacet
  facet normal -0.970022 -0.243015 0
    outer loop
      vertex 4.55263 26.8193 11.8
      vertex 4.57886 26.7146 4.8
      vertex 4.57886 26.7146 11.8
    endloop
  endfacet
  facet normal -0.857779 -0.514019 0
    outer loop
      vertex 4.47011 27.0185 4.8
      vertex 4.41462 27.1111 11.8
      vertex 4.41462 27.1111 4.8
    endloop
  endfacet
  facet normal -0.857779 -0.514019 0
    outer loop
      vertex 4.41462 27.1111 11.8
      vertex 4.47011 27.0185 4.8
      vertex 4.47011 27.0185 11.8
    endloop
  endfacet
  facet normal -0.970022 0.243015 0
    outer loop
      vertex 4.55263 26.1807 4.8
      vertex 4.57886 26.2854 11.8
      vertex 4.57886 26.2854 4.8
    endloop
  endfacet
  facet normal -0.970022 0.243015 0
    outer loop
      vertex 4.57886 26.2854 11.8
      vertex 4.55263 26.1807 4.8
      vertex 4.55263 26.1807 11.8
    endloop
  endfacet
  facet normal 0.98918 -0.14671 0
    outer loop
      vertex 2.4053 26.6078 11.8
      vertex 2.42114 26.7146 4.8
      vertex 2.42114 26.7146 11.8
    endloop
  endfacet
  facet normal 0.98918 -0.14671 0
    outer loop
      vertex 2.42114 26.7146 4.8
      vertex 2.4053 26.6078 11.8
      vertex 2.4053 26.6078 4.8
    endloop
  endfacet
  facet normal 0.803168 0.595752 0
    outer loop
      vertex 2.64969 25.8022 11.8
      vertex 2.58538 25.8889 4.8
      vertex 2.58538 25.8889 11.8
    endloop
  endfacet
  facet normal 0.803168 0.595752 0
    outer loop
      vertex 2.58538 25.8889 4.8
      vertex 2.64969 25.8022 11.8
      vertex 2.64969 25.8022 4.8
    endloop
  endfacet
  facet normal -0.336336 -0.941742 0
    outer loop
      vertex 3.81931 27.5526 4.8
      vertex 3.92095 27.5163 11.8
      vertex 3.81931 27.5526 11.8
    endloop
  endfacet
  facet normal -0.336336 -0.941742 -0
    outer loop
      vertex 3.92095 27.5163 11.8
      vertex 3.81931 27.5526 4.8
      vertex 3.92095 27.5163 4.8
    endloop
  endfacet
  facet normal 0.336336 0.941742 -0
    outer loop
      vertex 3.18069 25.4474 4.8
      vertex 3.07905 25.4837 11.8
      vertex 3.18069 25.4474 11.8
    endloop
  endfacet
  facet normal 0.336336 0.941742 0
    outer loop
      vertex 3.07905 25.4837 11.8
      vertex 3.18069 25.4474 4.8
      vertex 3.07905 25.4837 4.8
    endloop
  endfacet
  facet normal 0.741033 -0.671469 0
    outer loop
      vertex 2.64969 27.1978 11.8
      vertex 2.72218 27.2778 4.8
      vertex 2.72218 27.2778 11.8
    endloop
  endfacet
  facet normal 0.741033 -0.671469 0
    outer loop
      vertex 2.72218 27.2778 4.8
      vertex 2.64969 27.1978 11.8
      vertex 2.64969 27.1978 4.8
    endloop
  endfacet
  facet normal -0.595693 0.803212 0
    outer loop
      vertex 4.19783 25.6497 4.8
      vertex 4.11113 25.5854 11.8
      vertex 4.19783 25.6497 11.8
    endloop
  endfacet
  facet normal -0.595693 0.803212 0
    outer loop
      vertex 4.11113 25.5854 11.8
      vertex 4.19783 25.6497 4.8
      vertex 4.11113 25.5854 4.8
    endloop
  endfacet
  facet normal 0.427883 0.903834 -0
    outer loop
      vertex 3.07905 25.4837 4.8
      vertex 2.98146 25.5299 11.8
      vertex 3.07905 25.4837 11.8
    endloop
  endfacet
  facet normal 0.427883 0.903834 0
    outer loop
      vertex 2.98146 25.5299 11.8
      vertex 3.07905 25.4837 4.8
      vertex 2.98146 25.5299 4.8
    endloop
  endfacet
  facet normal -0.671566 -0.740945 0
    outer loop
      vertex 4.19783 27.3503 4.8
      vertex 4.27782 27.2778 11.8
      vertex 4.19783 27.3503 11.8
    endloop
  endfacet
  facet normal -0.671566 -0.740945 -0
    outer loop
      vertex 4.27782 27.2778 11.8
      vertex 4.19783 27.3503 4.8
      vertex 4.27782 27.2778 4.8
    endloop
  endfacet
  facet normal 0.514128 -0.857714 0
    outer loop
      vertex 2.88887 27.4146 4.8
      vertex 2.98146 27.4701 11.8
      vertex 2.88887 27.4146 11.8
    endloop
  endfacet
  facet normal 0.514128 -0.857714 0
    outer loop
      vertex 2.98146 27.4701 11.8
      vertex 2.88887 27.4146 4.8
      vertex 2.98146 27.4701 4.8
    endloop
  endfacet
  facet normal 0.857779 0.514019 0
    outer loop
      vertex 2.58538 25.8889 11.8
      vertex 2.52989 25.9815 4.8
      vertex 2.52989 25.9815 11.8
    endloop
  endfacet
  facet normal 0.857779 0.514019 0
    outer loop
      vertex 2.52989 25.9815 4.8
      vertex 2.58538 25.8889 11.8
      vertex 2.58538 25.8889 4.8
    endloop
  endfacet
  facet normal 0.903825 -0.427903 0
    outer loop
      vertex 2.48373 26.921 11.8
      vertex 2.52989 27.0185 4.8
      vertex 2.52989 27.0185 11.8
    endloop
  endfacet
  facet normal 0.903825 -0.427903 0
    outer loop
      vertex 2.52989 27.0185 4.8
      vertex 2.48373 26.921 11.8
      vertex 2.48373 26.921 4.8
    endloop
  endfacet
  facet normal -0.857779 0.514019 0
    outer loop
      vertex 4.41462 25.8889 4.8
      vertex 4.47011 25.9815 11.8
      vertex 4.47011 25.9815 4.8
    endloop
  endfacet
  facet normal -0.857779 0.514019 0
    outer loop
      vertex 4.47011 25.9815 11.8
      vertex 4.41462 25.8889 4.8
      vertex 4.41462 25.8889 11.8
    endloop
  endfacet
  facet normal -0.514128 0.857714 0
    outer loop
      vertex 4.11113 25.5854 4.8
      vertex 4.01854 25.5299 11.8
      vertex 4.11113 25.5854 11.8
    endloop
  endfacet
  facet normal -0.514128 0.857714 0
    outer loop
      vertex 4.01854 25.5299 11.8
      vertex 4.11113 25.5854 4.8
      vertex 4.01854 25.5299 4.8
    endloop
  endfacet
  facet normal -0.998794 -0.0491058 0
    outer loop
      vertex 4.6 26.5 4.8
      vertex 4.5947 26.6078 11.8
      vertex 4.5947 26.6078 4.8
    endloop
  endfacet
  facet normal -0.998794 -0.0491058 0
    outer loop
      vertex 4.5947 26.6078 11.8
      vertex 4.6 26.5 4.8
      vertex 4.6 26.5 11.8
    endloop
  endfacet
  facet normal 0.970044 0.242928 0
    outer loop
      vertex 2.44736 26.1807 11.8
      vertex 2.42114 26.2854 4.8
      vertex 2.42114 26.2854 11.8
    endloop
  endfacet
  facet normal 0.970044 0.242928 0
    outer loop
      vertex 2.42114 26.2854 4.8
      vertex 2.44736 26.1807 11.8
      vertex 2.44736 26.1807 4.8
    endloop
  endfacet
  facet normal -0.243603 -0.969875 0
    outer loop
      vertex 3.7146 27.5789 4.8
      vertex 3.81931 27.5526 11.8
      vertex 3.7146 27.5789 11.8
    endloop
  endfacet
  facet normal -0.243603 -0.969875 -0
    outer loop
      vertex 3.81931 27.5526 11.8
      vertex 3.7146 27.5789 4.8
      vertex 3.81931 27.5526 4.8
    endloop
  endfacet
  facet normal -0.0490967 0.998794 0
    outer loop
      vertex 3.60782 25.4053 4.8
      vertex 3.5 25.4 11.8
      vertex 3.60782 25.4053 11.8
    endloop
  endfacet
  facet normal -0.0490967 0.998794 0
    outer loop
      vertex 3.5 25.4 11.8
      vertex 3.60782 25.4053 4.8
      vertex 3.5 25.4 4.8
    endloop
  endfacet
  facet normal -0.903825 0.427903 0
    outer loop
      vertex 4.47011 25.9815 4.8
      vertex 4.51627 26.079 11.8
      vertex 4.51627 26.079 4.8
    endloop
  endfacet
  facet normal -0.903825 0.427903 0
    outer loop
      vertex 4.51627 26.079 11.8
      vertex 4.47011 25.9815 4.8
      vertex 4.47011 25.9815 11.8
    endloop
  endfacet
  facet normal -0.803168 0.595752 0
    outer loop
      vertex 4.35031 25.8022 4.8
      vertex 4.41462 25.8889 11.8
      vertex 4.41462 25.8889 4.8
    endloop
  endfacet
  facet normal -0.803168 0.595752 0
    outer loop
      vertex 4.41462 25.8889 11.8
      vertex 4.35031 25.8022 4.8
      vertex 4.35031 25.8022 11.8
    endloop
  endfacet
  facet normal 0.98918 0.14671 0
    outer loop
      vertex 2.42114 26.2854 11.8
      vertex 2.4053 26.3922 4.8
      vertex 2.4053 26.3922 11.8
    endloop
  endfacet
  facet normal 0.98918 0.14671 0
    outer loop
      vertex 2.4053 26.3922 4.8
      vertex 2.42114 26.2854 11.8
      vertex 2.42114 26.2854 4.8
    endloop
  endfacet
  facet normal 0.243603 -0.969875 0
    outer loop
      vertex 3.18069 27.5526 4.8
      vertex 3.2854 27.5789 11.8
      vertex 3.18069 27.5526 11.8
    endloop
  endfacet
  facet normal 0.243603 -0.969875 0
    outer loop
      vertex 3.2854 27.5789 11.8
      vertex 3.18069 27.5526 4.8
      vertex 3.2854 27.5789 4.8
    endloop
  endfacet
  facet normal 0.741033 0.671469 0
    outer loop
      vertex 2.72218 25.7222 11.8
      vertex 2.64969 25.8022 4.8
      vertex 2.64969 25.8022 11.8
    endloop
  endfacet
  facet normal 0.741033 0.671469 0
    outer loop
      vertex 2.64969 25.8022 4.8
      vertex 2.72218 25.7222 11.8
      vertex 2.72218 25.7222 4.8
    endloop
  endfacet
  facet normal 0.671566 0.740945 -0
    outer loop
      vertex 2.80217 25.6497 4.8
      vertex 2.72218 25.7222 11.8
      vertex 2.80217 25.6497 11.8
    endloop
  endfacet
  facet normal 0.671566 0.740945 0
    outer loop
      vertex 2.72218 25.7222 11.8
      vertex 2.80217 25.6497 4.8
      vertex 2.72218 25.7222 4.8
    endloop
  endfacet
  facet normal 0.941599 -0.336735 0
    outer loop
      vertex 2.44736 26.8193 11.8
      vertex 2.48373 26.921 4.8
      vertex 2.48373 26.921 11.8
    endloop
  endfacet
  facet normal 0.941599 -0.336735 0
    outer loop
      vertex 2.48373 26.921 4.8
      vertex 2.44736 26.8193 11.8
      vertex 2.44736 26.8193 4.8
    endloop
  endfacet
  facet normal 0.514128 0.857714 -0
    outer loop
      vertex 2.98146 25.5299 4.8
      vertex 2.88887 25.5854 11.8
      vertex 2.98146 25.5299 11.8
    endloop
  endfacet
  facet normal 0.514128 0.857714 0
    outer loop
      vertex 2.88887 25.5854 11.8
      vertex 2.98146 25.5299 4.8
      vertex 2.88887 25.5854 4.8
    endloop
  endfacet
  facet normal -0.941629 -0.336653 0
    outer loop
      vertex 4.55263 26.8193 4.8
      vertex 4.51627 26.921 11.8
      vertex 4.51627 26.921 4.8
    endloop
  endfacet
  facet normal -0.941629 -0.336653 0
    outer loop
      vertex 4.51627 26.921 11.8
      vertex 4.55263 26.8193 4.8
      vertex 4.55263 26.8193 11.8
    endloop
  endfacet
  facet normal -0.741033 0.671469 0
    outer loop
      vertex 4.27782 25.7222 4.8
      vertex 4.35031 25.8022 11.8
      vertex 4.35031 25.8022 4.8
    endloop
  endfacet
  facet normal -0.741033 0.671469 0
    outer loop
      vertex 4.35031 25.8022 11.8
      vertex 4.27782 25.7222 4.8
      vertex 4.27782 25.7222 11.8
    endloop
  endfacet
  facet normal 0.998794 0.0491058 0
    outer loop
      vertex 2.4053 26.3922 11.8
      vertex 2.4 26.5 4.8
      vertex 2.4 26.5 11.8
    endloop
  endfacet
  facet normal 0.998794 0.0491058 0
    outer loop
      vertex 2.4 26.5 4.8
      vertex 2.4053 26.3922 11.8
      vertex 2.4053 26.3922 4.8
    endloop
  endfacet
  facet normal -0.427883 -0.903834 0
    outer loop
      vertex 3.92095 27.5163 4.8
      vertex 4.01854 27.4701 11.8
      vertex 3.92095 27.5163 11.8
    endloop
  endfacet
  facet normal -0.427883 -0.903834 -0
    outer loop
      vertex 4.01854 27.4701 11.8
      vertex 3.92095 27.5163 4.8
      vertex 4.01854 27.4701 4.8
    endloop
  endfacet
  facet normal -0.595693 -0.803212 0
    outer loop
      vertex 4.11113 27.4146 4.8
      vertex 4.19783 27.3503 11.8
      vertex 4.11113 27.4146 11.8
    endloop
  endfacet
  facet normal -0.595693 -0.803212 -0
    outer loop
      vertex 4.19783 27.3503 11.8
      vertex 4.11113 27.4146 4.8
      vertex 4.19783 27.3503 4.8
    endloop
  endfacet
  facet normal 0.998794 -0.0491058 0
    outer loop
      vertex 2.4 26.5 11.8
      vertex 2.4053 26.6078 4.8
      vertex 2.4053 26.6078 11.8
    endloop
  endfacet
  facet normal 0.998794 -0.0491058 0
    outer loop
      vertex 2.4053 26.6078 4.8
      vertex 2.4 26.5 11.8
      vertex 2.4 26.5 4.8
    endloop
  endfacet
  facet normal 0.595693 -0.803212 0
    outer loop
      vertex 2.80217 27.3503 4.8
      vertex 2.88887 27.4146 11.8
      vertex 2.80217 27.3503 11.8
    endloop
  endfacet
  facet normal 0.595693 -0.803212 0
    outer loop
      vertex 2.88887 27.4146 11.8
      vertex 2.80217 27.3503 4.8
      vertex 2.88887 27.4146 4.8
    endloop
  endfacet
  facet normal 0.803168 -0.595752 0
    outer loop
      vertex 2.58538 27.1111 11.8
      vertex 2.64969 27.1978 4.8
      vertex 2.64969 27.1978 11.8
    endloop
  endfacet
  facet normal 0.803168 -0.595752 0
    outer loop
      vertex 2.64969 27.1978 4.8
      vertex 2.58538 27.1111 11.8
      vertex 2.58538 27.1111 4.8
    endloop
  endfacet
  facet normal 0.857779 -0.514019 0
    outer loop
      vertex 2.52989 27.0185 11.8
      vertex 2.58538 27.1111 4.8
      vertex 2.58538 27.1111 11.8
    endloop
  endfacet
  facet normal 0.857779 -0.514019 0
    outer loop
      vertex 2.58538 27.1111 4.8
      vertex 2.52989 27.0185 11.8
      vertex 2.52989 27.0185 4.8
    endloop
  endfacet
  facet normal -0.903825 -0.427903 0
    outer loop
      vertex 4.51627 26.921 4.8
      vertex 4.47011 27.0185 11.8
      vertex 4.47011 27.0185 4.8
    endloop
  endfacet
  facet normal -0.903825 -0.427903 0
    outer loop
      vertex 4.47011 27.0185 11.8
      vertex 4.51627 26.921 4.8
      vertex 4.51627 26.921 11.8
    endloop
  endfacet
  facet normal -0.741033 -0.671469 0
    outer loop
      vertex 4.35031 27.1978 4.8
      vertex 4.27782 27.2778 11.8
      vertex 4.27782 27.2778 4.8
    endloop
  endfacet
  facet normal -0.741033 -0.671469 0
    outer loop
      vertex 4.27782 27.2778 11.8
      vertex 4.35031 27.1978 4.8
      vertex 4.35031 27.1978 11.8
    endloop
  endfacet
  facet normal 0 0 1
    outer loop
      vertex 4.5947 26.6078 4.8
      vertex 4.5947 26.3922 4.8
      vertex 4.6 26.5 4.8
    endloop
  endfacet
  facet normal 0 0 1
    outer loop
      vertex 4.57886 26.7146 4.8
      vertex 4.5947 26.3922 4.8
      vertex 4.5947 26.6078 4.8
    endloop
  endfacet
  facet normal 0 0 1
    outer loop
      vertex 4.57886 26.7146 4.8
      vertex 4.57886 26.2854 4.8
      vertex 4.5947 26.3922 4.8
    endloop
  endfacet
  facet normal 0 0 1
    outer loop
      vertex 4.55263 26.8193 4.8
      vertex 4.57886 26.2854 4.8
      vertex 4.57886 26.7146 4.8
    endloop
  endfacet
  facet normal 0 0 1
    outer loop
      vertex 4.55263 26.8193 4.8
      vertex 4.55263 26.1807 4.8
      vertex 4.57886 26.2854 4.8
    endloop
  endfacet
  facet normal 0 0 1
    outer loop
      vertex 4.51627 26.921 4.8
      vertex 4.55263 26.1807 4.8
      vertex 4.55263 26.8193 4.8
    endloop
  endfacet
  facet normal 0 0 1
    outer loop
      vertex 4.51627 26.921 4.8
      vertex 4.51627 26.079 4.8
      vertex 4.55263 26.1807 4.8
    endloop
  endfacet
  facet normal 0 0 1
    outer loop
      vertex 4.47011 27.0185 4.8
      vertex 4.51627 26.079 4.8
      vertex 4.51627 26.921 4.8
    endloop
  endfacet
  facet normal 0 0 1
    outer loop
      vertex 4.47011 27.0185 4.8
      vertex 4.47011 25.9815 4.8
      vertex 4.51627 26.079 4.8
    endloop
  endfacet
  facet normal 0 0 1
    outer loop
      vertex 4.41462 27.1111 4.8
      vertex 4.47011 25.9815 4.8
      vertex 4.47011 27.0185 4.8
    endloop
  endfacet
  facet normal 0 0 1
    outer loop
      vertex 4.41462 27.1111 4.8
      vertex 4.41462 25.8889 4.8
      vertex 4.47011 25.9815 4.8
    endloop
  endfacet
  facet normal 0 0 1
    outer loop
      vertex 4.35031 27.1978 4.8
      vertex 4.41462 25.8889 4.8
      vertex 4.41462 27.1111 4.8
    endloop
  endfacet
  facet normal 0 0 1
    outer loop
      vertex 4.35031 27.1978 4.8
      vertex 4.35031 25.8022 4.8
      vertex 4.41462 25.8889 4.8
    endloop
  endfacet
  facet normal 0 0 1
    outer loop
      vertex 4.27782 27.2778 4.8
      vertex 4.35031 25.8022 4.8
      vertex 4.35031 27.1978 4.8
    endloop
  endfacet
  facet normal 0 0 1
    outer loop
      vertex 4.27782 27.2778 4.8
      vertex 4.27782 25.7222 4.8
      vertex 4.35031 25.8022 4.8
    endloop
  endfacet
  facet normal 0 0 1
    outer loop
      vertex 4.19783 27.3503 4.8
      vertex 4.27782 25.7222 4.8
      vertex 4.27782 27.2778 4.8
    endloop
  endfacet
  facet normal 0 0 1
    outer loop
      vertex 4.19783 27.3503 4.8
      vertex 4.19783 25.6497 4.8
      vertex 4.27782 25.7222 4.8
    endloop
  endfacet
  facet normal 0 0 1
    outer loop
      vertex 4.11113 27.4146 4.8
      vertex 4.19783 25.6497 4.8
      vertex 4.19783 27.3503 4.8
    endloop
  endfacet
  facet normal 0 0 1
    outer loop
      vertex 4.11113 27.4146 4.8
      vertex 4.11113 25.5854 4.8
      vertex 4.19783 25.6497 4.8
    endloop
  endfacet
  facet normal 0 0 1
    outer loop
      vertex 4.01854 27.4701 4.8
      vertex 4.11113 25.5854 4.8
      vertex 4.11113 27.4146 4.8
    endloop
  endfacet
  facet normal 0 0 1
    outer loop
      vertex 4.01854 27.4701 4.8
      vertex 4.01854 25.5299 4.8
      vertex 4.11113 25.5854 4.8
    endloop
  endfacet
  facet normal 0 0 1
    outer loop
      vertex 3.92095 27.5163 4.8
      vertex 4.01854 25.5299 4.8
      vertex 4.01854 27.4701 4.8
    endloop
  endfacet
  facet normal 0 0 1
    outer loop
      vertex 3.92095 27.5163 4.8
      vertex 3.92095 25.4837 4.8
      vertex 4.01854 25.5299 4.8
    endloop
  endfacet
  facet normal 0 0 1
    outer loop
      vertex 3.81931 27.5526 4.8
      vertex 3.92095 25.4837 4.8
      vertex 3.92095 27.5163 4.8
    endloop
  endfacet
  facet normal 0 0 1
    outer loop
      vertex 3.81931 27.5526 4.8
      vertex 3.81931 25.4474 4.8
      vertex 3.92095 25.4837 4.8
    endloop
  endfacet
  facet normal 0 0 1
    outer loop
      vertex 3.7146 27.5789 4.8
      vertex 3.81931 25.4474 4.8
      vertex 3.81931 27.5526 4.8
    endloop
  endfacet
  facet normal 0 0 1
    outer loop
      vertex 3.7146 27.5789 4.8
      vertex 3.7146 25.4211 4.8
      vertex 3.81931 25.4474 4.8
    endloop
  endfacet
  facet normal 0 0 1
    outer loop
      vertex 3.60782 27.5947 4.8
      vertex 3.7146 25.4211 4.8
      vertex 3.7146 27.5789 4.8
    endloop
  endfacet
  facet normal 0 0 1
    outer loop
      vertex 3.60782 27.5947 4.8
      vertex 3.60782 25.4053 4.8
      vertex 3.7146 25.4211 4.8
    endloop
  endfacet
  facet normal 0 0 1
    outer loop
      vertex 3.5 27.6 4.8
      vertex 3.60782 25.4053 4.8
      vertex 3.60782 27.5947 4.8
    endloop
  endfacet
  facet normal 0 0 1
    outer loop
      vertex 3.5 27.6 4.8
      vertex 3.5 25.4 4.8
      vertex 3.60782 25.4053 4.8
    endloop
  endfacet
  facet normal -0 0 1
    outer loop
      vertex 3.39218 27.5947 4.8
      vertex 3.5 25.4 4.8
      vertex 3.5 27.6 4.8
    endloop
  endfacet
  facet normal 0 0 1
    outer loop
      vertex 3.39218 27.5947 4.8
      vertex 3.39218 25.4053 4.8
      vertex 3.5 25.4 4.8
    endloop
  endfacet
  facet normal -0 0 1
    outer loop
      vertex 3.2854 27.5789 4.8
      vertex 3.39218 25.4053 4.8
      vertex 3.39218 27.5947 4.8
    endloop
  endfacet
  facet normal 0 0 1
    outer loop
      vertex 3.2854 27.5789 4.8
      vertex 3.2854 25.4211 4.8
      vertex 3.39218 25.4053 4.8
    endloop
  endfacet
  facet normal -0 0 1
    outer loop
      vertex 3.18069 27.5526 4.8
      vertex 3.2854 25.4211 4.8
      vertex 3.2854 27.5789 4.8
    endloop
  endfacet
  facet normal 0 0 1
    outer loop
      vertex 3.18069 27.5526 4.8
      vertex 3.18069 25.4474 4.8
      vertex 3.2854 25.4211 4.8
    endloop
  endfacet
  facet normal -0 0 1
    outer loop
      vertex 3.07905 27.5163 4.8
      vertex 3.18069 25.4474 4.8
      vertex 3.18069 27.5526 4.8
    endloop
  endfacet
  facet normal 0 0 1
    outer loop
      vertex 3.07905 27.5163 4.8
      vertex 3.07905 25.4837 4.8
      vertex 3.18069 25.4474 4.8
    endloop
  endfacet
  facet normal -0 0 1
    outer loop
      vertex 2.98146 27.4701 4.8
      vertex 3.07905 25.4837 4.8
      vertex 3.07905 27.5163 4.8
    endloop
  endfacet
  facet normal 0 0 1
    outer loop
      vertex 2.98146 27.4701 4.8
      vertex 2.98146 25.5299 4.8
      vertex 3.07905 25.4837 4.8
    endloop
  endfacet
  facet normal -0 0 1
    outer loop
      vertex 2.88887 27.4146 4.8
      vertex 2.98146 25.5299 4.8
      vertex 2.98146 27.4701 4.8
    endloop
  endfacet
  facet normal 0 0 1
    outer loop
      vertex 2.88887 27.4146 4.8
      vertex 2.88887 25.5854 4.8
      vertex 2.98146 25.5299 4.8
    endloop
  endfacet
  facet normal -0 0 1
    outer loop
      vertex 2.80217 27.3503 4.8
      vertex 2.88887 25.5854 4.8
      vertex 2.88887 27.4146 4.8
    endloop
  endfacet
  facet normal 0 0 1
    outer loop
      vertex 2.80217 27.3503 4.8
      vertex 2.80217 25.6497 4.8
      vertex 2.88887 25.5854 4.8
    endloop
  endfacet
  facet normal -0 0 1
    outer loop
      vertex 2.72218 27.2778 4.8
      vertex 2.80217 25.6497 4.8
      vertex 2.80217 27.3503 4.8
    endloop
  endfacet
  facet normal 0 0 1
    outer loop
      vertex 2.72218 27.2778 4.8
      vertex 2.72218 25.7222 4.8
      vertex 2.80217 25.6497 4.8
    endloop
  endfacet
  facet normal -0 0 1
    outer loop
      vertex 2.64969 27.1978 4.8
      vertex 2.72218 25.7222 4.8
      vertex 2.72218 27.2778 4.8
    endloop
  endfacet
  facet normal 0 0 1
    outer loop
      vertex 2.64969 27.1978 4.8
      vertex 2.64969 25.8022 4.8
      vertex 2.72218 25.7222 4.8
    endloop
  endfacet
  facet normal -0 0 1
    outer loop
      vertex 2.58538 27.1111 4.8
      vertex 2.64969 25.8022 4.8
      vertex 2.64969 27.1978 4.8
    endloop
  endfacet
  facet normal 0 0 1
    outer loop
      vertex 2.58538 27.1111 4.8
      vertex 2.58538 25.8889 4.8
      vertex 2.64969 25.8022 4.8
    endloop
  endfacet
  facet normal -0 0 1
    outer loop
      vertex 2.52989 27.0185 4.8
      vertex 2.58538 25.8889 4.8
      vertex 2.58538 27.1111 4.8
    endloop
  endfacet
  facet normal 0 0 1
    outer loop
      vertex 2.52989 27.0185 4.8
      vertex 2.52989 25.9815 4.8
      vertex 2.58538 25.8889 4.8
    endloop
  endfacet
  facet normal -0 0 1
    outer loop
      vertex 2.48373 26.921 4.8
      vertex 2.52989 25.9815 4.8
      vertex 2.52989 27.0185 4.8
    endloop
  endfacet
  facet normal 0 0 1
    outer loop
      vertex 2.48373 26.921 4.8
      vertex 2.48373 26.079 4.8
      vertex 2.52989 25.9815 4.8
    endloop
  endfacet
  facet normal -0 0 1
    outer loop
      vertex 2.44736 26.8193 4.8
      vertex 2.48373 26.079 4.8
      vertex 2.48373 26.921 4.8
    endloop
  endfacet
  facet normal 0 0 1
    outer loop
      vertex 2.44736 26.8193 4.8
      vertex 2.44736 26.1807 4.8
      vertex 2.48373 26.079 4.8
    endloop
  endfacet
  facet normal -0 0 1
    outer loop
      vertex 2.42114 26.7146 4.8
      vertex 2.44736 26.1807 4.8
      vertex 2.44736 26.8193 4.8
    endloop
  endfacet
  facet normal 0 0 1
    outer loop
      vertex 2.42114 26.7146 4.8
      vertex 2.42114 26.2854 4.8
      vertex 2.44736 26.1807 4.8
    endloop
  endfacet
  facet normal -0 0 1
    outer loop
      vertex 2.4053 26.6078 4.8
      vertex 2.42114 26.2854 4.8
      vertex 2.42114 26.7146 4.8
    endloop
  endfacet
  facet normal 0 0 1
    outer loop
      vertex 2.4053 26.6078 4.8
      vertex 2.4053 26.3922 4.8
      vertex 2.42114 26.2854 4.8
    endloop
  endfacet
  facet normal 0 -0 1
    outer loop
      vertex 2.4053 26.3922 4.8
      vertex 2.4053 26.6078 4.8
      vertex 2.4 26.5 4.8
    endloop
  endfacet
  facet normal 0.595693 -0.803212 0
    outer loop
      vertex 60.8022 27.3503 4.8
      vertex 60.8889 27.4146 11.8
      vertex 60.8022 27.3503 11.8
    endloop
  endfacet
  facet normal 0.595693 -0.803212 0
    outer loop
      vertex 60.8889 27.4146 11.8
      vertex 60.8022 27.3503 4.8
      vertex 60.8889 27.4146 4.8
    endloop
  endfacet
  facet normal 0.33616 -0.941805 0
    outer loop
      vertex 61.079 27.5163 4.8
      vertex 61.1807 27.5526 11.8
      vertex 61.079 27.5163 11.8
    endloop
  endfacet
  facet normal 0.33616 -0.941805 0
    outer loop
      vertex 61.1807 27.5526 11.8
      vertex 61.079 27.5163 4.8
      vertex 61.1807 27.5526 4.8
    endloop
  endfacet
  facet normal -0.989233 0.146347 0
    outer loop
      vertex 62.5789 26.2854 4.8
      vertex 62.5947 26.3922 11.8
      vertex 62.5947 26.3922 4.8
    endloop
  endfacet
  facet normal -0.989233 0.146347 0
    outer loop
      vertex 62.5947 26.3922 11.8
      vertex 62.5789 26.2854 4.8
      vertex 62.5789 26.2854 11.8
    endloop
  endfacet
  facet normal 0.514087 -0.857738 0
    outer loop
      vertex 60.8889 27.4146 4.8
      vertex 60.9815 27.4701 11.8
      vertex 60.8889 27.4146 11.8
    endloop
  endfacet
  facet normal 0.514087 -0.857738 0
    outer loop
      vertex 60.9815 27.4701 11.8
      vertex 60.8889 27.4146 4.8
      vertex 60.9815 27.4701 4.8
    endloop
  endfacet
  facet normal 0.969869 0.243625 0
    outer loop
      vertex 60.4474 26.1807 11.8
      vertex 60.4211 26.2854 4.8
      vertex 60.4211 26.2854 11.8
    endloop
  endfacet
  facet normal 0.969869 0.243625 0
    outer loop
      vertex 60.4211 26.2854 4.8
      vertex 60.4474 26.1807 11.8
      vertex 60.4474 26.1807 4.8
    endloop
  endfacet
  facet normal 0.33616 0.941805 -0
    outer loop
      vertex 61.1807 25.4474 4.8
      vertex 61.079 25.4837 11.8
      vertex 61.1807 25.4474 11.8
    endloop
  endfacet
  facet normal 0.33616 0.941805 0
    outer loop
      vertex 61.079 25.4837 11.8
      vertex 61.1807 25.4474 4.8
      vertex 61.079 25.4837 4.8
    endloop
  endfacet
  facet normal -0.243625 -0.969869 0
    outer loop
      vertex 61.7146 27.5789 4.8
      vertex 61.8193 27.5526 11.8
      vertex 61.7146 27.5789 11.8
    endloop
  endfacet
  facet normal -0.243625 -0.969869 -0
    outer loop
      vertex 61.8193 27.5526 11.8
      vertex 61.7146 27.5789 4.8
      vertex 61.8193 27.5526 4.8
    endloop
  endfacet
  facet normal -0.595693 -0.803212 0
    outer loop
      vertex 62.1111 27.4146 4.8
      vertex 62.1978 27.3503 11.8
      vertex 62.1111 27.4146 11.8
    endloop
  endfacet
  facet normal -0.595693 -0.803212 -0
    outer loop
      vertex 62.1978 27.3503 11.8
      vertex 62.1111 27.4146 4.8
      vertex 62.1978 27.3503 4.8
    endloop
  endfacet
  facet normal 0.941805 -0.33616 0
    outer loop
      vertex 60.4474 26.8193 11.8
      vertex 60.4837 26.921 4.8
      vertex 60.4837 26.921 11.8
    endloop
  endfacet
  facet normal 0.941805 -0.33616 0
    outer loop
      vertex 60.4837 26.921 4.8
      vertex 60.4474 26.8193 11.8
      vertex 60.4474 26.8193 4.8
    endloop
  endfacet
  facet normal -0.941805 0.33616 0
    outer loop
      vertex 62.5163 26.079 4.8
      vertex 62.5526 26.1807 11.8
      vertex 62.5526 26.1807 4.8
    endloop
  endfacet
  facet normal -0.941805 0.33616 0
    outer loop
      vertex 62.5526 26.1807 11.8
      vertex 62.5163 26.079 4.8
      vertex 62.5163 26.079 11.8
    endloop
  endfacet
  facet normal -0.0491058 -0.998794 0
    outer loop
      vertex 61.5 27.6 4.8
      vertex 61.6078 27.5947 11.8
      vertex 61.5 27.6 11.8
    endloop
  endfacet
  facet normal -0.0491058 -0.998794 -0
    outer loop
      vertex 61.6078 27.5947 11.8
      vertex 61.5 27.6 4.8
      vertex 61.6078 27.5947 4.8
    endloop
  endfacet
  facet normal -0.33616 0.941805 0
    outer loop
      vertex 61.921 25.4837 4.8
      vertex 61.8193 25.4474 11.8
      vertex 61.921 25.4837 11.8
    endloop
  endfacet
  facet normal -0.33616 0.941805 0
    outer loop
      vertex 61.8193 25.4474 11.8
      vertex 61.921 25.4837 4.8
      vertex 61.8193 25.4474 4.8
    endloop
  endfacet
  facet normal 0.0491058 0.998794 -0
    outer loop
      vertex 61.5 25.4 4.8
      vertex 61.3922 25.4053 11.8
      vertex 61.5 25.4 11.8
    endloop
  endfacet
  facet normal 0.0491058 0.998794 0
    outer loop
      vertex 61.3922 25.4053 11.8
      vertex 61.5 25.4 4.8
      vertex 61.3922 25.4053 4.8
    endloop
  endfacet
  facet normal -0.989233 -0.146347 0
    outer loop
      vertex 62.5947 26.6078 4.8
      vertex 62.5789 26.7146 11.8
      vertex 62.5789 26.7146 4.8
    endloop
  endfacet
  facet normal -0.989233 -0.146347 0
    outer loop
      vertex 62.5789 26.7146 11.8
      vertex 62.5947 26.6078 4.8
      vertex 62.5947 26.6078 11.8
    endloop
  endfacet
  facet normal 0.146347 -0.989233 0
    outer loop
      vertex 61.2854 27.5789 4.8
      vertex 61.3922 27.5947 11.8
      vertex 61.2854 27.5789 11.8
    endloop
  endfacet
  facet normal 0.146347 -0.989233 0
    outer loop
      vertex 61.3922 27.5947 11.8
      vertex 61.2854 27.5789 4.8
      vertex 61.3922 27.5947 4.8
    endloop
  endfacet
  facet normal -0.803212 -0.595693 0
    outer loop
      vertex 62.4146 27.1111 4.8
      vertex 62.3503 27.1978 11.8
      vertex 62.3503 27.1978 4.8
    endloop
  endfacet
  facet normal -0.803212 -0.595693 0
    outer loop
      vertex 62.3503 27.1978 11.8
      vertex 62.4146 27.1111 4.8
      vertex 62.4146 27.1111 11.8
    endloop
  endfacet
  facet normal -0.998794 0.0491058 0
    outer loop
      vertex 62.5947 26.3922 4.8
      vertex 62.6 26.5 11.8
      vertex 62.6 26.5 4.8
    endloop
  endfacet
  facet normal -0.998794 0.0491058 0
    outer loop
      vertex 62.6 26.5 11.8
      vertex 62.5947 26.3922 4.8
      vertex 62.5947 26.3922 11.8
    endloop
  endfacet
  facet normal -0.969869 0.243625 0
    outer loop
      vertex 62.5526 26.1807 4.8
      vertex 62.5789 26.2854 11.8
      vertex 62.5789 26.2854 4.8
    endloop
  endfacet
  facet normal -0.969869 0.243625 0
    outer loop
      vertex 62.5789 26.2854 11.8
      vertex 62.5526 26.1807 4.8
      vertex 62.5526 26.1807 11.8
    endloop
  endfacet
  facet normal 0.903681 0.428206 0
    outer loop
      vertex 60.5299 25.9815 11.8
      vertex 60.4837 26.079 4.8
      vertex 60.4837 26.079 11.8
    endloop
  endfacet
  facet normal 0.903681 0.428206 0
    outer loop
      vertex 60.4837 26.079 4.8
      vertex 60.5299 25.9815 11.8
      vertex 60.5299 25.9815 4.8
    endloop
  endfacet
  facet normal 0.428206 0.903681 -0
    outer loop
      vertex 61.079 25.4837 4.8
      vertex 60.9815 25.5299 11.8
      vertex 61.079 25.4837 11.8
    endloop
  endfacet
  facet normal 0.428206 0.903681 0
    outer loop
      vertex 60.9815 25.5299 11.8
      vertex 61.079 25.4837 4.8
      vertex 60.9815 25.5299 4.8
    endloop
  endfacet
  facet normal 0.803212 -0.595693 0
    outer loop
      vertex 60.5854 27.1111 11.8
      vertex 60.6497 27.1978 4.8
      vertex 60.6497 27.1978 11.8
    endloop
  endfacet
  facet normal 0.803212 -0.595693 0
    outer loop
      vertex 60.6497 27.1978 4.8
      vertex 60.5854 27.1111 11.8
      vertex 60.5854 27.1111 4.8
    endloop
  endfacet
  facet normal -0.514087 0.857738 0
    outer loop
      vertex 62.1111 25.5854 4.8
      vertex 62.0185 25.5299 11.8
      vertex 62.1111 25.5854 11.8
    endloop
  endfacet
  facet normal -0.514087 0.857738 0
    outer loop
      vertex 62.0185 25.5299 11.8
      vertex 62.1111 25.5854 4.8
      vertex 62.0185 25.5299 4.8
    endloop
  endfacet
  facet normal -0.903681 0.428206 0
    outer loop
      vertex 62.4701 25.9815 4.8
      vertex 62.5163 26.079 11.8
      vertex 62.5163 26.079 4.8
    endloop
  endfacet
  facet normal -0.903681 0.428206 0
    outer loop
      vertex 62.5163 26.079 11.8
      vertex 62.4701 25.9815 4.8
      vertex 62.4701 25.9815 11.8
    endloop
  endfacet
  facet normal -0.740987 0.671519 0
    outer loop
      vertex 62.2778 25.7222 4.8
      vertex 62.3503 25.8022 11.8
      vertex 62.3503 25.8022 4.8
    endloop
  endfacet
  facet normal -0.740987 0.671519 0
    outer loop
      vertex 62.3503 25.8022 11.8
      vertex 62.2778 25.7222 4.8
      vertex 62.2778 25.7222 11.8
    endloop
  endfacet
  facet normal 0.595693 0.803212 -0
    outer loop
      vertex 60.8889 25.5854 4.8
      vertex 60.8022 25.6497 11.8
      vertex 60.8889 25.5854 11.8
    endloop
  endfacet
  facet normal 0.595693 0.803212 0
    outer loop
      vertex 60.8022 25.6497 11.8
      vertex 60.8889 25.5854 4.8
      vertex 60.8022 25.6497 4.8
    endloop
  endfacet
  facet normal 0.998794 -0.0491058 0
    outer loop
      vertex 60.4 26.5 11.8
      vertex 60.4053 26.6078 4.8
      vertex 60.4053 26.6078 11.8
    endloop
  endfacet
  facet normal 0.998794 -0.0491058 0
    outer loop
      vertex 60.4053 26.6078 4.8
      vertex 60.4 26.5 11.8
      vertex 60.4 26.5 4.8
    endloop
  endfacet
  facet normal -0.857738 -0.514087 0
    outer loop
      vertex 62.4701 27.0185 4.8
      vertex 62.4146 27.1111 11.8
      vertex 62.4146 27.1111 4.8
    endloop
  endfacet
  facet normal -0.857738 -0.514087 0
    outer loop
      vertex 62.4146 27.1111 11.8
      vertex 62.4701 27.0185 4.8
      vertex 62.4701 27.0185 11.8
    endloop
  endfacet
  facet normal -0.428206 -0.903681 0
    outer loop
      vertex 61.921 27.5163 4.8
      vertex 62.0185 27.4701 11.8
      vertex 61.921 27.5163 11.8
    endloop
  endfacet
  facet normal -0.428206 -0.903681 -0
    outer loop
      vertex 62.0185 27.4701 11.8
      vertex 61.921 27.5163 4.8
      vertex 62.0185 27.4701 4.8
    endloop
  endfacet
  facet normal 0.740987 0.671519 0
    outer loop
      vertex 60.7222 25.7222 11.8
      vertex 60.6497 25.8022 4.8
      vertex 60.6497 25.8022 11.8
    endloop
  endfacet
  facet normal 0.740987 0.671519 0
    outer loop
      vertex 60.6497 25.8022 4.8
      vertex 60.7222 25.7222 11.8
      vertex 60.7222 25.7222 4.8
    endloop
  endfacet
  facet normal -0.33616 -0.941805 0
    outer loop
      vertex 61.8193 27.5526 4.8
      vertex 61.921 27.5163 11.8
      vertex 61.8193 27.5526 11.8
    endloop
  endfacet
  facet normal -0.33616 -0.941805 -0
    outer loop
      vertex 61.921 27.5163 11.8
      vertex 61.8193 27.5526 4.8
      vertex 61.921 27.5163 4.8
    endloop
  endfacet
  facet normal -0.998794 -0.0491058 0
    outer loop
      vertex 62.6 26.5 4.8
      vertex 62.5947 26.6078 11.8
      vertex 62.5947 26.6078 4.8
    endloop
  endfacet
  facet normal -0.998794 -0.0491058 0
    outer loop
      vertex 62.5947 26.6078 11.8
      vertex 62.6 26.5 4.8
      vertex 62.6 26.5 11.8
    endloop
  endfacet
  facet normal -0.671519 0.740987 0
    outer loop
      vertex 62.2778 25.7222 4.8
      vertex 62.1978 25.6497 11.8
      vertex 62.2778 25.7222 11.8
    endloop
  endfacet
  facet normal -0.671519 0.740987 0
    outer loop
      vertex 62.1978 25.6497 11.8
      vertex 62.2778 25.7222 4.8
      vertex 62.1978 25.6497 4.8
    endloop
  endfacet
  facet normal -0.428206 0.903681 0
    outer loop
      vertex 62.0185 25.5299 4.8
      vertex 61.921 25.4837 11.8
      vertex 62.0185 25.5299 11.8
    endloop
  endfacet
  facet normal -0.428206 0.903681 0
    outer loop
      vertex 61.921 25.4837 11.8
      vertex 62.0185 25.5299 4.8
      vertex 61.921 25.4837 4.8
    endloop
  endfacet
  facet normal 0.243625 0.969869 -0
    outer loop
      vertex 61.2854 25.4211 4.8
      vertex 61.1807 25.4474 11.8
      vertex 61.2854 25.4211 11.8
    endloop
  endfacet
  facet normal 0.243625 0.969869 0
    outer loop
      vertex 61.1807 25.4474 11.8
      vertex 61.2854 25.4211 4.8
      vertex 61.1807 25.4474 4.8
    endloop
  endfacet
  facet normal -0.595693 0.803212 0
    outer loop
      vertex 62.1978 25.6497 4.8
      vertex 62.1111 25.5854 11.8
      vertex 62.1978 25.6497 11.8
    endloop
  endfacet
  facet normal -0.595693 0.803212 0
    outer loop
      vertex 62.1111 25.5854 11.8
      vertex 62.1978 25.6497 4.8
      vertex 62.1111 25.5854 4.8
    endloop
  endfacet
  facet normal 0.998794 0.0491058 0
    outer loop
      vertex 60.4053 26.3922 11.8
      vertex 60.4 26.5 4.8
      vertex 60.4 26.5 11.8
    endloop
  endfacet
  facet normal 0.998794 0.0491058 0
    outer loop
      vertex 60.4 26.5 4.8
      vertex 60.4053 26.3922 11.8
      vertex 60.4053 26.3922 4.8
    endloop
  endfacet
  facet normal -0.146347 -0.989233 0
    outer loop
      vertex 61.6078 27.5947 4.8
      vertex 61.7146 27.5789 11.8
      vertex 61.6078 27.5947 11.8
    endloop
  endfacet
  facet normal -0.146347 -0.989233 -0
    outer loop
      vertex 61.7146 27.5789 11.8
      vertex 61.6078 27.5947 4.8
      vertex 61.7146 27.5789 4.8
    endloop
  endfacet
  facet normal -0.903681 -0.428206 0
    outer loop
      vertex 62.5163 26.921 4.8
      vertex 62.4701 27.0185 11.8
      vertex 62.4701 27.0185 4.8
    endloop
  endfacet
  facet normal -0.903681 -0.428206 0
    outer loop
      vertex 62.4701 27.0185 11.8
      vertex 62.5163 26.921 4.8
      vertex 62.5163 26.921 11.8
    endloop
  endfacet
  facet normal 0.146347 0.989233 -0
    outer loop
      vertex 61.3922 25.4053 4.8
      vertex 61.2854 25.4211 11.8
      vertex 61.3922 25.4053 11.8
    endloop
  endfacet
  facet normal 0.146347 0.989233 0
    outer loop
      vertex 61.2854 25.4211 11.8
      vertex 61.3922 25.4053 4.8
      vertex 61.2854 25.4211 4.8
    endloop
  endfacet
  facet normal 0.857738 0.514087 0
    outer loop
      vertex 60.5854 25.8889 11.8
      vertex 60.5299 25.9815 4.8
      vertex 60.5299 25.9815 11.8
    endloop
  endfacet
  facet normal 0.857738 0.514087 0
    outer loop
      vertex 60.5299 25.9815 4.8
      vertex 60.5854 25.8889 11.8
      vertex 60.5854 25.8889 4.8
    endloop
  endfacet
  facet normal -0.803212 0.595693 0
    outer loop
      vertex 62.3503 25.8022 4.8
      vertex 62.4146 25.8889 11.8
      vertex 62.4146 25.8889 4.8
    endloop
  endfacet
  facet normal -0.803212 0.595693 0
    outer loop
      vertex 62.4146 25.8889 11.8
      vertex 62.3503 25.8022 4.8
      vertex 62.3503 25.8022 11.8
    endloop
  endfacet
  facet normal -0.671519 -0.740987 0
    outer loop
      vertex 62.1978 27.3503 4.8
      vertex 62.2778 27.2778 11.8
      vertex 62.1978 27.3503 11.8
    endloop
  endfacet
  facet normal -0.671519 -0.740987 -0
    outer loop
      vertex 62.2778 27.2778 11.8
      vertex 62.1978 27.3503 4.8
      vertex 62.2778 27.2778 4.8
    endloop
  endfacet
  facet normal -0.969869 -0.243625 0
    outer loop
      vertex 62.5789 26.7146 4.8
      vertex 62.5526 26.8193 11.8
      vertex 62.5526 26.8193 4.8
    endloop
  endfacet
  facet normal -0.969869 -0.243625 0
    outer loop
      vertex 62.5526 26.8193 11.8
      vertex 62.5789 26.7146 4.8
      vertex 62.5789 26.7146 11.8
    endloop
  endfacet
  facet normal 0.428206 -0.903681 0
    outer loop
      vertex 60.9815 27.4701 4.8
      vertex 61.079 27.5163 11.8
      vertex 60.9815 27.4701 11.8
    endloop
  endfacet
  facet normal 0.428206 -0.903681 0
    outer loop
      vertex 61.079 27.5163 11.8
      vertex 60.9815 27.4701 4.8
      vertex 61.079 27.5163 4.8
    endloop
  endfacet
  facet normal -0.857738 0.514087 0
    outer loop
      vertex 62.4146 25.8889 4.8
      vertex 62.4701 25.9815 11.8
      vertex 62.4701 25.9815 4.8
    endloop
  endfacet
  facet normal -0.857738 0.514087 0
    outer loop
      vertex 62.4701 25.9815 11.8
      vertex 62.4146 25.8889 4.8
      vertex 62.4146 25.8889 11.8
    endloop
  endfacet
  facet normal 0.989233 0.146347 0
    outer loop
      vertex 60.4211 26.2854 11.8
      vertex 60.4053 26.3922 4.8
      vertex 60.4053 26.3922 11.8
    endloop
  endfacet
  facet normal 0.989233 0.146347 0
    outer loop
      vertex 60.4053 26.3922 4.8
      vertex 60.4211 26.2854 11.8
      vertex 60.4211 26.2854 4.8
    endloop
  endfacet
  facet normal 0.671519 0.740987 -0
    outer loop
      vertex 60.8022 25.6497 4.8
      vertex 60.7222 25.7222 11.8
      vertex 60.8022 25.6497 11.8
    endloop
  endfacet
  facet normal 0.671519 0.740987 0
    outer loop
      vertex 60.7222 25.7222 11.8
      vertex 60.8022 25.6497 4.8
      vertex 60.7222 25.7222 4.8
    endloop
  endfacet
  facet normal -0.0491058 0.998794 0
    outer loop
      vertex 61.6078 25.4053 4.8
      vertex 61.5 25.4 11.8
      vertex 61.6078 25.4053 11.8
    endloop
  endfacet
  facet normal -0.0491058 0.998794 0
    outer loop
      vertex 61.5 25.4 11.8
      vertex 61.6078 25.4053 4.8
      vertex 61.5 25.4 4.8
    endloop
  endfacet
  facet normal 0.903681 -0.428206 0
    outer loop
      vertex 60.4837 26.921 11.8
      vertex 60.5299 27.0185 4.8
      vertex 60.5299 27.0185 11.8
    endloop
  endfacet
  facet normal 0.903681 -0.428206 0
    outer loop
      vertex 60.5299 27.0185 4.8
      vertex 60.4837 26.921 11.8
      vertex 60.4837 26.921 4.8
    endloop
  endfacet
  facet normal 0.941805 0.33616 0
    outer loop
      vertex 60.4837 26.079 11.8
      vertex 60.4474 26.1807 4.8
      vertex 60.4474 26.1807 11.8
    endloop
  endfacet
  facet normal 0.941805 0.33616 0
    outer loop
      vertex 60.4474 26.1807 4.8
      vertex 60.4837 26.079 11.8
      vertex 60.4837 26.079 4.8
    endloop
  endfacet
  facet normal 0.989233 -0.146347 0
    outer loop
      vertex 60.4053 26.6078 11.8
      vertex 60.4211 26.7146 4.8
      vertex 60.4211 26.7146 11.8
    endloop
  endfacet
  facet normal 0.989233 -0.146347 0
    outer loop
      vertex 60.4211 26.7146 4.8
      vertex 60.4053 26.6078 11.8
      vertex 60.4053 26.6078 4.8
    endloop
  endfacet
  facet normal -0.941805 -0.33616 0
    outer loop
      vertex 62.5526 26.8193 4.8
      vertex 62.5163 26.921 11.8
      vertex 62.5163 26.921 4.8
    endloop
  endfacet
  facet normal -0.941805 -0.33616 0
    outer loop
      vertex 62.5163 26.921 11.8
      vertex 62.5526 26.8193 4.8
      vertex 62.5526 26.8193 11.8
    endloop
  endfacet
  facet normal 0.671519 -0.740987 0
    outer loop
      vertex 60.7222 27.2778 4.8
      vertex 60.8022 27.3503 11.8
      vertex 60.7222 27.2778 11.8
    endloop
  endfacet
  facet normal 0.671519 -0.740987 0
    outer loop
      vertex 60.8022 27.3503 11.8
      vertex 60.7222 27.2778 4.8
      vertex 60.8022 27.3503 4.8
    endloop
  endfacet
  facet normal 0.740987 -0.671519 0
    outer loop
      vertex 60.6497 27.1978 11.8
      vertex 60.7222 27.2778 4.8
      vertex 60.7222 27.2778 11.8
    endloop
  endfacet
  facet normal 0.740987 -0.671519 0
    outer loop
      vertex 60.7222 27.2778 4.8
      vertex 60.6497 27.1978 11.8
      vertex 60.6497 27.1978 4.8
    endloop
  endfacet
  facet normal -0.146347 0.989233 0
    outer loop
      vertex 61.7146 25.4211 4.8
      vertex 61.6078 25.4053 11.8
      vertex 61.7146 25.4211 11.8
    endloop
  endfacet
  facet normal -0.146347 0.989233 0
    outer loop
      vertex 61.6078 25.4053 11.8
      vertex 61.7146 25.4211 4.8
      vertex 61.6078 25.4053 4.8
    endloop
  endfacet
  facet normal 0.969869 -0.243625 0
    outer loop
      vertex 60.4211 26.7146 11.8
      vertex 60.4474 26.8193 4.8
      vertex 60.4474 26.8193 11.8
    endloop
  endfacet
  facet normal 0.969869 -0.243625 0
    outer loop
      vertex 60.4474 26.8193 4.8
      vertex 60.4211 26.7146 11.8
      vertex 60.4211 26.7146 4.8
    endloop
  endfacet
  facet normal 0.243625 -0.969869 0
    outer loop
      vertex 61.1807 27.5526 4.8
      vertex 61.2854 27.5789 11.8
      vertex 61.1807 27.5526 11.8
    endloop
  endfacet
  facet normal 0.243625 -0.969869 0
    outer loop
      vertex 61.2854 27.5789 11.8
      vertex 61.1807 27.5526 4.8
      vertex 61.2854 27.5789 4.8
    endloop
  endfacet
  facet normal -0.740987 -0.671519 0
    outer loop
      vertex 62.3503 27.1978 4.8
      vertex 62.2778 27.2778 11.8
      vertex 62.2778 27.2778 4.8
    endloop
  endfacet
  facet normal -0.740987 -0.671519 0
    outer loop
      vertex 62.2778 27.2778 11.8
      vertex 62.3503 27.1978 4.8
      vertex 62.3503 27.1978 11.8
    endloop
  endfacet
  facet normal -0.243625 0.969869 0
    outer loop
      vertex 61.8193 25.4474 4.8
      vertex 61.7146 25.4211 11.8
      vertex 61.8193 25.4474 11.8
    endloop
  endfacet
  facet normal -0.243625 0.969869 0
    outer loop
      vertex 61.7146 25.4211 11.8
      vertex 61.8193 25.4474 4.8
      vertex 61.7146 25.4211 4.8
    endloop
  endfacet
  facet normal -0.514087 -0.857738 0
    outer loop
      vertex 62.0185 27.4701 4.8
      vertex 62.1111 27.4146 11.8
      vertex 62.0185 27.4701 11.8
    endloop
  endfacet
  facet normal -0.514087 -0.857738 -0
    outer loop
      vertex 62.1111 27.4146 11.8
      vertex 62.0185 27.4701 4.8
      vertex 62.1111 27.4146 4.8
    endloop
  endfacet
  facet normal 0 0 1
    outer loop
      vertex 62.5947 26.6078 4.8
      vertex 62.5947 26.3922 4.8
      vertex 62.6 26.5 4.8
    endloop
  endfacet
  facet normal 0 0 1
    outer loop
      vertex 62.5789 26.7146 4.8
      vertex 62.5947 26.3922 4.8
      vertex 62.5947 26.6078 4.8
    endloop
  endfacet
  facet normal 0 0 1
    outer loop
      vertex 62.5789 26.7146 4.8
      vertex 62.5789 26.2854 4.8
      vertex 62.5947 26.3922 4.8
    endloop
  endfacet
  facet normal 0 0 1
    outer loop
      vertex 62.5526 26.8193 4.8
      vertex 62.5789 26.2854 4.8
      vertex 62.5789 26.7146 4.8
    endloop
  endfacet
  facet normal 0 0 1
    outer loop
      vertex 62.5526 26.8193 4.8
      vertex 62.5526 26.1807 4.8
      vertex 62.5789 26.2854 4.8
    endloop
  endfacet
  facet normal 0 0 1
    outer loop
      vertex 62.5163 26.921 4.8
      vertex 62.5526 26.1807 4.8
      vertex 62.5526 26.8193 4.8
    endloop
  endfacet
  facet normal 0 0 1
    outer loop
      vertex 62.5163 26.921 4.8
      vertex 62.5163 26.079 4.8
      vertex 62.5526 26.1807 4.8
    endloop
  endfacet
  facet normal 0 0 1
    outer loop
      vertex 62.4701 27.0185 4.8
      vertex 62.5163 26.079 4.8
      vertex 62.5163 26.921 4.8
    endloop
  endfacet
  facet normal 0 0 1
    outer loop
      vertex 62.4701 27.0185 4.8
      vertex 62.4701 25.9815 4.8
      vertex 62.5163 26.079 4.8
    endloop
  endfacet
  facet normal 0 0 1
    outer loop
      vertex 62.4146 27.1111 4.8
      vertex 62.4701 25.9815 4.8
      vertex 62.4701 27.0185 4.8
    endloop
  endfacet
  facet normal 0 0 1
    outer loop
      vertex 62.4146 27.1111 4.8
      vertex 62.4146 25.8889 4.8
      vertex 62.4701 25.9815 4.8
    endloop
  endfacet
  facet normal 0 0 1
    outer loop
      vertex 62.3503 27.1978 4.8
      vertex 62.4146 25.8889 4.8
      vertex 62.4146 27.1111 4.8
    endloop
  endfacet
  facet normal 0 0 1
    outer loop
      vertex 62.3503 27.1978 4.8
      vertex 62.3503 25.8022 4.8
      vertex 62.4146 25.8889 4.8
    endloop
  endfacet
  facet normal 0 0 1
    outer loop
      vertex 62.2778 27.2778 4.8
      vertex 62.3503 25.8022 4.8
      vertex 62.3503 27.1978 4.8
    endloop
  endfacet
  facet normal 0 0 1
    outer loop
      vertex 62.2778 27.2778 4.8
      vertex 62.2778 25.7222 4.8
      vertex 62.3503 25.8022 4.8
    endloop
  endfacet
  facet normal 0 0 1
    outer loop
      vertex 62.1978 27.3503 4.8
      vertex 62.2778 25.7222 4.8
      vertex 62.2778 27.2778 4.8
    endloop
  endfacet
  facet normal 0 0 1
    outer loop
      vertex 62.1978 27.3503 4.8
      vertex 62.1978 25.6497 4.8
      vertex 62.2778 25.7222 4.8
    endloop
  endfacet
  facet normal 0 0 1
    outer loop
      vertex 62.1111 27.4146 4.8
      vertex 62.1978 25.6497 4.8
      vertex 62.1978 27.3503 4.8
    endloop
  endfacet
  facet normal 0 0 1
    outer loop
      vertex 62.1111 27.4146 4.8
      vertex 62.1111 25.5854 4.8
      vertex 62.1978 25.6497 4.8
    endloop
  endfacet
  facet normal 0 0 1
    outer loop
      vertex 62.0185 27.4701 4.8
      vertex 62.1111 25.5854 4.8
      vertex 62.1111 27.4146 4.8
    endloop
  endfacet
  facet normal 0 0 1
    outer loop
      vertex 62.0185 27.4701 4.8
      vertex 62.0185 25.5299 4.8
      vertex 62.1111 25.5854 4.8
    endloop
  endfacet
  facet normal 0 0 1
    outer loop
      vertex 61.921 27.5163 4.8
      vertex 62.0185 25.5299 4.8
      vertex 62.0185 27.4701 4.8
    endloop
  endfacet
  facet normal 0 0 1
    outer loop
      vertex 61.921 27.5163 4.8
      vertex 61.921 25.4837 4.8
      vertex 62.0185 25.5299 4.8
    endloop
  endfacet
  facet normal 0 0 1
    outer loop
      vertex 61.8193 27.5526 4.8
      vertex 61.921 25.4837 4.8
      vertex 61.921 27.5163 4.8
    endloop
  endfacet
  facet normal 0 0 1
    outer loop
      vertex 61.8193 27.5526 4.8
      vertex 61.8193 25.4474 4.8
      vertex 61.921 25.4837 4.8
    endloop
  endfacet
  facet normal 0 0 1
    outer loop
      vertex 61.7146 27.5789 4.8
      vertex 61.8193 25.4474 4.8
      vertex 61.8193 27.5526 4.8
    endloop
  endfacet
  facet normal 0 0 1
    outer loop
      vertex 61.7146 27.5789 4.8
      vertex 61.7146 25.4211 4.8
      vertex 61.8193 25.4474 4.8
    endloop
  endfacet
  facet normal 0 0 1
    outer loop
      vertex 61.6078 27.5947 4.8
      vertex 61.7146 25.4211 4.8
      vertex 61.7146 27.5789 4.8
    endloop
  endfacet
  facet normal 0 0 1
    outer loop
      vertex 61.6078 27.5947 4.8
      vertex 61.6078 25.4053 4.8
      vertex 61.7146 25.4211 4.8
    endloop
  endfacet
  facet normal 0 0 1
    outer loop
      vertex 61.5 27.6 4.8
      vertex 61.6078 25.4053 4.8
      vertex 61.6078 27.5947 4.8
    endloop
  endfacet
  facet normal 0 0 1
    outer loop
      vertex 61.5 27.6 4.8
      vertex 61.5 25.4 4.8
      vertex 61.6078 25.4053 4.8
    endloop
  endfacet
  facet normal -0 0 1
    outer loop
      vertex 61.3922 27.5947 4.8
      vertex 61.5 25.4 4.8
      vertex 61.5 27.6 4.8
    endloop
  endfacet
  facet normal 0 0 1
    outer loop
      vertex 61.3922 27.5947 4.8
      vertex 61.3922 25.4053 4.8
      vertex 61.5 25.4 4.8
    endloop
  endfacet
  facet normal -0 0 1
    outer loop
      vertex 61.2854 27.5789 4.8
      vertex 61.3922 25.4053 4.8
      vertex 61.3922 27.5947 4.8
    endloop
  endfacet
  facet normal 0 0 1
    outer loop
      vertex 61.2854 27.5789 4.8
      vertex 61.2854 25.4211 4.8
      vertex 61.3922 25.4053 4.8
    endloop
  endfacet
  facet normal -0 0 1
    outer loop
      vertex 61.1807 27.5526 4.8
      vertex 61.2854 25.4211 4.8
      vertex 61.2854 27.5789 4.8
    endloop
  endfacet
  facet normal 0 0 1
    outer loop
      vertex 61.1807 27.5526 4.8
      vertex 61.1807 25.4474 4.8
      vertex 61.2854 25.4211 4.8
    endloop
  endfacet
  facet normal -0 0 1
    outer loop
      vertex 61.079 27.5163 4.8
      vertex 61.1807 25.4474 4.8
      vertex 61.1807 27.5526 4.8
    endloop
  endfacet
  facet normal 0 0 1
    outer loop
      vertex 61.079 27.5163 4.8
      vertex 61.079 25.4837 4.8
      vertex 61.1807 25.4474 4.8
    endloop
  endfacet
  facet normal -0 0 1
    outer loop
      vertex 60.9815 27.4701 4.8
      vertex 61.079 25.4837 4.8
      vertex 61.079 27.5163 4.8
    endloop
  endfacet
  facet normal 0 0 1
    outer loop
      vertex 60.9815 27.4701 4.8
      vertex 60.9815 25.5299 4.8
      vertex 61.079 25.4837 4.8
    endloop
  endfacet
  facet normal -0 0 1
    outer loop
      vertex 60.8889 27.4146 4.8
      vertex 60.9815 25.5299 4.8
      vertex 60.9815 27.4701 4.8
    endloop
  endfacet
  facet normal 0 0 1
    outer loop
      vertex 60.8889 27.4146 4.8
      vertex 60.8889 25.5854 4.8
      vertex 60.9815 25.5299 4.8
    endloop
  endfacet
  facet normal -0 0 1
    outer loop
      vertex 60.8022 27.3503 4.8
      vertex 60.8889 25.5854 4.8
      vertex 60.8889 27.4146 4.8
    endloop
  endfacet
  facet normal 0 0 1
    outer loop
      vertex 60.8022 27.3503 4.8
      vertex 60.8022 25.6497 4.8
      vertex 60.8889 25.5854 4.8
    endloop
  endfacet
  facet normal -0 0 1
    outer loop
      vertex 60.7222 27.2778 4.8
      vertex 60.8022 25.6497 4.8
      vertex 60.8022 27.3503 4.8
    endloop
  endfacet
  facet normal 0 0 1
    outer loop
      vertex 60.7222 27.2778 4.8
      vertex 60.7222 25.7222 4.8
      vertex 60.8022 25.6497 4.8
    endloop
  endfacet
  facet normal -0 0 1
    outer loop
      vertex 60.6497 27.1978 4.8
      vertex 60.7222 25.7222 4.8
      vertex 60.7222 27.2778 4.8
    endloop
  endfacet
  facet normal 0 0 1
    outer loop
      vertex 60.6497 27.1978 4.8
      vertex 60.6497 25.8022 4.8
      vertex 60.7222 25.7222 4.8
    endloop
  endfacet
  facet normal -0 0 1
    outer loop
      vertex 60.5854 27.1111 4.8
      vertex 60.6497 25.8022 4.8
      vertex 60.6497 27.1978 4.8
    endloop
  endfacet
  facet normal 0 0 1
    outer loop
      vertex 60.5854 27.1111 4.8
      vertex 60.5854 25.8889 4.8
      vertex 60.6497 25.8022 4.8
    endloop
  endfacet
  facet normal -0 0 1
    outer loop
      vertex 60.5299 27.0185 4.8
      vertex 60.5854 25.8889 4.8
      vertex 60.5854 27.1111 4.8
    endloop
  endfacet
  facet normal 0 0 1
    outer loop
      vertex 60.5299 27.0185 4.8
      vertex 60.5299 25.9815 4.8
      vertex 60.5854 25.8889 4.8
    endloop
  endfacet
  facet normal -0 0 1
    outer loop
      vertex 60.4837 26.921 4.8
      vertex 60.5299 25.9815 4.8
      vertex 60.5299 27.0185 4.8
    endloop
  endfacet
  facet normal 0 0 1
    outer loop
      vertex 60.4837 26.921 4.8
      vertex 60.4837 26.079 4.8
      vertex 60.5299 25.9815 4.8
    endloop
  endfacet
  facet normal -0 0 1
    outer loop
      vertex 60.4474 26.8193 4.8
      vertex 60.4837 26.079 4.8
      vertex 60.4837 26.921 4.8
    endloop
  endfacet
  facet normal 0 0 1
    outer loop
      vertex 60.4474 26.8193 4.8
      vertex 60.4474 26.1807 4.8
      vertex 60.4837 26.079 4.8
    endloop
  endfacet
  facet normal -0 0 1
    outer loop
      vertex 60.4211 26.7146 4.8
      vertex 60.4474 26.1807 4.8
      vertex 60.4474 26.8193 4.8
    endloop
  endfacet
  facet normal 0 0 1
    outer loop
      vertex 60.4211 26.7146 4.8
      vertex 60.4211 26.2854 4.8
      vertex 60.4474 26.1807 4.8
    endloop
  endfacet
  facet normal -0 0 1
    outer loop
      vertex 60.4053 26.6078 4.8
      vertex 60.4211 26.2854 4.8
      vertex 60.4211 26.7146 4.8
    endloop
  endfacet
  facet normal 0 0 1
    outer loop
      vertex 60.4053 26.6078 4.8
      vertex 60.4053 26.3922 4.8
      vertex 60.4211 26.2854 4.8
    endloop
  endfacet
  facet normal 0 -0 1
    outer loop
      vertex 60.4053 26.3922 4.8
      vertex 60.4053 26.6078 4.8
      vertex 60.4 26.5 4.8
    endloop
  endfacet
  facet normal 0.857738 -0.514087 0
    outer loop
      vertex 60.5299 27.0185 11.8
      vertex 60.5854 27.1111 4.8
      vertex 60.5854 27.1111 11.8
    endloop
  endfacet
  facet normal 0.857738 -0.514087 0
    outer loop
      vertex 60.5854 27.1111 4.8
      vertex 60.5299 27.0185 11.8
      vertex 60.5299 27.0185 4.8
    endloop
  endfacet
  facet normal 0.514087 0.857738 -0
    outer loop
      vertex 60.9815 25.5299 4.8
      vertex 60.8889 25.5854 11.8
      vertex 60.9815 25.5299 11.8
    endloop
  endfacet
  facet normal 0.514087 0.857738 0
    outer loop
      vertex 60.8889 25.5854 11.8
      vertex 60.9815 25.5299 4.8
      vertex 60.8889 25.5854 4.8
    endloop
  endfacet
  facet normal 0.0491058 -0.998794 0
    outer loop
      vertex 61.3922 27.5947 4.8
      vertex 61.5 27.6 11.8
      vertex 61.3922 27.5947 11.8
    endloop
  endfacet
  facet normal 0.0491058 -0.998794 0
    outer loop
      vertex 61.5 27.6 11.8
      vertex 61.3922 27.5947 4.8
      vertex 61.5 27.6 4.8
    endloop
  endfacet
  facet normal 0.803212 0.595693 0
    outer loop
      vertex 60.6497 25.8022 11.8
      vertex 60.5854 25.8889 4.8
      vertex 60.5854 25.8889 11.8
    endloop
  endfacet
  facet normal 0.803212 0.595693 0
    outer loop
      vertex 60.5854 25.8889 4.8
      vertex 60.6497 25.8022 11.8
      vertex 60.6497 25.8022 4.8
    endloop
  endfacet
  facet normal -1 0 0
    outer loop
      vertex 18.9 30.4 9.3
      vertex 18.9 31.2 11.8
      vertex 18.9 31.2 9.3
    endloop
  endfacet
  facet normal -1 -0 0
    outer loop
      vertex 18.9 31.2 11.8
      vertex 18.9 30.4 9.3
      vertex 18.9 30.4 11.8
    endloop
  endfacet
  facet normal -0.242919 0 0.970047
    outer loop
      vertex 18.0951 31.2 8.31922
      vertex 18.1903 30.4 8.34306
      vertex 18.1903 31.2 8.34306
    endloop
  endfacet
  facet normal -0.242919 0 0.970047
    outer loop
      vertex 18.1903 30.4 8.34306
      vertex 18.0951 31.2 8.31922
      vertex 18.0951 30.4 8.31922
    endloop
  endfacet
  facet normal -0.146696 0 0.989182
    outer loop
      vertex 17.998 31.2 8.30482
      vertex 18.0951 30.4 8.31922
      vertex 18.0951 31.2 8.31922
    endloop
  endfacet
  facet normal -0.146696 0 0.989182
    outer loop
      vertex 18.0951 30.4 8.31922
      vertex 17.998 31.2 8.30482
      vertex 17.998 30.4 8.30482
    endloop
  endfacet
  facet normal -0.427622 0 0.903958
    outer loop
      vertex 18.2827 31.2 8.37612
      vertex 18.3714 30.4 8.41808
      vertex 18.3714 31.2 8.41808
    endloop
  endfacet
  facet normal -0.427622 0 0.903958
    outer loop
      vertex 18.3714 30.4 8.41808
      vertex 18.2827 31.2 8.37612
      vertex 18.2827 30.4 8.37612
    endloop
  endfacet
  facet normal -0.741 0 0.671505
    outer loop
      vertex 18.6071 30.4 8.59289
      vertex 18.673 31.2 8.66561
      vertex 18.6071 31.2 8.59289
    endloop
  endfacet
  facet normal -0.741 0 0.671505
    outer loop
      vertex 18.673 31.2 8.66561
      vertex 18.6071 30.4 8.59289
      vertex 18.673 30.4 8.66561
    endloop
  endfacet
  facet normal 0.970016 -0 0.243039
    outer loop
      vertex 5.81921 30.4 9.10491
      vertex 5.84306 31.2 9.00972
      vertex 5.81921 31.2 9.10491
    endloop
  endfacet
  facet normal 0.970016 0 0.243039
    outer loop
      vertex 5.84306 31.2 9.00972
      vertex 5.81921 30.4 9.10491
      vertex 5.84306 30.4 9.00972
    endloop
  endfacet
  facet normal -0.671607 0 0.740908
    outer loop
      vertex 18.5344 31.2 8.52699
      vertex 18.6071 30.4 8.59289
      vertex 18.6071 31.2 8.59289
    endloop
  endfacet
  facet normal -0.671607 0 0.740908
    outer loop
      vertex 18.6071 30.4 8.59289
      vertex 18.5344 31.2 8.52699
      vertex 18.5344 30.4 8.52699
    endloop
  endfacet
  facet normal -0 0 1
    outer loop
      vertex 6.8 31.2 8.3
      vertex 17.9 30.4 8.3
      vertex 17.9 31.2 8.3
    endloop
  endfacet
  facet normal 0 0 1
    outer loop
      vertex 17.9 30.4 8.3
      vertex 6.8 31.2 8.3
      vertex 6.8 30.4 8.3
    endloop
  endfacet
  facet normal 0.857727 -0 0.514106
    outer loop
      vertex 5.91808 30.4 8.8286
      vertex 5.96853 31.2 8.74443
      vertex 5.91808 31.2 8.8286
    endloop
  endfacet
  facet normal 0.857727 0 0.514106
    outer loop
      vertex 5.96853 31.2 8.74443
      vertex 5.91808 30.4 8.8286
      vertex 5.96853 30.4 8.74443
    endloop
  endfacet
  facet normal -0.336879 0 0.941548
    outer loop
      vertex 18.1903 31.2 8.34306
      vertex 18.2827 30.4 8.37612
      vertex 18.2827 31.2 8.37612
    endloop
  endfacet
  facet normal -0.336879 0 0.941548
    outer loop
      vertex 18.2827 30.4 8.37612
      vertex 18.1903 31.2 8.34306
      vertex 18.1903 30.4 8.34306
    endloop
  endfacet
  facet normal 0.998798 -0 0.0490126
    outer loop
      vertex 5.8 30.4 9.3
      vertex 5.80481 31.2 9.20198
      vertex 5.8 31.2 9.3
    endloop
  endfacet
  facet normal 0.998798 0 0.0490126
    outer loop
      vertex 5.80481 31.2 9.20198
      vertex 5.8 30.4 9.3
      vertex 5.80481 30.4 9.20198
    endloop
  endfacet
  facet normal -0.998803 0 0.048911
    outer loop
      vertex 18.8952 30.4 9.20198
      vertex 18.9 31.2 9.3
      vertex 18.8952 31.2 9.20198
    endloop
  endfacet
  facet normal -0.998803 0 0.048911
    outer loop
      vertex 18.9 31.2 9.3
      vertex 18.8952 30.4 9.20198
      vertex 18.9 30.4 9.3
    endloop
  endfacet
  facet normal -0.941742 0 0.336336
    outer loop
      vertex 18.8239 30.4 8.91732
      vertex 18.8569 31.2 9.00972
      vertex 18.8239 31.2 8.91732
    endloop
  endfacet
  facet normal -0.941742 0 0.336336
    outer loop
      vertex 18.8569 31.2 9.00972
      vertex 18.8239 30.4 8.91732
      vertex 18.8569 30.4 9.00972
    endloop
  endfacet
  facet normal 0.903995 -0 0.427543
    outer loop
      vertex 5.87612 30.4 8.91732
      vertex 5.91808 31.2 8.8286
      vertex 5.87612 31.2 8.91732
    endloop
  endfacet
  facet normal 0.903995 0 0.427543
    outer loop
      vertex 5.91808 31.2 8.8286
      vertex 5.87612 30.4 8.91732
      vertex 5.91808 30.4 8.8286
    endloop
  endfacet
  facet normal 0.146741 0 0.989175
    outer loop
      vertex 6.60491 31.2 8.31922
      vertex 6.70198 30.4 8.30482
      vertex 6.70198 31.2 8.30482
    endloop
  endfacet
  facet normal 0.146741 0 0.989175
    outer loop
      vertex 6.70198 30.4 8.30482
      vertex 6.60491 31.2 8.31922
      vertex 6.60491 30.4 8.31922
    endloop
  endfacet
  facet normal 0.59572 0 0.803192
    outer loop
      vertex 6.16561 31.2 8.52699
      vertex 6.24443 30.4 8.46853
      vertex 6.24443 31.2 8.46853
    endloop
  endfacet
  facet normal 0.59572 0 0.803192
    outer loop
      vertex 6.24443 30.4 8.46853
      vertex 6.16561 31.2 8.52699
      vertex 6.16561 30.4 8.52699
    endloop
  endfacet
  facet normal 0.427543 0 0.903995
    outer loop
      vertex 6.3286 31.2 8.41808
      vertex 6.41732 30.4 8.37612
      vertex 6.41732 31.2 8.37612
    endloop
  endfacet
  facet normal 0.427543 0 0.903995
    outer loop
      vertex 6.41732 30.4 8.37612
      vertex 6.3286 31.2 8.41808
      vertex 6.3286 30.4 8.41808
    endloop
  endfacet
  facet normal 0.741 -0 0.671505
    outer loop
      vertex 6.02699 30.4 8.66561
      vertex 6.09289 31.2 8.59289
      vertex 6.02699 31.2 8.66561
    endloop
  endfacet
  facet normal 0.741 0 0.671505
    outer loop
      vertex 6.09289 31.2 8.59289
      vertex 6.02699 30.4 8.66561
      vertex 6.09289 30.4 8.59289
    endloop
  endfacet
  facet normal -0.513971 0 0.857807
    outer loop
      vertex 18.3714 31.2 8.41808
      vertex 18.4556 30.4 8.46853
      vertex 18.4556 31.2 8.46853
    endloop
  endfacet
  facet normal -0.513971 0 0.857807
    outer loop
      vertex 18.4556 30.4 8.46853
      vertex 18.3714 31.2 8.41808
      vertex 18.3714 30.4 8.41808
    endloop
  endfacet
  facet normal 0.989175 -0 0.146741
    outer loop
      vertex 5.80481 30.4 9.20198
      vertex 5.81921 31.2 9.10491
      vertex 5.80481 31.2 9.20198
    endloop
  endfacet
  facet normal 0.989175 0 0.146741
    outer loop
      vertex 5.81921 31.2 9.10491
      vertex 5.80481 30.4 9.20198
      vertex 5.81921 30.4 9.10491
    endloop
  endfacet
  facet normal -0.969896 0 0.243518
    outer loop
      vertex 18.8569 30.4 9.00972
      vertex 18.8808 31.2 9.10491
      vertex 18.8569 31.2 9.00972
    endloop
  endfacet
  facet normal -0.969896 0 0.243518
    outer loop
      vertex 18.8808 31.2 9.10491
      vertex 18.8569 30.4 9.00972
      vertex 18.8808 30.4 9.10491
    endloop
  endfacet
  facet normal 1 -0 0
    outer loop
      vertex 5.8 30.4 11.8
      vertex 5.8 31.2 9.3
      vertex 5.8 31.2 11.8
    endloop
  endfacet
  facet normal 1 0 0
    outer loop
      vertex 5.8 31.2 9.3
      vertex 5.8 30.4 11.8
      vertex 5.8 30.4 9.3
    endloop
  endfacet
  facet normal -0.857951 0 0.513731
    outer loop
      vertex 18.7315 30.4 8.74443
      vertex 18.7819 31.2 8.8286
      vertex 18.7315 31.2 8.74443
    endloop
  endfacet
  facet normal -0.857951 0 0.513731
    outer loop
      vertex 18.7819 31.2 8.8286
      vertex 18.7315 30.4 8.74443
      vertex 18.7819 30.4 8.8286
    endloop
  endfacet
  facet normal -0.989175 0 0.146741
    outer loop
      vertex 18.8808 30.4 9.10491
      vertex 18.8952 31.2 9.20198
      vertex 18.8808 31.2 9.10491
    endloop
  endfacet
  facet normal -0.989175 0 0.146741
    outer loop
      vertex 18.8952 31.2 9.20198
      vertex 18.8808 30.4 9.10491
      vertex 18.8952 30.4 9.20198
    endloop
  endfacet
  facet normal -0.595817 0 0.80312
    outer loop
      vertex 18.4556 31.2 8.46853
      vertex 18.5344 30.4 8.52699
      vertex 18.5344 31.2 8.52699
    endloop
  endfacet
  facet normal -0.595817 0 0.80312
    outer loop
      vertex 18.5344 30.4 8.52699
      vertex 18.4556 31.2 8.46853
      vertex 18.4556 30.4 8.46853
    endloop
  endfacet
  facet normal 0.514106 0 0.857727
    outer loop
      vertex 6.24443 31.2 8.46853
      vertex 6.3286 30.4 8.41808
      vertex 6.3286 31.2 8.41808
    endloop
  endfacet
  facet normal 0.514106 0 0.857727
    outer loop
      vertex 6.3286 30.4 8.41808
      vertex 6.24443 31.2 8.46853
      vertex 6.24443 30.4 8.46853
    endloop
  endfacet
  facet normal -0.903837 0 0.427876
    outer loop
      vertex 18.7819 30.4 8.8286
      vertex 18.8239 31.2 8.91732
      vertex 18.7819 31.2 8.8286
    endloop
  endfacet
  facet normal -0.903837 0 0.427876
    outer loop
      vertex 18.8239 31.2 8.91732
      vertex 18.7819 30.4 8.8286
      vertex 18.8239 30.4 8.91732
    endloop
  endfacet
  facet normal -0.0491243 0 0.998793
    outer loop
      vertex 17.9 31.2 8.3
      vertex 17.998 30.4 8.30482
      vertex 17.998 31.2 8.30482
    endloop
  endfacet
  facet normal -0.0491243 0 0.998793
    outer loop
      vertex 17.998 30.4 8.30482
      vertex 17.9 31.2 8.3
      vertex 17.9 30.4 8.3
    endloop
  endfacet
  facet normal 0.336879 0 0.941548
    outer loop
      vertex 6.41732 31.2 8.37612
      vertex 6.50972 30.4 8.34306
      vertex 6.50972 31.2 8.34306
    endloop
  endfacet
  facet normal 0.336879 0 0.941548
    outer loop
      vertex 6.50972 30.4 8.34306
      vertex 6.41732 31.2 8.37612
      vertex 6.41732 30.4 8.37612
    endloop
  endfacet
  facet normal -0.802997 0 0.595983
    outer loop
      vertex 18.673 30.4 8.66561
      vertex 18.7315 31.2 8.74443
      vertex 18.673 31.2 8.66561
    endloop
  endfacet
  facet normal -0.802997 0 0.595983
    outer loop
      vertex 18.7315 31.2 8.74443
      vertex 18.673 30.4 8.66561
      vertex 18.7315 30.4 8.74443
    endloop
  endfacet
  facet normal 0.803192 -0 0.59572
    outer loop
      vertex 5.96853 30.4 8.74443
      vertex 6.02699 31.2 8.66561
      vertex 5.96853 31.2 8.74443
    endloop
  endfacet
  facet normal 0.803192 0 0.59572
    outer loop
      vertex 6.02699 31.2 8.66561
      vertex 5.96853 30.4 8.74443
      vertex 6.02699 30.4 8.66561
    endloop
  endfacet
  facet normal 0.242943 0 0.970041
    outer loop
      vertex 6.50972 31.2 8.34306
      vertex 6.60491 30.4 8.31922
      vertex 6.60491 31.2 8.31922
    endloop
  endfacet
  facet normal 0.242943 0 0.970041
    outer loop
      vertex 6.60491 30.4 8.31922
      vertex 6.50972 31.2 8.34306
      vertex 6.50972 30.4 8.34306
    endloop
  endfacet
  facet normal 0.941548 -0 0.336879
    outer loop
      vertex 5.84306 30.4 9.00972
      vertex 5.87612 31.2 8.91732
      vertex 5.84306 31.2 9.00972
    endloop
  endfacet
  facet normal 0.941548 0 0.336879
    outer loop
      vertex 5.87612 31.2 8.91732
      vertex 5.84306 30.4 9.00972
      vertex 5.87612 30.4 8.91732
    endloop
  endfacet
  facet normal 0.0491143 0 0.998793
    outer loop
      vertex 6.70198 31.2 8.30482
      vertex 6.8 30.4 8.3
      vertex 6.8 31.2 8.3
    endloop
  endfacet
  facet normal 0.0491143 0 0.998793
    outer loop
      vertex 6.8 30.4 8.3
      vertex 6.70198 31.2 8.30482
      vertex 6.70198 30.4 8.30482
    endloop
  endfacet
  facet normal 0.671505 0 0.741
    outer loop
      vertex 6.09289 31.2 8.59289
      vertex 6.16561 30.4 8.52699
      vertex 6.16561 31.2 8.52699
    endloop
  endfacet
  facet normal 0.671505 0 0.741
    outer loop
      vertex 6.16561 30.4 8.52699
      vertex 6.09289 31.2 8.59289
      vertex 6.09289 30.4 8.59289
    endloop
  endfacet
  facet normal 0.514084 0 0.85774
    outer loop
      vertex 5.18886 32.4 6.68706
      vertex 5.35721 31.2 6.58616
      vertex 5.35721 32.4 6.58616
    endloop
  endfacet
  facet normal 0.514084 0 0.85774
    outer loop
      vertex 5.35721 31.2 6.58616
      vertex 5.18886 32.4 6.68706
      vertex 5.18886 31.2 6.68706
    endloop
  endfacet
  facet normal 0.80321 -0 0.595695
    outer loop
      vertex 4.63706 31.2 7.23886
      vertex 4.75398 32.4 7.08121
      vertex 4.63706 32.4 7.23886
    endloop
  endfacet
  facet normal 0.80321 0 0.595695
    outer loop
      vertex 4.75398 32.4 7.08121
      vertex 4.63706 31.2 7.23886
      vertex 4.75398 31.2 7.08121
    endloop
  endfacet
  facet normal -0 0 1
    outer loop
      vertex 6.3 32.4 6.35
      vertex 18.4 31.2 6.35
      vertex 18.4 32.4 6.35
    endloop
  endfacet
  facet normal 0 0 1
    outer loop
      vertex 18.4 31.2 6.35
      vertex 6.3 32.4 6.35
      vertex 6.3 31.2 6.35
    endloop
  endfacet
  facet normal -0.803259 0 0.59563
    outer loop
      vertex 19.946 31.2 7.08121
      vertex 20.0629 32.4 7.23886
      vertex 19.946 32.4 7.08121
    endloop
  endfacet
  facet normal -0.803259 0 0.59563
    outer loop
      vertex 20.0629 32.4 7.23886
      vertex 19.946 31.2 7.08121
      vertex 20.0629 31.2 7.23886
    endloop
  endfacet
  facet normal 0 1 0
    outer loop
      vertex 20.4 31.2 11.8
      vertex 18.9 31.2 9.3
      vertex 18.9 31.2 11.8
    endloop
  endfacet
  facet normal 0 1 -0
    outer loop
      vertex 20.4 31.2 8.35
      vertex 18.9 31.2 9.3
      vertex 20.4 31.2 11.8
    endloop
  endfacet
  facet normal 0 1 0
    outer loop
      vertex 18.9 31.2 9.3
      vertex 20.4 31.2 8.35
      vertex 18.8952 31.2 9.20198
    endloop
  endfacet
  facet normal 0 1 0
    outer loop
      vertex 18.8952 31.2 9.20198
      vertex 20.4 31.2 8.35
      vertex 18.8808 31.2 9.10491
    endloop
  endfacet
  facet normal 0 1 0
    outer loop
      vertex 18.8808 31.2 9.10491
      vertex 20.4 31.2 8.35
      vertex 18.8569 31.2 9.00972
    endloop
  endfacet
  facet normal 0 1 0
    outer loop
      vertex 18.8569 31.2 9.00972
      vertex 20.4 31.2 8.35
      vertex 18.8239 31.2 8.91732
    endloop
  endfacet
  facet normal 0 1 0
    outer loop
      vertex 18.8239 31.2 8.91732
      vertex 20.4 31.2 8.35
      vertex 18.7819 31.2 8.8286
    endloop
  endfacet
  facet normal 0 1 0
    outer loop
      vertex 20.4 31.2 8.35
      vertex 18.7315 31.2 8.74443
      vertex 18.7819 31.2 8.8286
    endloop
  endfacet
  facet normal 0 1 -0
    outer loop
      vertex 20.3904 31.2 8.15397
      vertex 18.7315 31.2 8.74443
      vertex 20.4 31.2 8.35
    endloop
  endfacet
  facet normal 0 1 -0
    outer loop
      vertex 20.3616 31.2 7.95982
      vertex 18.7315 31.2 8.74443
      vertex 20.3904 31.2 8.15397
    endloop
  endfacet
  facet normal 0 1 0
    outer loop
      vertex 18.7315 31.2 8.74443
      vertex 20.3616 31.2 7.95982
      vertex 18.673 31.2 8.66561
    endloop
  endfacet
  facet normal 0 1 -0
    outer loop
      vertex 20.3139 31.2 7.76943
      vertex 18.673 31.2 8.66561
      vertex 20.3616 31.2 7.95982
    endloop
  endfacet
  facet normal 0 1 -0
    outer loop
      vertex 20.2478 31.2 7.58463
      vertex 18.673 31.2 8.66561
      vertex 20.3139 31.2 7.76943
    endloop
  endfacet
  facet normal 0 1 0
    outer loop
      vertex 18.673 31.2 8.66561
      vertex 20.2478 31.2 7.58463
      vertex 18.6071 31.2 8.59289
    endloop
  endfacet
  facet normal 0 1 -0
    outer loop
      vertex 20.1638 31.2 7.40721
      vertex 18.6071 31.2 8.59289
      vertex 20.2478 31.2 7.58463
    endloop
  endfacet
  facet normal 0 1 -0
    outer loop
      vertex 20.0629 31.2 7.23886
      vertex 18.6071 31.2 8.59289
      vertex 20.1638 31.2 7.40721
    endloop
  endfacet
  facet normal 0 1 0
    outer loop
      vertex 18.6071 31.2 8.59289
      vertex 20.0629 31.2 7.23886
      vertex 18.5344 31.2 8.52699
    endloop
  endfacet
  facet normal 0 1 -0
    outer loop
      vertex 19.946 31.2 7.08121
      vertex 18.5344 31.2 8.52699
      vertex 20.0629 31.2 7.23886
    endloop
  endfacet
  facet normal 0 1 0
    outer loop
      vertex 18.5344 31.2 8.52699
      vertex 19.8142 31.2 6.93579
      vertex 18.4556 31.2 8.46853
    endloop
  endfacet
  facet normal 0 1 -0
    outer loop
      vertex 19.8142 31.2 6.93579
      vertex 18.5344 31.2 8.52699
      vertex 19.946 31.2 7.08121
    endloop
  endfacet
  facet normal 0 1 -0
    outer loop
      vertex 5.8 31.2 9.3
      vertex 4.3 31.2 11.8
      vertex 5.8 31.2 11.8
    endloop
  endfacet
  facet normal 0 1 0
    outer loop
      vertex 4.3 31.2 8.35
      vertex 5.8 31.2 9.3
      vertex 5.80481 31.2 9.20198
    endloop
  endfacet
  facet normal 0 1 0
    outer loop
      vertex 4.3 31.2 8.35
      vertex 5.80481 31.2 9.20198
      vertex 5.81921 31.2 9.10491
    endloop
  endfacet
  facet normal 0 1 0
    outer loop
      vertex 4.3 31.2 8.35
      vertex 5.81921 31.2 9.10491
      vertex 5.84306 31.2 9.00972
    endloop
  endfacet
  facet normal 0 1 0
    outer loop
      vertex 4.3 31.2 8.35
      vertex 5.84306 31.2 9.00972
      vertex 5.87612 31.2 8.91732
    endloop
  endfacet
  facet normal 0 1 0
    outer loop
      vertex 4.3 31.2 8.35
      vertex 5.87612 31.2 8.91732
      vertex 5.91808 31.2 8.8286
    endloop
  endfacet
  facet normal 0 1 0
    outer loop
      vertex 5.8 31.2 9.3
      vertex 4.3 31.2 8.35
      vertex 4.3 31.2 11.8
    endloop
  endfacet
  facet normal 0 1 0
    outer loop
      vertex 5.96853 31.2 8.74443
      vertex 4.3 31.2 8.35
      vertex 5.91808 31.2 8.8286
    endloop
  endfacet
  facet normal 0 1 0
    outer loop
      vertex 4.33843 31.2 7.95982
      vertex 5.96853 31.2 8.74443
      vertex 6.02699 31.2 8.66561
    endloop
  endfacet
  facet normal 0 1 0
    outer loop
      vertex 4.45224 31.2 7.58463
      vertex 6.02699 31.2 8.66561
      vertex 6.09289 31.2 8.59289
    endloop
  endfacet
  facet normal 0 1 0
    outer loop
      vertex 4.63706 31.2 7.23886
      vertex 6.09289 31.2 8.59289
      vertex 6.16561 31.2 8.52699
    endloop
  endfacet
  facet normal 0 1 0
    outer loop
      vertex 4.88579 31.2 6.93579
      vertex 6.16561 31.2 8.52699
      vertex 6.24443 31.2 8.46853
    endloop
  endfacet
  facet normal 0 1 0
    outer loop
      vertex 5.18886 31.2 6.68706
      vertex 6.24443 31.2 8.46853
      vertex 6.3286 31.2 8.41808
    endloop
  endfacet
  facet normal 0 1 0
    outer loop
      vertex 5.53463 31.2 6.50224
      vertex 6.3286 31.2 8.41808
      vertex 6.41732 31.2 8.37612
    endloop
  endfacet
  facet normal 0 1 0
    outer loop
      vertex 5.90982 31.2 6.38843
      vertex 6.41732 31.2 8.37612
      vertex 6.50972 31.2 8.34306
    endloop
  endfacet
  facet normal 0 1 0
    outer loop
      vertex 6.3 31.2 6.35
      vertex 6.50972 31.2 8.34306
      vertex 6.60491 31.2 8.31922
    endloop
  endfacet
  facet normal 0 1 0
    outer loop
      vertex 6.3 31.2 6.35
      vertex 6.60491 31.2 8.31922
      vertex 6.70198 31.2 8.30482
    endloop
  endfacet
  facet normal 0 1 0
    outer loop
      vertex 6.3 31.2 6.35
      vertex 6.70198 31.2 8.30482
      vertex 6.8 31.2 8.3
    endloop
  endfacet
  facet normal 0 1 0
    outer loop
      vertex 5.96853 31.2 8.74443
      vertex 4.30963 31.2 8.15397
      vertex 4.3 31.2 8.35
    endloop
  endfacet
  facet normal 0 1 0
    outer loop
      vertex 17.9 31.2 8.3
      vertex 18.4 31.2 6.35
      vertex 6.8 31.2 8.3
    endloop
  endfacet
  facet normal 0 1 -0
    outer loop
      vertex 19.6688 31.2 6.80398
      vertex 18.4556 31.2 8.46853
      vertex 19.8142 31.2 6.93579
    endloop
  endfacet
  facet normal 0 1 0
    outer loop
      vertex 6.3 31.2 6.35
      vertex 6.8 31.2 8.3
      vertex 18.4 31.2 6.35
    endloop
  endfacet
  facet normal 0 1 -0
    outer loop
      vertex 19.5111 31.2 6.68706
      vertex 18.4556 31.2 8.46853
      vertex 19.6688 31.2 6.80398
    endloop
  endfacet
  facet normal 0 1 0
    outer loop
      vertex 6.50972 31.2 8.34306
      vertex 6.3 31.2 6.35
      vertex 6.10396 31.2 6.35963
    endloop
  endfacet
  facet normal 0 1 0
    outer loop
      vertex 18.4556 31.2 8.46853
      vertex 19.5111 31.2 6.68706
      vertex 18.3714 31.2 8.41808
    endloop
  endfacet
  facet normal 0 1 0
    outer loop
      vertex 5.96853 31.2 8.74443
      vertex 4.33843 31.2 7.95982
      vertex 4.30963 31.2 8.15397
    endloop
  endfacet
  facet normal 0 1 -0
    outer loop
      vertex 19.3428 31.2 6.58616
      vertex 18.3714 31.2 8.41808
      vertex 19.5111 31.2 6.68706
    endloop
  endfacet
  facet normal 0 1 0
    outer loop
      vertex 6.02699 31.2 8.66561
      vertex 4.38612 31.2 7.76943
      vertex 4.33843 31.2 7.95982
    endloop
  endfacet
  facet normal 0 1 -0
    outer loop
      vertex 19.1654 31.2 6.50224
      vertex 18.3714 31.2 8.41808
      vertex 19.3428 31.2 6.58616
    endloop
  endfacet
  facet normal 0 1 0
    outer loop
      vertex 6.02699 31.2 8.66561
      vertex 4.45224 31.2 7.58463
      vertex 4.38612 31.2 7.76943
    endloop
  endfacet
  facet normal 0 1 0
    outer loop
      vertex 18.3714 31.2 8.41808
      vertex 19.1654 31.2 6.50224
      vertex 18.2827 31.2 8.37612
    endloop
  endfacet
  facet normal 0 1 0
    outer loop
      vertex 6.09289 31.2 8.59289
      vertex 4.53616 31.2 7.40721
      vertex 4.45224 31.2 7.58463
    endloop
  endfacet
  facet normal 0 1 -0
    outer loop
      vertex 18.9806 31.2 6.43612
      vertex 18.2827 31.2 8.37612
      vertex 19.1654 31.2 6.50224
    endloop
  endfacet
  facet normal 0 1 0
    outer loop
      vertex 6.09289 31.2 8.59289
      vertex 4.63706 31.2 7.23886
      vertex 4.53616 31.2 7.40721
    endloop
  endfacet
  facet normal 0 1 -0
    outer loop
      vertex 18.7902 31.2 6.38843
      vertex 18.2827 31.2 8.37612
      vertex 18.9806 31.2 6.43612
    endloop
  endfacet
  facet normal 0 1 0
    outer loop
      vertex 6.16561 31.2 8.52699
      vertex 4.75398 31.2 7.08121
      vertex 4.63706 31.2 7.23886
    endloop
  endfacet
  facet normal 0 1 0
    outer loop
      vertex 18.2827 31.2 8.37612
      vertex 18.7902 31.2 6.38843
      vertex 18.1903 31.2 8.34306
    endloop
  endfacet
  facet normal 0 1 0
    outer loop
      vertex 6.16561 31.2 8.52699
      vertex 4.88579 31.2 6.93579
      vertex 4.75398 31.2 7.08121
    endloop
  endfacet
  facet normal 0 1 -0
    outer loop
      vertex 18.596 31.2 6.35963
      vertex 18.1903 31.2 8.34306
      vertex 18.7902 31.2 6.38843
    endloop
  endfacet
  facet normal 0 1 0
    outer loop
      vertex 6.24443 31.2 8.46853
      vertex 5.03121 31.2 6.80398
      vertex 4.88579 31.2 6.93579
    endloop
  endfacet
  facet normal 0 1 -0
    outer loop
      vertex 18.4 31.2 6.35
      vertex 18.1903 31.2 8.34306
      vertex 18.596 31.2 6.35963
    endloop
  endfacet
  facet normal 0 1 0
    outer loop
      vertex 6.24443 31.2 8.46853
      vertex 5.18886 31.2 6.68706
      vertex 5.03121 31.2 6.80398
    endloop
  endfacet
  facet normal 0 1 0
    outer loop
      vertex 18.1903 31.2 8.34306
      vertex 18.4 31.2 6.35
      vertex 18.0951 31.2 8.31922
    endloop
  endfacet
  facet normal 0 1 0
    outer loop
      vertex 6.3286 31.2 8.41808
      vertex 5.35721 31.2 6.58616
      vertex 5.18886 31.2 6.68706
    endloop
  endfacet
  facet normal 0 1 0
    outer loop
      vertex 18.0951 31.2 8.31922
      vertex 18.4 31.2 6.35
      vertex 17.998 31.2 8.30482
    endloop
  endfacet
  facet normal 0 1 0
    outer loop
      vertex 6.3286 31.2 8.41808
      vertex 5.53463 31.2 6.50224
      vertex 5.35721 31.2 6.58616
    endloop
  endfacet
  facet normal 0 1 0
    outer loop
      vertex 17.998 31.2 8.30482
      vertex 18.4 31.2 6.35
      vertex 17.9 31.2 8.3
    endloop
  endfacet
  facet normal 0 1 0
    outer loop
      vertex 6.41732 31.2 8.37612
      vertex 5.71943 31.2 6.43612
      vertex 5.53463 31.2 6.50224
    endloop
  endfacet
  facet normal 0 1 0
    outer loop
      vertex 6.41732 31.2 8.37612
      vertex 5.90982 31.2 6.38843
      vertex 5.71943 31.2 6.43612
    endloop
  endfacet
  facet normal 0 1 0
    outer loop
      vertex 6.50972 31.2 8.34306
      vertex 6.10396 31.2 6.35963
      vertex 5.90982 31.2 6.38843
    endloop
  endfacet
  facet normal -0.903819 0 0.427916
    outer loop
      vertex 20.1638 31.2 7.40721
      vertex 20.2478 32.4 7.58463
      vertex 20.1638 32.4 7.40721
    endloop
  endfacet
  facet normal -0.903819 0 0.427916
    outer loop
      vertex 20.2478 32.4 7.58463
      vertex 20.1638 31.2 7.40721
      vertex 20.2478 31.2 7.58463
    endloop
  endfacet
  facet normal -0.85774 0 0.514084
    outer loop
      vertex 20.0629 31.2 7.23886
      vertex 20.1638 32.4 7.40721
      vertex 20.0629 32.4 7.23886
    endloop
  endfacet
  facet normal -0.85774 0 0.514084
    outer loop
      vertex 20.1638 32.4 7.40721
      vertex 20.0629 31.2 7.23886
      vertex 20.1638 31.2 7.40721
    endloop
  endfacet
  facet normal 0.0490635 0 0.998796
    outer loop
      vertex 6.10396 32.4 6.35963
      vertex 6.3 31.2 6.35
      vertex 6.3 32.4 6.35
    endloop
  endfacet
  facet normal 0.0490635 0 0.998796
    outer loop
      vertex 6.3 31.2 6.35
      vertex 6.10396 32.4 6.35963
      vertex 6.10396 31.2 6.35963
    endloop
  endfacet
  facet normal 0.146741 0 0.989175
    outer loop
      vertex 5.90982 32.4 6.38843
      vertex 6.10396 31.2 6.35963
      vertex 6.10396 32.4 6.35963
    endloop
  endfacet
  facet normal 0.146741 0 0.989175
    outer loop
      vertex 6.10396 31.2 6.35963
      vertex 5.90982 32.4 6.38843
      vertex 5.90982 31.2 6.38843
    endloop
  endfacet
  facet normal -0.740954 0 0.671556
    outer loop
      vertex 19.8142 31.2 6.93579
      vertex 19.946 32.4 7.08121
      vertex 19.8142 32.4 6.93579
    endloop
  endfacet
  facet normal -0.740954 0 0.671556
    outer loop
      vertex 19.946 32.4 7.08121
      vertex 19.8142 31.2 6.93579
      vertex 19.946 31.2 7.08121
    endloop
  endfacet
  facet normal -0.970019 0 0.243027
    outer loop
      vertex 20.3139 31.2 7.76943
      vertex 20.3616 32.4 7.95982
      vertex 20.3139 32.4 7.76943
    endloop
  endfacet
  facet normal -0.970019 0 0.243027
    outer loop
      vertex 20.3616 32.4 7.95982
      vertex 20.3139 31.2 7.76943
      vertex 20.3616 31.2 7.95982
    endloop
  endfacet
  facet normal -0.0490735 0 0.998795
    outer loop
      vertex 18.4 32.4 6.35
      vertex 18.596 31.2 6.35963
      vertex 18.596 32.4 6.35963
    endloop
  endfacet
  facet normal -0.0490735 0 0.998795
    outer loop
      vertex 18.596 31.2 6.35963
      vertex 18.4 32.4 6.35
      vertex 18.4 31.2 6.35
    endloop
  endfacet
  facet normal -0.146696 0 0.989182
    outer loop
      vertex 18.596 32.4 6.35963
      vertex 18.7902 31.2 6.38843
      vertex 18.7902 32.4 6.38843
    endloop
  endfacet
  facet normal -0.146696 0 0.989182
    outer loop
      vertex 18.7902 31.2 6.38843
      vertex 18.596 32.4 6.35963
      vertex 18.596 31.2 6.35963
    endloop
  endfacet
  facet normal 0.595695 0 0.80321
    outer loop
      vertex 5.03121 32.4 6.80398
      vertex 5.18886 31.2 6.68706
      vertex 5.18886 32.4 6.68706
    endloop
  endfacet
  facet normal 0.595695 0 0.80321
    outer loop
      vertex 5.18886 31.2 6.68706
      vertex 5.03121 32.4 6.80398
      vertex 5.03121 31.2 6.80398
    endloop
  endfacet
  facet normal 0.242979 0 0.970032
    outer loop
      vertex 5.71943 32.4 6.43612
      vertex 5.90982 31.2 6.38843
      vertex 5.90982 32.4 6.38843
    endloop
  endfacet
  facet normal 0.242979 0 0.970032
    outer loop
      vertex 5.90982 31.2 6.38843
      vertex 5.71943 32.4 6.43612
      vertex 5.71943 31.2 6.43612
    endloop
  endfacet
  facet normal -1 0 0
    outer loop
      vertex 20.4 31.2 8.35
      vertex 20.4 32.4 11.8
      vertex 20.4 32.4 8.35
    endloop
  endfacet
  facet normal -1 -0 0
    outer loop
      vertex 20.4 32.4 11.8
      vertex 20.4 31.2 8.35
      vertex 20.4 31.2 11.8
    endloop
  endfacet
  facet normal 0.998796 -0 0.049066
    outer loop
      vertex 4.3 31.2 8.35
      vertex 4.30963 32.4 8.15397
      vertex 4.3 32.4 8.35
    endloop
  endfacet
  facet normal 0.998796 0 0.049066
    outer loop
      vertex 4.30963 32.4 8.15397
      vertex 4.3 31.2 8.35
      vertex 4.30963 31.2 8.15397
    endloop
  endfacet
  facet normal 0.85774 -0 0.514084
    outer loop
      vertex 4.53616 31.2 7.40721
      vertex 4.63706 32.4 7.23886
      vertex 4.53616 32.4 7.40721
    endloop
  endfacet
  facet normal 0.85774 0 0.514084
    outer loop
      vertex 4.63706 32.4 7.23886
      vertex 4.53616 31.2 7.40721
      vertex 4.63706 31.2 7.23886
    endloop
  endfacet
  facet normal -0.595573 0 0.803301
    outer loop
      vertex 19.5111 32.4 6.68706
      vertex 19.6688 31.2 6.80398
      vertex 19.6688 32.4 6.80398
    endloop
  endfacet
  facet normal -0.595573 0 0.803301
    outer loop
      vertex 19.6688 31.2 6.80398
      vertex 19.5111 32.4 6.68706
      vertex 19.5111 31.2 6.68706
    endloop
  endfacet
  facet normal 0.970032 -0 0.242979
    outer loop
      vertex 4.33843 31.2 7.95982
      vertex 4.38612 32.4 7.76943
      vertex 4.33843 32.4 7.95982
    endloop
  endfacet
  facet normal 0.970032 0 0.242979
    outer loop
      vertex 4.38612 32.4 7.76943
      vertex 4.33843 31.2 7.95982
      vertex 4.38612 31.2 7.76943
    endloop
  endfacet
  facet normal -0.336879 0 0.941548
    outer loop
      vertex 18.9806 32.4 6.43612
      vertex 19.1654 31.2 6.50224
      vertex 19.1654 32.4 6.50224
    endloop
  endfacet
  facet normal -0.336879 0 0.941548
    outer loop
      vertex 19.1654 31.2 6.50224
      vertex 18.9806 32.4 6.43612
      vertex 18.9806 31.2 6.43612
    endloop
  endfacet
  facet normal -0.242967 0 0.970035
    outer loop
      vertex 18.7902 32.4 6.38843
      vertex 18.9806 31.2 6.43612
      vertex 18.9806 32.4 6.43612
    endloop
  endfacet
  facet normal -0.242967 0 0.970035
    outer loop
      vertex 18.9806 31.2 6.43612
      vertex 18.7902 32.4 6.38843
      vertex 18.7902 31.2 6.38843
    endloop
  endfacet
  facet normal 0.336879 0 0.941548
    outer loop
      vertex 5.53463 32.4 6.50224
      vertex 5.71943 31.2 6.43612
      vertex 5.71943 32.4 6.43612
    endloop
  endfacet
  facet normal 0.336879 0 0.941548
    outer loop
      vertex 5.71943 31.2 6.43612
      vertex 5.53463 32.4 6.50224
      vertex 5.53463 31.2 6.50224
    endloop
  endfacet
  facet normal 0.989176 -0 0.146733
    outer loop
      vertex 4.30963 31.2 8.15397
      vertex 4.33843 32.4 7.95982
      vertex 4.30963 32.4 8.15397
    endloop
  endfacet
  facet normal 0.989176 0 0.146733
    outer loop
      vertex 4.33843 32.4 7.95982
      vertex 4.30963 31.2 8.15397
      vertex 4.33843 31.2 7.95982
    endloop
  endfacet
  facet normal 0.671584 0 0.740928
    outer loop
      vertex 4.88579 32.4 6.93579
      vertex 5.03121 31.2 6.80398
      vertex 5.03121 32.4 6.80398
    endloop
  endfacet
  facet normal 0.671584 0 0.740928
    outer loop
      vertex 5.03121 31.2 6.80398
      vertex 4.88579 32.4 6.93579
      vertex 4.88579 31.2 6.93579
    endloop
  endfacet
  facet normal -0.427622 0 0.903958
    outer loop
      vertex 19.1654 32.4 6.50224
      vertex 19.3428 31.2 6.58616
      vertex 19.3428 32.4 6.58616
    endloop
  endfacet
  facet normal -0.427622 0 0.903958
    outer loop
      vertex 19.3428 31.2 6.58616
      vertex 19.1654 32.4 6.50224
      vertex 19.1654 31.2 6.50224
    endloop
  endfacet
  facet normal 1 -0 0
    outer loop
      vertex 4.3 31.2 11.8
      vertex 4.3 32.4 8.35
      vertex 4.3 32.4 11.8
    endloop
  endfacet
  facet normal 1 0 0
    outer loop
      vertex 4.3 32.4 8.35
      vertex 4.3 31.2 11.8
      vertex 4.3 31.2 8.35
    endloop
  endfacet
  facet normal -0.998803 0 0.0489135
    outer loop
      vertex 20.3904 31.2 8.15397
      vertex 20.4 32.4 8.35
      vertex 20.3904 32.4 8.15397
    endloop
  endfacet
  facet normal -0.998803 0 0.0489135
    outer loop
      vertex 20.4 32.4 8.35
      vertex 20.3904 31.2 8.15397
      vertex 20.4 31.2 8.35
    endloop
  endfacet
  facet normal -0.989176 0 0.146733
    outer loop
      vertex 20.3616 31.2 7.95982
      vertex 20.3904 32.4 8.15397
      vertex 20.3616 32.4 7.95982
    endloop
  endfacet
  facet normal -0.989176 0 0.146733
    outer loop
      vertex 20.3904 32.4 8.15397
      vertex 20.3616 31.2 7.95982
      vertex 20.3904 31.2 8.15397
    endloop
  endfacet
  facet normal 0.740928 -0 0.671584
    outer loop
      vertex 4.75398 31.2 7.08121
      vertex 4.88579 32.4 6.93579
      vertex 4.75398 32.4 7.08121
    endloop
  endfacet
  facet normal 0.740928 0 0.671584
    outer loop
      vertex 4.88579 32.4 6.93579
      vertex 4.75398 31.2 7.08121
      vertex 4.88579 31.2 6.93579
    endloop
  endfacet
  facet normal 0.427583 0 0.903976
    outer loop
      vertex 5.35721 32.4 6.58616
      vertex 5.53463 31.2 6.50224
      vertex 5.53463 32.4 6.50224
    endloop
  endfacet
  facet normal 0.427583 0 0.903976
    outer loop
      vertex 5.53463 31.2 6.50224
      vertex 5.35721 32.4 6.58616
      vertex 5.35721 31.2 6.58616
    endloop
  endfacet
  facet normal -0.514196 0 0.857673
    outer loop
      vertex 19.3428 32.4 6.58616
      vertex 19.5111 31.2 6.68706
      vertex 19.5111 32.4 6.68706
    endloop
  endfacet
  facet normal -0.514196 0 0.857673
    outer loop
      vertex 19.5111 31.2 6.68706
      vertex 19.3428 32.4 6.58616
      vertex 19.3428 31.2 6.58616
    endloop
  endfacet
  facet normal -0.671635 0 0.740882
    outer loop
      vertex 19.6688 32.4 6.80398
      vertex 19.8142 31.2 6.93579
      vertex 19.8142 32.4 6.93579
    endloop
  endfacet
  facet normal -0.671635 0 0.740882
    outer loop
      vertex 19.8142 31.2 6.93579
      vertex 19.6688 32.4 6.80398
      vertex 19.6688 31.2 6.80398
    endloop
  endfacet
  facet normal 0.941548 -0 0.336879
    outer loop
      vertex 4.38612 31.2 7.76943
      vertex 4.45224 32.4 7.58463
      vertex 4.38612 32.4 7.76943
    endloop
  endfacet
  facet normal 0.941548 0 0.336879
    outer loop
      vertex 4.45224 32.4 7.58463
      vertex 4.38612 31.2 7.76943
      vertex 4.45224 31.2 7.58463
    endloop
  endfacet
  facet normal -0.94158 0 0.336788
    outer loop
      vertex 20.2478 31.2 7.58463
      vertex 20.3139 32.4 7.76943
      vertex 20.2478 32.4 7.58463
    endloop
  endfacet
  facet normal -0.94158 0 0.336788
    outer loop
      vertex 20.3139 32.4 7.76943
      vertex 20.2478 31.2 7.58463
      vertex 20.3139 31.2 7.76943
    endloop
  endfacet
  facet normal 0.903976 -0 0.427583
    outer loop
      vertex 4.45224 31.2 7.58463
      vertex 4.53616 32.4 7.40721
      vertex 4.45224 32.4 7.58463
    endloop
  endfacet
  facet normal 0.903976 0 0.427583
    outer loop
      vertex 4.53616 32.4 7.40721
      vertex 4.45224 31.2 7.58463
      vertex 4.53616 31.2 7.40721
    endloop
  endfacet
  facet normal -1 0 0
    outer loop
      vertex 44.4 30.4 9
      vertex 44.4 31.2 11.8
      vertex 44.4 31.2 9
    endloop
  endfacet
  facet normal -1 -0 0
    outer loop
      vertex 44.4 31.2 11.8
      vertex 44.4 30.4 9
      vertex 44.4 30.4 11.8
    endloop
  endfacet
  facet normal -0.941742 0 0.336336
    outer loop
      vertex 44.3239 30.4 8.61732
      vertex 44.3569 31.2 8.70972
      vertex 44.3239 31.2 8.61732
    endloop
  endfacet
  facet normal -0.941742 0 0.336336
    outer loop
      vertex 44.3569 31.2 8.70972
      vertex 44.3239 30.4 8.61732
      vertex 44.3569 30.4 8.70972
    endloop
  endfacet
  facet normal 0.146696 0 0.989182
    outer loop
      vertex 34.6049 31.2 8.01922
      vertex 34.702 30.4 8.00482
      vertex 34.702 31.2 8.00482
    endloop
  endfacet
  facet normal 0.146696 0 0.989182
    outer loop
      vertex 34.702 30.4 8.00482
      vertex 34.6049 31.2 8.01922
      vertex 34.6049 30.4 8.01922
    endloop
  endfacet
  facet normal 1 -0 0
    outer loop
      vertex 33.8 30.4 11.8
      vertex 33.8 31.2 9
      vertex 33.8 31.2 11.8
    endloop
  endfacet
  facet normal 1 0 0
    outer loop
      vertex 33.8 31.2 9
      vertex 33.8 30.4 11.8
      vertex 33.8 30.4 9
    endloop
  endfacet
  facet normal 0.989175 -0 0.146741
    outer loop
      vertex 33.8048 30.4 8.90198
      vertex 33.8192 31.2 8.80491
      vertex 33.8048 31.2 8.90198
    endloop
  endfacet
  facet normal 0.989175 0 0.146741
    outer loop
      vertex 33.8192 31.2 8.80491
      vertex 33.8048 30.4 8.90198
      vertex 33.8192 30.4 8.80491
    endloop
  endfacet
  facet normal -0 0 1
    outer loop
      vertex 34.8 31.2 8
      vertex 43.4 30.4 8
      vertex 43.4 31.2 8
    endloop
  endfacet
  facet normal 0 0 1
    outer loop
      vertex 43.4 30.4 8
      vertex 34.8 31.2 8
      vertex 34.8 30.4 8
    endloop
  endfacet
  facet normal 0.671607 0 0.740908
    outer loop
      vertex 34.0929 31.2 8.29289
      vertex 34.1656 30.4 8.22699
      vertex 34.1656 31.2 8.22699
    endloop
  endfacet
  facet normal 0.671607 0 0.740908
    outer loop
      vertex 34.1656 30.4 8.22699
      vertex 34.0929 31.2 8.29289
      vertex 34.0929 30.4 8.29289
    endloop
  endfacet
  facet normal -0.741 0 0.671505
    outer loop
      vertex 44.1071 30.4 8.29289
      vertex 44.173 31.2 8.36561
      vertex 44.1071 31.2 8.29289
    endloop
  endfacet
  facet normal -0.741 0 0.671505
    outer loop
      vertex 44.173 31.2 8.36561
      vertex 44.1071 30.4 8.29289
      vertex 44.173 30.4 8.36561
    endloop
  endfacet
  facet normal 0.903837 -0 0.427876
    outer loop
      vertex 33.8761 30.4 8.61732
      vertex 33.9181 31.2 8.5286
      vertex 33.8761 31.2 8.61732
    endloop
  endfacet
  facet normal 0.903837 0 0.427876
    outer loop
      vertex 33.9181 31.2 8.5286
      vertex 33.8761 30.4 8.61732
      vertex 33.9181 30.4 8.5286
    endloop
  endfacet
  facet normal -0.903837 0 0.427876
    outer loop
      vertex 44.2819 30.4 8.5286
      vertex 44.3239 31.2 8.61732
      vertex 44.2819 31.2 8.5286
    endloop
  endfacet
  facet normal -0.903837 0 0.427876
    outer loop
      vertex 44.3239 31.2 8.61732
      vertex 44.2819 30.4 8.5286
      vertex 44.3239 30.4 8.61732
    endloop
  endfacet
  facet normal 0.941742 -0 0.336336
    outer loop
      vertex 33.8431 30.4 8.70972
      vertex 33.8761 31.2 8.61732
      vertex 33.8431 31.2 8.70972
    endloop
  endfacet
  facet normal 0.941742 0 0.336336
    outer loop
      vertex 33.8761 31.2 8.61732
      vertex 33.8431 30.4 8.70972
      vertex 33.8761 30.4 8.61732
    endloop
  endfacet
  facet normal -0.513971 0 0.857807
    outer loop
      vertex 43.8714 31.2 8.11808
      vertex 43.9556 30.4 8.16853
      vertex 43.9556 31.2 8.16853
    endloop
  endfacet
  facet normal -0.513971 0 0.857807
    outer loop
      vertex 43.9556 30.4 8.16853
      vertex 43.8714 31.2 8.11808
      vertex 43.8714 30.4 8.11808
    endloop
  endfacet
  facet normal -0.595817 0 0.80312
    outer loop
      vertex 43.9556 31.2 8.16853
      vertex 44.0344 30.4 8.22699
      vertex 44.0344 31.2 8.22699
    endloop
  endfacet
  facet normal -0.595817 0 0.80312
    outer loop
      vertex 44.0344 30.4 8.22699
      vertex 43.9556 31.2 8.16853
      vertex 43.9556 30.4 8.16853
    endloop
  endfacet
  facet normal -0.671607 0 0.740908
    outer loop
      vertex 44.0344 31.2 8.22699
      vertex 44.1071 30.4 8.29289
      vertex 44.1071 31.2 8.29289
    endloop
  endfacet
  facet normal -0.671607 0 0.740908
    outer loop
      vertex 44.1071 30.4 8.29289
      vertex 44.0344 31.2 8.22699
      vertex 44.0344 30.4 8.22699
    endloop
  endfacet
  facet normal -0.427622 0 0.903958
    outer loop
      vertex 43.7827 31.2 8.07612
      vertex 43.8714 30.4 8.11808
      vertex 43.8714 31.2 8.11808
    endloop
  endfacet
  facet normal -0.427622 0 0.903958
    outer loop
      vertex 43.8714 30.4 8.11808
      vertex 43.7827 31.2 8.07612
      vertex 43.7827 30.4 8.07612
    endloop
  endfacet
  facet normal 0.595817 0 0.80312
    outer loop
      vertex 34.1656 31.2 8.22699
      vertex 34.2444 30.4 8.16853
      vertex 34.2444 31.2 8.16853
    endloop
  endfacet
  facet normal 0.595817 0 0.80312
    outer loop
      vertex 34.2444 30.4 8.16853
      vertex 34.1656 31.2 8.22699
      vertex 34.1656 30.4 8.22699
    endloop
  endfacet
  facet normal -0.998803 0 0.048911
    outer loop
      vertex 44.3952 30.4 8.90198
      vertex 44.4 31.2 9
      vertex 44.3952 31.2 8.90198
    endloop
  endfacet
  facet normal -0.998803 0 0.048911
    outer loop
      vertex 44.4 31.2 9
      vertex 44.3952 30.4 8.90198
      vertex 44.4 30.4 9
    endloop
  endfacet
  facet normal -0.989175 0 0.146741
    outer loop
      vertex 44.3808 30.4 8.80491
      vertex 44.3952 31.2 8.90198
      vertex 44.3808 31.2 8.80491
    endloop
  endfacet
  facet normal -0.989175 0 0.146741
    outer loop
      vertex 44.3952 31.2 8.90198
      vertex 44.3808 30.4 8.80491
      vertex 44.3952 30.4 8.90198
    endloop
  endfacet
  facet normal 0.0491243 0 0.998793
    outer loop
      vertex 34.702 31.2 8.00482
      vertex 34.8 30.4 8
      vertex 34.8 31.2 8
    endloop
  endfacet
  facet normal 0.0491243 0 0.998793
    outer loop
      vertex 34.8 30.4 8
      vertex 34.702 31.2 8.00482
      vertex 34.702 30.4 8.00482
    endloop
  endfacet
  facet normal 0.969896 -0 0.243518
    outer loop
      vertex 33.8192 30.4 8.80491
      vertex 33.8431 31.2 8.70972
      vertex 33.8192 31.2 8.80491
    endloop
  endfacet
  facet normal 0.969896 0 0.243518
    outer loop
      vertex 33.8431 31.2 8.70972
      vertex 33.8192 30.4 8.80491
      vertex 33.8431 30.4 8.70972
    endloop
  endfacet
  facet normal 0.802997 -0 0.595983
    outer loop
      vertex 33.9685 30.4 8.44443
      vertex 34.027 31.2 8.36561
      vertex 33.9685 31.2 8.44443
    endloop
  endfacet
  facet normal 0.802997 0 0.595983
    outer loop
      vertex 34.027 31.2 8.36561
      vertex 33.9685 30.4 8.44443
      vertex 34.027 30.4 8.36561
    endloop
  endfacet
  facet normal -0.802997 0 0.595983
    outer loop
      vertex 44.173 30.4 8.36561
      vertex 44.2315 31.2 8.44443
      vertex 44.173 31.2 8.36561
    endloop
  endfacet
  facet normal -0.802997 0 0.595983
    outer loop
      vertex 44.2315 31.2 8.44443
      vertex 44.173 30.4 8.36561
      vertex 44.2315 30.4 8.44443
    endloop
  endfacet
  facet normal 0.998803 -0 0.048911
    outer loop
      vertex 33.8 30.4 9
      vertex 33.8048 31.2 8.90198
      vertex 33.8 31.2 9
    endloop
  endfacet
  facet normal 0.998803 0 0.048911
    outer loop
      vertex 33.8048 31.2 8.90198
      vertex 33.8 30.4 9
      vertex 33.8048 30.4 8.90198
    endloop
  endfacet
  facet normal 0.741 -0 0.671505
    outer loop
      vertex 34.027 30.4 8.36561
      vertex 34.0929 31.2 8.29289
      vertex 34.027 31.2 8.36561
    endloop
  endfacet
  facet normal 0.741 0 0.671505
    outer loop
      vertex 34.0929 31.2 8.29289
      vertex 34.027 30.4 8.36561
      vertex 34.0929 30.4 8.29289
    endloop
  endfacet
  facet normal -0.857951 0 0.513731
    outer loop
      vertex 44.2315 30.4 8.44443
      vertex 44.2819 31.2 8.5286
      vertex 44.2315 31.2 8.44443
    endloop
  endfacet
  facet normal -0.857951 0 0.513731
    outer loop
      vertex 44.2819 31.2 8.5286
      vertex 44.2315 30.4 8.44443
      vertex 44.2819 30.4 8.5286
    endloop
  endfacet
  facet normal 0.242919 0 0.970047
    outer loop
      vertex 34.5097 31.2 8.04306
      vertex 34.6049 30.4 8.01922
      vertex 34.6049 31.2 8.01922
    endloop
  endfacet
  facet normal 0.242919 0 0.970047
    outer loop
      vertex 34.6049 30.4 8.01922
      vertex 34.5097 31.2 8.04306
      vertex 34.5097 30.4 8.04306
    endloop
  endfacet
  facet normal -0.336879 0 0.941548
    outer loop
      vertex 43.6903 31.2 8.04306
      vertex 43.7827 30.4 8.07612
      vertex 43.7827 31.2 8.07612
    endloop
  endfacet
  facet normal -0.336879 0 0.941548
    outer loop
      vertex 43.7827 30.4 8.07612
      vertex 43.6903 31.2 8.04306
      vertex 43.6903 30.4 8.04306
    endloop
  endfacet
  facet normal 0.513971 0 0.857807
    outer loop
      vertex 34.2444 31.2 8.16853
      vertex 34.3286 30.4 8.11808
      vertex 34.3286 31.2 8.11808
    endloop
  endfacet
  facet normal 0.513971 0 0.857807
    outer loop
      vertex 34.3286 30.4 8.11808
      vertex 34.2444 31.2 8.16853
      vertex 34.2444 30.4 8.16853
    endloop
  endfacet
  facet normal 0.427622 0 0.903958
    outer loop
      vertex 34.3286 31.2 8.11808
      vertex 34.4173 30.4 8.07612
      vertex 34.4173 31.2 8.07612
    endloop
  endfacet
  facet normal 0.427622 0 0.903958
    outer loop
      vertex 34.4173 30.4 8.07612
      vertex 34.3286 31.2 8.11808
      vertex 34.3286 30.4 8.11808
    endloop
  endfacet
  facet normal 0.857951 -0 0.513731
    outer loop
      vertex 33.9181 30.4 8.5286
      vertex 33.9685 31.2 8.44443
      vertex 33.9181 31.2 8.5286
    endloop
  endfacet
  facet normal 0.857951 0 0.513731
    outer loop
      vertex 33.9685 31.2 8.44443
      vertex 33.9181 30.4 8.5286
      vertex 33.9685 30.4 8.44443
    endloop
  endfacet
  facet normal -0.242919 0 0.970047
    outer loop
      vertex 43.5951 31.2 8.01922
      vertex 43.6903 30.4 8.04306
      vertex 43.6903 31.2 8.04306
    endloop
  endfacet
  facet normal -0.242919 0 0.970047
    outer loop
      vertex 43.6903 30.4 8.04306
      vertex 43.5951 31.2 8.01922
      vertex 43.5951 30.4 8.01922
    endloop
  endfacet
  facet normal -0.969896 0 0.243518
    outer loop
      vertex 44.3569 30.4 8.70972
      vertex 44.3808 31.2 8.80491
      vertex 44.3569 31.2 8.70972
    endloop
  endfacet
  facet normal -0.969896 0 0.243518
    outer loop
      vertex 44.3808 31.2 8.80491
      vertex 44.3569 30.4 8.70972
      vertex 44.3808 30.4 8.80491
    endloop
  endfacet
  facet normal -0.0491243 0 0.998793
    outer loop
      vertex 43.4 31.2 8
      vertex 43.498 30.4 8.00482
      vertex 43.498 31.2 8.00482
    endloop
  endfacet
  facet normal -0.0491243 0 0.998793
    outer loop
      vertex 43.498 30.4 8.00482
      vertex 43.4 31.2 8
      vertex 43.4 30.4 8
    endloop
  endfacet
  facet normal 0.336879 0 0.941548
    outer loop
      vertex 34.4173 31.2 8.07612
      vertex 34.5097 30.4 8.04306
      vertex 34.5097 31.2 8.04306
    endloop
  endfacet
  facet normal 0.336879 0 0.941548
    outer loop
      vertex 34.5097 30.4 8.04306
      vertex 34.4173 31.2 8.07612
      vertex 34.4173 30.4 8.07612
    endloop
  endfacet
  facet normal -0.146696 0 0.989182
    outer loop
      vertex 43.498 31.2 8.00482
      vertex 43.5951 30.4 8.01922
      vertex 43.5951 31.2 8.01922
    endloop
  endfacet
  facet normal -0.146696 0 0.989182
    outer loop
      vertex 43.5951 30.4 8.01922
      vertex 43.498 31.2 8.00482
      vertex 43.498 30.4 8.00482
    endloop
  endfacet
  facet normal 0.514196 0 0.857673
    outer loop
      vertex 33.4389 32.4 6.68706
      vertex 33.6072 31.2 6.58616
      vertex 33.6072 32.4 6.58616
    endloop
  endfacet
  facet normal 0.514196 0 0.857673
    outer loop
      vertex 33.6072 31.2 6.58616
      vertex 33.4389 32.4 6.68706
      vertex 33.4389 31.2 6.68706
    endloop
  endfacet
  facet normal -0 0 1
    outer loop
      vertex 34.55 32.4 6.35
      vertex 43.65 31.2 6.35
      vertex 43.65 32.4 6.35
    endloop
  endfacet
  facet normal 0 0 1
    outer loop
      vertex 43.65 31.2 6.35
      vertex 34.55 32.4 6.35
      vertex 34.55 31.2 6.35
    endloop
  endfacet
  facet normal 0.595573 0 0.803301
    outer loop
      vertex 33.2812 32.4 6.80398
      vertex 33.4389 31.2 6.68706
      vertex 33.4389 32.4 6.68706
    endloop
  endfacet
  facet normal 0.595573 0 0.803301
    outer loop
      vertex 33.4389 31.2 6.68706
      vertex 33.2812 32.4 6.80398
      vertex 33.2812 31.2 6.80398
    endloop
  endfacet
  facet normal -0.0490735 0 0.998795
    outer loop
      vertex 43.65 32.4 6.35
      vertex 43.846 31.2 6.35963
      vertex 43.846 32.4 6.35963
    endloop
  endfacet
  facet normal -0.0490735 0 0.998795
    outer loop
      vertex 43.846 31.2 6.35963
      vertex 43.65 32.4 6.35
      vertex 43.65 31.2 6.35
    endloop
  endfacet
  facet normal -1 0 0
    outer loop
      vertex 45.65 31.2 8.35
      vertex 45.65 32.4 11.8
      vertex 45.65 32.4 8.35
    endloop
  endfacet
  facet normal -1 -0 0
    outer loop
      vertex 45.65 32.4 11.8
      vertex 45.65 31.2 8.35
      vertex 45.65 31.2 11.8
    endloop
  endfacet
  facet normal 0.0490735 0 0.998795
    outer loop
      vertex 34.354 32.4 6.35963
      vertex 34.55 31.2 6.35
      vertex 34.55 32.4 6.35
    endloop
  endfacet
  facet normal 0.0490735 0 0.998795
    outer loop
      vertex 34.55 31.2 6.35
      vertex 34.354 32.4 6.35963
      vertex 34.354 31.2 6.35963
    endloop
  endfacet
  facet normal 0.903819 -0 0.427916
    outer loop
      vertex 32.7022 31.2 7.58463
      vertex 32.7862 32.4 7.40721
      vertex 32.7022 32.4 7.58463
    endloop
  endfacet
  facet normal 0.903819 0 0.427916
    outer loop
      vertex 32.7862 32.4 7.40721
      vertex 32.7022 31.2 7.58463
      vertex 32.7862 31.2 7.40721
    endloop
  endfacet
  facet normal 0.998803 -0 0.0489135
    outer loop
      vertex 32.55 31.2 8.35
      vertex 32.5596 32.4 8.15397
      vertex 32.55 32.4 8.35
    endloop
  endfacet
  facet normal 0.998803 0 0.0489135
    outer loop
      vertex 32.5596 32.4 8.15397
      vertex 32.55 31.2 8.35
      vertex 32.5596 31.2 8.15397
    endloop
  endfacet
  facet normal -0.671635 0 0.740882
    outer loop
      vertex 44.9188 32.4 6.80398
      vertex 45.0642 31.2 6.93579
      vertex 45.0642 32.4 6.93579
    endloop
  endfacet
  facet normal -0.671635 0 0.740882
    outer loop
      vertex 45.0642 31.2 6.93579
      vertex 44.9188 32.4 6.80398
      vertex 44.9188 31.2 6.80398
    endloop
  endfacet
  facet normal -0.998803 0 0.0489135
    outer loop
      vertex 45.6404 31.2 8.15397
      vertex 45.65 32.4 8.35
      vertex 45.6404 32.4 8.15397
    endloop
  endfacet
  facet normal -0.998803 0 0.0489135
    outer loop
      vertex 45.65 32.4 8.35
      vertex 45.6404 31.2 8.15397
      vertex 45.65 31.2 8.35
    endloop
  endfacet
  facet normal 0.427622 0 0.903958
    outer loop
      vertex 33.6072 32.4 6.58616
      vertex 33.7846 31.2 6.50224
      vertex 33.7846 32.4 6.50224
    endloop
  endfacet
  facet normal 0.427622 0 0.903958
    outer loop
      vertex 33.7846 31.2 6.50224
      vertex 33.6072 32.4 6.58616
      vertex 33.6072 31.2 6.58616
    endloop
  endfacet
  facet normal -0.514196 0 0.857673
    outer loop
      vertex 44.5928 32.4 6.58616
      vertex 44.7611 31.2 6.68706
      vertex 44.7611 32.4 6.68706
    endloop
  endfacet
  facet normal -0.514196 0 0.857673
    outer loop
      vertex 44.7611 31.2 6.68706
      vertex 44.5928 32.4 6.58616
      vertex 44.5928 31.2 6.58616
    endloop
  endfacet
  facet normal -0.336879 0 0.941548
    outer loop
      vertex 44.2306 32.4 6.43612
      vertex 44.4154 31.2 6.50224
      vertex 44.4154 32.4 6.50224
    endloop
  endfacet
  facet normal -0.336879 0 0.941548
    outer loop
      vertex 44.4154 31.2 6.50224
      vertex 44.2306 32.4 6.43612
      vertex 44.2306 31.2 6.43612
    endloop
  endfacet
  facet normal -0.85774 0 0.514084
    outer loop
      vertex 45.3129 31.2 7.23886
      vertex 45.4138 32.4 7.40721
      vertex 45.3129 32.4 7.23886
    endloop
  endfacet
  facet normal -0.85774 0 0.514084
    outer loop
      vertex 45.4138 32.4 7.40721
      vertex 45.3129 31.2 7.23886
      vertex 45.4138 31.2 7.40721
    endloop
  endfacet
  facet normal 0.336879 0 0.941548
    outer loop
      vertex 33.7846 32.4 6.50224
      vertex 33.9694 31.2 6.43612
      vertex 33.9694 32.4 6.43612
    endloop
  endfacet
  facet normal 0.336879 0 0.941548
    outer loop
      vertex 33.9694 31.2 6.43612
      vertex 33.7846 32.4 6.50224
      vertex 33.7846 31.2 6.50224
    endloop
  endfacet
  facet normal 1 -0 0
    outer loop
      vertex 32.55 31.2 11.8
      vertex 32.55 32.4 8.35
      vertex 32.55 32.4 11.8
    endloop
  endfacet
  facet normal 1 0 0
    outer loop
      vertex 32.55 32.4 8.35
      vertex 32.55 31.2 11.8
      vertex 32.55 31.2 8.35
    endloop
  endfacet
  facet normal -0.242967 0 0.970035
    outer loop
      vertex 44.0402 32.4 6.38843
      vertex 44.2306 31.2 6.43612
      vertex 44.2306 32.4 6.43612
    endloop
  endfacet
  facet normal -0.242967 0 0.970035
    outer loop
      vertex 44.2306 31.2 6.43612
      vertex 44.0402 32.4 6.38843
      vertex 44.0402 31.2 6.38843
    endloop
  endfacet
  facet normal 0.85774 -0 0.514084
    outer loop
      vertex 32.7862 31.2 7.40721
      vertex 32.8871 32.4 7.23886
      vertex 32.7862 32.4 7.40721
    endloop
  endfacet
  facet normal 0.85774 0 0.514084
    outer loop
      vertex 32.8871 32.4 7.23886
      vertex 32.7862 31.2 7.40721
      vertex 32.8871 31.2 7.23886
    endloop
  endfacet
  facet normal 0.970019 -0 0.243027
    outer loop
      vertex 32.5884 31.2 7.95982
      vertex 32.6361 32.4 7.76943
      vertex 32.5884 32.4 7.95982
    endloop
  endfacet
  facet normal 0.970019 0 0.243027
    outer loop
      vertex 32.6361 32.4 7.76943
      vertex 32.5884 31.2 7.95982
      vertex 32.6361 31.2 7.76943
    endloop
  endfacet
  facet normal 0.803259 -0 0.59563
    outer loop
      vertex 32.8871 31.2 7.23886
      vertex 33.004 32.4 7.08121
      vertex 32.8871 32.4 7.23886
    endloop
  endfacet
  facet normal 0.803259 0 0.59563
    outer loop
      vertex 33.004 32.4 7.08121
      vertex 32.8871 31.2 7.23886
      vertex 33.004 31.2 7.08121
    endloop
  endfacet
  facet normal -0.427622 0 0.903958
    outer loop
      vertex 44.4154 32.4 6.50224
      vertex 44.5928 31.2 6.58616
      vertex 44.5928 32.4 6.58616
    endloop
  endfacet
  facet normal -0.427622 0 0.903958
    outer loop
      vertex 44.5928 31.2 6.58616
      vertex 44.4154 32.4 6.50224
      vertex 44.4154 31.2 6.50224
    endloop
  endfacet
  facet normal -0.595573 0 0.803301
    outer loop
      vertex 44.7611 32.4 6.68706
      vertex 44.9188 31.2 6.80398
      vertex 44.9188 32.4 6.80398
    endloop
  endfacet
  facet normal -0.595573 0 0.803301
    outer loop
      vertex 44.9188 31.2 6.80398
      vertex 44.7611 32.4 6.68706
      vertex 44.7611 31.2 6.68706
    endloop
  endfacet
  facet normal 0.989176 -0 0.146733
    outer loop
      vertex 32.5596 31.2 8.15397
      vertex 32.5884 32.4 7.95982
      vertex 32.5596 32.4 8.15397
    endloop
  endfacet
  facet normal 0.989176 0 0.146733
    outer loop
      vertex 32.5884 32.4 7.95982
      vertex 32.5596 31.2 8.15397
      vertex 32.5884 31.2 7.95982
    endloop
  endfacet
  facet normal -0.146696 0 0.989182
    outer loop
      vertex 43.846 32.4 6.35963
      vertex 44.0402 31.2 6.38843
      vertex 44.0402 32.4 6.38843
    endloop
  endfacet
  facet normal -0.146696 0 0.989182
    outer loop
      vertex 44.0402 31.2 6.38843
      vertex 43.846 32.4 6.35963
      vertex 43.846 31.2 6.35963
    endloop
  endfacet
  facet normal 0.94158 -0 0.336788
    outer loop
      vertex 32.6361 31.2 7.76943
      vertex 32.7022 32.4 7.58463
      vertex 32.6361 32.4 7.76943
    endloop
  endfacet
  facet normal 0.94158 0 0.336788
    outer loop
      vertex 32.7022 32.4 7.58463
      vertex 32.6361 31.2 7.76943
      vertex 32.7022 31.2 7.58463
    endloop
  endfacet
  facet normal 0.146696 0 0.989182
    outer loop
      vertex 34.1598 32.4 6.38843
      vertex 34.354 31.2 6.35963
      vertex 34.354 32.4 6.35963
    endloop
  endfacet
  facet normal 0.146696 0 0.989182
    outer loop
      vertex 34.354 31.2 6.35963
      vertex 34.1598 32.4 6.38843
      vertex 34.1598 31.2 6.38843
    endloop
  endfacet
  facet normal 0.242967 0 0.970035
    outer loop
      vertex 33.9694 32.4 6.43612
      vertex 34.1598 31.2 6.38843
      vertex 34.1598 32.4 6.38843
    endloop
  endfacet
  facet normal 0.242967 0 0.970035
    outer loop
      vertex 34.1598 31.2 6.38843
      vertex 33.9694 32.4 6.43612
      vertex 33.9694 31.2 6.43612
    endloop
  endfacet
  facet normal -0.989176 0 0.146733
    outer loop
      vertex 45.6116 31.2 7.95982
      vertex 45.6404 32.4 8.15397
      vertex 45.6116 32.4 7.95982
    endloop
  endfacet
  facet normal -0.989176 0 0.146733
    outer loop
      vertex 45.6404 32.4 8.15397
      vertex 45.6116 31.2 7.95982
      vertex 45.6404 31.2 8.15397
    endloop
  endfacet
  facet normal -0.903819 0 0.427916
    outer loop
      vertex 45.4138 31.2 7.40721
      vertex 45.4978 32.4 7.58463
      vertex 45.4138 32.4 7.40721
    endloop
  endfacet
  facet normal -0.903819 0 0.427916
    outer loop
      vertex 45.4978 32.4 7.58463
      vertex 45.4138 31.2 7.40721
      vertex 45.4978 31.2 7.58463
    endloop
  endfacet
  facet normal -0.94158 0 0.336788
    outer loop
      vertex 45.4978 31.2 7.58463
      vertex 45.5639 32.4 7.76943
      vertex 45.4978 32.4 7.58463
    endloop
  endfacet
  facet normal -0.94158 0 0.336788
    outer loop
      vertex 45.5639 32.4 7.76943
      vertex 45.4978 31.2 7.58463
      vertex 45.5639 31.2 7.76943
    endloop
  endfacet
  facet normal -0.970019 0 0.243027
    outer loop
      vertex 45.5639 31.2 7.76943
      vertex 45.6116 32.4 7.95982
      vertex 45.5639 32.4 7.76943
    endloop
  endfacet
  facet normal -0.970019 0 0.243027
    outer loop
      vertex 45.6116 32.4 7.95982
      vertex 45.5639 31.2 7.76943
      vertex 45.6116 31.2 7.95982
    endloop
  endfacet
  facet normal 0.740954 -0 0.671556
    outer loop
      vertex 33.004 31.2 7.08121
      vertex 33.1358 32.4 6.93579
      vertex 33.004 32.4 7.08121
    endloop
  endfacet
  facet normal 0.740954 0 0.671556
    outer loop
      vertex 33.1358 32.4 6.93579
      vertex 33.004 31.2 7.08121
      vertex 33.1358 31.2 6.93579
    endloop
  endfacet
  facet normal 0.671635 0 0.740882
    outer loop
      vertex 33.1358 32.4 6.93579
      vertex 33.2812 31.2 6.80398
      vertex 33.2812 32.4 6.80398
    endloop
  endfacet
  facet normal 0.671635 0 0.740882
    outer loop
      vertex 33.2812 31.2 6.80398
      vertex 33.1358 32.4 6.93579
      vertex 33.1358 31.2 6.93579
    endloop
  endfacet
  facet normal 0 1 0
    outer loop
      vertex 45.65 31.2 11.8
      vertex 44.4 31.2 9
      vertex 44.4 31.2 11.8
    endloop
  endfacet
  facet normal 0 1 -0
    outer loop
      vertex 45.65 31.2 8.35
      vertex 44.4 31.2 9
      vertex 45.65 31.2 11.8
    endloop
  endfacet
  facet normal 0 1 0
    outer loop
      vertex 44.4 31.2 9
      vertex 45.65 31.2 8.35
      vertex 44.3952 31.2 8.90198
    endloop
  endfacet
  facet normal 0 1 0
    outer loop
      vertex 44.3952 31.2 8.90198
      vertex 45.65 31.2 8.35
      vertex 44.3808 31.2 8.80491
    endloop
  endfacet
  facet normal 0 1 0
    outer loop
      vertex 44.3808 31.2 8.80491
      vertex 45.65 31.2 8.35
      vertex 44.3569 31.2 8.70972
    endloop
  endfacet
  facet normal 0 1 0
    outer loop
      vertex 44.3569 31.2 8.70972
      vertex 45.65 31.2 8.35
      vertex 44.3239 31.2 8.61732
    endloop
  endfacet
  facet normal 0 1 -0
    outer loop
      vertex 45.6404 31.2 8.15397
      vertex 44.3239 31.2 8.61732
      vertex 45.65 31.2 8.35
    endloop
  endfacet
  facet normal 0 1 0
    outer loop
      vertex 44.3239 31.2 8.61732
      vertex 45.6404 31.2 8.15397
      vertex 44.2819 31.2 8.5286
    endloop
  endfacet
  facet normal 0 1 -0
    outer loop
      vertex 45.6116 31.2 7.95982
      vertex 44.2819 31.2 8.5286
      vertex 45.6404 31.2 8.15397
    endloop
  endfacet
  facet normal 0 1 0
    outer loop
      vertex 44.2819 31.2 8.5286
      vertex 45.6116 31.2 7.95982
      vertex 44.2315 31.2 8.44443
    endloop
  endfacet
  facet normal 0 1 -0
    outer loop
      vertex 45.5639 31.2 7.76943
      vertex 44.2315 31.2 8.44443
      vertex 45.6116 31.2 7.95982
    endloop
  endfacet
  facet normal 0 1 0
    outer loop
      vertex 44.2315 31.2 8.44443
      vertex 45.5639 31.2 7.76943
      vertex 44.173 31.2 8.36561
    endloop
  endfacet
  facet normal 0 1 -0
    outer loop
      vertex 45.4978 31.2 7.58463
      vertex 44.173 31.2 8.36561
      vertex 45.5639 31.2 7.76943
    endloop
  endfacet
  facet normal 0 1 -0
    outer loop
      vertex 45.4138 31.2 7.40721
      vertex 44.173 31.2 8.36561
      vertex 45.4978 31.2 7.58463
    endloop
  endfacet
  facet normal 0 1 0
    outer loop
      vertex 44.173 31.2 8.36561
      vertex 45.4138 31.2 7.40721
      vertex 44.1071 31.2 8.29289
    endloop
  endfacet
  facet normal 0 1 -0
    outer loop
      vertex 45.3129 31.2 7.23886
      vertex 44.1071 31.2 8.29289
      vertex 45.4138 31.2 7.40721
    endloop
  endfacet
  facet normal 0 1 0
    outer loop
      vertex 44.1071 31.2 8.29289
      vertex 45.3129 31.2 7.23886
      vertex 44.0344 31.2 8.22699
    endloop
  endfacet
  facet normal 0 1 -0
    outer loop
      vertex 45.196 31.2 7.08121
      vertex 44.0344 31.2 8.22699
      vertex 45.3129 31.2 7.23886
    endloop
  endfacet
  facet normal 0 1 -0
    outer loop
      vertex 44.9188 31.2 6.80398
      vertex 43.9556 31.2 8.16853
      vertex 45.0642 31.2 6.93579
    endloop
  endfacet
  facet normal 0 1 0
    outer loop
      vertex 44.0344 31.2 8.22699
      vertex 45.0642 31.2 6.93579
      vertex 43.9556 31.2 8.16853
    endloop
  endfacet
  facet normal 0 1 -0
    outer loop
      vertex 45.0642 31.2 6.93579
      vertex 44.0344 31.2 8.22699
      vertex 45.196 31.2 7.08121
    endloop
  endfacet
  facet normal 0 1 -0
    outer loop
      vertex 33.8 31.2 9
      vertex 32.55 31.2 11.8
      vertex 33.8 31.2 11.8
    endloop
  endfacet
  facet normal 0 1 0
    outer loop
      vertex 32.55 31.2 8.35
      vertex 33.8 31.2 9
      vertex 33.8048 31.2 8.90198
    endloop
  endfacet
  facet normal 0 1 0
    outer loop
      vertex 32.55 31.2 8.35
      vertex 33.8048 31.2 8.90198
      vertex 33.8192 31.2 8.80491
    endloop
  endfacet
  facet normal 0 1 0
    outer loop
      vertex 32.55 31.2 8.35
      vertex 33.8192 31.2 8.80491
      vertex 33.8431 31.2 8.70972
    endloop
  endfacet
  facet normal 0 1 0
    outer loop
      vertex 32.55 31.2 8.35
      vertex 33.8431 31.2 8.70972
      vertex 33.8761 31.2 8.61732
    endloop
  endfacet
  facet normal 0 1 0
    outer loop
      vertex 33.8 31.2 9
      vertex 32.55 31.2 8.35
      vertex 32.55 31.2 11.8
    endloop
  endfacet
  facet normal 0 1 0
    outer loop
      vertex 32.5596 31.2 8.15397
      vertex 33.8761 31.2 8.61732
      vertex 33.9181 31.2 8.5286
    endloop
  endfacet
  facet normal 0 1 0
    outer loop
      vertex 32.5884 31.2 7.95982
      vertex 33.9181 31.2 8.5286
      vertex 33.9685 31.2 8.44443
    endloop
  endfacet
  facet normal 0 1 0
    outer loop
      vertex 32.6361 31.2 7.76943
      vertex 33.9685 31.2 8.44443
      vertex 34.027 31.2 8.36561
    endloop
  endfacet
  facet normal 0 1 0
    outer loop
      vertex 32.7862 31.2 7.40721
      vertex 34.027 31.2 8.36561
      vertex 34.0929 31.2 8.29289
    endloop
  endfacet
  facet normal 0 1 0
    outer loop
      vertex 32.8871 31.2 7.23886
      vertex 34.0929 31.2 8.29289
      vertex 34.1656 31.2 8.22699
    endloop
  endfacet
  facet normal 0 1 0
    outer loop
      vertex 33.1358 31.2 6.93579
      vertex 34.1656 31.2 8.22699
      vertex 34.2444 31.2 8.16853
    endloop
  endfacet
  facet normal 0 1 0
    outer loop
      vertex 33.8761 31.2 8.61732
      vertex 32.5596 31.2 8.15397
      vertex 32.55 31.2 8.35
    endloop
  endfacet
  facet normal 0 1 0
    outer loop
      vertex 33.2812 31.2 6.80398
      vertex 34.2444 31.2 8.16853
      vertex 34.3286 31.2 8.11808
    endloop
  endfacet
  facet normal 0 1 0
    outer loop
      vertex 33.6072 31.2 6.58616
      vertex 34.3286 31.2 8.11808
      vertex 34.4173 31.2 8.07612
    endloop
  endfacet
  facet normal 0 1 0
    outer loop
      vertex 33.9694 31.2 6.43612
      vertex 34.4173 31.2 8.07612
      vertex 34.5097 31.2 8.04306
    endloop
  endfacet
  facet normal 0 1 0
    outer loop
      vertex 34.1598 31.2 6.38843
      vertex 34.5097 31.2 8.04306
      vertex 34.6049 31.2 8.01922
    endloop
  endfacet
  facet normal 0 1 0
    outer loop
      vertex 34.55 31.2 6.35
      vertex 34.6049 31.2 8.01922
      vertex 34.702 31.2 8.00482
    endloop
  endfacet
  facet normal 0 1 0
    outer loop
      vertex 33.9181 31.2 8.5286
      vertex 32.5884 31.2 7.95982
      vertex 32.5596 31.2 8.15397
    endloop
  endfacet
  facet normal 0 1 0
    outer loop
      vertex 34.55 31.2 6.35
      vertex 34.702 31.2 8.00482
      vertex 34.8 31.2 8
    endloop
  endfacet
  facet normal 0 1 0
    outer loop
      vertex 43.4 31.2 8
      vertex 43.65 31.2 6.35
      vertex 34.8 31.2 8
    endloop
  endfacet
  facet normal 0 1 0
    outer loop
      vertex 43.9556 31.2 8.16853
      vertex 44.9188 31.2 6.80398
      vertex 43.8714 31.2 8.11808
    endloop
  endfacet
  facet normal 0 1 0
    outer loop
      vertex 34.55 31.2 6.35
      vertex 34.8 31.2 8
      vertex 43.65 31.2 6.35
    endloop
  endfacet
  facet normal 0 1 -0
    outer loop
      vertex 44.7611 31.2 6.68706
      vertex 43.8714 31.2 8.11808
      vertex 44.9188 31.2 6.80398
    endloop
  endfacet
  facet normal 0 1 0
    outer loop
      vertex 34.6049 31.2 8.01922
      vertex 34.55 31.2 6.35
      vertex 34.354 31.2 6.35963
    endloop
  endfacet
  facet normal 0 1 -0
    outer loop
      vertex 44.5928 31.2 6.58616
      vertex 43.8714 31.2 8.11808
      vertex 44.7611 31.2 6.68706
    endloop
  endfacet
  facet normal 0 1 0
    outer loop
      vertex 33.9685 31.2 8.44443
      vertex 32.6361 31.2 7.76943
      vertex 32.5884 31.2 7.95982
    endloop
  endfacet
  facet normal 0 1 0
    outer loop
      vertex 43.8714 31.2 8.11808
      vertex 44.5928 31.2 6.58616
      vertex 43.7827 31.2 8.07612
    endloop
  endfacet
  facet normal 0 1 0
    outer loop
      vertex 34.027 31.2 8.36561
      vertex 32.7022 31.2 7.58463
      vertex 32.6361 31.2 7.76943
    endloop
  endfacet
  facet normal 0 1 -0
    outer loop
      vertex 44.4154 31.2 6.50224
      vertex 43.7827 31.2 8.07612
      vertex 44.5928 31.2 6.58616
    endloop
  endfacet
  facet normal 0 1 0
    outer loop
      vertex 34.027 31.2 8.36561
      vertex 32.7862 31.2 7.40721
      vertex 32.7022 31.2 7.58463
    endloop
  endfacet
  facet normal 0 1 -0
    outer loop
      vertex 44.2306 31.2 6.43612
      vertex 43.7827 31.2 8.07612
      vertex 44.4154 31.2 6.50224
    endloop
  endfacet
  facet normal 0 1 0
    outer loop
      vertex 34.0929 31.2 8.29289
      vertex 32.8871 31.2 7.23886
      vertex 32.7862 31.2 7.40721
    endloop
  endfacet
  facet normal 0 1 0
    outer loop
      vertex 43.7827 31.2 8.07612
      vertex 44.2306 31.2 6.43612
      vertex 43.6903 31.2 8.04306
    endloop
  endfacet
  facet normal 0 1 0
    outer loop
      vertex 34.1656 31.2 8.22699
      vertex 33.004 31.2 7.08121
      vertex 32.8871 31.2 7.23886
    endloop
  endfacet
  facet normal 0 1 -0
    outer loop
      vertex 44.0402 31.2 6.38843
      vertex 43.6903 31.2 8.04306
      vertex 44.2306 31.2 6.43612
    endloop
  endfacet
  facet normal 0 1 0
    outer loop
      vertex 34.1656 31.2 8.22699
      vertex 33.1358 31.2 6.93579
      vertex 33.004 31.2 7.08121
    endloop
  endfacet
  facet normal 0 1 0
    outer loop
      vertex 43.6903 31.2 8.04306
      vertex 44.0402 31.2 6.38843
      vertex 43.5951 31.2 8.01922
    endloop
  endfacet
  facet normal 0 1 0
    outer loop
      vertex 34.2444 31.2 8.16853
      vertex 33.2812 31.2 6.80398
      vertex 33.1358 31.2 6.93579
    endloop
  endfacet
  facet normal 0 1 -0
    outer loop
      vertex 43.846 31.2 6.35963
      vertex 43.5951 31.2 8.01922
      vertex 44.0402 31.2 6.38843
    endloop
  endfacet
  facet normal 0 1 0
    outer loop
      vertex 34.3286 31.2 8.11808
      vertex 33.4389 31.2 6.68706
      vertex 33.2812 31.2 6.80398
    endloop
  endfacet
  facet normal 0 1 -0
    outer loop
      vertex 43.65 31.2 6.35
      vertex 43.5951 31.2 8.01922
      vertex 43.846 31.2 6.35963
    endloop
  endfacet
  facet normal 0 1 0
    outer loop
      vertex 34.3286 31.2 8.11808
      vertex 33.6072 31.2 6.58616
      vertex 33.4389 31.2 6.68706
    endloop
  endfacet
  facet normal 0 1 0
    outer loop
      vertex 43.5951 31.2 8.01922
      vertex 43.65 31.2 6.35
      vertex 43.498 31.2 8.00482
    endloop
  endfacet
  facet normal 0 1 0
    outer loop
      vertex 34.4173 31.2 8.07612
      vertex 33.7846 31.2 6.50224
      vertex 33.6072 31.2 6.58616
    endloop
  endfacet
  facet normal 0 1 0
    outer loop
      vertex 43.498 31.2 8.00482
      vertex 43.65 31.2 6.35
      vertex 43.4 31.2 8
    endloop
  endfacet
  facet normal 0 1 0
    outer loop
      vertex 34.4173 31.2 8.07612
      vertex 33.9694 31.2 6.43612
      vertex 33.7846 31.2 6.50224
    endloop
  endfacet
  facet normal 0 1 0
    outer loop
      vertex 34.5097 31.2 8.04306
      vertex 34.1598 31.2 6.38843
      vertex 33.9694 31.2 6.43612
    endloop
  endfacet
  facet normal 0 1 0
    outer loop
      vertex 34.6049 31.2 8.01922
      vertex 34.354 31.2 6.35963
      vertex 34.1598 31.2 6.38843
    endloop
  endfacet
  facet normal -0.740954 0 0.671556
    outer loop
      vertex 45.0642 31.2 6.93579
      vertex 45.196 32.4 7.08121
      vertex 45.0642 32.4 6.93579
    endloop
  endfacet
  facet normal -0.740954 0 0.671556
    outer loop
      vertex 45.196 32.4 7.08121
      vertex 45.0642 31.2 6.93579
      vertex 45.196 31.2 7.08121
    endloop
  endfacet
  facet normal -0.803259 0 0.59563
    outer loop
      vertex 45.196 31.2 7.08121
      vertex 45.3129 32.4 7.23886
      vertex 45.196 32.4 7.08121
    endloop
  endfacet
  facet normal -0.803259 0 0.59563
    outer loop
      vertex 45.3129 32.4 7.23886
      vertex 45.196 31.2 7.08121
      vertex 45.3129 31.2 7.23886
    endloop
  endfacet
  facet normal -1 0 0
    outer loop
      vertex 58.9 30.4 9
      vertex 58.9 31.2 11.8
      vertex 58.9 31.2 9
    endloop
  endfacet
  facet normal -1 -0 0
    outer loop
      vertex 58.9 31.2 11.8
      vertex 58.9 30.4 9
      vertex 58.9 30.4 11.8
    endloop
  endfacet
  facet normal -0.941742 0 0.336336
    outer loop
      vertex 58.8239 30.4 8.61732
      vertex 58.8569 31.2 8.70972
      vertex 58.8239 31.2 8.61732
    endloop
  endfacet
  facet normal -0.941742 0 0.336336
    outer loop
      vertex 58.8569 31.2 8.70972
      vertex 58.8239 30.4 8.61732
      vertex 58.8569 30.4 8.70972
    endloop
  endfacet
  facet normal 0.146696 0 0.989182
    outer loop
      vertex 49.1049 31.2 8.01922
      vertex 49.202 30.4 8.00482
      vertex 49.202 31.2 8.00482
    endloop
  endfacet
  facet normal 0.146696 0 0.989182
    outer loop
      vertex 49.202 30.4 8.00482
      vertex 49.1049 31.2 8.01922
      vertex 49.1049 30.4 8.01922
    endloop
  endfacet
  facet normal 1 -0 0
    outer loop
      vertex 48.3 30.4 11.8
      vertex 48.3 31.2 9
      vertex 48.3 31.2 11.8
    endloop
  endfacet
  facet normal 1 0 0
    outer loop
      vertex 48.3 31.2 9
      vertex 48.3 30.4 11.8
      vertex 48.3 30.4 9
    endloop
  endfacet
  facet normal 0.989175 -0 0.146741
    outer loop
      vertex 48.3048 30.4 8.90198
      vertex 48.3192 31.2 8.80491
      vertex 48.3048 31.2 8.90198
    endloop
  endfacet
  facet normal 0.989175 0 0.146741
    outer loop
      vertex 48.3192 31.2 8.80491
      vertex 48.3048 30.4 8.90198
      vertex 48.3192 30.4 8.80491
    endloop
  endfacet
  facet normal -0 0 1
    outer loop
      vertex 49.3 31.2 8
      vertex 57.9 30.4 8
      vertex 57.9 31.2 8
    endloop
  endfacet
  facet normal 0 0 1
    outer loop
      vertex 57.9 30.4 8
      vertex 49.3 31.2 8
      vertex 49.3 30.4 8
    endloop
  endfacet
  facet normal 0.671607 0 0.740908
    outer loop
      vertex 48.5929 31.2 8.29289
      vertex 48.6656 30.4 8.22699
      vertex 48.6656 31.2 8.22699
    endloop
  endfacet
  facet normal 0.671607 0 0.740908
    outer loop
      vertex 48.6656 30.4 8.22699
      vertex 48.5929 31.2 8.29289
      vertex 48.5929 30.4 8.29289
    endloop
  endfacet
  facet normal -0.741 0 0.671505
    outer loop
      vertex 58.6071 30.4 8.29289
      vertex 58.673 31.2 8.36561
      vertex 58.6071 31.2 8.29289
    endloop
  endfacet
  facet normal -0.741 0 0.671505
    outer loop
      vertex 58.673 31.2 8.36561
      vertex 58.6071 30.4 8.29289
      vertex 58.673 30.4 8.36561
    endloop
  endfacet
  facet normal 0.903837 -0 0.427876
    outer loop
      vertex 48.3761 30.4 8.61732
      vertex 48.4181 31.2 8.5286
      vertex 48.3761 31.2 8.61732
    endloop
  endfacet
  facet normal 0.903837 0 0.427876
    outer loop
      vertex 48.4181 31.2 8.5286
      vertex 48.3761 30.4 8.61732
      vertex 48.4181 30.4 8.5286
    endloop
  endfacet
  facet normal -0.903837 0 0.427876
    outer loop
      vertex 58.7819 30.4 8.5286
      vertex 58.8239 31.2 8.61732
      vertex 58.7819 31.2 8.5286
    endloop
  endfacet
  facet normal -0.903837 0 0.427876
    outer loop
      vertex 58.8239 31.2 8.61732
      vertex 58.7819 30.4 8.5286
      vertex 58.8239 30.4 8.61732
    endloop
  endfacet
  facet normal 0.941742 -0 0.336336
    outer loop
      vertex 48.3431 30.4 8.70972
      vertex 48.3761 31.2 8.61732
      vertex 48.3431 31.2 8.70972
    endloop
  endfacet
  facet normal 0.941742 0 0.336336
    outer loop
      vertex 48.3761 31.2 8.61732
      vertex 48.3431 30.4 8.70972
      vertex 48.3761 30.4 8.61732
    endloop
  endfacet
  facet normal -0.513971 0 0.857807
    outer loop
      vertex 58.3714 31.2 8.11808
      vertex 58.4556 30.4 8.16853
      vertex 58.4556 31.2 8.16853
    endloop
  endfacet
  facet normal -0.513971 0 0.857807
    outer loop
      vertex 58.4556 30.4 8.16853
      vertex 58.3714 31.2 8.11808
      vertex 58.3714 30.4 8.11808
    endloop
  endfacet
  facet normal -0.595817 0 0.80312
    outer loop
      vertex 58.4556 31.2 8.16853
      vertex 58.5344 30.4 8.22699
      vertex 58.5344 31.2 8.22699
    endloop
  endfacet
  facet normal -0.595817 0 0.80312
    outer loop
      vertex 58.5344 30.4 8.22699
      vertex 58.4556 31.2 8.16853
      vertex 58.4556 30.4 8.16853
    endloop
  endfacet
  facet normal -0.671607 0 0.740908
    outer loop
      vertex 58.5344 31.2 8.22699
      vertex 58.6071 30.4 8.29289
      vertex 58.6071 31.2 8.29289
    endloop
  endfacet
  facet normal -0.671607 0 0.740908
    outer loop
      vertex 58.6071 30.4 8.29289
      vertex 58.5344 31.2 8.22699
      vertex 58.5344 30.4 8.22699
    endloop
  endfacet
  facet normal -0.427622 0 0.903958
    outer loop
      vertex 58.2827 31.2 8.07612
      vertex 58.3714 30.4 8.11808
      vertex 58.3714 31.2 8.11808
    endloop
  endfacet
  facet normal -0.427622 0 0.903958
    outer loop
      vertex 58.3714 30.4 8.11808
      vertex 58.2827 31.2 8.07612
      vertex 58.2827 30.4 8.07612
    endloop
  endfacet
  facet normal 0.595817 0 0.80312
    outer loop
      vertex 48.6656 31.2 8.22699
      vertex 48.7444 30.4 8.16853
      vertex 48.7444 31.2 8.16853
    endloop
  endfacet
  facet normal 0.595817 0 0.80312
    outer loop
      vertex 48.7444 30.4 8.16853
      vertex 48.6656 31.2 8.22699
      vertex 48.6656 30.4 8.22699
    endloop
  endfacet
  facet normal -0.989175 0 0.146741
    outer loop
      vertex 58.8808 30.4 8.80491
      vertex 58.8952 31.2 8.90198
      vertex 58.8808 31.2 8.80491
    endloop
  endfacet
  facet normal -0.989175 0 0.146741
    outer loop
      vertex 58.8952 31.2 8.90198
      vertex 58.8808 30.4 8.80491
      vertex 58.8952 30.4 8.90198
    endloop
  endfacet
  facet normal -0.998803 0 0.048911
    outer loop
      vertex 58.8952 30.4 8.90198
      vertex 58.9 31.2 9
      vertex 58.8952 31.2 8.90198
    endloop
  endfacet
  facet normal -0.998803 0 0.048911
    outer loop
      vertex 58.9 31.2 9
      vertex 58.8952 30.4 8.90198
      vertex 58.9 30.4 9
    endloop
  endfacet
  facet normal 0.0491243 0 0.998793
    outer loop
      vertex 49.202 31.2 8.00482
      vertex 49.3 30.4 8
      vertex 49.3 31.2 8
    endloop
  endfacet
  facet normal 0.0491243 0 0.998793
    outer loop
      vertex 49.3 30.4 8
      vertex 49.202 31.2 8.00482
      vertex 49.202 30.4 8.00482
    endloop
  endfacet
  facet normal 0.969896 -0 0.243518
    outer loop
      vertex 48.3192 30.4 8.80491
      vertex 48.3431 31.2 8.70972
      vertex 48.3192 31.2 8.80491
    endloop
  endfacet
  facet normal 0.969896 0 0.243518
    outer loop
      vertex 48.3431 31.2 8.70972
      vertex 48.3192 30.4 8.80491
      vertex 48.3431 30.4 8.70972
    endloop
  endfacet
  facet normal 0.802997 -0 0.595983
    outer loop
      vertex 48.4685 30.4 8.44443
      vertex 48.527 31.2 8.36561
      vertex 48.4685 31.2 8.44443
    endloop
  endfacet
  facet normal 0.802997 0 0.595983
    outer loop
      vertex 48.527 31.2 8.36561
      vertex 48.4685 30.4 8.44443
      vertex 48.527 30.4 8.36561
    endloop
  endfacet
  facet normal -0.802997 0 0.595983
    outer loop
      vertex 58.673 30.4 8.36561
      vertex 58.7315 31.2 8.44443
      vertex 58.673 31.2 8.36561
    endloop
  endfacet
  facet normal -0.802997 0 0.595983
    outer loop
      vertex 58.7315 31.2 8.44443
      vertex 58.673 30.4 8.36561
      vertex 58.7315 30.4 8.44443
    endloop
  endfacet
  facet normal 0.998803 -0 0.048911
    outer loop
      vertex 48.3 30.4 9
      vertex 48.3048 31.2 8.90198
      vertex 48.3 31.2 9
    endloop
  endfacet
  facet normal 0.998803 0 0.048911
    outer loop
      vertex 48.3048 31.2 8.90198
      vertex 48.3 30.4 9
      vertex 48.3048 30.4 8.90198
    endloop
  endfacet
  facet normal 0.741 -0 0.671505
    outer loop
      vertex 48.527 30.4 8.36561
      vertex 48.5929 31.2 8.29289
      vertex 48.527 31.2 8.36561
    endloop
  endfacet
  facet normal 0.741 0 0.671505
    outer loop
      vertex 48.5929 31.2 8.29289
      vertex 48.527 30.4 8.36561
      vertex 48.5929 30.4 8.29289
    endloop
  endfacet
  facet normal 0.242919 0 0.970047
    outer loop
      vertex 49.0097 31.2 8.04306
      vertex 49.1049 30.4 8.01922
      vertex 49.1049 31.2 8.01922
    endloop
  endfacet
  facet normal 0.242919 0 0.970047
    outer loop
      vertex 49.1049 30.4 8.01922
      vertex 49.0097 31.2 8.04306
      vertex 49.0097 30.4 8.04306
    endloop
  endfacet
  facet normal -0.336879 0 0.941548
    outer loop
      vertex 58.1903 31.2 8.04306
      vertex 58.2827 30.4 8.07612
      vertex 58.2827 31.2 8.07612
    endloop
  endfacet
  facet normal -0.336879 0 0.941548
    outer loop
      vertex 58.2827 30.4 8.07612
      vertex 58.1903 31.2 8.04306
      vertex 58.1903 30.4 8.04306
    endloop
  endfacet
  facet normal 0.513971 0 0.857807
    outer loop
      vertex 48.7444 31.2 8.16853
      vertex 48.8286 30.4 8.11808
      vertex 48.8286 31.2 8.11808
    endloop
  endfacet
  facet normal 0.513971 0 0.857807
    outer loop
      vertex 48.8286 30.4 8.11808
      vertex 48.7444 31.2 8.16853
      vertex 48.7444 30.4 8.16853
    endloop
  endfacet
  facet normal 0.427622 0 0.903958
    outer loop
      vertex 48.8286 31.2 8.11808
      vertex 48.9173 30.4 8.07612
      vertex 48.9173 31.2 8.07612
    endloop
  endfacet
  facet normal 0.427622 0 0.903958
    outer loop
      vertex 48.9173 30.4 8.07612
      vertex 48.8286 31.2 8.11808
      vertex 48.8286 30.4 8.11808
    endloop
  endfacet
  facet normal 0.857951 -0 0.513731
    outer loop
      vertex 48.4181 30.4 8.5286
      vertex 48.4685 31.2 8.44443
      vertex 48.4181 31.2 8.5286
    endloop
  endfacet
  facet normal 0.857951 0 0.513731
    outer loop
      vertex 48.4685 31.2 8.44443
      vertex 48.4181 30.4 8.5286
      vertex 48.4685 30.4 8.44443
    endloop
  endfacet
  facet normal -0.857951 0 0.513731
    outer loop
      vertex 58.7315 30.4 8.44443
      vertex 58.7819 31.2 8.5286
      vertex 58.7315 31.2 8.44443
    endloop
  endfacet
  facet normal -0.857951 0 0.513731
    outer loop
      vertex 58.7819 31.2 8.5286
      vertex 58.7315 30.4 8.44443
      vertex 58.7819 30.4 8.5286
    endloop
  endfacet
  facet normal -0.242919 0 0.970047
    outer loop
      vertex 58.0951 31.2 8.01922
      vertex 58.1903 30.4 8.04306
      vertex 58.1903 31.2 8.04306
    endloop
  endfacet
  facet normal -0.242919 0 0.970047
    outer loop
      vertex 58.1903 30.4 8.04306
      vertex 58.0951 31.2 8.01922
      vertex 58.0951 30.4 8.01922
    endloop
  endfacet
  facet normal -0.969896 0 0.243518
    outer loop
      vertex 58.8569 30.4 8.70972
      vertex 58.8808 31.2 8.80491
      vertex 58.8569 31.2 8.70972
    endloop
  endfacet
  facet normal -0.969896 0 0.243518
    outer loop
      vertex 58.8808 31.2 8.80491
      vertex 58.8569 30.4 8.70972
      vertex 58.8808 30.4 8.80491
    endloop
  endfacet
  facet normal -0.0491243 0 0.998793
    outer loop
      vertex 57.9 31.2 8
      vertex 57.998 30.4 8.00482
      vertex 57.998 31.2 8.00482
    endloop
  endfacet
  facet normal -0.0491243 0 0.998793
    outer loop
      vertex 57.998 30.4 8.00482
      vertex 57.9 31.2 8
      vertex 57.9 30.4 8
    endloop
  endfacet
  facet normal 0.336879 0 0.941548
    outer loop
      vertex 48.9173 31.2 8.07612
      vertex 49.0097 30.4 8.04306
      vertex 49.0097 31.2 8.04306
    endloop
  endfacet
  facet normal 0.336879 0 0.941548
    outer loop
      vertex 49.0097 30.4 8.04306
      vertex 48.9173 31.2 8.07612
      vertex 48.9173 30.4 8.07612
    endloop
  endfacet
  facet normal -0.146696 0 0.989182
    outer loop
      vertex 57.998 31.2 8.00482
      vertex 58.0951 30.4 8.01922
      vertex 58.0951 31.2 8.01922
    endloop
  endfacet
  facet normal -0.146696 0 0.989182
    outer loop
      vertex 58.0951 30.4 8.01922
      vertex 57.998 31.2 8.00482
      vertex 57.998 30.4 8.00482
    endloop
  endfacet
  facet normal 1 -0 0
    outer loop
      vertex 47.05 31.2 11.8
      vertex 47.05 32.4 8.35
      vertex 47.05 32.4 11.8
    endloop
  endfacet
  facet normal 1 0 0
    outer loop
      vertex 47.05 32.4 8.35
      vertex 47.05 31.2 11.8
      vertex 47.05 31.2 8.35
    endloop
  endfacet
  facet normal -1 0 0
    outer loop
      vertex 60.15 31.2 8.35
      vertex 60.15 32.4 11.8
      vertex 60.15 32.4 8.35
    endloop
  endfacet
  facet normal -1 -0 0
    outer loop
      vertex 60.15 32.4 11.8
      vertex 60.15 31.2 8.35
      vertex 60.15 31.2 11.8
    endloop
  endfacet
  facet normal 0.970019 -0 0.243027
    outer loop
      vertex 47.0884 31.2 7.95982
      vertex 47.1361 32.4 7.76943
      vertex 47.0884 32.4 7.95982
    endloop
  endfacet
  facet normal 0.970019 0 0.243027
    outer loop
      vertex 47.1361 32.4 7.76943
      vertex 47.0884 31.2 7.95982
      vertex 47.1361 31.2 7.76943
    endloop
  endfacet
  facet normal 0.998803 -0 0.0489135
    outer loop
      vertex 47.05 31.2 8.35
      vertex 47.0596 32.4 8.15397
      vertex 47.05 32.4 8.35
    endloop
  endfacet
  facet normal 0.998803 0 0.0489135
    outer loop
      vertex 47.0596 32.4 8.15397
      vertex 47.05 31.2 8.35
      vertex 47.0596 31.2 8.15397
    endloop
  endfacet
  facet normal -0.0490735 0 0.998795
    outer loop
      vertex 58.15 32.4 6.35
      vertex 58.346 31.2 6.35963
      vertex 58.346 32.4 6.35963
    endloop
  endfacet
  facet normal -0.0490735 0 0.998795
    outer loop
      vertex 58.346 31.2 6.35963
      vertex 58.15 32.4 6.35
      vertex 58.15 31.2 6.35
    endloop
  endfacet
  facet normal 0.803259 -0 0.59563
    outer loop
      vertex 47.3871 31.2 7.23886
      vertex 47.504 32.4 7.08121
      vertex 47.3871 32.4 7.23886
    endloop
  endfacet
  facet normal 0.803259 0 0.59563
    outer loop
      vertex 47.504 32.4 7.08121
      vertex 47.3871 31.2 7.23886
      vertex 47.504 31.2 7.08121
    endloop
  endfacet
  facet normal -0.998803 0 0.0489135
    outer loop
      vertex 60.1404 31.2 8.15397
      vertex 60.15 32.4 8.35
      vertex 60.1404 32.4 8.15397
    endloop
  endfacet
  facet normal -0.998803 0 0.0489135
    outer loop
      vertex 60.15 32.4 8.35
      vertex 60.1404 31.2 8.15397
      vertex 60.15 31.2 8.35
    endloop
  endfacet
  facet normal 0.242967 0 0.970035
    outer loop
      vertex 48.4694 32.4 6.43612
      vertex 48.6598 31.2 6.38843
      vertex 48.6598 32.4 6.38843
    endloop
  endfacet
  facet normal 0.242967 0 0.970035
    outer loop
      vertex 48.6598 31.2 6.38843
      vertex 48.4694 32.4 6.43612
      vertex 48.4694 31.2 6.43612
    endloop
  endfacet
  facet normal 0.94158 -0 0.336788
    outer loop
      vertex 47.1361 31.2 7.76943
      vertex 47.2022 32.4 7.58463
      vertex 47.1361 32.4 7.76943
    endloop
  endfacet
  facet normal 0.94158 0 0.336788
    outer loop
      vertex 47.2022 32.4 7.58463
      vertex 47.1361 31.2 7.76943
      vertex 47.2022 31.2 7.58463
    endloop
  endfacet
  facet normal 0.0490735 0 0.998795
    outer loop
      vertex 48.854 32.4 6.35963
      vertex 49.05 31.2 6.35
      vertex 49.05 32.4 6.35
    endloop
  endfacet
  facet normal 0.0490735 0 0.998795
    outer loop
      vertex 49.05 31.2 6.35
      vertex 48.854 32.4 6.35963
      vertex 48.854 31.2 6.35963
    endloop
  endfacet
  facet normal 0.989176 -0 0.146733
    outer loop
      vertex 47.0596 31.2 8.15397
      vertex 47.0884 32.4 7.95982
      vertex 47.0596 32.4 8.15397
    endloop
  endfacet
  facet normal 0.989176 0 0.146733
    outer loop
      vertex 47.0884 32.4 7.95982
      vertex 47.0596 31.2 8.15397
      vertex 47.0884 31.2 7.95982
    endloop
  endfacet
  facet normal 0.427622 0 0.903958
    outer loop
      vertex 48.1072 32.4 6.58616
      vertex 48.2846 31.2 6.50224
      vertex 48.2846 32.4 6.50224
    endloop
  endfacet
  facet normal 0.427622 0 0.903958
    outer loop
      vertex 48.2846 31.2 6.50224
      vertex 48.1072 32.4 6.58616
      vertex 48.1072 31.2 6.58616
    endloop
  endfacet
  facet normal -0 0 1
    outer loop
      vertex 49.05 32.4 6.35
      vertex 58.15 31.2 6.35
      vertex 58.15 32.4 6.35
    endloop
  endfacet
  facet normal 0 0 1
    outer loop
      vertex 58.15 31.2 6.35
      vertex 49.05 32.4 6.35
      vertex 49.05 31.2 6.35
    endloop
  endfacet
  facet normal 0.671635 0 0.740882
    outer loop
      vertex 47.6358 32.4 6.93579
      vertex 47.7812 31.2 6.80398
      vertex 47.7812 32.4 6.80398
    endloop
  endfacet
  facet normal 0.671635 0 0.740882
    outer loop
      vertex 47.7812 31.2 6.80398
      vertex 47.6358 32.4 6.93579
      vertex 47.6358 31.2 6.93579
    endloop
  endfacet
  facet normal 0.85774 -0 0.514084
    outer loop
      vertex 47.2862 31.2 7.40721
      vertex 47.3871 32.4 7.23886
      vertex 47.2862 32.4 7.40721
    endloop
  endfacet
  facet normal 0.85774 0 0.514084
    outer loop
      vertex 47.3871 32.4 7.23886
      vertex 47.2862 31.2 7.40721
      vertex 47.3871 31.2 7.23886
    endloop
  endfacet
  facet normal 0.146696 0 0.989182
    outer loop
      vertex 48.6598 32.4 6.38843
      vertex 48.854 31.2 6.35963
      vertex 48.854 32.4 6.35963
    endloop
  endfacet
  facet normal 0.146696 0 0.989182
    outer loop
      vertex 48.854 31.2 6.35963
      vertex 48.6598 32.4 6.38843
      vertex 48.6598 31.2 6.38843
    endloop
  endfacet
  facet normal 0.903819 -0 0.427916
    outer loop
      vertex 47.2022 31.2 7.58463
      vertex 47.2862 32.4 7.40721
      vertex 47.2022 32.4 7.58463
    endloop
  endfacet
  facet normal 0.903819 0 0.427916
    outer loop
      vertex 47.2862 32.4 7.40721
      vertex 47.2022 31.2 7.58463
      vertex 47.2862 31.2 7.40721
    endloop
  endfacet
  facet normal -0.803259 0 0.59563
    outer loop
      vertex 59.696 31.2 7.08121
      vertex 59.8129 32.4 7.23886
      vertex 59.696 32.4 7.08121
    endloop
  endfacet
  facet normal -0.803259 0 0.59563
    outer loop
      vertex 59.8129 32.4 7.23886
      vertex 59.696 31.2 7.08121
      vertex 59.8129 31.2 7.23886
    endloop
  endfacet
  facet normal 0.336879 0 0.941548
    outer loop
      vertex 48.2846 32.4 6.50224
      vertex 48.4694 31.2 6.43612
      vertex 48.4694 32.4 6.43612
    endloop
  endfacet
  facet normal 0.336879 0 0.941548
    outer loop
      vertex 48.4694 31.2 6.43612
      vertex 48.2846 32.4 6.50224
      vertex 48.2846 31.2 6.50224
    endloop
  endfacet
  facet normal -0.740954 0 0.671556
    outer loop
      vertex 59.5642 31.2 6.93579
      vertex 59.696 32.4 7.08121
      vertex 59.5642 32.4 6.93579
    endloop
  endfacet
  facet normal -0.740954 0 0.671556
    outer loop
      vertex 59.696 32.4 7.08121
      vertex 59.5642 31.2 6.93579
      vertex 59.696 31.2 7.08121
    endloop
  endfacet
  facet normal -0.427622 0 0.903958
    outer loop
      vertex 58.9154 32.4 6.50224
      vertex 59.0928 31.2 6.58616
      vertex 59.0928 32.4 6.58616
    endloop
  endfacet
  facet normal -0.427622 0 0.903958
    outer loop
      vertex 59.0928 31.2 6.58616
      vertex 58.9154 32.4 6.50224
      vertex 58.9154 31.2 6.50224
    endloop
  endfacet
  facet normal 0.595573 0 0.803301
    outer loop
      vertex 47.7812 32.4 6.80398
      vertex 47.9389 31.2 6.68706
      vertex 47.9389 32.4 6.68706
    endloop
  endfacet
  facet normal 0.595573 0 0.803301
    outer loop
      vertex 47.9389 31.2 6.68706
      vertex 47.7812 32.4 6.80398
      vertex 47.7812 31.2 6.80398
    endloop
  endfacet
  facet normal -0.970019 0 0.243027
    outer loop
      vertex 60.0639 31.2 7.76943
      vertex 60.1116 32.4 7.95982
      vertex 60.0639 32.4 7.76943
    endloop
  endfacet
  facet normal -0.970019 0 0.243027
    outer loop
      vertex 60.1116 32.4 7.95982
      vertex 60.0639 31.2 7.76943
      vertex 60.1116 31.2 7.95982
    endloop
  endfacet
  facet normal -0.94158 0 0.336788
    outer loop
      vertex 59.9978 31.2 7.58463
      vertex 60.0639 32.4 7.76943
      vertex 59.9978 32.4 7.58463
    endloop
  endfacet
  facet normal -0.94158 0 0.336788
    outer loop
      vertex 60.0639 32.4 7.76943
      vertex 59.9978 31.2 7.58463
      vertex 60.0639 31.2 7.76943
    endloop
  endfacet
  facet normal 0.514196 0 0.857673
    outer loop
      vertex 47.9389 32.4 6.68706
      vertex 48.1072 31.2 6.58616
      vertex 48.1072 32.4 6.58616
    endloop
  endfacet
  facet normal 0.514196 0 0.857673
    outer loop
      vertex 48.1072 31.2 6.58616
      vertex 47.9389 32.4 6.68706
      vertex 47.9389 31.2 6.68706
    endloop
  endfacet
  facet normal -0.989176 0 0.146733
    outer loop
      vertex 60.1116 31.2 7.95982
      vertex 60.1404 32.4 8.15397
      vertex 60.1116 32.4 7.95982
    endloop
  endfacet
  facet normal -0.989176 0 0.146733
    outer loop
      vertex 60.1404 32.4 8.15397
      vertex 60.1116 31.2 7.95982
      vertex 60.1404 31.2 8.15397
    endloop
  endfacet
  facet normal 0.740954 -0 0.671556
    outer loop
      vertex 47.504 31.2 7.08121
      vertex 47.6358 32.4 6.93579
      vertex 47.504 32.4 7.08121
    endloop
  endfacet
  facet normal 0.740954 0 0.671556
    outer loop
      vertex 47.6358 32.4 6.93579
      vertex 47.504 31.2 7.08121
      vertex 47.6358 31.2 6.93579
    endloop
  endfacet
  facet normal -0.242967 0 0.970035
    outer loop
      vertex 58.5402 32.4 6.38843
      vertex 58.7306 31.2 6.43612
      vertex 58.7306 32.4 6.43612
    endloop
  endfacet
  facet normal -0.242967 0 0.970035
    outer loop
      vertex 58.7306 31.2 6.43612
      vertex 58.5402 32.4 6.38843
      vertex 58.5402 31.2 6.38843
    endloop
  endfacet
  facet normal -0.514196 0 0.857673
    outer loop
      vertex 59.0928 32.4 6.58616
      vertex 59.2611 31.2 6.68706
      vertex 59.2611 32.4 6.68706
    endloop
  endfacet
  facet normal -0.514196 0 0.857673
    outer loop
      vertex 59.2611 31.2 6.68706
      vertex 59.0928 32.4 6.58616
      vertex 59.0928 31.2 6.58616
    endloop
  endfacet
  facet normal -0.146696 0 0.989182
    outer loop
      vertex 58.346 32.4 6.35963
      vertex 58.5402 31.2 6.38843
      vertex 58.5402 32.4 6.38843
    endloop
  endfacet
  facet normal -0.146696 0 0.989182
    outer loop
      vertex 58.5402 31.2 6.38843
      vertex 58.346 32.4 6.35963
      vertex 58.346 31.2 6.35963
    endloop
  endfacet
  facet normal -0.336879 0 0.941548
    outer loop
      vertex 58.7306 32.4 6.43612
      vertex 58.9154 31.2 6.50224
      vertex 58.9154 32.4 6.50224
    endloop
  endfacet
  facet normal -0.336879 0 0.941548
    outer loop
      vertex 58.9154 31.2 6.50224
      vertex 58.7306 32.4 6.43612
      vertex 58.7306 31.2 6.43612
    endloop
  endfacet
  facet normal -0.85774 0 0.514084
    outer loop
      vertex 59.8129 31.2 7.23886
      vertex 59.9138 32.4 7.40721
      vertex 59.8129 32.4 7.23886
    endloop
  endfacet
  facet normal -0.85774 0 0.514084
    outer loop
      vertex 59.9138 32.4 7.40721
      vertex 59.8129 31.2 7.23886
      vertex 59.9138 31.2 7.40721
    endloop
  endfacet
  facet normal -0.903819 0 0.427916
    outer loop
      vertex 59.9138 31.2 7.40721
      vertex 59.9978 32.4 7.58463
      vertex 59.9138 32.4 7.40721
    endloop
  endfacet
  facet normal -0.903819 0 0.427916
    outer loop
      vertex 59.9978 32.4 7.58463
      vertex 59.9138 31.2 7.40721
      vertex 59.9978 31.2 7.58463
    endloop
  endfacet
  facet normal -0.595573 0 0.803301
    outer loop
      vertex 59.2611 32.4 6.68706
      vertex 59.4188 31.2 6.80398
      vertex 59.4188 32.4 6.80398
    endloop
  endfacet
  facet normal -0.595573 0 0.803301
    outer loop
      vertex 59.4188 31.2 6.80398
      vertex 59.2611 32.4 6.68706
      vertex 59.2611 31.2 6.68706
    endloop
  endfacet
  facet normal 0 1 0
    outer loop
      vertex 60.15 31.2 11.8
      vertex 58.9 31.2 9
      vertex 58.9 31.2 11.8
    endloop
  endfacet
  facet normal 0 1 -0
    outer loop
      vertex 60.15 31.2 8.35
      vertex 58.9 31.2 9
      vertex 60.15 31.2 11.8
    endloop
  endfacet
  facet normal 0 1 0
    outer loop
      vertex 58.9 31.2 9
      vertex 60.15 31.2 8.35
      vertex 58.8952 31.2 8.90198
    endloop
  endfacet
  facet normal 0 1 0
    outer loop
      vertex 58.8952 31.2 8.90198
      vertex 60.15 31.2 8.35
      vertex 58.8808 31.2 8.80491
    endloop
  endfacet
  facet normal 0 1 0
    outer loop
      vertex 58.8808 31.2 8.80491
      vertex 60.15 31.2 8.35
      vertex 58.8569 31.2 8.70972
    endloop
  endfacet
  facet normal 0 1 0
    outer loop
      vertex 58.8569 31.2 8.70972
      vertex 60.15 31.2 8.35
      vertex 58.8239 31.2 8.61732
    endloop
  endfacet
  facet normal 0 1 -0
    outer loop
      vertex 60.1404 31.2 8.15397
      vertex 58.8239 31.2 8.61732
      vertex 60.15 31.2 8.35
    endloop
  endfacet
  facet normal 0 1 0
    outer loop
      vertex 58.8239 31.2 8.61732
      vertex 60.1404 31.2 8.15397
      vertex 58.7819 31.2 8.5286
    endloop
  endfacet
  facet normal 0 1 -0
    outer loop
      vertex 60.1116 31.2 7.95982
      vertex 58.7819 31.2 8.5286
      vertex 60.1404 31.2 8.15397
    endloop
  endfacet
  facet normal 0 1 0
    outer loop
      vertex 58.7819 31.2 8.5286
      vertex 60.1116 31.2 7.95982
      vertex 58.7315 31.2 8.44443
    endloop
  endfacet
  facet normal 0 1 -0
    outer loop
      vertex 60.0639 31.2 7.76943
      vertex 58.7315 31.2 8.44443
      vertex 60.1116 31.2 7.95982
    endloop
  endfacet
  facet normal 0 1 0
    outer loop
      vertex 58.7315 31.2 8.44443
      vertex 60.0639 31.2 7.76943
      vertex 58.673 31.2 8.36561
    endloop
  endfacet
  facet normal 0 1 -0
    outer loop
      vertex 59.9978 31.2 7.58463
      vertex 58.673 31.2 8.36561
      vertex 60.0639 31.2 7.76943
    endloop
  endfacet
  facet normal 0 1 -0
    outer loop
      vertex 59.9138 31.2 7.40721
      vertex 58.673 31.2 8.36561
      vertex 59.9978 31.2 7.58463
    endloop
  endfacet
  facet normal 0 1 0
    outer loop
      vertex 58.673 31.2 8.36561
      vertex 59.9138 31.2 7.40721
      vertex 58.6071 31.2 8.29289
    endloop
  endfacet
  facet normal 0 1 -0
    outer loop
      vertex 59.8129 31.2 7.23886
      vertex 58.6071 31.2 8.29289
      vertex 59.9138 31.2 7.40721
    endloop
  endfacet
  facet normal 0 1 0
    outer loop
      vertex 58.6071 31.2 8.29289
      vertex 59.8129 31.2 7.23886
      vertex 58.5344 31.2 8.22699
    endloop
  endfacet
  facet normal 0 1 -0
    outer loop
      vertex 59.696 31.2 7.08121
      vertex 58.5344 31.2 8.22699
      vertex 59.8129 31.2 7.23886
    endloop
  endfacet
  facet normal 0 1 -0
    outer loop
      vertex 59.4188 31.2 6.80398
      vertex 58.4556 31.2 8.16853
      vertex 59.5642 31.2 6.93579
    endloop
  endfacet
  facet normal 0 1 0
    outer loop
      vertex 58.5344 31.2 8.22699
      vertex 59.5642 31.2 6.93579
      vertex 58.4556 31.2 8.16853
    endloop
  endfacet
  facet normal 0 1 -0
    outer loop
      vertex 59.5642 31.2 6.93579
      vertex 58.5344 31.2 8.22699
      vertex 59.696 31.2 7.08121
    endloop
  endfacet
  facet normal 0 1 -0
    outer loop
      vertex 48.3 31.2 9
      vertex 47.05 31.2 11.8
      vertex 48.3 31.2 11.8
    endloop
  endfacet
  facet normal 0 1 0
    outer loop
      vertex 47.05 31.2 8.35
      vertex 48.3 31.2 9
      vertex 48.3048 31.2 8.90198
    endloop
  endfacet
  facet normal 0 1 0
    outer loop
      vertex 47.05 31.2 8.35
      vertex 48.3048 31.2 8.90198
      vertex 48.3192 31.2 8.80491
    endloop
  endfacet
  facet normal 0 1 0
    outer loop
      vertex 47.05 31.2 8.35
      vertex 48.3192 31.2 8.80491
      vertex 48.3431 31.2 8.70972
    endloop
  endfacet
  facet normal 0 1 0
    outer loop
      vertex 47.05 31.2 8.35
      vertex 48.3431 31.2 8.70972
      vertex 48.3761 31.2 8.61732
    endloop
  endfacet
  facet normal 0 1 0
    outer loop
      vertex 48.3 31.2 9
      vertex 47.05 31.2 8.35
      vertex 47.05 31.2 11.8
    endloop
  endfacet
  facet normal 0 1 0
    outer loop
      vertex 47.0596 31.2 8.15397
      vertex 48.3761 31.2 8.61732
      vertex 48.4181 31.2 8.5286
    endloop
  endfacet
  facet normal 0 1 0
    outer loop
      vertex 47.0884 31.2 7.95982
      vertex 48.4181 31.2 8.5286
      vertex 48.4685 31.2 8.44443
    endloop
  endfacet
  facet normal 0 1 0
    outer loop
      vertex 47.1361 31.2 7.76943
      vertex 48.4685 31.2 8.44443
      vertex 48.527 31.2 8.36561
    endloop
  endfacet
  facet normal 0 1 0
    outer loop
      vertex 47.2862 31.2 7.40721
      vertex 48.527 31.2 8.36561
      vertex 48.5929 31.2 8.29289
    endloop
  endfacet
  facet normal 0 1 0
    outer loop
      vertex 47.3871 31.2 7.23886
      vertex 48.5929 31.2 8.29289
      vertex 48.6656 31.2 8.22699
    endloop
  endfacet
  facet normal 0 1 0
    outer loop
      vertex 47.6358 31.2 6.93579
      vertex 48.6656 31.2 8.22699
      vertex 48.7444 31.2 8.16853
    endloop
  endfacet
  facet normal 0 1 0
    outer loop
      vertex 48.3761 31.2 8.61732
      vertex 47.0596 31.2 8.15397
      vertex 47.05 31.2 8.35
    endloop
  endfacet
  facet normal 0 1 0
    outer loop
      vertex 47.7812 31.2 6.80398
      vertex 48.7444 31.2 8.16853
      vertex 48.8286 31.2 8.11808
    endloop
  endfacet
  facet normal 0 1 0
    outer loop
      vertex 48.1072 31.2 6.58616
      vertex 48.8286 31.2 8.11808
      vertex 48.9173 31.2 8.07612
    endloop
  endfacet
  facet normal 0 1 0
    outer loop
      vertex 48.4694 31.2 6.43612
      vertex 48.9173 31.2 8.07612
      vertex 49.0097 31.2 8.04306
    endloop
  endfacet
  facet normal 0 1 0
    outer loop
      vertex 48.6598 31.2 6.38843
      vertex 49.0097 31.2 8.04306
      vertex 49.1049 31.2 8.01922
    endloop
  endfacet
  facet normal 0 1 0
    outer loop
      vertex 49.05 31.2 6.35
      vertex 49.1049 31.2 8.01922
      vertex 49.202 31.2 8.00482
    endloop
  endfacet
  facet normal 0 1 0
    outer loop
      vertex 48.4181 31.2 8.5286
      vertex 47.0884 31.2 7.95982
      vertex 47.0596 31.2 8.15397
    endloop
  endfacet
  facet normal 0 1 0
    outer loop
      vertex 49.05 31.2 6.35
      vertex 49.202 31.2 8.00482
      vertex 49.3 31.2 8
    endloop
  endfacet
  facet normal 0 1 0
    outer loop
      vertex 57.9 31.2 8
      vertex 58.15 31.2 6.35
      vertex 49.3 31.2 8
    endloop
  endfacet
  facet normal 0 1 0
    outer loop
      vertex 58.4556 31.2 8.16853
      vertex 59.4188 31.2 6.80398
      vertex 58.3714 31.2 8.11808
    endloop
  endfacet
  facet normal 0 1 0
    outer loop
      vertex 49.05 31.2 6.35
      vertex 49.3 31.2 8
      vertex 58.15 31.2 6.35
    endloop
  endfacet
  facet normal 0 1 -0
    outer loop
      vertex 59.2611 31.2 6.68706
      vertex 58.3714 31.2 8.11808
      vertex 59.4188 31.2 6.80398
    endloop
  endfacet
  facet normal 0 1 0
    outer loop
      vertex 49.1049 31.2 8.01922
      vertex 49.05 31.2 6.35
      vertex 48.854 31.2 6.35963
    endloop
  endfacet
  facet normal 0 1 -0
    outer loop
      vertex 59.0928 31.2 6.58616
      vertex 58.3714 31.2 8.11808
      vertex 59.2611 31.2 6.68706
    endloop
  endfacet
  facet normal 0 1 0
    outer loop
      vertex 48.4685 31.2 8.44443
      vertex 47.1361 31.2 7.76943
      vertex 47.0884 31.2 7.95982
    endloop
  endfacet
  facet normal 0 1 0
    outer loop
      vertex 58.3714 31.2 8.11808
      vertex 59.0928 31.2 6.58616
      vertex 58.2827 31.2 8.07612
    endloop
  endfacet
  facet normal 0 1 0
    outer loop
      vertex 48.527 31.2 8.36561
      vertex 47.2022 31.2 7.58463
      vertex 47.1361 31.2 7.76943
    endloop
  endfacet
  facet normal 0 1 -0
    outer loop
      vertex 58.9154 31.2 6.50224
      vertex 58.2827 31.2 8.07612
      vertex 59.0928 31.2 6.58616
    endloop
  endfacet
  facet normal 0 1 0
    outer loop
      vertex 48.527 31.2 8.36561
      vertex 47.2862 31.2 7.40721
      vertex 47.2022 31.2 7.58463
    endloop
  endfacet
  facet normal 0 1 -0
    outer loop
      vertex 58.7306 31.2 6.43612
      vertex 58.2827 31.2 8.07612
      vertex 58.9154 31.2 6.50224
    endloop
  endfacet
  facet normal 0 1 0
    outer loop
      vertex 48.5929 31.2 8.29289
      vertex 47.3871 31.2 7.23886
      vertex 47.2862 31.2 7.40721
    endloop
  endfacet
  facet normal 0 1 0
    outer loop
      vertex 58.2827 31.2 8.07612
      vertex 58.7306 31.2 6.43612
      vertex 58.1903 31.2 8.04306
    endloop
  endfacet
  facet normal 0 1 0
    outer loop
      vertex 48.6656 31.2 8.22699
      vertex 47.504 31.2 7.08121
      vertex 47.3871 31.2 7.23886
    endloop
  endfacet
  facet normal 0 1 -0
    outer loop
      vertex 58.5402 31.2 6.38843
      vertex 58.1903 31.2 8.04306
      vertex 58.7306 31.2 6.43612
    endloop
  endfacet
  facet normal 0 1 0
    outer loop
      vertex 48.6656 31.2 8.22699
      vertex 47.6358 31.2 6.93579
      vertex 47.504 31.2 7.08121
    endloop
  endfacet
  facet normal 0 1 0
    outer loop
      vertex 58.1903 31.2 8.04306
      vertex 58.5402 31.2 6.38843
      vertex 58.0951 31.2 8.01922
    endloop
  endfacet
  facet normal 0 1 0
    outer loop
      vertex 48.7444 31.2 8.16853
      vertex 47.7812 31.2 6.80398
      vertex 47.6358 31.2 6.93579
    endloop
  endfacet
  facet normal 0 1 -0
    outer loop
      vertex 58.346 31.2 6.35963
      vertex 58.0951 31.2 8.01922
      vertex 58.5402 31.2 6.38843
    endloop
  endfacet
  facet normal 0 1 0
    outer loop
      vertex 48.8286 31.2 8.11808
      vertex 47.9389 31.2 6.68706
      vertex 47.7812 31.2 6.80398
    endloop
  endfacet
  facet normal 0 1 -0
    outer loop
      vertex 58.15 31.2 6.35
      vertex 58.0951 31.2 8.01922
      vertex 58.346 31.2 6.35963
    endloop
  endfacet
  facet normal 0 1 0
    outer loop
      vertex 48.8286 31.2 8.11808
      vertex 48.1072 31.2 6.58616
      vertex 47.9389 31.2 6.68706
    endloop
  endfacet
  facet normal 0 1 0
    outer loop
      vertex 58.0951 31.2 8.01922
      vertex 58.15 31.2 6.35
      vertex 57.998 31.2 8.00482
    endloop
  endfacet
  facet normal 0 1 0
    outer loop
      vertex 48.9173 31.2 8.07612
      vertex 48.2846 31.2 6.50224
      vertex 48.1072 31.2 6.58616
    endloop
  endfacet
  facet normal 0 1 0
    outer loop
      vertex 57.998 31.2 8.00482
      vertex 58.15 31.2 6.35
      vertex 57.9 31.2 8
    endloop
  endfacet
  facet normal 0 1 0
    outer loop
      vertex 48.9173 31.2 8.07612
      vertex 48.4694 31.2 6.43612
      vertex 48.2846 31.2 6.50224
    endloop
  endfacet
  facet normal 0 1 0
    outer loop
      vertex 49.0097 31.2 8.04306
      vertex 48.6598 31.2 6.38843
      vertex 48.4694 31.2 6.43612
    endloop
  endfacet
  facet normal 0 1 0
    outer loop
      vertex 49.1049 31.2 8.01922
      vertex 48.854 31.2 6.35963
      vertex 48.6598 31.2 6.38843
    endloop
  endfacet
  facet normal -0.671635 0 0.740882
    outer loop
      vertex 59.4188 32.4 6.80398
      vertex 59.5642 31.2 6.93579
      vertex 59.5642 32.4 6.93579
    endloop
  endfacet
  facet normal -0.671635 0 0.740882
    outer loop
      vertex 59.5642 31.2 6.93579
      vertex 59.4188 32.4 6.80398
      vertex 59.4188 31.2 6.80398
    endloop
  endfacet
  facet normal 0.595642 -0.80325 0
    outer loop
      vertex 6.16243 25.2587 7.62939e-07
      vertex 6.47772 25.4925 0.6
      vertex 6.16243 25.2587 0.6
    endloop
  endfacet
  facet normal 0.595642 -0.80325 0
    outer loop
      vertex 6.47772 25.4925 0.6
      vertex 6.16243 25.2587 7.62939e-07
      vertex 6.47772 25.4925 7.62939e-07
    endloop
  endfacet
  facet normal 0.941548 -0.33688 0
    outer loop
      vertex 4.90165 23.41 0.6
      vertex 5.00448 23.6974 7.62939e-07
      vertex 5.00448 23.6974 0.6
    endloop
  endfacet
  facet normal 0.941548 -0.33688 0
    outer loop
      vertex 5.00448 23.6974 7.62939e-07
      vertex 4.90165 23.41 0.6
      vertex 4.90165 23.41 7.62939e-07
    endloop
  endfacet
  facet normal 0 -1 0
    outer loop
      vertex 8.7 26.1667 7.62939e-07
      vertex 56.3 26.1667 0.6
      vertex 8.7 26.1667 0.6
    endloop
  endfacet
  facet normal 0 -1 -0
    outer loop
      vertex 56.3 26.1667 0.6
      vertex 8.7 26.1667 7.62939e-07
      vertex 56.3 26.1667 7.62939e-07
    endloop
  endfacet
  facet normal -0.904044 -0.42744 0
    outer loop
      vertex 59.9955 23.6974 7.62939e-07
      vertex 59.8277 24.0523 0.6
      vertex 59.8277 24.0523 7.62939e-07
    endloop
  endfacet
  facet normal -0.904044 -0.42744 0
    outer loop
      vertex 59.8277 24.0523 0.6
      vertex 59.9955 23.6974 7.62939e-07
      vertex 59.9955 23.6974 0.6
    endloop
  endfacet
  facet normal 0.336796 -0.941578 0
    outer loop
      vertex 7.16927 25.8622 7.62939e-07
      vertex 7.53886 25.9944 0.6
      vertex 7.16927 25.8622 0.6
    endloop
  endfacet
  facet normal 0.336796 -0.941578 0
    outer loop
      vertex 7.53886 25.9944 0.6
      vertex 7.16927 25.8622 7.62939e-07
      vertex 7.53886 25.9944 7.62939e-07
    endloop
  endfacet
  facet normal 0.514282 -0.857621 0
    outer loop
      vertex 6.47772 25.4925 7.62939e-07
      vertex 6.81441 25.6944 0.6
      vertex 6.47772 25.4925 0.6
    endloop
  endfacet
  facet normal 0.514282 -0.857621 0
    outer loop
      vertex 6.81441 25.6944 0.6
      vertex 6.47772 25.4925 7.62939e-07
      vertex 6.81441 25.6944 7.62939e-07
    endloop
  endfacet
  facet normal -0.336788 -0.94158 0
    outer loop
      vertex 57.4611 25.9944 7.62939e-07
      vertex 57.8307 25.8622 0.6
      vertex 57.4611 25.9944 0.6
    endloop
  endfacet
  facet normal -0.336788 -0.94158 -0
    outer loop
      vertex 57.8307 25.8622 0.6
      vertex 57.4611 25.9944 7.62939e-07
      vertex 57.8307 25.8622 7.62939e-07
    endloop
  endfacet
  facet normal 0 0 -1
    outer loop
      vertex 59.0266 23.41 0.6
      vertex 59.9955 23.6974 0.6
      vertex 60.0984 23.41 0.6
    endloop
  endfacet
  facet normal -0 0 -1
    outer loop
      vertex 59.9955 23.6974 0.6
      vertex 59.0266 23.41 0.6
      vertex 59.8277 24.0523 0.6
    endloop
  endfacet
  facet normal 0 0 -1
    outer loop
      vertex 58.9458 23.5809 0.6
      vertex 59.8277 24.0523 0.6
      vertex 59.0266 23.41 0.6
    endloop
  endfacet
  facet normal 0 0 -1
    outer loop
      vertex 58.7944 23.8334 0.6
      vertex 59.6259 24.3889 0.6
      vertex 58.9458 23.5809 0.6
    endloop
  endfacet
  facet normal -0 0 -1
    outer loop
      vertex 59.8277 24.0523 0.6
      vertex 58.9458 23.5809 0.6
      vertex 59.6259 24.3889 0.6
    endloop
  endfacet
  facet normal -0 0 -1
    outer loop
      vertex 59.6259 24.3889 0.6
      vertex 58.7944 23.8334 0.6
      vertex 59.392 24.7042 0.6
    endloop
  endfacet
  facet normal 0 0 -1
    outer loop
      vertex 58.619 24.0698 0.6
      vertex 59.392 24.7042 0.6
      vertex 58.7944 23.8334 0.6
    endloop
  endfacet
  facet normal -0 0 -1
    outer loop
      vertex 59.392 24.7042 0.6
      vertex 58.619 24.0698 0.6
      vertex 59.1284 24.9951 0.6
    endloop
  endfacet
  facet normal 0 0 -1
    outer loop
      vertex 58.4213 24.288 0.6
      vertex 59.1284 24.9951 0.6
      vertex 58.619 24.0698 0.6
    endloop
  endfacet
  facet normal -0 0 -1
    outer loop
      vertex 59.1284 24.9951 0.6
      vertex 58.4213 24.288 0.6
      vertex 58.8376 25.2587 0.6
    endloop
  endfacet
  facet normal 0 0 -1
    outer loop
      vertex 58.2032 24.4857 0.6
      vertex 58.8376 25.2587 0.6
      vertex 58.4213 24.288 0.6
    endloop
  endfacet
  facet normal -0 0 -1
    outer loop
      vertex 58.8376 25.2587 0.6
      vertex 58.2032 24.4857 0.6
      vertex 58.5223 25.4925 0.6
    endloop
  endfacet
  facet normal 0 0 -1
    outer loop
      vertex 57.9667 24.6611 0.6
      vertex 58.5223 25.4925 0.6
      vertex 58.2032 24.4857 0.6
    endloop
  endfacet
  facet normal -0 0 -1
    outer loop
      vertex 58.5223 25.4925 0.6
      vertex 57.9667 24.6611 0.6
      vertex 58.1856 25.6944 0.6
    endloop
  endfacet
  facet normal 0 0 -1
    outer loop
      vertex 57.7142 24.8124 0.6
      vertex 58.1856 25.6944 0.6
      vertex 57.9667 24.6611 0.6
    endloop
  endfacet
  facet normal -0 0 -1
    outer loop
      vertex 58.1856 25.6944 0.6
      vertex 57.7142 24.8124 0.6
      vertex 57.8307 25.8622 0.6
    endloop
  endfacet
  facet normal 0 0 -1
    outer loop
      vertex 57.4481 24.9383 0.6
      vertex 57.8307 25.8622 0.6
      vertex 57.7142 24.8124 0.6
    endloop
  endfacet
  facet normal -0 0 -1
    outer loop
      vertex 57.8307 25.8622 0.6
      vertex 57.4481 24.9383 0.6
      vertex 57.4611 25.9944 0.6
    endloop
  endfacet
  facet normal 0 0 -1
    outer loop
      vertex 57.1709 25.0375 0.6
      vertex 57.4611 25.9944 0.6
      vertex 57.4481 24.9383 0.6
    endloop
  endfacet
  facet normal 0 0 -1
    outer loop
      vertex 57.1709 25.0375 0.6
      vertex 57.0804 26.0898 0.6
      vertex 57.4611 25.9944 0.6
    endloop
  endfacet
  facet normal 0 0 -1
    outer loop
      vertex 56.8853 25.109 0.6
      vertex 57.0804 26.0898 0.6
      vertex 57.1709 25.0375 0.6
    endloop
  endfacet
  facet normal 0 0 -1
    outer loop
      vertex 56.8853 25.109 0.6
      vertex 56.6921 26.1474 0.6
      vertex 57.0804 26.0898 0.6
    endloop
  endfacet
  facet normal 0 0 -1
    outer loop
      vertex 56.5941 25.1522 0.6
      vertex 56.6921 26.1474 0.6
      vertex 56.8853 25.109 0.6
    endloop
  endfacet
  facet normal 0 0 -1
    outer loop
      vertex 56.3 25.1667 0.6
      vertex 56.6921 26.1474 0.6
      vertex 56.5941 25.1522 0.6
    endloop
  endfacet
  facet normal 0 0 -1
    outer loop
      vertex 56.3 25.1667 0.6
      vertex 56.3 26.1667 0.6
      vertex 56.6921 26.1474 0.6
    endloop
  endfacet
  facet normal 0 0 -1
    outer loop
      vertex 8.7 25.1667 0.6
      vertex 56.3 26.1667 0.6
      vertex 56.3 25.1667 0.6
    endloop
  endfacet
  facet normal 0 0 -1
    outer loop
      vertex 8.7 25.1667 0.6
      vertex 8.7 26.1667 0.6
      vertex 56.3 26.1667 0.6
    endloop
  endfacet
  facet normal 0 0 -1
    outer loop
      vertex 8.40595 25.1522 0.6
      vertex 8.7 26.1667 0.6
      vertex 8.7 25.1667 0.6
    endloop
  endfacet
  facet normal 0 0 -1
    outer loop
      vertex 8.40595 25.1522 0.6
      vertex 8.30793 26.1474 0.6
      vertex 8.7 26.1667 0.6
    endloop
  endfacet
  facet normal 0 0 -1
    outer loop
      vertex 8.11473 25.109 0.6
      vertex 8.30793 26.1474 0.6
      vertex 8.40595 25.1522 0.6
    endloop
  endfacet
  facet normal 0 0 -1
    outer loop
      vertex 8.11473 25.109 0.6
      vertex 7.91964 26.0898 0.6
      vertex 8.30793 26.1474 0.6
    endloop
  endfacet
  facet normal 0 0 -1
    outer loop
      vertex 7.82915 25.0375 0.6
      vertex 7.91964 26.0898 0.6
      vertex 8.11473 25.109 0.6
    endloop
  endfacet
  facet normal 0 0 -1
    outer loop
      vertex 7.53886 25.9944 0.6
      vertex 7.82915 25.0375 0.6
      vertex 7.55195 24.9383 0.6
    endloop
  endfacet
  facet normal 0 0 -1
    outer loop
      vertex 7.82915 25.0375 0.6
      vertex 7.53886 25.9944 0.6
      vertex 7.91964 26.0898 0.6
    endloop
  endfacet
  facet normal 0 0 -1
    outer loop
      vertex 7.16927 25.8622 0.6
      vertex 7.55195 24.9383 0.6
      vertex 7.28581 24.8124 0.6
    endloop
  endfacet
  facet normal 0 0 -1
    outer loop
      vertex 7.55195 24.9383 0.6
      vertex 7.16927 25.8622 0.6
      vertex 7.53886 25.9944 0.6
    endloop
  endfacet
  facet normal 0 0 -1
    outer loop
      vertex 6.81441 25.6944 0.6
      vertex 7.28581 24.8124 0.6
      vertex 7.03329 24.6611 0.6
    endloop
  endfacet
  facet normal 0 0 -1
    outer loop
      vertex 7.28581 24.8124 0.6
      vertex 6.81441 25.6944 0.6
      vertex 7.16927 25.8622 0.6
    endloop
  endfacet
  facet normal 0 0 -1
    outer loop
      vertex 6.47772 25.4925 0.6
      vertex 7.03329 24.6611 0.6
      vertex 6.79682 24.4857 0.6
    endloop
  endfacet
  facet normal 0 0 -1
    outer loop
      vertex 6.16243 25.2587 0.6
      vertex 6.79682 24.4857 0.6
      vertex 6.57868 24.288 0.6
    endloop
  endfacet
  facet normal 0 0 -1
    outer loop
      vertex 7.03329 24.6611 0.6
      vertex 6.47772 25.4925 0.6
      vertex 6.81441 25.6944 0.6
    endloop
  endfacet
  facet normal 0 0 -1
    outer loop
      vertex 5.87157 24.9951 0.6
      vertex 6.57868 24.288 0.6
      vertex 6.38097 24.0698 0.6
    endloop
  endfacet
  facet normal 0 0 -1
    outer loop
      vertex 5.60796 24.7042 0.6
      vertex 6.38097 24.0698 0.6
      vertex 6.20559 23.8334 0.6
    endloop
  endfacet
  facet normal 0 0 -1
    outer loop
      vertex 6.79682 24.4857 0.6
      vertex 6.16243 25.2587 0.6
      vertex 6.47772 25.4925 0.6
    endloop
  endfacet
  facet normal 0 0 -1
    outer loop
      vertex 5.37412 24.3889 0.6
      vertex 6.20559 23.8334 0.6
      vertex 6.05424 23.5809 0.6
    endloop
  endfacet
  facet normal 0 0 -1
    outer loop
      vertex 5.17231 24.0523 0.6
      vertex 6.05424 23.5809 0.6
      vertex 5.97343 23.41 0.6
    endloop
  endfacet
  facet normal 0 0 -1
    outer loop
      vertex 6.57868 24.288 0.6
      vertex 5.87157 24.9951 0.6
      vertex 6.16243 25.2587 0.6
    endloop
  endfacet
  facet normal 0 0 -1
    outer loop
      vertex 6.38097 24.0698 0.6
      vertex 5.60796 24.7042 0.6
      vertex 5.87157 24.9951 0.6
    endloop
  endfacet
  facet normal 0 0 -1
    outer loop
      vertex 6.20559 23.8334 0.6
      vertex 5.37412 24.3889 0.6
      vertex 5.60796 24.7042 0.6
    endloop
  endfacet
  facet normal 0 0 -1
    outer loop
      vertex 6.05424 23.5809 0.6
      vertex 5.17231 24.0523 0.6
      vertex 5.37412 24.3889 0.6
    endloop
  endfacet
  facet normal 0 0 -1
    outer loop
      vertex 5.97343 23.41 0.6
      vertex 5.00448 23.6974 0.6
      vertex 5.17231 24.0523 0.6
    endloop
  endfacet
  facet normal 0 -0 -1
    outer loop
      vertex 5.00448 23.6974 0.6
      vertex 5.97343 23.41 0.6
      vertex 4.90165 23.41 0.6
    endloop
  endfacet
  facet normal -0.243075 -0.970007 0
    outer loop
      vertex 57.0804 26.0898 7.62939e-07
      vertex 57.4611 25.9944 0.6
      vertex 57.0804 26.0898 0.6
    endloop
  endfacet
  facet normal -0.243075 -0.970007 -0
    outer loop
      vertex 57.4611 25.9944 0.6
      vertex 57.0804 26.0898 7.62939e-07
      vertex 57.4611 25.9944 7.62939e-07
    endloop
  endfacet
  facet normal 0.857661 -0.514215 0
    outer loop
      vertex 5.17231 24.0523 0.6
      vertex 5.37412 24.3889 7.62939e-07
      vertex 5.37412 24.3889 0.6
    endloop
  endfacet
  facet normal 0.857661 -0.514215 0
    outer loop
      vertex 5.37412 24.3889 7.62939e-07
      vertex 5.17231 24.0523 0.6
      vertex 5.17231 24.0523 7.62939e-07
    endloop
  endfacet
  facet normal 0.671531 -0.740977 0
    outer loop
      vertex 5.87157 24.9951 7.62939e-07
      vertex 6.16243 25.2587 0.6
      vertex 5.87157 24.9951 0.6
    endloop
  endfacet
  facet normal 0.671531 -0.740977 0
    outer loop
      vertex 6.16243 25.2587 0.6
      vertex 5.87157 24.9951 7.62939e-07
      vertex 6.16243 25.2587 7.62939e-07
    endloop
  endfacet
  facet normal -0.146733 -0.989176 0
    outer loop
      vertex 56.6921 26.1474 7.62939e-07
      vertex 57.0804 26.0898 0.6
      vertex 56.6921 26.1474 0.6
    endloop
  endfacet
  facet normal -0.146733 -0.989176 -0
    outer loop
      vertex 57.0804 26.0898 0.6
      vertex 56.6921 26.1474 7.62939e-07
      vertex 57.0804 26.0898 7.62939e-07
    endloop
  endfacet
  facet normal 0.0491664 -0.998791 0
    outer loop
      vertex 8.30793 26.1474 7.62939e-07
      vertex 8.7 26.1667 0.6
      vertex 8.30793 26.1474 0.6
    endloop
  endfacet
  facet normal 0.0491664 -0.998791 0
    outer loop
      vertex 8.7 26.1667 0.6
      vertex 8.30793 26.1474 7.62939e-07
      vertex 8.7 26.1667 7.62939e-07
    endloop
  endfacet
  facet normal -0.0491626 -0.998791 0
    outer loop
      vertex 56.3 26.1667 7.62939e-07
      vertex 56.6921 26.1474 0.6
      vertex 56.3 26.1667 0.6
    endloop
  endfacet
  facet normal -0.0491626 -0.998791 -0
    outer loop
      vertex 56.6921 26.1474 0.6
      vertex 56.3 26.1667 7.62939e-07
      vertex 56.6921 26.1474 7.62939e-07
    endloop
  endfacet
  facet normal 0.80321 -0.595695 0
    outer loop
      vertex 5.37412 24.3889 0.6
      vertex 5.60796 24.7042 7.62939e-07
      vertex 5.60796 24.7042 0.6
    endloop
  endfacet
  facet normal 0.80321 -0.595695 0
    outer loop
      vertex 5.60796 24.7042 7.62939e-07
      vertex 5.37412 24.3889 0.6
      vertex 5.37412 24.3889 7.62939e-07
    endloop
  endfacet
  facet normal 0.146737 -0.989176 0
    outer loop
      vertex 7.91964 26.0898 7.62939e-07
      vertex 8.30793 26.1474 0.6
      vertex 7.91964 26.0898 0.6
    endloop
  endfacet
  facet normal 0.146737 -0.989176 0
    outer loop
      vertex 8.30793 26.1474 0.6
      vertex 7.91964 26.0898 7.62939e-07
      vertex 8.30793 26.1474 7.62939e-07
    endloop
  endfacet
  facet normal -0.941475 -0.337083 0
    outer loop
      vertex 60.0984 23.41 7.62939e-07
      vertex 59.9955 23.6974 0.6
      vertex 59.9955 23.6974 7.62939e-07
    endloop
  endfacet
  facet normal -0.941475 -0.337083 0
    outer loop
      vertex 59.9955 23.6974 0.6
      vertex 60.0984 23.41 7.62939e-07
      vertex 60.0984 23.41 0.6
    endloop
  endfacet
  facet normal -0.741023 -0.67148 0
    outer loop
      vertex 59.392 24.7042 7.62939e-07
      vertex 59.1284 24.9951 0.6
      vertex 59.1284 24.9951 7.62939e-07
    endloop
  endfacet
  facet normal -0.741023 -0.67148 0
    outer loop
      vertex 59.1284 24.9951 0.6
      vertex 59.392 24.7042 7.62939e-07
      vertex 59.392 24.7042 0.6
    endloop
  endfacet
  facet normal 0.42748 -0.904025 0
    outer loop
      vertex 6.81441 25.6944 7.62939e-07
      vertex 7.16927 25.8622 0.6
      vertex 6.81441 25.6944 0.6
    endloop
  endfacet
  facet normal 0.42748 -0.904025 0
    outer loop
      vertex 7.16927 25.8622 0.6
      vertex 6.81441 25.6944 7.62939e-07
      vertex 7.16927 25.8622 7.62939e-07
    endloop
  endfacet
  facet normal 0.243027 -0.970019 0
    outer loop
      vertex 7.53886 25.9944 7.62939e-07
      vertex 7.91964 26.0898 0.6
      vertex 7.53886 25.9944 0.6
    endloop
  endfacet
  facet normal 0.243027 -0.970019 0
    outer loop
      vertex 7.91964 26.0898 0.6
      vertex 7.53886 25.9944 7.62939e-07
      vertex 7.91964 26.0898 7.62939e-07
    endloop
  endfacet
  facet normal 0.904014 -0.427503 0
    outer loop
      vertex 5.00448 23.6974 0.6
      vertex 5.17231 24.0523 7.62939e-07
      vertex 5.17231 24.0523 0.6
    endloop
  endfacet
  facet normal 0.904014 -0.427503 0
    outer loop
      vertex 5.17231 24.0523 7.62939e-07
      vertex 5.00448 23.6974 0.6
      vertex 5.00448 23.6974 7.62939e-07
    endloop
  endfacet
  facet normal -0.42744 -0.904044 0
    outer loop
      vertex 57.8307 25.8622 7.62939e-07
      vertex 58.1856 25.6944 0.6
      vertex 57.8307 25.8622 0.6
    endloop
  endfacet
  facet normal -0.42744 -0.904044 -0
    outer loop
      vertex 58.1856 25.6944 0.6
      vertex 57.8307 25.8622 7.62939e-07
      vertex 58.1856 25.6944 7.62939e-07
    endloop
  endfacet
  facet normal -0.671607 -0.740908 0
    outer loop
      vertex 58.8376 25.2587 7.62939e-07
      vertex 59.1284 24.9951 0.6
      vertex 58.8376 25.2587 0.6
    endloop
  endfacet
  facet normal -0.671607 -0.740908 -0
    outer loop
      vertex 59.1284 24.9951 0.6
      vertex 58.8376 25.2587 7.62939e-07
      vertex 59.1284 24.9951 7.62939e-07
    endloop
  endfacet
  facet normal 0.74101 -0.671494 0
    outer loop
      vertex 5.60796 24.7042 0.6
      vertex 5.87157 24.9951 7.62939e-07
      vertex 5.87157 24.9951 0.6
    endloop
  endfacet
  facet normal 0.74101 -0.671494 0
    outer loop
      vertex 5.87157 24.9951 7.62939e-07
      vertex 5.60796 24.7042 0.6
      vertex 5.60796 24.7042 7.62939e-07
    endloop
  endfacet
  facet normal -0.514271 -0.857628 0
    outer loop
      vertex 58.1856 25.6944 7.62939e-07
      vertex 58.5223 25.4925 0.6
      vertex 58.1856 25.6944 0.6
    endloop
  endfacet
  facet normal -0.514271 -0.857628 -0
    outer loop
      vertex 58.5223 25.4925 0.6
      vertex 58.1856 25.6944 7.62939e-07
      vertex 58.5223 25.4925 7.62939e-07
    endloop
  endfacet
  facet normal -0.857673 -0.514196 0
    outer loop
      vertex 59.8277 24.0523 7.62939e-07
      vertex 59.6259 24.3889 0.6
      vertex 59.6259 24.3889 7.62939e-07
    endloop
  endfacet
  facet normal -0.857673 -0.514196 0
    outer loop
      vertex 59.6259 24.3889 0.6
      vertex 59.8277 24.0523 7.62939e-07
      vertex 59.8277 24.0523 0.6
    endloop
  endfacet
  facet normal -0.803137 -0.595794 0
    outer loop
      vertex 59.6259 24.3889 7.62939e-07
      vertex 59.392 24.7042 0.6
      vertex 59.392 24.7042 7.62939e-07
    endloop
  endfacet
  facet normal -0.803137 -0.595794 0
    outer loop
      vertex 59.392 24.7042 0.6
      vertex 59.6259 24.3889 7.62939e-07
      vertex 59.6259 24.3889 0.6
    endloop
  endfacet
  facet normal -0.59563 -0.803259 0
    outer loop
      vertex 58.5223 25.4925 7.62939e-07
      vertex 58.8376 25.2587 0.6
      vertex 58.5223 25.4925 0.6
    endloop
  endfacet
  facet normal -0.59563 -0.803259 -0
    outer loop
      vertex 58.8376 25.2587 0.6
      vertex 58.5223 25.4925 7.62939e-07
      vertex 58.8376 25.2587 7.62939e-07
    endloop
  endfacet
  facet normal 0 1 -0
    outer loop
      vertex 56.3 25.1667 7.62939e-07
      vertex 8.7 25.1667 0.6
      vertex 56.3 25.1667 0.6
    endloop
  endfacet
  facet normal 0 1 0
    outer loop
      vertex 8.7 25.1667 0.6
      vertex 56.3 25.1667 7.62939e-07
      vertex 8.7 25.1667 7.62939e-07
    endloop
  endfacet
  facet normal 0.857643 0.514246 0
    outer loop
      vertex 58.9458 23.5809 0.6
      vertex 58.7944 23.8334 7.62939e-07
      vertex 58.7944 23.8334 0.6
    endloop
  endfacet
  facet normal 0.857643 0.514246 0
    outer loop
      vertex 58.7944 23.8334 7.62939e-07
      vertex 58.9458 23.5809 0.6
      vertex 58.9458 23.5809 7.62939e-07
    endloop
  endfacet
  facet normal -0.671539 0.740969 0
    outer loop
      vertex 6.79682 24.4857 7.62939e-07
      vertex 6.57868 24.288 0.6
      vertex 6.79682 24.4857 0.6
    endloop
  endfacet
  facet normal -0.671539 0.740969 0
    outer loop
      vertex 6.57868 24.288 0.6
      vertex 6.79682 24.4857 7.62939e-07
      vertex 6.57868 24.288 7.62939e-07
    endloop
  endfacet
  facet normal -0.146736 0.989176 0
    outer loop
      vertex 8.40595 25.1522 7.62939e-07
      vertex 8.11473 25.109 0.6
      vertex 8.40595 25.1522 0.6
    endloop
  endfacet
  facet normal -0.146736 0.989176 0
    outer loop
      vertex 8.11473 25.109 0.6
      vertex 8.40595 25.1522 7.62939e-07
      vertex 8.11473 25.109 7.62939e-07
    endloop
  endfacet
  facet normal 0.595699 0.803208 -0
    outer loop
      vertex 58.2032 24.4857 7.62939e-07
      vertex 57.9667 24.6611 0.6
      vertex 58.2032 24.4857 0.6
    endloop
  endfacet
  facet normal 0.595699 0.803208 0
    outer loop
      vertex 57.9667 24.6611 0.6
      vertex 58.2032 24.4857 7.62939e-07
      vertex 57.9667 24.6611 7.62939e-07
    endloop
  endfacet
  facet normal -0.336939 0.941527 0
    outer loop
      vertex 7.82915 25.0375 7.62939e-07
      vertex 7.55195 24.9383 0.6
      vertex 7.82915 25.0375 0.6
    endloop
  endfacet
  facet normal -0.336939 0.941527 0
    outer loop
      vertex 7.55195 24.9383 0.6
      vertex 7.82915 25.0375 7.62939e-07
      vertex 7.55195 24.9383 7.62939e-07
    endloop
  endfacet
  facet normal -0.595747 0.803172 0
    outer loop
      vertex 7.03329 24.6611 7.62939e-07
      vertex 6.79682 24.4857 0.6
      vertex 7.03329 24.6611 0.6
    endloop
  endfacet
  facet normal -0.595747 0.803172 0
    outer loop
      vertex 6.79682 24.4857 0.6
      vertex 7.03329 24.6611 7.62939e-07
      vertex 6.79682 24.4857 7.62939e-07
    endloop
  endfacet
  facet normal 0.671607 0.740908 -0
    outer loop
      vertex 58.4213 24.288 7.62939e-07
      vertex 58.2032 24.4857 0.6
      vertex 58.4213 24.288 0.6
    endloop
  endfacet
  facet normal 0.671607 0.740908 0
    outer loop
      vertex 58.2032 24.4857 0.6
      vertex 58.4213 24.288 7.62939e-07
      vertex 58.2032 24.4857 7.62939e-07
    endloop
  endfacet
  facet normal 0.741061 0.671438 0
    outer loop
      vertex 58.619 24.0698 0.6
      vertex 58.4213 24.288 7.62939e-07
      vertex 58.4213 24.288 0.6
    endloop
  endfacet
  facet normal 0.741061 0.671438 0
    outer loop
      vertex 58.4213 24.288 7.62939e-07
      vertex 58.619 24.0698 0.6
      vertex 58.619 24.0698 7.62939e-07
    endloop
  endfacet
  facet normal -0.513966 0.85781 0
    outer loop
      vertex 7.28581 24.8124 7.62939e-07
      vertex 7.03329 24.6611 0.6
      vertex 7.28581 24.8124 0.6
    endloop
  endfacet
  facet normal -0.513966 0.85781 0
    outer loop
      vertex 7.03329 24.6611 0.6
      vertex 7.28581 24.8124 7.62939e-07
      vertex 7.03329 24.6611 7.62939e-07
    endloop
  endfacet
  facet normal -0.0492515 0.998786 0
    outer loop
      vertex 8.7 25.1667 7.62939e-07
      vertex 8.40595 25.1522 0.6
      vertex 8.7 25.1667 0.6
    endloop
  endfacet
  facet normal -0.0492515 0.998786 0
    outer loop
      vertex 8.40595 25.1522 0.6
      vertex 8.7 25.1667 7.62939e-07
      vertex 8.40595 25.1522 7.62939e-07
    endloop
  endfacet
  facet normal 0.90405 0.427427 0
    outer loop
      vertex 59.0266 23.41 0.6
      vertex 58.9458 23.5809 7.62939e-07
      vertex 58.9458 23.5809 0.6
    endloop
  endfacet
  facet normal 0.90405 0.427427 0
    outer loop
      vertex 58.9458 23.5809 7.62939e-07
      vertex 59.0266 23.41 0.6
      vertex 59.0266 23.41 7.62939e-07
    endloop
  endfacet
  facet normal 0.0492431 0.998787 -0
    outer loop
      vertex 56.5941 25.1522 7.62939e-07
      vertex 56.3 25.1667 0.6
      vertex 56.5941 25.1522 0.6
    endloop
  endfacet
  facet normal 0.0492431 0.998787 0
    outer loop
      vertex 56.3 25.1667 0.6
      vertex 56.5941 25.1522 7.62939e-07
      vertex 56.3 25.1667 7.62939e-07
    endloop
  endfacet
  facet normal 0.803088 0.595861 0
    outer loop
      vertex 58.7944 23.8334 0.6
      vertex 58.619 24.0698 7.62939e-07
      vertex 58.619 24.0698 0.6
    endloop
  endfacet
  facet normal 0.803088 0.595861 0
    outer loop
      vertex 58.619 24.0698 7.62939e-07
      vertex 58.7944 23.8334 0.6
      vertex 58.7944 23.8334 7.62939e-07
    endloop
  endfacet
  facet normal 0.242855 0.970063 -0
    outer loop
      vertex 57.1709 25.0375 7.62939e-07
      vertex 56.8853 25.109 0.6
      vertex 57.1709 25.0375 0.6
    endloop
  endfacet
  facet normal 0.242855 0.970063 0
    outer loop
      vertex 56.8853 25.109 0.6
      vertex 57.1709 25.0375 7.62939e-07
      vertex 56.8853 25.109 7.62939e-07
    endloop
  endfacet
  facet normal -0.242871 0.970059 0
    outer loop
      vertex 8.11473 25.109 7.62939e-07
      vertex 7.82915 25.0375 0.6
      vertex 8.11473 25.109 0.6
    endloop
  endfacet
  facet normal -0.242871 0.970059 0
    outer loop
      vertex 7.82915 25.0375 0.6
      vertex 8.11473 25.109 7.62939e-07
      vertex 7.82915 25.0375 7.62939e-07
    endloop
  endfacet
  facet normal 0.146746 0.989174 -0
    outer loop
      vertex 56.8853 25.109 7.62939e-07
      vertex 56.5941 25.1522 0.6
      vertex 56.8853 25.109 0.6
    endloop
  endfacet
  facet normal 0.146746 0.989174 0
    outer loop
      vertex 56.5941 25.1522 0.6
      vertex 56.8853 25.109 7.62939e-07
      vertex 56.5941 25.1522 7.62939e-07
    endloop
  endfacet
  facet normal -0.427625 0.903956 0
    outer loop
      vertex 7.55195 24.9383 7.62939e-07
      vertex 7.28581 24.8124 0.6
      vertex 7.55195 24.9383 0.6
    endloop
  endfacet
  facet normal -0.427625 0.903956 0
    outer loop
      vertex 7.28581 24.8124 0.6
      vertex 7.55195 24.9383 7.62939e-07
      vertex 7.28581 24.8124 7.62939e-07
    endloop
  endfacet
  facet normal 0.513996 0.857793 -0
    outer loop
      vertex 57.9667 24.6611 7.62939e-07
      vertex 57.7142 24.8124 0.6
      vertex 57.9667 24.6611 0.6
    endloop
  endfacet
  facet normal 0.513996 0.857793 0
    outer loop
      vertex 57.7142 24.8124 0.6
      vertex 57.9667 24.6611 7.62939e-07
      vertex 57.7142 24.8124 7.62939e-07
    endloop
  endfacet
  facet normal 0.427677 0.903931 -0
    outer loop
      vertex 57.7142 24.8124 7.62939e-07
      vertex 57.4481 24.9383 0.6
      vertex 57.7142 24.8124 0.6
    endloop
  endfacet
  facet normal 0.427677 0.903931 0
    outer loop
      vertex 57.4481 24.9383 0.6
      vertex 57.7142 24.8124 7.62939e-07
      vertex 57.4481 24.9383 7.62939e-07
    endloop
  endfacet
  facet normal 0.336939 0.941527 -0
    outer loop
      vertex 57.4481 24.9383 7.62939e-07
      vertex 57.1709 25.0375 0.6
      vertex 57.4481 24.9383 0.6
    endloop
  endfacet
  facet normal 0.336939 0.941527 0
    outer loop
      vertex 57.1709 25.0375 0.6
      vertex 57.4481 24.9383 7.62939e-07
      vertex 57.1709 25.0375 7.62939e-07
    endloop
  endfacet
  facet normal -0.857718 0.514121 0
    outer loop
      vertex 6.05424 23.5809 7.62939e-07
      vertex 6.20559 23.8334 0.6
      vertex 6.20559 23.8334 7.62939e-07
    endloop
  endfacet
  facet normal -0.857718 0.514121 0
    outer loop
      vertex 6.20559 23.8334 0.6
      vertex 6.05424 23.5809 7.62939e-07
      vertex 6.05424 23.5809 0.6
    endloop
  endfacet
  facet normal -0.80312 0.595817 0
    outer loop
      vertex 6.20559 23.8334 7.62939e-07
      vertex 6.38097 24.0698 0.6
      vertex 6.38097 24.0698 7.62939e-07
    endloop
  endfacet
  facet normal -0.80312 0.595817 0
    outer loop
      vertex 6.38097 24.0698 0.6
      vertex 6.20559 23.8334 7.62939e-07
      vertex 6.20559 23.8334 0.6
    endloop
  endfacet
  facet normal -0.90403 0.42747 0
    outer loop
      vertex 5.97343 23.41 7.62939e-07
      vertex 6.05424 23.5809 0.6
      vertex 6.05424 23.5809 7.62939e-07
    endloop
  endfacet
  facet normal -0.90403 0.42747 0
    outer loop
      vertex 6.05424 23.5809 0.6
      vertex 5.97343 23.41 7.62939e-07
      vertex 5.97343 23.41 0.6
    endloop
  endfacet
  facet normal -0.741044 0.671456 0
    outer loop
      vertex 6.38097 24.0698 7.62939e-07
      vertex 6.57868 24.288 0.6
      vertex 6.57868 24.288 7.62939e-07
    endloop
  endfacet
  facet normal -0.741044 0.671456 0
    outer loop
      vertex 6.57868 24.288 0.6
      vertex 6.38097 24.0698 7.62939e-07
      vertex 6.38097 24.0698 0.6
    endloop
  endfacet
  facet normal -0.424108 0.570674 -0.703181
    outer loop
      vertex -0.571966 31.2651 1
      vertex 0.0600476 30.5026 7.62939e-07
      vertex 0.0561454 30.4997 7.62939e-07
    endloop
  endfacet
  facet normal -0.423472 0.571173 -0.70316
    outer loop
      vertex 0.0600476 30.5026 7.62939e-07
      vertex -0.571966 31.2651 1
      vertex -0.177851 31.5573 1
    endloop
  endfacet
  facet normal -0.480551 0.524194 -0.703058
    outer loop
      vertex 0.0525457 30.4964 7.62939e-07
      vertex -0.571966 31.2651 1
      vertex 0.0561454 30.4997 7.62939e-07
    endloop
  endfacet
  facet normal -0.477557 0.526773 -0.703171
    outer loop
      vertex -0.571966 31.2651 1
      vertex 0.0525457 30.4964 7.62939e-07
      vertex -0.935534 30.9355 1
    endloop
  endfacet
  facet normal -0.10434 0.703364 -0.70313
    outer loop
      vertex 1.82251 31.3336 7.62939e-07
      vertex 1.62455 32.3039 1
      vertex 2.10991 32.3759 1
    endloop
  endfacet
  facet normal -0.102618 0.703666 -0.703082
    outer loop
      vertex 1.62455 32.3039 1
      vertex 1.82251 31.3336 7.62939e-07
      vertex 1.81771 31.3329 7.62939e-07
    endloop
  endfacet
  facet normal 0.524215 0.480531 -0.703056
    outer loop
      vertex 65.4964 29.9475 7.62939e-07
      vertex 66.2651 30.572 1
      vertex 65.4997 29.9439 7.62939e-07
    endloop
  endfacet
  facet normal 0.526732 0.477609 -0.703166
    outer loop
      vertex 66.2651 30.572 1
      vertex 65.4964 29.9475 7.62939e-07
      vertex 65.9355 30.9355 1
    endloop
  endfacet
  facet normal -0.0292912 0.71031 -0.703279
    outer loop
      vertex 2.59515 31.4097 7.62939e-07
      vertex 2.6 32.4 1
      vertex 2.6 31.4099 7.62939e-07
    endloop
  endfacet
  facet normal -0.0349236 0.710195 -0.703138
    outer loop
      vertex 2.6 32.4 1
      vertex 2.59515 31.4097 7.62939e-07
      vertex 2.10991 32.3759 1
    endloop
  endfacet
  facet normal -0.710185 0.0347846 -0.703155
    outer loop
      vertex -2.4 27.4 1
      vertex -1.40966 27.4049 7.62939e-07
      vertex -1.4099 27.4 7.62939e-07
    endloop
  endfacet
  facet normal -0.710183 0.0348933 -0.703152
    outer loop
      vertex -1.40966 27.4049 7.62939e-07
      vertex -2.4 27.4 1
      vertex -2.37592 27.8901 1
    endloop
  endfacet
  facet normal -0.477502 0.52685 -0.70315
    outer loop
      vertex -0.235428 30.2354 7.62939e-07
      vertex -0.935534 30.9355 1
      vertex 0.0525457 30.4964 7.62939e-07
    endloop
  endfacet
  facet normal -0.642795 0.30397 -0.703148
    outer loop
      vertex -1.10259 28.9389 7.62939e-07
      vertex -1.80961 29.757 1
      vertex -0.936417 29.2903 7.62939e-07
    endloop
  endfacet
  facet normal -0.306297 0.641765 -0.703078
    outer loop
      vertex 1.06108 31.1026 7.62939e-07
      vertex 0.686583 32.0194 1
      vertex 1.06548 31.1047 7.62939e-07
    endloop
  endfacet
  facet normal -0.30402 0.642771 -0.703148
    outer loop
      vertex 0.686583 32.0194 1
      vertex 1.06108 31.1026 7.62939e-07
      vertex 0.243016 31.8096 1
    endloop
  endfacet
  facet normal -0.689735 0.172763 -0.703149
    outer loop
      vertex -1.33167 28.187 7.62939e-07
      vertex -2.1847 28.8514 1
      vertex -1.23724 28.564 7.62939e-07
    endloop
  endfacet
  facet normal 0.710196 0.0349229 -0.703137
    outer loop
      vertex 67.4 27.4 1
      vertex 66.4097 27.4049 7.62939e-07
      vertex 67.3759 27.8901 1
    endloop
  endfacet
  facet normal 0.710317 0.0289925 -0.703285
    outer loop
      vertex 66.4097 27.4049 7.62939e-07
      vertex 67.4 27.4 1
      vertex 66.4099 27.4 7.62939e-07
    endloop
  endfacet
  facet normal 0.571095 0.423575 -0.70316
    outer loop
      vertex 65.5026 29.94 7.62939e-07
      vertex 66.2651 30.572 1
      vertex 66.5574 30.1779 1
    endloop
  endfacet
  facet normal 0.570558 0.424261 -0.703183
    outer loop
      vertex 66.2651 30.572 1
      vertex 65.5026 29.94 7.62939e-07
      vertex 65.4997 29.9439 7.62939e-07
    endloop
  endfacet
  facet normal 0 0.710615 -0.703581
    outer loop
      vertex 62.4 31.4099 7.62939e-07
      vertex 2.6 32.4 1
      vertex 62.4 32.4 1
    endloop
  endfacet
  facet normal 0 0.710615 -0.703581
    outer loop
      vertex 2.6 32.4 1
      vertex 62.4 31.4099 7.62939e-07
      vertex 2.6 31.4099 7.62939e-07
    endloop
  endfacet
  facet normal -0.669468 0.239574 -0.703148
    outer loop
      vertex -1.23724 28.564 7.62939e-07
      vertex -2.1847 28.8514 1
      vertex -1.1063 28.9299 7.62939e-07
    endloop
  endfacet
  facet normal -0.642828 0.303882 -0.703156
    outer loop
      vertex -2.0194 29.3134 1
      vertex -1.10259 28.9389 7.62939e-07
      vertex -1.10467 28.9345 7.62939e-07
    endloop
  endfacet
  facet normal -0.642781 0.303988 -0.703152
    outer loop
      vertex -1.10259 28.9389 7.62939e-07
      vertex -2.0194 29.3134 1
      vertex -1.80961 29.757 1
    endloop
  endfacet
  facet normal -0.0349433 0.71019 -0.703142
    outer loop
      vertex 2.20696 31.3906 7.62939e-07
      vertex 2.10991 32.3759 1
      vertex 2.59515 31.4097 7.62939e-07
    endloop
  endfacet
  facet normal -0.710615 0 -0.703581
    outer loop
      vertex -1.4099 23.41 7.62939e-07
      vertex -2.4 27.4 1
      vertex -1.4099 27.4 7.62939e-07
    endloop
  endfacet
  facet normal -0.710615 -0 -0.703581
    outer loop
      vertex -2.4 27.4 1
      vertex -1.4099 23.41 7.62939e-07
      vertex -2.4 23.41 1
    endloop
  endfacet
  facet normal 0.477564 0.526784 -0.703159
    outer loop
      vertex 65.2318 30.2387 7.62939e-07
      vertex 64.9439 30.4997 7.62939e-07
      vertex 65.572 31.2651 1
    endloop
  endfacet
  facet normal 0.571129 0.423499 -0.703178
    outer loop
      vertex 65.7341 29.6278 7.62939e-07
      vertex 65.5026 29.94 7.62939e-07
      vertex 66.5574 30.1779 1
    endloop
  endfacet
  facet normal 0.480407 0.52408 -0.703242
    outer loop
      vertex 65.2318 30.2387 7.62939e-07
      vertex 65.9355 30.9355 1
      vertex 65.2354 30.2354 7.62939e-07
    endloop
  endfacet
  facet normal 0.477624 0.526749 -0.703143
    outer loop
      vertex 65.9355 30.9355 1
      vertex 65.2318 30.2387 7.62939e-07
      vertex 65.572 31.2651 1
    endloop
  endfacet
  facet normal 0.365517 0.609927 -0.703126
    outer loop
      vertex 64.6278 30.7341 7.62939e-07
      vertex 64.2944 30.9339 7.62939e-07
      vertex 65.1778 31.5573 1
    endloop
  endfacet
  facet normal -0.365542 0.609896 -0.70314
    outer loop
      vertex 0.372218 30.7341 7.62939e-07
      vertex -0.177851 31.5573 1
      vertex 0.705578 30.9339 7.62939e-07
    endloop
  endfacet
  facet normal -0.710182 0.0348961 -0.703153
    outer loop
      vertex -1.40966 27.4049 7.62939e-07
      vertex -2.37592 27.8901 1
      vertex -1.39059 27.793 7.62939e-07
    endloop
  endfacet
  facet normal 0.710189 0.0349513 -0.703143
    outer loop
      vertex 66.4097 27.4049 7.62939e-07
      vertex 66.3906 27.793 7.62939e-07
      vertex 67.3759 27.8901 1
    endloop
  endfacet
  facet normal 0.607205 0.370247 -0.703007
    outer loop
      vertex 65.9339 29.2944 7.62939e-07
      vertex 66.8096 29.757 1
      vertex 65.9364 29.2903 7.62939e-07
    endloop
  endfacet
  facet normal 0.609917 0.365458 -0.703166
    outer loop
      vertex 66.8096 29.757 1
      vertex 65.9339 29.2944 7.62939e-07
      vertex 66.5574 30.1779 1
    endloop
  endfacet
  facet normal -0.304053 0.642746 -0.703157
    outer loop
      vertex 0.709745 30.9364 7.62939e-07
      vertex 0.243016 31.8096 1
      vertex 1.06108 31.1026 7.62939e-07
    endloop
  endfacet
  facet normal 0.609885 0.365492 -0.703176
    outer loop
      vertex 65.9339 29.2944 7.62939e-07
      vertex 65.7341 29.6278 7.62939e-07
      vertex 66.5574 30.1779 1
    endloop
  endfacet
  facet normal -0.104283 0.703361 -0.703142
    outer loop
      vertex 2.20696 31.3906 7.62939e-07
      vertex 1.82251 31.3336 7.62939e-07
      vertex 2.10991 32.3759 1
    endloop
  endfacet
  facet normal -0.365807 0.609728 -0.703148
    outer loop
      vertex 0.705578 30.9339 7.62939e-07
      vertex 0.243016 31.8096 1
      vertex 0.709745 30.9364 7.62939e-07
    endloop
  endfacet
  facet normal -0.365591 0.60985 -0.703155
    outer loop
      vertex 0.243016 31.8096 1
      vertex 0.705578 30.9339 7.62939e-07
      vertex -0.177851 31.5573 1
    endloop
  endfacet
  facet normal -0.670259 0.237505 -0.703097
    outer loop
      vertex -1.1063 28.9299 7.62939e-07
      vertex -2.0194 29.3134 1
      vertex -1.10467 28.9345 7.62939e-07
    endloop
  endfacet
  facet normal -0.669473 0.239532 -0.703157
    outer loop
      vertex -2.0194 29.3134 1
      vertex -1.1063 28.9299 7.62939e-07
      vertex -2.1847 28.8514 1
    endloop
  endfacet
  facet normal -0.703342 0.104322 -0.703155
    outer loop
      vertex -1.39059 27.793 7.62939e-07
      vertex -2.37592 27.8901 1
      vertex -1.33356 28.1775 7.62939e-07
    endloop
  endfacet
  facet normal 0.304001 0.642779 -0.703149
    outer loop
      vertex 63.9389 31.1026 7.62939e-07
      vertex 64.3134 32.0194 1
      vertex 64.757 31.8096 1
    endloop
  endfacet
  facet normal 0.306297 0.641765 -0.703079
    outer loop
      vertex 64.3134 32.0194 1
      vertex 63.9389 31.1026 7.62939e-07
      vertex 63.9345 31.1047 7.62939e-07
    endloop
  endfacet
  facet normal 0.417473 0.575825 -0.702952
    outer loop
      vertex 64.9399 30.5026 7.62939e-07
      vertex 65.572 31.2651 1
      vertex 64.9439 30.4997 7.62939e-07
    endloop
  endfacet
  facet normal 0.423403 0.571203 -0.703176
    outer loop
      vertex 65.572 31.2651 1
      vertex 64.9399 30.5026 7.62939e-07
      vertex 65.1778 31.5573 1
    endloop
  endfacet
  facet normal -0.571125 0.423535 -0.70316
    outer loop
      vertex -0.73411 29.6278 7.62939e-07
      vertex -1.55735 30.1779 1
      vertex -0.502589 29.94 7.62939e-07
    endloop
  endfacet
  facet normal 0.526789 0.477568 -0.703151
    outer loop
      vertex 65.4964 29.9475 7.62939e-07
      vertex 65.2354 30.2354 7.62939e-07
      vertex 65.9355 30.9355 1
    endloop
  endfacet
  facet normal 0.641765 0.306297 -0.703079
    outer loop
      vertex 66.1026 28.9389 7.62939e-07
      vertex 67.0194 29.3134 1
      vertex 66.1047 28.9345 7.62939e-07
    endloop
  endfacet
  facet normal 0.642779 0.304001 -0.703149
    outer loop
      vertex 67.0194 29.3134 1
      vertex 66.1026 28.9389 7.62939e-07
      vertex 66.8096 29.757 1
    endloop
  endfacet
  facet normal 0.104269 0.70336 -0.703145
    outer loop
      vertex 63.1775 31.3336 7.62939e-07
      vertex 62.793 31.3906 7.62939e-07
      vertex 62.8901 32.3759 1
    endloop
  endfacet
  facet normal -0.571002 0.423713 -0.703153
    outer loop
      vertex -0.502589 29.94 7.62939e-07
      vertex -1.26505 30.572 1
      vertex -0.499695 29.9439 7.62939e-07
    endloop
  endfacet
  facet normal -0.571104 0.423582 -0.703149
    outer loop
      vertex -1.26505 30.572 1
      vertex -0.502589 29.94 7.62939e-07
      vertex -1.55735 30.1779 1
    endloop
  endfacet
  facet normal 0.304009 0.642773 -0.703151
    outer loop
      vertex 64.2903 30.9364 7.62939e-07
      vertex 63.9389 31.1026 7.62939e-07
      vertex 64.757 31.8096 1
    endloop
  endfacet
  facet normal 0.233649 0.671742 -0.702973
    outer loop
      vertex 63.9299 31.1063 7.62939e-07
      vertex 64.3134 32.0194 1
      vertex 63.9345 31.1047 7.62939e-07
    endloop
  endfacet
  facet normal 0.239532 0.669473 -0.703157
    outer loop
      vertex 64.3134 32.0194 1
      vertex 63.9299 31.1063 7.62939e-07
      vertex 63.8514 32.1847 1
    endloop
  endfacet
  facet normal -0.689641 0.173144 -0.703148
    outer loop
      vertex -2.30393 28.3755 1
      vertex -1.33167 28.187 7.62939e-07
      vertex -1.33285 28.1823 7.62939e-07
    endloop
  endfacet
  facet normal -0.689717 0.172799 -0.703158
    outer loop
      vertex -1.33167 28.187 7.62939e-07
      vertex -2.30393 28.3755 1
      vertex -2.1847 28.8514 1
    endloop
  endfacet
  facet normal -0.703389 0.104043 -0.703149
    outer loop
      vertex -1.33356 28.1775 7.62939e-07
      vertex -2.30393 28.3755 1
      vertex -1.33285 28.1823 7.62939e-07
    endloop
  endfacet
  facet normal -0.703342 0.104313 -0.703156
    outer loop
      vertex -2.30393 28.3755 1
      vertex -1.33356 28.1775 7.62939e-07
      vertex -2.37592 27.8901 1
    endloop
  endfacet
  facet normal 0.70336 0.104269 -0.703145
    outer loop
      vertex 66.3906 27.793 7.62939e-07
      vertex 66.3336 28.1775 7.62939e-07
      vertex 67.3759 27.8901 1
    endloop
  endfacet
  facet normal 0.423618 0.571107 -0.703125
    outer loop
      vertex 64.9399 30.5026 7.62939e-07
      vertex 64.6278 30.7341 7.62939e-07
      vertex 65.1778 31.5573 1
    endloop
  endfacet
  facet normal 0.642773 0.304009 -0.703151
    outer loop
      vertex 66.1026 28.9389 7.62939e-07
      vertex 65.9364 29.2903 7.62939e-07
      vertex 66.8096 29.757 1
    endloop
  endfacet
  facet normal 0.0349513 0.710189 -0.703143
    outer loop
      vertex 62.793 31.3906 7.62939e-07
      vertex 62.4049 31.4097 7.62939e-07
      vertex 62.8901 32.3759 1
    endloop
  endfacet
  facet normal -0.423546 0.571139 -0.703142
    outer loop
      vertex 0.0600476 30.5026 7.62939e-07
      vertex -0.177851 31.5573 1
      vertex 0.372218 30.7341 7.62939e-07
    endloop
  endfacet
  facet normal 0.669477 0.239504 -0.703163
    outer loop
      vertex 66.2372 28.564 7.62939e-07
      vertex 66.1063 28.9299 7.62939e-07
      vertex 67.1847 28.8514 1
    endloop
  endfacet
  facet normal 0.703664 0.102618 -0.703084
    outer loop
      vertex 67.3039 28.3755 1
      vertex 66.3336 28.1775 7.62939e-07
      vertex 66.3329 28.1823 7.62939e-07
    endloop
  endfacet
  facet normal 0.703364 0.104331 -0.703132
    outer loop
      vertex 66.3336 28.1775 7.62939e-07
      vertex 67.3039 28.3755 1
      vertex 67.3759 27.8901 1
    endloop
  endfacet
  facet normal 0.0349229 0.710196 -0.703137
    outer loop
      vertex 62.4049 31.4097 7.62939e-07
      vertex 62.4 32.4 1
      vertex 62.8901 32.3759 1
    endloop
  endfacet
  facet normal 0.0289925 0.710317 -0.703285
    outer loop
      vertex 62.4 32.4 1
      vertex 62.4049 31.4097 7.62939e-07
      vertex 62.4 31.4099 7.62939e-07
    endloop
  endfacet
  facet normal -0.172879 0.689688 -0.703167
    outer loop
      vertex 1.43599 31.2372 7.62939e-07
      vertex 1.14858 32.1847 1
      vertex 1.81299 31.3317 7.62939e-07
    endloop
  endfacet
  facet normal -0.175221 0.689203 -0.703062
    outer loop
      vertex 1.81299 31.3317 7.62939e-07
      vertex 1.62455 32.3039 1
      vertex 1.81771 31.3329 7.62939e-07
    endloop
  endfacet
  facet normal -0.17274 0.689757 -0.703133
    outer loop
      vertex 1.62455 32.3039 1
      vertex 1.81299 31.3317 7.62939e-07
      vertex 1.14858 32.1847 1
    endloop
  endfacet
  facet normal 0.68904 0.175925 -0.703047
    outer loop
      vertex 66.3317 28.187 7.62939e-07
      vertex 67.3039 28.3755 1
      vertex 66.3329 28.1823 7.62939e-07
    endloop
  endfacet
  facet normal 0.689746 0.172763 -0.703138
    outer loop
      vertex 67.3039 28.3755 1
      vertex 66.3317 28.187 7.62939e-07
      vertex 67.1847 28.8514 1
    endloop
  endfacet
  facet normal -0.23948 0.669483 -0.703165
    outer loop
      vertex 1.43599 31.2372 7.62939e-07
      vertex 1.07005 31.1063 7.62939e-07
      vertex 1.14858 32.1847 1
    endloop
  endfacet
  facet normal -0.235003 0.671227 -0.703014
    outer loop
      vertex 0.686583 32.0194 1
      vertex 1.07005 31.1063 7.62939e-07
      vertex 1.06548 31.1047 7.62939e-07
    endloop
  endfacet
  facet normal -0.239535 0.669476 -0.703153
    outer loop
      vertex 1.07005 31.1063 7.62939e-07
      vertex 0.686583 32.0194 1
      vertex 1.14858 32.1847 1
    endloop
  endfacet
  facet normal -0.607333 0.370029 -0.703012
    outer loop
      vertex -1.80961 29.757 1
      vertex -0.933919 29.2944 7.62939e-07
      vertex -0.936417 29.2903 7.62939e-07
    endloop
  endfacet
  facet normal -0.609883 0.365524 -0.703161
    outer loop
      vertex -0.933919 29.2944 7.62939e-07
      vertex -1.80961 29.757 1
      vertex -1.55735 30.1779 1
    endloop
  endfacet
  facet normal 0.689689 0.172879 -0.703166
    outer loop
      vertex 66.3317 28.187 7.62939e-07
      vertex 66.2372 28.564 7.62939e-07
      vertex 67.1847 28.8514 1
    endloop
  endfacet
  facet normal 0.102618 0.703664 -0.703084
    outer loop
      vertex 63.1775 31.3336 7.62939e-07
      vertex 63.3755 32.3039 1
      vertex 63.1823 31.3329 7.62939e-07
    endloop
  endfacet
  facet normal 0.104331 0.703364 -0.703132
    outer loop
      vertex 63.3755 32.3039 1
      vertex 63.1775 31.3336 7.62939e-07
      vertex 62.8901 32.3759 1
    endloop
  endfacet
  facet normal 0.172879 0.689689 -0.703166
    outer loop
      vertex 63.564 31.2372 7.62939e-07
      vertex 63.187 31.3317 7.62939e-07
      vertex 63.8514 32.1847 1
    endloop
  endfacet
  facet normal 0.239504 0.669477 -0.703163
    outer loop
      vertex 63.9299 31.1063 7.62939e-07
      vertex 63.564 31.2372 7.62939e-07
      vertex 63.8514 32.1847 1
    endloop
  endfacet
  facet normal 0.710615 0 -0.703581
    outer loop
      vertex 67.4 23.41 1
      vertex 66.4099 27.4 7.62939e-07
      vertex 67.4 27.4 1
    endloop
  endfacet
  facet normal 0.710615 0 -0.703581
    outer loop
      vertex 66.4099 27.4 7.62939e-07
      vertex 67.4 23.41 1
      vertex 66.4099 23.41 7.62939e-07
    endloop
  endfacet
  facet normal 0.669473 0.239532 -0.703157
    outer loop
      vertex 66.1063 28.9299 7.62939e-07
      vertex 67.0194 29.3134 1
      vertex 67.1847 28.8514 1
    endloop
  endfacet
  facet normal 0.671742 0.233649 -0.702973
    outer loop
      vertex 67.0194 29.3134 1
      vertex 66.1063 28.9299 7.62939e-07
      vertex 66.1047 28.9345 7.62939e-07
    endloop
  endfacet
  facet normal -0.609893 0.365513 -0.703158
    outer loop
      vertex -0.933919 29.2944 7.62939e-07
      vertex -1.55735 30.1779 1
      vertex -0.73411 29.6278 7.62939e-07
    endloop
  endfacet
  facet normal -0.526783 0.477572 -0.703153
    outer loop
      vertex -0.496433 29.9475 7.62939e-07
      vertex -0.935534 30.9355 1
      vertex -0.235428 30.2354 7.62939e-07
    endloop
  endfacet
  facet normal -0.526908 0.477437 -0.703151
    outer loop
      vertex -1.26505 30.572 1
      vertex -0.496433 29.9475 7.62939e-07
      vertex -0.499695 29.9439 7.62939e-07
    endloop
  endfacet
  facet normal -0.526807 0.477555 -0.703147
    outer loop
      vertex -0.496433 29.9475 7.62939e-07
      vertex -1.26505 30.572 1
      vertex -0.935534 30.9355 1
    endloop
  endfacet
  facet normal 0.365631 0.609819 -0.70316
    outer loop
      vertex 64.2944 30.9339 7.62939e-07
      vertex 64.757 31.8096 1
      vertex 65.1778 31.5573 1
    endloop
  endfacet
  facet normal 0.370247 0.607205 -0.703007
    outer loop
      vertex 64.757 31.8096 1
      vertex 64.2944 30.9339 7.62939e-07
      vertex 64.2903 30.9364 7.62939e-07
    endloop
  endfacet
  facet normal 0.172763 0.689746 -0.703138
    outer loop
      vertex 63.187 31.3317 7.62939e-07
      vertex 63.3755 32.3039 1
      vertex 63.8514 32.1847 1
    endloop
  endfacet
  facet normal 0.175925 0.68904 -0.703047
    outer loop
      vertex 63.3755 32.3039 1
      vertex 63.187 31.3317 7.62939e-07
      vertex 63.1823 31.3329 7.62939e-07
    endloop
  endfacet
  facet normal 0 0 1
    outer loop
      vertex 53.6813 28.4785 1.3
      vertex 54.2611 28.5029 1.3
      vertex 54.258 28.5858 1.3
    endloop
  endfacet
  facet normal 0 0 1
    outer loop
      vertex 54.2611 28.5029 1.3
      vertex 53.6813 28.4785 1.3
      vertex 54.2601 28.4586 1.3
    endloop
  endfacet
  facet normal 0 0 1
    outer loop
      vertex 54.2601 28.4586 1.3
      vertex 53.6813 28.4785 1.3
      vertex 54.2571 28.4153 1.3
    endloop
  endfacet
  facet normal 0 0 1
    outer loop
      vertex 53.6766 28.557 1.3
      vertex 54.258 28.5858 1.3
      vertex 54.2488 28.6645 1.3
    endloop
  endfacet
  facet normal -0 0 1
    outer loop
      vertex 53.6798 28.4445 1.3
      vertex 54.2571 28.4153 1.3
      vertex 53.6813 28.4785 1.3
    endloop
  endfacet
  facet normal 0 0 1
    outer loop
      vertex 54.2571 28.4153 1.3
      vertex 53.6798 28.4445 1.3
      vertex 54.2523 28.3729 1.3
    endloop
  endfacet
  facet normal 0 0 1
    outer loop
      vertex 53.6766 28.557 1.3
      vertex 54.2488 28.6645 1.3
      vertex 54.2335 28.7389 1.3
    endloop
  endfacet
  facet normal 0 0 1
    outer loop
      vertex 54.2523 28.3729 1.3
      vertex 53.6798 28.4445 1.3
      vertex 54.2454 28.3315 1.3
    endloop
  endfacet
  facet normal -0 0 1
    outer loop
      vertex 53.6753 28.4104 1.3
      vertex 54.2454 28.3315 1.3
      vertex 53.6798 28.4445 1.3
    endloop
  endfacet
  facet normal 0 0 1
    outer loop
      vertex 53.6627 28.6264 1.3
      vertex 54.2335 28.7389 1.3
      vertex 54.212 28.8091 1.3
    endloop
  endfacet
  facet normal 0 0 1
    outer loop
      vertex 54.2454 28.3315 1.3
      vertex 53.6753 28.4104 1.3
      vertex 54.2366 28.2911 1.3
    endloop
  endfacet
  facet normal 0 0 1
    outer loop
      vertex 53.6627 28.6264 1.3
      vertex 54.212 28.8091 1.3
      vertex 54.1845 28.8751 1.3
    endloop
  endfacet
  facet normal 0 0 1
    outer loop
      vertex 54.2366 28.2911 1.3
      vertex 53.6753 28.4104 1.3
      vertex 54.2258 28.2516 1.3
    endloop
  endfacet
  facet normal -0 0 1
    outer loop
      vertex 53.6678 28.3761 1.3
      vertex 54.2258 28.2516 1.3
      vertex 53.6753 28.4104 1.3
    endloop
  endfacet
  facet normal 0 0 1
    outer loop
      vertex 53.6394 28.6865 1.3
      vertex 54.1845 28.8751 1.3
      vertex 54.1508 28.9369 1.3
    endloop
  endfacet
  facet normal 0 0 1
    outer loop
      vertex 54.2258 28.2516 1.3
      vertex 53.6678 28.3761 1.3
      vertex 54.2131 28.213 1.3
    endloop
  endfacet
  facet normal 0 0 1
    outer loop
      vertex 54.2131 28.213 1.3
      vertex 53.6678 28.3761 1.3
      vertex 54.1984 28.1754 1.3
    endloop
  endfacet
  facet normal 0 0 1
    outer loop
      vertex 53.6394 28.6865 1.3
      vertex 54.1508 28.9369 1.3
      vertex 54.1109 28.9945 1.3
    endloop
  endfacet
  facet normal 0 0 1
    outer loop
      vertex 54.1984 28.1754 1.3
      vertex 53.6678 28.3761 1.3
      vertex 54.1817 28.1388 1.3
    endloop
  endfacet
  facet normal -0 0 1
    outer loop
      vertex 53.6573 28.3417 1.3
      vertex 54.1817 28.1388 1.3
      vertex 53.6678 28.3761 1.3
    endloop
  endfacet
  facet normal 0 0 1
    outer loop
      vertex 53.6394 28.6865 1.3
      vertex 54.1109 28.9945 1.3
      vertex 54.065 29.0478 1.3
    endloop
  endfacet
  facet normal 0 0 1
    outer loop
      vertex 54.1817 28.1388 1.3
      vertex 53.6573 28.3417 1.3
      vertex 54.1635 28.1029 1.3
    endloop
  endfacet
  facet normal -0 0 1
    outer loop
      vertex 53.6439 28.3071 1.3
      vertex 54.1635 28.1029 1.3
      vertex 53.6573 28.3417 1.3
    endloop
  endfacet
  facet normal 0 0 1
    outer loop
      vertex 53.6069 28.7373 1.3
      vertex 54.065 29.0478 1.3
      vertex 54.0129 29.0969 1.3
    endloop
  endfacet
  facet normal 0 0 1
    outer loop
      vertex 54.1635 28.1029 1.3
      vertex 53.6439 28.3071 1.3
      vertex 54.1442 28.0677 1.3
    endloop
  endfacet
  facet normal 0 0 1
    outer loop
      vertex 54.1442 28.0677 1.3
      vertex 53.6439 28.3071 1.3
      vertex 54.1239 28.0331 1.3
    endloop
  endfacet
  facet normal 0 0 1
    outer loop
      vertex 53.6069 28.7373 1.3
      vertex 54.0129 29.0969 1.3
      vertex 53.9551 29.1413 1.3
    endloop
  endfacet
  facet normal -0 0 1
    outer loop
      vertex 53.6275 28.2723 1.3
      vertex 54.1239 28.0331 1.3
      vertex 53.6439 28.3071 1.3
    endloop
  endfacet
  facet normal 0 0 1
    outer loop
      vertex 54.1239 28.0331 1.3
      vertex 53.6275 28.2723 1.3
      vertex 54.1024 27.9991 1.3
    endloop
  endfacet
  facet normal 0 0 1
    outer loop
      vertex 54.1024 27.9991 1.3
      vertex 53.6275 28.2723 1.3
      vertex 54.0798 27.9658 1.3
    endloop
  endfacet
  facet normal 0 0 1
    outer loop
      vertex 53.6069 28.7373 1.3
      vertex 53.9551 29.1413 1.3
      vertex 53.8919 29.1805 1.3
    endloop
  endfacet
  facet normal -0 0 1
    outer loop
      vertex 53.608 28.2375 1.3
      vertex 54.0798 27.9658 1.3
      vertex 53.6275 28.2723 1.3
    endloop
  endfacet
  facet normal 0 0 1
    outer loop
      vertex 54.0798 27.9658 1.3
      vertex 53.608 28.2375 1.3
      vertex 54.0561 27.9331 1.3
    endloop
  endfacet
  facet normal 0 0 1
    outer loop
      vertex 53.5651 28.7789 1.3
      vertex 53.8919 29.1805 1.3
      vertex 53.8234 29.2145 1.3
    endloop
  endfacet
  facet normal 0 0 1
    outer loop
      vertex 54.0561 27.9331 1.3
      vertex 53.608 28.2375 1.3
      vertex 54.0312 27.901 1.3
    endloop
  endfacet
  facet normal -0 0 1
    outer loop
      vertex 53.5856 28.2024 1.3
      vertex 54.0312 27.901 1.3
      vertex 53.608 28.2375 1.3
    endloop
  endfacet
  facet normal 0 0 1
    outer loop
      vertex 53.5651 28.7789 1.3
      vertex 53.8234 29.2145 1.3
      vertex 53.7497 29.2432 1.3
    endloop
  endfacet
  facet normal 0 0 1
    outer loop
      vertex 54.0312 27.901 1.3
      vertex 53.5856 28.2024 1.3
      vertex 54.0053 27.8695 1.3
    endloop
  endfacet
  facet normal 0 0 1
    outer loop
      vertex 54.0053 27.8695 1.3
      vertex 53.5856 28.2024 1.3
      vertex 53.9783 27.8387 1.3
    endloop
  endfacet
  facet normal -0 0 1
    outer loop
      vertex 53.5602 28.1672 1.3
      vertex 53.9783 27.8387 1.3
      vertex 53.5856 28.2024 1.3
    endloop
  endfacet
  facet normal 0 0 1
    outer loop
      vertex 54.258 28.5858 1.3
      vertex 53.6766 28.557 1.3
      vertex 53.6813 28.4785 1.3
    endloop
  endfacet
  facet normal 0 0 1
    outer loop
      vertex 53.514 28.8112 1.3
      vertex 53.7497 29.2432 1.3
      vertex 53.6705 29.2667 1.3
    endloop
  endfacet
  facet normal 0 0 1
    outer loop
      vertex 54.2335 28.7389 1.3
      vertex 53.6627 28.6264 1.3
      vertex 53.6766 28.557 1.3
    endloop
  endfacet
  facet normal 0 0 1
    outer loop
      vertex 54.1845 28.8751 1.3
      vertex 53.6394 28.6865 1.3
      vertex 53.6627 28.6264 1.3
    endloop
  endfacet
  facet normal 0 0 1
    outer loop
      vertex 54.065 29.0478 1.3
      vertex 53.6069 28.7373 1.3
      vertex 53.6394 28.6865 1.3
    endloop
  endfacet
  facet normal 0 0 1
    outer loop
      vertex 53.514 28.8112 1.3
      vertex 53.6705 29.2667 1.3
      vertex 53.5861 29.285 1.3
    endloop
  endfacet
  facet normal 0 0 1
    outer loop
      vertex 53.8919 29.1805 1.3
      vertex 53.5651 28.7789 1.3
      vertex 53.6069 28.7373 1.3
    endloop
  endfacet
  facet normal 0 0 1
    outer loop
      vertex 53.7497 29.2432 1.3
      vertex 53.514 28.8112 1.3
      vertex 53.5651 28.7789 1.3
    endloop
  endfacet
  facet normal 0 0 1
    outer loop
      vertex 53.4536 28.8343 1.3
      vertex 53.5861 29.285 1.3
      vertex 53.4963 29.2981 1.3
    endloop
  endfacet
  facet normal 0 0 1
    outer loop
      vertex 53.5861 29.285 1.3
      vertex 53.4536 28.8343 1.3
      vertex 53.514 28.8112 1.3
    endloop
  endfacet
  facet normal 0 0 1
    outer loop
      vertex 53.3839 28.8482 1.3
      vertex 53.4963 29.2981 1.3
      vertex 53.4013 29.3059 1.3
    endloop
  endfacet
  facet normal 0 0 1
    outer loop
      vertex 53.4963 29.2981 1.3
      vertex 53.3839 28.8482 1.3
      vertex 53.4536 28.8343 1.3
    endloop
  endfacet
  facet normal 0 0 1
    outer loop
      vertex 53.4013 29.3059 1.3
      vertex 53.3049 28.8528 1.3
      vertex 53.3839 28.8482 1.3
    endloop
  endfacet
  facet normal 0 0 1
    outer loop
      vertex 53.3008 29.3085 1.3
      vertex 53.3049 28.8528 1.3
      vertex 53.4013 29.3059 1.3
    endloop
  endfacet
  facet normal 0 0 1
    outer loop
      vertex 53.3008 29.3085 1.3
      vertex 53.2653 28.8516 1.3
      vertex 53.3049 28.8528 1.3
    endloop
  endfacet
  facet normal -0 0 1
    outer loop
      vertex 53.2077 29.3059 1.3
      vertex 53.2653 28.8516 1.3
      vertex 53.3008 29.3085 1.3
    endloop
  endfacet
  facet normal 0 0 1
    outer loop
      vertex 53.2653 28.8516 1.3
      vertex 53.2077 29.3059 1.3
      vertex 53.2278 28.848 1.3
    endloop
  endfacet
  facet normal -0 0 1
    outer loop
      vertex 53.1189 29.2982 1.3
      vertex 53.2278 28.848 1.3
      vertex 53.2077 29.3059 1.3
    endloop
  endfacet
  facet normal 0 0 1
    outer loop
      vertex 53.2278 28.848 1.3
      vertex 53.1189 29.2982 1.3
      vertex 53.1925 28.8419 1.3
    endloop
  endfacet
  facet normal 0 0 1
    outer loop
      vertex 53.1925 28.8419 1.3
      vertex 53.1189 29.2982 1.3
      vertex 53.1592 28.8333 1.3
    endloop
  endfacet
  facet normal -0 0 1
    outer loop
      vertex 53.0347 29.2852 1.3
      vertex 53.1592 28.8333 1.3
      vertex 53.1189 29.2982 1.3
    endloop
  endfacet
  facet normal 0 0 1
    outer loop
      vertex 53.1592 28.8333 1.3
      vertex 53.0347 29.2852 1.3
      vertex 53.1282 28.8224 1.3
    endloop
  endfacet
  facet normal -0 0 1
    outer loop
      vertex 52.9548 29.2671 1.3
      vertex 53.1282 28.8224 1.3
      vertex 53.0347 29.2852 1.3
    endloop
  endfacet
  facet normal 0 0 1
    outer loop
      vertex 53.1282 28.8224 1.3
      vertex 52.9548 29.2671 1.3
      vertex 53.0992 28.809 1.3
    endloop
  endfacet
  facet normal -0 0 1
    outer loop
      vertex 52.8795 29.2438 1.3
      vertex 53.0992 28.809 1.3
      vertex 52.9548 29.2671 1.3
    endloop
  endfacet
  facet normal 0 0 1
    outer loop
      vertex 53.0992 28.809 1.3
      vertex 52.8795 29.2438 1.3
      vertex 53.0724 28.7931 1.3
    endloop
  endfacet
  facet normal -0 0 1
    outer loop
      vertex 52.8085 29.2154 1.3
      vertex 53.0724 28.7931 1.3
      vertex 52.8795 29.2438 1.3
    endloop
  endfacet
  facet normal 0 0 1
    outer loop
      vertex 53.0724 28.7931 1.3
      vertex 52.8085 29.2154 1.3
      vertex 53.0477 28.7749 1.3
    endloop
  endfacet
  facet normal -0 0 1
    outer loop
      vertex 52.742 29.1818 1.3
      vertex 53.0477 28.7749 1.3
      vertex 52.8085 29.2154 1.3
    endloop
  endfacet
  facet normal 0 0 1
    outer loop
      vertex 53.0477 28.7749 1.3
      vertex 52.742 29.1818 1.3
      vertex 53.0252 28.7542 1.3
    endloop
  endfacet
  facet normal -0 0 1
    outer loop
      vertex 52.68 29.143 1.3
      vertex 53.0252 28.7542 1.3
      vertex 52.742 29.1818 1.3
    endloop
  endfacet
  facet normal 0 0 1
    outer loop
      vertex 53.0252 28.7542 1.3
      vertex 52.68 29.143 1.3
      vertex 53.0046 28.731 1.3
    endloop
  endfacet
  facet normal -0 0 1
    outer loop
      vertex 52.6224 29.099 1.3
      vertex 53.0046 28.731 1.3
      vertex 52.68 29.143 1.3
    endloop
  endfacet
  facet normal 0 0 1
    outer loop
      vertex 53.0046 28.731 1.3
      vertex 52.6224 29.099 1.3
      vertex 52.9856 28.7054 1.3
    endloop
  endfacet
  facet normal -0 0 1
    outer loop
      vertex 52.5695 29.0501 1.3
      vertex 52.9856 28.7054 1.3
      vertex 52.6224 29.099 1.3
    endloop
  endfacet
  facet normal -0 0 1
    outer loop
      vertex 52.5215 28.9965 1.3
      vertex 52.9856 28.7054 1.3
      vertex 52.5695 29.0501 1.3
    endloop
  endfacet
  facet normal 0 0 1
    outer loop
      vertex 52.9856 28.7054 1.3
      vertex 52.5215 28.9965 1.3
      vertex 52.9683 28.6774 1.3
    endloop
  endfacet
  facet normal -0 0 1
    outer loop
      vertex 52.4785 28.9383 1.3
      vertex 52.9683 28.6774 1.3
      vertex 52.5215 28.9965 1.3
    endloop
  endfacet
  facet normal 0 0 1
    outer loop
      vertex 52.9683 28.6774 1.3
      vertex 52.4785 28.9383 1.3
      vertex 52.9528 28.647 1.3
    endloop
  endfacet
  facet normal -0 0 1
    outer loop
      vertex 52.4404 28.8754 1.3
      vertex 52.9528 28.647 1.3
      vertex 52.4785 28.9383 1.3
    endloop
  endfacet
  facet normal 0 0 1
    outer loop
      vertex 52.9528 28.647 1.3
      vertex 52.4404 28.8754 1.3
      vertex 52.9389 28.6141 1.3
    endloop
  endfacet
  facet normal -0 0 1
    outer loop
      vertex 52.4073 28.8078 1.3
      vertex 52.9389 28.6141 1.3
      vertex 52.4404 28.8754 1.3
    endloop
  endfacet
  facet normal 0 0 1
    outer loop
      vertex 52.9389 28.6141 1.3
      vertex 52.4073 28.8078 1.3
      vertex 52.9266 28.5787 1.3
    endloop
  endfacet
  facet normal -0 0 1
    outer loop
      vertex 52.3792 28.7355 1.3
      vertex 52.9266 28.5787 1.3
      vertex 52.4073 28.8078 1.3
    endloop
  endfacet
  facet normal 0 0 1
    outer loop
      vertex 52.9266 28.5787 1.3
      vertex 52.3792 28.7355 1.3
      vertex 52.9161 28.541 1.3
    endloop
  endfacet
  facet normal -0 0 1
    outer loop
      vertex 52.3559 28.6586 1.3
      vertex 52.9161 28.541 1.3
      vertex 52.3792 28.7355 1.3
    endloop
  endfacet
  facet normal 0 0 1
    outer loop
      vertex 52.9161 28.541 1.3
      vertex 52.3559 28.6586 1.3
      vertex 52.9072 28.5008 1.3
    endloop
  endfacet
  facet normal -0 0 1
    outer loop
      vertex 52.3377 28.577 1.3
      vertex 52.9072 28.5008 1.3
      vertex 52.3559 28.6586 1.3
    endloop
  endfacet
  facet normal 0 0 1
    outer loop
      vertex 52.9072 28.5008 1.3
      vertex 52.3377 28.577 1.3
      vertex 52.9001 28.4581 1.3
    endloop
  endfacet
  facet normal 0 0 1
    outer loop
      vertex 52.9001 28.4581 1.3
      vertex 52.3377 28.577 1.3
      vertex 52.3243 28.4907 1.3
    endloop
  endfacet
  facet normal 0 0 1
    outer loop
      vertex 53.9783 27.8387 1.3
      vertex 53.5602 28.1672 1.3
      vertex 53.9504 27.8084 1.3
    endloop
  endfacet
  facet normal -0 0 1
    outer loop
      vertex 53.5311 28.1309 1.3
      vertex 53.9504 27.8084 1.3
      vertex 53.5602 28.1672 1.3
    endloop
  endfacet
  facet normal 0 0 1
    outer loop
      vertex 53.9504 27.8084 1.3
      vertex 53.5311 28.1309 1.3
      vertex 53.9218 27.7785 1.3
    endloop
  endfacet
  facet normal 0 0 1
    outer loop
      vertex 53.9218 27.7785 1.3
      vertex 53.5311 28.1309 1.3
      vertex 53.8925 27.7491 1.3
    endloop
  endfacet
  facet normal -0 0 1
    outer loop
      vertex 53.4975 28.0925 1.3
      vertex 53.8925 27.7491 1.3
      vertex 53.5311 28.1309 1.3
    endloop
  endfacet
  facet normal 0 0 1
    outer loop
      vertex 53.8925 27.7491 1.3
      vertex 53.4975 28.0925 1.3
      vertex 53.8625 27.7201 1.3
    endloop
  endfacet
  facet normal 0 0 1
    outer loop
      vertex 53.8625 27.7201 1.3
      vertex 53.4975 28.0925 1.3
      vertex 53.8319 27.6915 1.3
    endloop
  endfacet
  facet normal -0 0 1
    outer loop
      vertex 53.4595 28.052 1.3
      vertex 53.8319 27.6915 1.3
      vertex 53.4975 28.0925 1.3
    endloop
  endfacet
  facet normal 0 0 1
    outer loop
      vertex 53.8319 27.6915 1.3
      vertex 53.4595 28.052 1.3
      vertex 53.8006 27.6633 1.3
    endloop
  endfacet
  facet normal -0 0 1
    outer loop
      vertex 53.4171 28.0093 1.3
      vertex 53.8006 27.6633 1.3
      vertex 53.4595 28.052 1.3
    endloop
  endfacet
  facet normal 0 0 1
    outer loop
      vertex 53.8006 27.6633 1.3
      vertex 53.4171 28.0093 1.3
      vertex 53.7686 27.6356 1.3
    endloop
  endfacet
  facet normal 0 0 1
    outer loop
      vertex 53.7686 27.6356 1.3
      vertex 53.4171 28.0093 1.3
      vertex 53.736 27.6082 1.3
    endloop
  endfacet
  facet normal -0 0 1
    outer loop
      vertex 53.3702 27.9646 1.3
      vertex 53.736 27.6082 1.3
      vertex 53.4171 28.0093 1.3
    endloop
  endfacet
  facet normal 0 0 1
    outer loop
      vertex 53.736 27.6082 1.3
      vertex 53.3702 27.9646 1.3
      vertex 53.7026 27.5814 1.3
    endloop
  endfacet
  facet normal 0 0 1
    outer loop
      vertex 53.7026 27.5814 1.3
      vertex 53.3702 27.9646 1.3
      vertex 53.669 27.5548 1.3
    endloop
  endfacet
  facet normal -0 0 1
    outer loop
      vertex 53.3188 27.9177 1.3
      vertex 53.669 27.5548 1.3
      vertex 53.3702 27.9646 1.3
    endloop
  endfacet
  facet normal 0 0 1
    outer loop
      vertex 53.669 27.5548 1.3
      vertex 53.3188 27.9177 1.3
      vertex 53.6026 27.502 1.3
    endloop
  endfacet
  facet normal -0 0 1
    outer loop
      vertex 53.263 27.8687 1.3
      vertex 53.6026 27.502 1.3
      vertex 53.3188 27.9177 1.3
    endloop
  endfacet
  facet normal 0 0 1
    outer loop
      vertex 53.6026 27.502 1.3
      vertex 53.263 27.8687 1.3
      vertex 53.537 27.4499 1.3
    endloop
  endfacet
  facet normal -0 0 1
    outer loop
      vertex 53.2028 27.8176 1.3
      vertex 53.537 27.4499 1.3
      vertex 53.263 27.8687 1.3
    endloop
  endfacet
  facet normal 0 0 1
    outer loop
      vertex 53.537 27.4499 1.3
      vertex 53.2028 27.8176 1.3
      vertex 53.4724 27.3983 1.3
    endloop
  endfacet
  facet normal -0 0 1
    outer loop
      vertex 53.1381 27.7644 1.3
      vertex 53.4724 27.3983 1.3
      vertex 53.2028 27.8176 1.3
    endloop
  endfacet
  facet normal 0 0 1
    outer loop
      vertex 53.4724 27.3983 1.3
      vertex 53.1381 27.7644 1.3
      vertex 53.4087 27.3474 1.3
    endloop
  endfacet
  facet normal -0 0 1
    outer loop
      vertex 53.0698 27.7082 1.3
      vertex 53.4087 27.3474 1.3
      vertex 53.1381 27.7644 1.3
    endloop
  endfacet
  facet normal 0 0 1
    outer loop
      vertex 53.4087 27.3474 1.3
      vertex 53.0698 27.7082 1.3
      vertex 53.3773 27.322 1.3
    endloop
  endfacet
  facet normal 0 0 1
    outer loop
      vertex 53.3773 27.322 1.3
      vertex 53.0698 27.7082 1.3
      vertex 53.3466 27.2967 1.3
    endloop
  endfacet
  facet normal -0 0 1
    outer loop
      vertex 53.0041 27.6524 1.3
      vertex 53.3466 27.2967 1.3
      vertex 53.0698 27.7082 1.3
    endloop
  endfacet
  facet normal 0 0 1
    outer loop
      vertex 53.3466 27.2967 1.3
      vertex 53.0041 27.6524 1.3
      vertex 53.3166 27.2712 1.3
    endloop
  endfacet
  facet normal 0 0 1
    outer loop
      vertex 53.3166 27.2712 1.3
      vertex 53.0041 27.6524 1.3
      vertex 53.2871 27.2457 1.3
    endloop
  endfacet
  facet normal -0 0 1
    outer loop
      vertex 52.9411 27.5972 1.3
      vertex 53.2871 27.2457 1.3
      vertex 53.0041 27.6524 1.3
    endloop
  endfacet
  facet normal 0 0 1
    outer loop
      vertex 53.2871 27.2457 1.3
      vertex 52.9411 27.5972 1.3
      vertex 53.2583 27.2202 1.3
    endloop
  endfacet
  facet normal 0 0 1
    outer loop
      vertex 53.2583 27.2202 1.3
      vertex 52.9411 27.5972 1.3
      vertex 53.2301 27.1946 1.3
    endloop
  endfacet
  facet normal -0 0 1
    outer loop
      vertex 52.8807 27.5424 1.3
      vertex 53.2301 27.1946 1.3
      vertex 52.9411 27.5972 1.3
    endloop
  endfacet
  facet normal 0 0 1
    outer loop
      vertex 53.2301 27.1946 1.3
      vertex 52.8807 27.5424 1.3
      vertex 53.2025 27.169 1.3
    endloop
  endfacet
  facet normal 0 0 1
    outer loop
      vertex 53.2025 27.169 1.3
      vertex 52.8807 27.5424 1.3
      vertex 53.1756 27.1433 1.3
    endloop
  endfacet
  facet normal -0 0 1
    outer loop
      vertex 52.8229 27.4882 1.3
      vertex 53.1756 27.1433 1.3
      vertex 52.8807 27.5424 1.3
    endloop
  endfacet
  facet normal 0 0 1
    outer loop
      vertex 53.1756 27.1433 1.3
      vertex 52.8229 27.4882 1.3
      vertex 53.1493 27.1175 1.3
    endloop
  endfacet
  facet normal -0 0 1
    outer loop
      vertex 52.7678 27.4344 1.3
      vertex 53.1493 27.1175 1.3
      vertex 52.8229 27.4882 1.3
    endloop
  endfacet
  facet normal 0 0 1
    outer loop
      vertex 53.1493 27.1175 1.3
      vertex 52.7678 27.4344 1.3
      vertex 53.124 27.0915 1.3
    endloop
  endfacet
  facet normal 0 0 1
    outer loop
      vertex 53.124 27.0915 1.3
      vertex 52.7678 27.4344 1.3
      vertex 53.1002 27.0652 1.3
    endloop
  endfacet
  facet normal -0 0 1
    outer loop
      vertex 52.7153 27.3812 1.3
      vertex 53.1002 27.0652 1.3
      vertex 52.7678 27.4344 1.3
    endloop
  endfacet
  facet normal 0 0 1
    outer loop
      vertex 53.1002 27.0652 1.3
      vertex 52.7153 27.3812 1.3
      vertex 53.0779 27.0384 1.3
    endloop
  endfacet
  facet normal -0 0 1
    outer loop
      vertex 52.6655 27.3284 1.3
      vertex 53.0779 27.0384 1.3
      vertex 52.7153 27.3812 1.3
    endloop
  endfacet
  facet normal 0 0 1
    outer loop
      vertex 53.0779 27.0384 1.3
      vertex 52.6655 27.3284 1.3
      vertex 53.0572 27.0112 1.3
    endloop
  endfacet
  facet normal -0 0 1
    outer loop
      vertex 52.9753 26.8693 1.3
      vertex 54.3058 26.3994 1.3
      vertex 54.3058 26.8693 1.3
    endloop
  endfacet
  facet normal 0 0 1
    outer loop
      vertex 53.0572 27.0112 1.3
      vertex 52.6655 27.3284 1.3
      vertex 53.0378 26.9837 1.3
    endloop
  endfacet
  facet normal -0 0 1
    outer loop
      vertex 52.6183 27.2762 1.3
      vertex 53.0378 26.9837 1.3
      vertex 52.6655 27.3284 1.3
    endloop
  endfacet
  facet normal 0 0 1
    outer loop
      vertex 53.0378 26.9837 1.3
      vertex 52.6183 27.2762 1.3
      vertex 53.02 26.9557 1.3
    endloop
  endfacet
  facet normal -0 0 1
    outer loop
      vertex 52.5736 27.2241 1.3
      vertex 53.02 26.9557 1.3
      vertex 52.6183 27.2762 1.3
    endloop
  endfacet
  facet normal 0 0 1
    outer loop
      vertex 53.02 26.9557 1.3
      vertex 52.5736 27.2241 1.3
      vertex 53.0036 26.9273 1.3
    endloop
  endfacet
  facet normal 0 0 1
    outer loop
      vertex 53.0036 26.9273 1.3
      vertex 52.5736 27.2241 1.3
      vertex 52.9887 26.8985 1.3
    endloop
  endfacet
  facet normal -0 0 1
    outer loop
      vertex 52.5312 27.1716 1.3
      vertex 52.9887 26.8985 1.3
      vertex 52.5736 27.2241 1.3
    endloop
  endfacet
  facet normal 0 0 1
    outer loop
      vertex 52.9887 26.8985 1.3
      vertex 52.5312 27.1716 1.3
      vertex 52.9753 26.8693 1.3
    endloop
  endfacet
  facet normal -0 0 1
    outer loop
      vertex 52.4912 27.1189 1.3
      vertex 52.9753 26.8693 1.3
      vertex 52.5312 27.1716 1.3
    endloop
  endfacet
  facet normal -0 0 1
    outer loop
      vertex 52.4534 27.0658 1.3
      vertex 52.9753 26.8693 1.3
      vertex 52.4912 27.1189 1.3
    endloop
  endfacet
  facet normal -0 0 1
    outer loop
      vertex 52.4181 27.0125 1.3
      vertex 52.9753 26.8693 1.3
      vertex 52.4534 27.0658 1.3
    endloop
  endfacet
  facet normal -0 0 1
    outer loop
      vertex 52.385 26.9588 1.3
      vertex 52.9753 26.8693 1.3
      vertex 52.4181 27.0125 1.3
    endloop
  endfacet
  facet normal -0 0 1
    outer loop
      vertex 52.3543 26.9049 1.3
      vertex 52.9753 26.8693 1.3
      vertex 52.385 26.9588 1.3
    endloop
  endfacet
  facet normal 0 0 1
    outer loop
      vertex 52.326 26.8506 1.3
      vertex 52.9753 26.8693 1.3
      vertex 52.3543 26.9049 1.3
    endloop
  endfacet
  facet normal 0 0 1
    outer loop
      vertex 52.2999 26.7961 1.3
      vertex 52.9753 26.8693 1.3
      vertex 52.326 26.8506 1.3
    endloop
  endfacet
  facet normal 0 0 1
    outer loop
      vertex 52.9753 26.8693 1.3
      vertex 52.2999 26.7961 1.3
      vertex 52.2999 26.3994 1.3
    endloop
  endfacet
  facet normal 0 0 1
    outer loop
      vertex 52.9753 26.8693 1.3
      vertex 52.2999 26.3994 1.3
      vertex 54.3058 26.3994 1.3
    endloop
  endfacet
  facet normal -0 0 1
    outer loop
      vertex 43.1443 27.9464 1.3
      vertex 43.7593 27.8458 1.3
      vertex 43.7546 27.9937 1.3
    endloop
  endfacet
  facet normal 0 0 1
    outer loop
      vertex 43.7593 27.8458 1.3
      vertex 43.147 27.8458 1.3
      vertex 43.7571 27.7477 1.3
    endloop
  endfacet
  facet normal -0 0 1
    outer loop
      vertex 43.1361 28.0421 1.3
      vertex 43.7546 27.9937 1.3
      vertex 43.7404 28.1343 1.3
    endloop
  endfacet
  facet normal 0 0 1
    outer loop
      vertex 43.1443 27.7405 1.3
      vertex 43.7571 27.7477 1.3
      vertex 43.147 27.8458 1.3
    endloop
  endfacet
  facet normal 0 0 1
    outer loop
      vertex 43.7571 27.7477 1.3
      vertex 43.1443 27.7405 1.3
      vertex 43.7506 27.6522 1.3
    endloop
  endfacet
  facet normal 0 0 1
    outer loop
      vertex 43.1226 28.1328 1.3
      vertex 43.7404 28.1343 1.3
      vertex 43.7167 28.2678 1.3
    endloop
  endfacet
  facet normal 0 0 1
    outer loop
      vertex 43.1362 27.6407 1.3
      vertex 43.7506 27.6522 1.3
      vertex 43.1443 27.7405 1.3
    endloop
  endfacet
  facet normal 0 0 1
    outer loop
      vertex 43.1036 28.2185 1.3
      vertex 43.7167 28.2678 1.3
      vertex 43.6836 28.3941 1.3
    endloop
  endfacet
  facet normal 0 0 1
    outer loop
      vertex 43.7506 27.6522 1.3
      vertex 43.1362 27.6407 1.3
      vertex 43.7397 27.5594 1.3
    endloop
  endfacet
  facet normal 0 0 1
    outer loop
      vertex 43.7397 27.5594 1.3
      vertex 43.1362 27.6407 1.3
      vertex 43.7244 27.4693 1.3
    endloop
  endfacet
  facet normal 0 0 1
    outer loop
      vertex 43.0792 28.2993 1.3
      vertex 43.6836 28.3941 1.3
      vertex 43.641 28.5133 1.3
    endloop
  endfacet
  facet normal -0 0 1
    outer loop
      vertex 43.1227 27.5463 1.3
      vertex 43.7244 27.4693 1.3
      vertex 43.1362 27.6407 1.3
    endloop
  endfacet
  facet normal 0 0 1
    outer loop
      vertex 43.0792 28.2993 1.3
      vertex 43.641 28.5133 1.3
      vertex 43.5889 28.6252 1.3
    endloop
  endfacet
  facet normal 0 0 1
    outer loop
      vertex 43.7244 27.4693 1.3
      vertex 43.1227 27.5463 1.3
      vertex 43.7047 27.3818 1.3
    endloop
  endfacet
  facet normal -0 0 1
    outer loop
      vertex 43.1038 27.4574 1.3
      vertex 43.7047 27.3818 1.3
      vertex 43.1227 27.5463 1.3
    endloop
  endfacet
  facet normal 0 0 1
    outer loop
      vertex 43.0494 28.3752 1.3
      vertex 43.5889 28.6252 1.3
      vertex 43.5273 28.73 1.3
    endloop
  endfacet
  facet normal 0 0 1
    outer loop
      vertex 43.7047 27.3818 1.3
      vertex 43.1038 27.4574 1.3
      vertex 43.6807 27.297 1.3
    endloop
  endfacet
  facet normal 0 0 1
    outer loop
      vertex 43.0141 28.4461 1.3
      vertex 43.5273 28.73 1.3
      vertex 43.4563 28.8275 1.3
    endloop
  endfacet
  facet normal 0 0 1
    outer loop
      vertex 43.6807 27.297 1.3
      vertex 43.1038 27.4574 1.3
      vertex 43.6523 27.2148 1.3
    endloop
  endfacet
  facet normal -0 0 1
    outer loop
      vertex 43.0795 27.374 1.3
      vertex 43.6523 27.2148 1.3
      vertex 43.1038 27.4574 1.3
    endloop
  endfacet
  facet normal 0 0 1
    outer loop
      vertex 42.9734 28.5121 1.3
      vertex 43.4563 28.8275 1.3
      vertex 43.3758 28.9179 1.3
    endloop
  endfacet
  facet normal 0 0 1
    outer loop
      vertex 43.6523 27.2148 1.3
      vertex 43.0795 27.374 1.3
      vertex 43.6195 27.1353 1.3
    endloop
  endfacet
  facet normal 0 0 1
    outer loop
      vertex 42.9273 28.5731 1.3
      vertex 43.3758 28.9179 1.3
      vertex 43.2869 28.9999 1.3
    endloop
  endfacet
  facet normal -0 0 1
    outer loop
      vertex 43.0498 27.2961 1.3
      vertex 43.6195 27.1353 1.3
      vertex 43.0795 27.374 1.3
    endloop
  endfacet
  facet normal 0 0 1
    outer loop
      vertex 43.6195 27.1353 1.3
      vertex 43.0498 27.2961 1.3
      vertex 43.5823 27.0585 1.3
    endloop
  endfacet
  facet normal 0 0 1
    outer loop
      vertex 42.8763 28.6284 1.3
      vertex 43.2869 28.9999 1.3
      vertex 43.1907 29.0722 1.3
    endloop
  endfacet
  facet normal 0 0 1
    outer loop
      vertex 43.5823 27.0585 1.3
      vertex 43.0498 27.2961 1.3
      vertex 43.5411 26.985 1.3
    endloop
  endfacet
  facet normal -0 0 1
    outer loop
      vertex 43.0147 27.2236 1.3
      vertex 43.5411 26.985 1.3
      vertex 43.0498 27.2961 1.3
    endloop
  endfacet
  facet normal 0 0 1
    outer loop
      vertex 43.7593 27.8458 1.3
      vertex 43.1443 27.9464 1.3
      vertex 43.147 27.8458 1.3
    endloop
  endfacet
  facet normal 0 0 1
    outer loop
      vertex 43.7546 27.9937 1.3
      vertex 43.1361 28.0421 1.3
      vertex 43.1443 27.9464 1.3
    endloop
  endfacet
  facet normal 0 0 1
    outer loop
      vertex 43.7404 28.1343 1.3
      vertex 43.1226 28.1328 1.3
      vertex 43.1361 28.0421 1.3
    endloop
  endfacet
  facet normal 0 0 1
    outer loop
      vertex 43.7167 28.2678 1.3
      vertex 43.1036 28.2185 1.3
      vertex 43.1226 28.1328 1.3
    endloop
  endfacet
  facet normal 0 0 1
    outer loop
      vertex 42.8209 28.6772 1.3
      vertex 43.1907 29.0722 1.3
      vertex 43.0871 29.1349 1.3
    endloop
  endfacet
  facet normal 0 0 1
    outer loop
      vertex 43.6836 28.3941 1.3
      vertex 43.0792 28.2993 1.3
      vertex 43.1036 28.2185 1.3
    endloop
  endfacet
  facet normal 0 0 1
    outer loop
      vertex 43.5889 28.6252 1.3
      vertex 43.0494 28.3752 1.3
      vertex 43.0792 28.2993 1.3
    endloop
  endfacet
  facet normal 0 0 1
    outer loop
      vertex 43.5273 28.73 1.3
      vertex 43.0141 28.4461 1.3
      vertex 43.0494 28.3752 1.3
    endloop
  endfacet
  facet normal 0 0 1
    outer loop
      vertex 42.7611 28.7194 1.3
      vertex 43.0871 29.1349 1.3
      vertex 42.9761 29.188 1.3
    endloop
  endfacet
  facet normal 0 0 1
    outer loop
      vertex 43.4563 28.8275 1.3
      vertex 42.9734 28.5121 1.3
      vertex 43.0141 28.4461 1.3
    endloop
  endfacet
  facet normal 0 0 1
    outer loop
      vertex 43.3758 28.9179 1.3
      vertex 42.9273 28.5731 1.3
      vertex 42.9734 28.5121 1.3
    endloop
  endfacet
  facet normal 0 0 1
    outer loop
      vertex 43.2869 28.9999 1.3
      vertex 42.8763 28.6284 1.3
      vertex 42.9273 28.5731 1.3
    endloop
  endfacet
  facet normal 0 0 1
    outer loop
      vertex 42.697 28.7552 1.3
      vertex 42.9761 29.188 1.3
      vertex 42.8578 29.2314 1.3
    endloop
  endfacet
  facet normal 0 0 1
    outer loop
      vertex 43.1907 29.0722 1.3
      vertex 42.8209 28.6772 1.3
      vertex 42.8763 28.6284 1.3
    endloop
  endfacet
  facet normal 0 0 1
    outer loop
      vertex 43.0871 29.1349 1.3
      vertex 42.7611 28.7194 1.3
      vertex 42.8209 28.6772 1.3
    endloop
  endfacet
  facet normal 0 0 1
    outer loop
      vertex 42.6285 28.7845 1.3
      vertex 42.8578 29.2314 1.3
      vertex 42.7321 29.2651 1.3
    endloop
  endfacet
  facet normal 0 0 1
    outer loop
      vertex 42.9761 29.188 1.3
      vertex 42.697 28.7552 1.3
      vertex 42.7611 28.7194 1.3
    endloop
  endfacet
  facet normal 0 0 1
    outer loop
      vertex 42.8578 29.2314 1.3
      vertex 42.6285 28.7845 1.3
      vertex 42.697 28.7552 1.3
    endloop
  endfacet
  facet normal 0 0 1
    outer loop
      vertex 42.5557 28.8073 1.3
      vertex 42.7321 29.2651 1.3
      vertex 42.5991 29.2892 1.3
    endloop
  endfacet
  facet normal 0 0 1
    outer loop
      vertex 42.7321 29.2651 1.3
      vertex 42.5557 28.8073 1.3
      vertex 42.6285 28.7845 1.3
    endloop
  endfacet
  facet normal 0 0 1
    outer loop
      vertex 42.5991 29.2892 1.3
      vertex 42.4784 28.8235 1.3
      vertex 42.5557 28.8073 1.3
    endloop
  endfacet
  facet normal 0 0 1
    outer loop
      vertex 42.4586 29.3037 1.3
      vertex 42.4784 28.8235 1.3
      vertex 42.5991 29.2892 1.3
    endloop
  endfacet
  facet normal 0 0 1
    outer loop
      vertex 42.4586 29.3037 1.3
      vertex 42.3968 28.8333 1.3
      vertex 42.4784 28.8235 1.3
    endloop
  endfacet
  facet normal 0 0 1
    outer loop
      vertex 42.3109 29.3085 1.3
      vertex 42.3968 28.8333 1.3
      vertex 42.4586 29.3037 1.3
    endloop
  endfacet
  facet normal 0 0 1
    outer loop
      vertex 42.3109 29.3085 1.3
      vertex 42.3109 28.8365 1.3
      vertex 42.3968 28.8333 1.3
    endloop
  endfacet
  facet normal 0 0 1
    outer loop
      vertex 42.3109 29.3085 1.3
      vertex 42.2236 28.8333 1.3
      vertex 42.3109 28.8365 1.3
    endloop
  endfacet
  facet normal -0 0 1
    outer loop
      vertex 42.1631 29.3038 1.3
      vertex 42.2236 28.8333 1.3
      vertex 42.3109 29.3085 1.3
    endloop
  endfacet
  facet normal 0 0 1
    outer loop
      vertex 42.1631 29.3038 1.3
      vertex 42.1409 28.8236 1.3
      vertex 42.2236 28.8333 1.3
    endloop
  endfacet
  facet normal -0 0 1
    outer loop
      vertex 42.0227 29.2894 1.3
      vertex 42.1409 28.8236 1.3
      vertex 42.1631 29.3038 1.3
    endloop
  endfacet
  facet normal 0 0 1
    outer loop
      vertex 42.1409 28.8236 1.3
      vertex 42.0227 29.2894 1.3
      vertex 42.0627 28.8075 1.3
    endloop
  endfacet
  facet normal -0 0 1
    outer loop
      vertex 41.8898 29.2656 1.3
      vertex 42.0627 28.8075 1.3
      vertex 42.0227 29.2894 1.3
    endloop
  endfacet
  facet normal 0 0 1
    outer loop
      vertex 42.0627 28.8075 1.3
      vertex 41.8898 29.2656 1.3
      vertex 41.989 28.7849 1.3
    endloop
  endfacet
  facet normal -0 0 1
    outer loop
      vertex 41.7642 29.2322 1.3
      vertex 41.989 28.7849 1.3
      vertex 41.8898 29.2656 1.3
    endloop
  endfacet
  facet normal 0 0 1
    outer loop
      vertex 41.989 28.7849 1.3
      vertex 41.7642 29.2322 1.3
      vertex 41.9198 28.7559 1.3
    endloop
  endfacet
  facet normal -0 0 1
    outer loop
      vertex 41.6459 29.1892 1.3
      vertex 41.9198 28.7559 1.3
      vertex 41.7642 29.2322 1.3
    endloop
  endfacet
  facet normal 0 0 1
    outer loop
      vertex 41.9198 28.7559 1.3
      vertex 41.6459 29.1892 1.3
      vertex 41.8552 28.7203 1.3
    endloop
  endfacet
  facet normal -0 0 1
    outer loop
      vertex 41.5351 29.1367 1.3
      vertex 41.8552 28.7203 1.3
      vertex 41.6459 29.1892 1.3
    endloop
  endfacet
  facet normal 0 0 1
    outer loop
      vertex 41.8552 28.7203 1.3
      vertex 41.5351 29.1367 1.3
      vertex 41.795 28.6784 1.3
    endloop
  endfacet
  facet normal -0 0 1
    outer loop
      vertex 41.4316 29.0747 1.3
      vertex 41.795 28.6784 1.3
      vertex 41.5351 29.1367 1.3
    endloop
  endfacet
  facet normal 0 0 1
    outer loop
      vertex 41.795 28.6784 1.3
      vertex 41.4316 29.0747 1.3
      vertex 41.7394 28.63 1.3
    endloop
  endfacet
  facet normal -0 0 1
    outer loop
      vertex 41.3356 29.0031 1.3
      vertex 41.7394 28.63 1.3
      vertex 41.4316 29.0747 1.3
    endloop
  endfacet
  facet normal 0 0 1
    outer loop
      vertex 41.7394 28.63 1.3
      vertex 41.3356 29.0031 1.3
      vertex 41.6883 28.5751 1.3
    endloop
  endfacet
  facet normal -0 0 1
    outer loop
      vertex 41.2469 28.922 1.3
      vertex 41.6883 28.5751 1.3
      vertex 41.3356 29.0031 1.3
    endloop
  endfacet
  facet normal 0 0 1
    outer loop
      vertex 41.6883 28.5751 1.3
      vertex 41.2469 28.922 1.3
      vertex 41.6422 28.5145 1.3
    endloop
  endfacet
  facet normal -0 0 1
    outer loop
      vertex 41.1666 28.8323 1.3
      vertex 41.6422 28.5145 1.3
      vertex 41.2469 28.922 1.3
    endloop
  endfacet
  facet normal 0 0 1
    outer loop
      vertex 41.6422 28.5145 1.3
      vertex 41.1666 28.8323 1.3
      vertex 41.6016 28.4487 1.3
    endloop
  endfacet
  facet normal -0 0 1
    outer loop
      vertex 41.0958 28.7352 1.3
      vertex 41.6016 28.4487 1.3
      vertex 41.1666 28.8323 1.3
    endloop
  endfacet
  facet normal 0 0 1
    outer loop
      vertex 41.6016 28.4487 1.3
      vertex 41.0958 28.7352 1.3
      vertex 41.5663 28.3779 1.3
    endloop
  endfacet
  facet normal 0 0 1
    outer loop
      vertex 40.8644 27.8458 1.3
      vertex 41.4687 27.8458 1.3
      vertex 41.4714 27.9472 1.3
    endloop
  endfacet
  facet normal -0 0 1
    outer loop
      vertex 41.0344 28.6306 1.3
      vertex 41.5663 28.3779 1.3
      vertex 41.0958 28.7352 1.3
    endloop
  endfacet
  facet normal 0 0 1
    outer loop
      vertex 41.5663 28.3779 1.3
      vertex 41.0344 28.6306 1.3
      vertex 41.5365 28.302 1.3
    endloop
  endfacet
  facet normal 0 0 1
    outer loop
      vertex 41.4687 27.8458 1.3
      vertex 40.8644 27.8458 1.3
      vertex 40.8691 27.6958 1.3
    endloop
  endfacet
  facet normal -0 0 1
    outer loop
      vertex 40.9825 28.5185 1.3
      vertex 41.5365 28.302 1.3
      vertex 41.0344 28.6306 1.3
    endloop
  endfacet
  facet normal 0 0 1
    outer loop
      vertex 41.4687 27.8458 1.3
      vertex 40.8691 27.6958 1.3
      vertex 40.8834 27.5529 1.3
    endloop
  endfacet
  facet normal -0 0 1
    outer loop
      vertex 40.94 28.399 1.3
      vertex 41.5365 28.302 1.3
      vertex 40.9825 28.5185 1.3
    endloop
  endfacet
  facet normal 0 0 1
    outer loop
      vertex 41.4687 27.8458 1.3
      vertex 41.3367 26.6729 1.3
      vertex 41.4328 26.5993 1.3
    endloop
  endfacet
  facet normal 0 0 1
    outer loop
      vertex 41.5365 28.302 1.3
      vertex 40.94 28.399 1.3
      vertex 41.512 28.2209 1.3
    endloop
  endfacet
  facet normal 0 0 1
    outer loop
      vertex 41.4687 27.8458 1.3
      vertex 41.2479 26.7564 1.3
      vertex 41.3367 26.6729 1.3
    endloop
  endfacet
  facet normal -0 0 1
    outer loop
      vertex 40.9069 28.2719 1.3
      vertex 41.512 28.2209 1.3
      vertex 40.94 28.399 1.3
    endloop
  endfacet
  facet normal 0 0 1
    outer loop
      vertex 41.4687 27.8458 1.3
      vertex 41.1674 26.8484 1.3
      vertex 41.2479 26.7564 1.3
    endloop
  endfacet
  facet normal 0 0 1
    outer loop
      vertex 41.512 28.2209 1.3
      vertex 40.9069 28.2719 1.3
      vertex 41.4931 28.1348 1.3
    endloop
  endfacet
  facet normal 0 0 1
    outer loop
      vertex 41.4687 27.8458 1.3
      vertex 41.0964 26.9477 1.3
      vertex 41.1674 26.8484 1.3
    endloop
  endfacet
  facet normal -0 0 1
    outer loop
      vertex 40.8833 28.1374 1.3
      vertex 41.4931 28.1348 1.3
      vertex 40.9069 28.2719 1.3
    endloop
  endfacet
  facet normal 0 0 1
    outer loop
      vertex 41.4687 27.8458 1.3
      vertex 41.0349 27.0542 1.3
      vertex 41.0964 26.9477 1.3
    endloop
  endfacet
  facet normal 0 0 1
    outer loop
      vertex 41.4931 28.1348 1.3
      vertex 40.8833 28.1374 1.3
      vertex 41.4795 28.0436 1.3
    endloop
  endfacet
  facet normal 0 0 1
    outer loop
      vertex 41.4687 27.8458 1.3
      vertex 40.9402 27.2891 1.3
      vertex 40.9828 27.168 1.3
    endloop
  endfacet
  facet normal 0 0 1
    outer loop
      vertex 40.8691 27.9953 1.3
      vertex 41.4795 28.0436 1.3
      vertex 40.8833 28.1374 1.3
    endloop
  endfacet
  facet normal 0 0 1
    outer loop
      vertex 41.4687 27.8458 1.3
      vertex 40.907 27.4174 1.3
      vertex 40.9402 27.2891 1.3
    endloop
  endfacet
  facet normal 0 0 1
    outer loop
      vertex 41.4795 28.0436 1.3
      vertex 40.8691 27.9953 1.3
      vertex 41.4714 27.9472 1.3
    endloop
  endfacet
  facet normal 0 0 1
    outer loop
      vertex 41.4714 27.9472 1.3
      vertex 40.8691 27.9953 1.3
      vertex 40.8644 27.8458 1.3
    endloop
  endfacet
  facet normal 0 0 1
    outer loop
      vertex 41.4687 27.8458 1.3
      vertex 40.9828 27.168 1.3
      vertex 41.0349 27.0542 1.3
    endloop
  endfacet
  facet normal 0 0 1
    outer loop
      vertex 41.4687 27.8458 1.3
      vertex 40.8834 27.5529 1.3
      vertex 40.907 27.4174 1.3
    endloop
  endfacet
  facet normal 0 0 1
    outer loop
      vertex 43.5411 26.985 1.3
      vertex 43.0147 27.2236 1.3
      vertex 43.4961 26.9154 1.3
    endloop
  endfacet
  facet normal 0 0 1
    outer loop
      vertex 43.4961 26.9154 1.3
      vertex 43.0147 27.2236 1.3
      vertex 43.4474 26.8498 1.3
    endloop
  endfacet
  facet normal -0 0 1
    outer loop
      vertex 42.9742 27.1567 1.3
      vertex 43.4474 26.8498 1.3
      vertex 43.0147 27.2236 1.3
    endloop
  endfacet
  facet normal 0 0 1
    outer loop
      vertex 43.4474 26.8498 1.3
      vertex 42.9742 27.1567 1.3
      vertex 43.3949 26.7881 1.3
    endloop
  endfacet
  facet normal -0 0 1
    outer loop
      vertex 42.9283 27.0951 1.3
      vertex 43.3949 26.7881 1.3
      vertex 42.9742 27.1567 1.3
    endloop
  endfacet
  facet normal 0 0 1
    outer loop
      vertex 43.3949 26.7881 1.3
      vertex 42.9283 27.0951 1.3
      vertex 43.3386 26.7303 1.3
    endloop
  endfacet
  facet normal 0 0 1
    outer loop
      vertex 43.3386 26.7303 1.3
      vertex 42.9283 27.0951 1.3
      vertex 43.2785 26.6765 1.3
    endloop
  endfacet
  facet normal -0 0 1
    outer loop
      vertex 42.8774 27.0396 1.3
      vertex 43.2785 26.6765 1.3
      vertex 42.9283 27.0951 1.3
    endloop
  endfacet
  facet normal 0 0 1
    outer loop
      vertex 43.2785 26.6765 1.3
      vertex 42.8774 27.0396 1.3
      vertex 43.2147 26.6266 1.3
    endloop
  endfacet
  facet normal 0 0 1
    outer loop
      vertex 43.2147 26.6266 1.3
      vertex 42.8774 27.0396 1.3
      vertex 43.1471 26.5807 1.3
    endloop
  endfacet
  facet normal -0 0 1
    outer loop
      vertex 42.822 26.9907 1.3
      vertex 43.1471 26.5807 1.3
      vertex 42.8774 27.0396 1.3
    endloop
  endfacet
  facet normal 0 0 1
    outer loop
      vertex 43.1471 26.5807 1.3
      vertex 42.822 26.9907 1.3
      vertex 43.0758 26.5387 1.3
    endloop
  endfacet
  facet normal -0 0 1
    outer loop
      vertex 42.762 26.9482 1.3
      vertex 43.0758 26.5387 1.3
      vertex 42.822 26.9907 1.3
    endloop
  endfacet
  facet normal 0 0 1
    outer loop
      vertex 43.0758 26.5387 1.3
      vertex 42.762 26.9482 1.3
      vertex 43.0012 26.5009 1.3
    endloop
  endfacet
  facet normal 0 0 1
    outer loop
      vertex 43.0012 26.5009 1.3
      vertex 42.762 26.9482 1.3
      vertex 42.9239 26.4676 1.3
    endloop
  endfacet
  facet normal -0 0 1
    outer loop
      vertex 42.6975 26.9123 1.3
      vertex 42.9239 26.4676 1.3
      vertex 42.762 26.9482 1.3
    endloop
  endfacet
  facet normal 0 0 1
    outer loop
      vertex 42.9239 26.4676 1.3
      vertex 42.6975 26.9123 1.3
      vertex 42.8439 26.4387 1.3
    endloop
  endfacet
  facet normal -0 0 1
    outer loop
      vertex 42.6285 26.8829 1.3
      vertex 42.8439 26.4387 1.3
      vertex 42.6975 26.9123 1.3
    endloop
  endfacet
  facet normal 0 0 1
    outer loop
      vertex 42.8439 26.4387 1.3
      vertex 42.6285 26.8829 1.3
      vertex 42.7611 26.4143 1.3
    endloop
  endfacet
  facet normal 0 0 1
    outer loop
      vertex 42.7611 26.4143 1.3
      vertex 42.6285 26.8829 1.3
      vertex 42.6757 26.3943 1.3
    endloop
  endfacet
  facet normal -0 0 1
    outer loop
      vertex 42.5549 26.86 1.3
      vertex 42.6757 26.3943 1.3
      vertex 42.6285 26.8829 1.3
    endloop
  endfacet
  facet normal 0 0 1
    outer loop
      vertex 42.6757 26.3943 1.3
      vertex 42.5549 26.86 1.3
      vertex 42.5875 26.3787 1.3
    endloop
  endfacet
  facet normal -0 0 1
    outer loop
      vertex 42.4767 26.8437 1.3
      vertex 42.5875 26.3787 1.3
      vertex 42.5549 26.86 1.3
    endloop
  endfacet
  facet normal 0 0 1
    outer loop
      vertex 42.5875 26.3787 1.3
      vertex 42.4767 26.8437 1.3
      vertex 42.4967 26.3676 1.3
    endloop
  endfacet
  facet normal -0 0 1
    outer loop
      vertex 42.394 26.8339 1.3
      vertex 42.4967 26.3676 1.3
      vertex 42.4767 26.8437 1.3
    endloop
  endfacet
  facet normal 0 0 1
    outer loop
      vertex 42.4967 26.3676 1.3
      vertex 42.394 26.8339 1.3
      vertex 42.4031 26.3609 1.3
    endloop
  endfacet
  facet normal -0 0 1
    outer loop
      vertex 42.3068 26.8307 1.3
      vertex 42.4031 26.3609 1.3
      vertex 42.394 26.8339 1.3
    endloop
  endfacet
  facet normal 0 0 1
    outer loop
      vertex 42.3068 26.8307 1.3
      vertex 42.3068 26.3587 1.3
      vertex 42.4031 26.3609 1.3
    endloop
  endfacet
  facet normal 0 0 1
    outer loop
      vertex 42.2225 26.834 1.3
      vertex 42.3068 26.3587 1.3
      vertex 42.3068 26.8307 1.3
    endloop
  endfacet
  facet normal 0 0 1
    outer loop
      vertex 42.2225 26.834 1.3
      vertex 42.1603 26.3636 1.3
      vertex 42.3068 26.3587 1.3
    endloop
  endfacet
  facet normal 0 0 1
    outer loop
      vertex 42.1422 26.8441 1.3
      vertex 42.1603 26.3636 1.3
      vertex 42.2225 26.834 1.3
    endloop
  endfacet
  facet normal 0 0 1
    outer loop
      vertex 42.021 26.3783 1.3
      vertex 42.1422 26.8441 1.3
      vertex 42.0659 26.8608 1.3
    endloop
  endfacet
  facet normal 0 0 1
    outer loop
      vertex 42.1422 26.8441 1.3
      vertex 42.021 26.3783 1.3
      vertex 42.1603 26.3636 1.3
    endloop
  endfacet
  facet normal 0 0 1
    outer loop
      vertex 41.889 26.4029 1.3
      vertex 42.0659 26.8608 1.3
      vertex 41.9938 26.8843 1.3
    endloop
  endfacet
  facet normal 0 0 1
    outer loop
      vertex 41.7641 26.4373 1.3
      vertex 41.9938 26.8843 1.3
      vertex 41.9256 26.9145 1.3
    endloop
  endfacet
  facet normal 0 0 1
    outer loop
      vertex 42.0659 26.8608 1.3
      vertex 41.889 26.4029 1.3
      vertex 42.021 26.3783 1.3
    endloop
  endfacet
  facet normal 0 0 1
    outer loop
      vertex 41.6464 26.4815 1.3
      vertex 41.9256 26.9145 1.3
      vertex 41.8615 26.9514 1.3
    endloop
  endfacet
  facet normal 0 0 1
    outer loop
      vertex 41.536 26.5355 1.3
      vertex 41.8615 26.9514 1.3
      vertex 41.8014 26.995 1.3
    endloop
  endfacet
  facet normal 0 0 1
    outer loop
      vertex 41.9938 26.8843 1.3
      vertex 41.7641 26.4373 1.3
      vertex 41.889 26.4029 1.3
    endloop
  endfacet
  facet normal 0 0 1
    outer loop
      vertex 41.4328 26.5993 1.3
      vertex 41.8014 26.995 1.3
      vertex 41.7454 27.0453 1.3
    endloop
  endfacet
  facet normal 0 0 1
    outer loop
      vertex 41.4328 26.5993 1.3
      vertex 41.7454 27.0453 1.3
      vertex 41.6934 27.1022 1.3
    endloop
  endfacet
  facet normal 0 0 1
    outer loop
      vertex 41.9256 26.9145 1.3
      vertex 41.6464 26.4815 1.3
      vertex 41.7641 26.4373 1.3
    endloop
  endfacet
  facet normal 0 0 1
    outer loop
      vertex 41.4328 26.5993 1.3
      vertex 41.6934 27.1022 1.3
      vertex 41.6463 27.1651 1.3
    endloop
  endfacet
  facet normal 0 0 1
    outer loop
      vertex 41.4328 26.5993 1.3
      vertex 41.6463 27.1651 1.3
      vertex 41.6046 27.2329 1.3
    endloop
  endfacet
  facet normal 0 0 1
    outer loop
      vertex 41.4328 26.5993 1.3
      vertex 41.6046 27.2329 1.3
      vertex 41.5686 27.3056 1.3
    endloop
  endfacet
  facet normal 0 0 1
    outer loop
      vertex 41.4328 26.5993 1.3
      vertex 41.5686 27.3056 1.3
      vertex 41.538 27.3833 1.3
    endloop
  endfacet
  facet normal 0 0 1
    outer loop
      vertex 41.8615 26.9514 1.3
      vertex 41.536 26.5355 1.3
      vertex 41.6464 26.4815 1.3
    endloop
  endfacet
  facet normal 0 0 1
    outer loop
      vertex 41.4328 26.5993 1.3
      vertex 41.538 27.3833 1.3
      vertex 41.5131 27.4659 1.3
    endloop
  endfacet
  facet normal 0 0 1
    outer loop
      vertex 41.4328 26.5993 1.3
      vertex 41.5131 27.4659 1.3
      vertex 41.4936 27.5534 1.3
    endloop
  endfacet
  facet normal 0 0 1
    outer loop
      vertex 41.4328 26.5993 1.3
      vertex 41.4936 27.5534 1.3
      vertex 41.4798 27.646 1.3
    endloop
  endfacet
  facet normal 0 0 1
    outer loop
      vertex 41.4328 26.5993 1.3
      vertex 41.4798 27.646 1.3
      vertex 41.4714 27.7434 1.3
    endloop
  endfacet
  facet normal 0 0 1
    outer loop
      vertex 41.8014 26.995 1.3
      vertex 41.4328 26.5993 1.3
      vertex 41.536 26.5355 1.3
    endloop
  endfacet
  facet normal 0 0 1
    outer loop
      vertex 41.4328 26.5993 1.3
      vertex 41.4714 27.7434 1.3
      vertex 41.4687 27.8458 1.3
    endloop
  endfacet
  facet normal 0 0 1
    outer loop
      vertex 40.7818 29.2658 1.3
      vertex 39.8541 28.802 1.3
      vertex 40.7818 28.802 1.3
    endloop
  endfacet
  facet normal 0 0 1
    outer loop
      vertex 39.8541 28.802 1.3
      vertex 39.2539 28.802 1.3
      vertex 39.8541 26.3994 1.3
    endloop
  endfacet
  facet normal 0 0 1
    outer loop
      vertex 40.7818 29.2658 1.3
      vertex 39.2539 28.802 1.3
      vertex 39.8541 28.802 1.3
    endloop
  endfacet
  facet normal -0 0 1
    outer loop
      vertex 38.3283 29.2658 1.3
      vertex 39.2539 28.802 1.3
      vertex 40.7818 29.2658 1.3
    endloop
  endfacet
  facet normal 0 0 1
    outer loop
      vertex 39.2539 28.802 1.3
      vertex 38.3283 29.2658 1.3
      vertex 38.3283 28.802 1.3
    endloop
  endfacet
  facet normal 0 0 1
    outer loop
      vertex 39.8541 26.3994 1.3
      vertex 39.2539 28.802 1.3
      vertex 39.2539 26.3994 1.3
    endloop
  endfacet
  facet normal 0 0 1
    outer loop
      vertex 50.8649 28.7796 1.3
      vertex 51.4366 29.2658 1.3
      vertex 50.8955 29.2658 1.3
    endloop
  endfacet
  facet normal -0 0 1
    outer loop
      vertex 51.4366 26.8246 1.3
      vertex 52.0937 26.3994 1.3
      vertex 52.0937 26.8246 1.3
    endloop
  endfacet
  facet normal 0 0 1
    outer loop
      vertex 51.4366 29.2658 1.3
      vertex 50.8649 28.7796 1.3
      vertex 51.4366 26.8246 1.3
    endloop
  endfacet
  facet normal 0 0 1
    outer loop
      vertex 50.8649 26.8246 1.3
      vertex 51.4366 26.8246 1.3
      vertex 50.8649 28.7796 1.3
    endloop
  endfacet
  facet normal -0 0 1
    outer loop
      vertex 50.8649 26.8246 1.3
      vertex 52.0937 26.3994 1.3
      vertex 51.4366 26.8246 1.3
    endloop
  endfacet
  facet normal 0 0 1
    outer loop
      vertex 50.1549 26.3994 1.3
      vertex 50.8649 26.8246 1.3
      vertex 50.1549 26.8246 1.3
    endloop
  endfacet
  facet normal 0 0 1
    outer loop
      vertex 50.8649 26.8246 1.3
      vertex 50.1549 26.3994 1.3
      vertex 52.0937 26.3994 1.3
    endloop
  endfacet
  facet normal -0 0 1
    outer loop
      vertex 50.1773 28.7999 1.3
      vertex 50.8649 28.7796 1.3
      vertex 50.8955 29.2658 1.3
    endloop
  endfacet
  facet normal 0 0 1
    outer loop
      vertex 50.8649 28.7796 1.3
      vertex 50.1773 28.7999 1.3
      vertex 50.1773 28.3503 1.3
    endloop
  endfacet
  facet normal 0 0 1
    outer loop
      vertex 45.8909 28.3483 1.3
      vertex 46.4951 28.3585 1.3
      vertex 46.4916 28.4523 1.3
    endloop
  endfacet
  facet normal 0 0 1
    outer loop
      vertex 46.4951 28.3585 1.3
      vertex 45.8909 28.3483 1.3
      vertex 46.4935 28.2977 1.3
    endloop
  endfacet
  facet normal 0 0 1
    outer loop
      vertex 45.8843 28.4431 1.3
      vertex 46.4916 28.4523 1.3
      vertex 46.4814 28.5414 1.3
    endloop
  endfacet
  facet normal -0 0 1
    outer loop
      vertex 45.8892 28.2981 1.3
      vertex 46.4935 28.2977 1.3
      vertex 45.8909 28.3483 1.3
    endloop
  endfacet
  facet normal 0 0 1
    outer loop
      vertex 46.4935 28.2977 1.3
      vertex 45.8892 28.2981 1.3
      vertex 46.4889 28.2384 1.3
    endloop
  endfacet
  facet normal 0 0 1
    outer loop
      vertex 45.8843 28.4431 1.3
      vertex 46.4814 28.5414 1.3
      vertex 46.4642 28.6255 1.3
    endloop
  endfacet
  facet normal 0 0 1
    outer loop
      vertex 46.4889 28.2384 1.3
      vertex 45.8892 28.2981 1.3
      vertex 46.4811 28.1806 1.3
    endloop
  endfacet
  facet normal 0 0 1
    outer loop
      vertex 45.8646 28.5267 1.3
      vertex 46.4642 28.6255 1.3
      vertex 46.4402 28.7049 1.3
    endloop
  endfacet
  facet normal -0 0 1
    outer loop
      vertex 45.8843 28.2506 1.3
      vertex 46.4811 28.1806 1.3
      vertex 45.8892 28.2981 1.3
    endloop
  endfacet
  facet normal 0 0 1
    outer loop
      vertex 46.4811 28.1806 1.3
      vertex 45.8843 28.2506 1.3
      vertex 46.4702 28.1242 1.3
    endloop
  endfacet
  facet normal 0 0 1
    outer loop
      vertex 45.8646 28.5267 1.3
      vertex 46.4402 28.7049 1.3
      vertex 46.4094 28.7794 1.3
    endloop
  endfacet
  facet normal -0 0 1
    outer loop
      vertex 45.876 28.2058 1.3
      vertex 46.4702 28.1242 1.3
      vertex 45.8843 28.2506 1.3
    endloop
  endfacet
  facet normal 0 0 1
    outer loop
      vertex 45.8646 28.5267 1.3
      vertex 46.4094 28.7794 1.3
      vertex 46.3717 28.849 1.3
    endloop
  endfacet
  facet normal 0 0 1
    outer loop
      vertex 46.4702 28.1242 1.3
      vertex 45.876 28.2058 1.3
      vertex 46.4561 28.0693 1.3
    endloop
  endfacet
  facet normal 0 0 1
    outer loop
      vertex 46.4561 28.0693 1.3
      vertex 45.876 28.2058 1.3
      vertex 46.439 28.0158 1.3
    endloop
  endfacet
  facet normal 0 0 1
    outer loop
      vertex 45.8317 28.5992 1.3
      vertex 46.3717 28.849 1.3
      vertex 46.3271 28.9138 1.3
    endloop
  endfacet
  facet normal -0 0 1
    outer loop
      vertex 45.8644 28.1636 1.3
      vertex 46.439 28.0158 1.3
      vertex 45.876 28.2058 1.3
    endloop
  endfacet
  facet normal 0 0 1
    outer loop
      vertex 45.8317 28.5992 1.3
      vertex 46.3271 28.9138 1.3
      vertex 46.2757 28.9737 1.3
    endloop
  endfacet
  facet normal 0 0 1
    outer loop
      vertex 46.439 28.0158 1.3
      vertex 45.8644 28.1636 1.3
      vertex 46.4188 27.9638 1.3
    endloop
  endfacet
  facet normal 0 0 1
    outer loop
      vertex 46.4188 27.9638 1.3
      vertex 45.8644 28.1636 1.3
      vertex 46.3954 27.9132 1.3
    endloop
  endfacet
  facet normal 0 0 1
    outer loop
      vertex 45.8317 28.5992 1.3
      vertex 46.2757 28.9737 1.3
      vertex 46.2174 29.0288 1.3
    endloop
  endfacet
  facet normal -0 0 1
    outer loop
      vertex 45.8494 28.1242 1.3
      vertex 46.3954 27.9132 1.3
      vertex 45.8644 28.1636 1.3
    endloop
  endfacet
  facet normal 0 0 1
    outer loop
      vertex 45.7856 28.6605 1.3
      vertex 46.2174 29.0288 1.3
      vertex 46.1527 29.0785 1.3
    endloop
  endfacet
  facet normal 0 0 1
    outer loop
      vertex 46.3954 27.9132 1.3
      vertex 45.8494 28.1242 1.3
      vertex 46.3689 27.8641 1.3
    endloop
  endfacet
  facet normal 0 0 1
    outer loop
      vertex 46.3689 27.8641 1.3
      vertex 45.8494 28.1242 1.3
      vertex 46.3396 27.817 1.3
    endloop
  endfacet
  facet normal 0 0 1
    outer loop
      vertex 45.7856 28.6605 1.3
      vertex 46.1527 29.0785 1.3
      vertex 46.0823 29.1224 1.3
    endloop
  endfacet
  facet normal -0 0 1
    outer loop
      vertex 45.8312 28.0874 1.3
      vertex 46.3396 27.817 1.3
      vertex 45.8494 28.1242 1.3
    endloop
  endfacet
  facet normal 0 0 1
    outer loop
      vertex 46.3396 27.817 1.3
      vertex 45.8312 28.0874 1.3
      vertex 46.3075 27.7723 1.3
    endloop
  endfacet
  facet normal 0 0 1
    outer loop
      vertex 45.7264 28.7107 1.3
      vertex 46.0823 29.1224 1.3
      vertex 46.0059 29.1605 1.3
    endloop
  endfacet
  facet normal 0 0 1
    outer loop
      vertex 46.3075 27.7723 1.3
      vertex 45.8312 28.0874 1.3
      vertex 46.2728 27.73 1.3
    endloop
  endfacet
  facet normal 0 0 1
    outer loop
      vertex 45.7264 28.7107 1.3
      vertex 46.0059 29.1605 1.3
      vertex 45.9237 29.1927 1.3
    endloop
  endfacet
  facet normal -0 0 1
    outer loop
      vertex 45.8097 28.0534 1.3
      vertex 46.2728 27.73 1.3
      vertex 45.8312 28.0874 1.3
    endloop
  endfacet
  facet normal 0 0 1
    outer loop
      vertex 46.2728 27.73 1.3
      vertex 45.8097 28.0534 1.3
      vertex 46.2353 27.6901 1.3
    endloop
  endfacet
  facet normal 0 0 1
    outer loop
      vertex 46.4916 28.4523 1.3
      vertex 45.8843 28.4431 1.3
      vertex 45.8909 28.3483 1.3
    endloop
  endfacet
  facet normal 0 0 1
    outer loop
      vertex 46.4642 28.6255 1.3
      vertex 45.8646 28.5267 1.3
      vertex 45.8843 28.4431 1.3
    endloop
  endfacet
  facet normal 0 0 1
    outer loop
      vertex 45.654 28.7498 1.3
      vertex 45.9237 29.1927 1.3
      vertex 45.8357 29.219 1.3
    endloop
  endfacet
  facet normal 0 0 1
    outer loop
      vertex 46.3717 28.849 1.3
      vertex 45.8317 28.5992 1.3
      vertex 45.8646 28.5267 1.3
    endloop
  endfacet
  facet normal 0 0 1
    outer loop
      vertex 46.2174 29.0288 1.3
      vertex 45.7856 28.6605 1.3
      vertex 45.8317 28.5992 1.3
    endloop
  endfacet
  facet normal 0 0 1
    outer loop
      vertex 45.654 28.7498 1.3
      vertex 45.8357 29.219 1.3
      vertex 45.7418 29.2395 1.3
    endloop
  endfacet
  facet normal 0 0 1
    outer loop
      vertex 46.0823 29.1224 1.3
      vertex 45.7264 28.7107 1.3
      vertex 45.7856 28.6605 1.3
    endloop
  endfacet
  facet normal 0 0 1
    outer loop
      vertex 45.9237 29.1927 1.3
      vertex 45.654 28.7498 1.3
      vertex 45.7264 28.7107 1.3
    endloop
  endfacet
  facet normal 0 0 1
    outer loop
      vertex 45.5685 28.7776 1.3
      vertex 45.7418 29.2395 1.3
      vertex 45.6421 29.2541 1.3
    endloop
  endfacet
  facet normal 0 0 1
    outer loop
      vertex 45.7418 29.2395 1.3
      vertex 45.5685 28.7776 1.3
      vertex 45.654 28.7498 1.3
    endloop
  endfacet
  facet normal 0 0 1
    outer loop
      vertex 45.5365 29.2629 1.3
      vertex 45.5685 28.7776 1.3
      vertex 45.6421 29.2541 1.3
    endloop
  endfacet
  facet normal 0 0 1
    outer loop
      vertex 45.5365 29.2629 1.3
      vertex 45.4697 28.7944 1.3
      vertex 45.5685 28.7776 1.3
    endloop
  endfacet
  facet normal 0 0 1
    outer loop
      vertex 45.425 29.2658 1.3
      vertex 45.4697 28.7944 1.3
      vertex 45.5365 29.2629 1.3
    endloop
  endfacet
  facet normal 0 0 1
    outer loop
      vertex 45.425 29.2658 1.3
      vertex 45.3579 28.7999 1.3
      vertex 45.4697 28.7944 1.3
    endloop
  endfacet
  facet normal 0 0 1
    outer loop
      vertex 45.425 29.2658 1.3
      vertex 44.7374 28.7999 1.3
      vertex 45.3579 28.7999 1.3
    endloop
  endfacet
  facet normal 0 0 1
    outer loop
      vertex 44.1372 29.2658 1.3
      vertex 44.7374 27.8702 1.3
      vertex 44.7374 28.7999 1.3
    endloop
  endfacet
  facet normal 0 0 1
    outer loop
      vertex 44.1372 26.3994 1.3
      vertex 44.7374 27.8702 1.3
      vertex 44.1372 29.2658 1.3
    endloop
  endfacet
  facet normal -0 0 1
    outer loop
      vertex 44.1372 29.2658 1.3
      vertex 44.7374 28.7999 1.3
      vertex 45.425 29.2658 1.3
    endloop
  endfacet
  facet normal 0 0 1
    outer loop
      vertex 44.7374 27.8702 1.3
      vertex 44.1372 26.3994 1.3
      vertex 44.7374 27.4084 1.3
    endloop
  endfacet
  facet normal 0 0 1
    outer loop
      vertex 44.7374 27.4084 1.3
      vertex 44.1372 26.3994 1.3
      vertex 44.7374 26.3994 1.3
    endloop
  endfacet
  facet normal 0 0 1
    outer loop
      vertex 46.2353 27.6901 1.3
      vertex 45.8097 28.0534 1.3
      vertex 46.1952 27.6527 1.3
    endloop
  endfacet
  facet normal -0 0 1
    outer loop
      vertex 45.7848 28.022 1.3
      vertex 46.1952 27.6527 1.3
      vertex 45.8097 28.0534 1.3
    endloop
  endfacet
  facet normal 0 0 1
    outer loop
      vertex 46.1952 27.6527 1.3
      vertex 45.7848 28.022 1.3
      vertex 46.1524 27.6177 1.3
    endloop
  endfacet
  facet normal 0 0 1
    outer loop
      vertex 46.1524 27.6177 1.3
      vertex 45.7848 28.022 1.3
      vertex 46.1069 27.5852 1.3
    endloop
  endfacet
  facet normal -0 0 1
    outer loop
      vertex 45.7566 27.9933 1.3
      vertex 46.1069 27.5852 1.3
      vertex 45.7848 28.022 1.3
    endloop
  endfacet
  facet normal 0 0 1
    outer loop
      vertex 46.1069 27.5852 1.3
      vertex 45.7566 27.9933 1.3
      vertex 46.0587 27.5551 1.3
    endloop
  endfacet
  facet normal -0 0 1
    outer loop
      vertex 45.7254 27.9675 1.3
      vertex 46.0587 27.5551 1.3
      vertex 45.7566 27.9933 1.3
    endloop
  endfacet
  facet normal 0 0 1
    outer loop
      vertex 46.0587 27.5551 1.3
      vertex 45.7254 27.9675 1.3
      vertex 46.0079 27.5274 1.3
    endloop
  endfacet
  facet normal 0 0 1
    outer loop
      vertex 46.0079 27.5274 1.3
      vertex 45.7254 27.9675 1.3
      vertex 45.9546 27.5025 1.3
    endloop
  endfacet
  facet normal -0 0 1
    outer loop
      vertex 45.6913 27.9447 1.3
      vertex 45.9546 27.5025 1.3
      vertex 45.7254 27.9675 1.3
    endloop
  endfacet
  facet normal 0 0 1
    outer loop
      vertex 45.9546 27.5025 1.3
      vertex 45.6913 27.9447 1.3
      vertex 45.8991 27.4804 1.3
    endloop
  endfacet
  facet normal 0 0 1
    outer loop
      vertex 45.8991 27.4804 1.3
      vertex 45.6913 27.9447 1.3
      vertex 45.8414 27.4613 1.3
    endloop
  endfacet
  facet normal -0 0 1
    outer loop
      vertex 45.6544 27.9249 1.3
      vertex 45.8414 27.4613 1.3
      vertex 45.6913 27.9447 1.3
    endloop
  endfacet
  facet normal 0 0 1
    outer loop
      vertex 45.8414 27.4613 1.3
      vertex 45.6544 27.9249 1.3
      vertex 45.7815 27.4452 1.3
    endloop
  endfacet
  facet normal -0 0 1
    outer loop
      vertex 45.6148 27.9082 1.3
      vertex 45.7815 27.4452 1.3
      vertex 45.6544 27.9249 1.3
    endloop
  endfacet
  facet normal 0 0 1
    outer loop
      vertex 45.7815 27.4452 1.3
      vertex 45.6148 27.9082 1.3
      vertex 45.7195 27.4319 1.3
    endloop
  endfacet
  facet normal -0 0 1
    outer loop
      vertex 45.5723 27.8945 1.3
      vertex 45.7195 27.4319 1.3
      vertex 45.6148 27.9082 1.3
    endloop
  endfacet
  facet normal 0 0 1
    outer loop
      vertex 45.7195 27.4319 1.3
      vertex 45.5723 27.8945 1.3
      vertex 45.6552 27.4217 1.3
    endloop
  endfacet
  facet normal -0 0 1
    outer loop
      vertex 45.5269 27.8839 1.3
      vertex 45.6552 27.4217 1.3
      vertex 45.5723 27.8945 1.3
    endloop
  endfacet
  facet normal 0 0 1
    outer loop
      vertex 45.6552 27.4217 1.3
      vertex 45.5269 27.8839 1.3
      vertex 45.5888 27.4143 1.3
    endloop
  endfacet
  facet normal 0 0 1
    outer loop
      vertex 45.5269 27.8839 1.3
      vertex 45.5202 27.4099 1.3
      vertex 45.5888 27.4143 1.3
    endloop
  endfacet
  facet normal -0 0 1
    outer loop
      vertex 45.4788 27.8763 1.3
      vertex 45.5202 27.4099 1.3
      vertex 45.5269 27.8839 1.3
    endloop
  endfacet
  facet normal 0 0 1
    outer loop
      vertex 45.4788 27.8763 1.3
      vertex 45.4494 27.4084 1.3
      vertex 45.5202 27.4099 1.3
    endloop
  endfacet
  facet normal -0 0 1
    outer loop
      vertex 45.4279 27.8717 1.3
      vertex 45.4494 27.4084 1.3
      vertex 45.4788 27.8763 1.3
    endloop
  endfacet
  facet normal -0 0 1
    outer loop
      vertex 45.3741 27.8702 1.3
      vertex 45.4494 27.4084 1.3
      vertex 45.4279 27.8717 1.3
    endloop
  endfacet
  facet normal 0 0 1
    outer loop
      vertex 44.7374 27.4084 1.3
      vertex 45.3741 27.8702 1.3
      vertex 44.7374 27.8702 1.3
    endloop
  endfacet
  facet normal 0 0 1
    outer loop
      vertex 45.3741 27.8702 1.3
      vertex 44.7374 27.4084 1.3
      vertex 45.4494 27.4084 1.3
    endloop
  endfacet
  facet normal 0 0 1
    outer loop
      vertex 49.2445 28.3384 1.3
      vertex 49.9284 28.6006 1.3
      vertex 49.3303 28.6006 1.3
    endloop
  endfacet
  facet normal 0 0 1
    outer loop
      vertex 49.1672 28.1016 1.3
      vertex 49.9284 28.6006 1.3
      vertex 49.2445 28.3384 1.3
    endloop
  endfacet
  facet normal 0 0 1
    outer loop
      vertex 49.0984 27.8901 1.3
      vertex 49.9284 28.6006 1.3
      vertex 49.1672 28.1016 1.3
    endloop
  endfacet
  facet normal 0 0 1
    outer loop
      vertex 49.0379 27.704 1.3
      vertex 49.9284 28.6006 1.3
      vertex 49.0984 27.8901 1.3
    endloop
  endfacet
  facet normal 0 0 1
    outer loop
      vertex 49.9284 28.6006 1.3
      vertex 49.0379 27.704 1.3
      vertex 49.1167 26.3994 1.3
    endloop
  endfacet
  facet normal -0 0 1
    outer loop
      vertex 48.9859 27.5433 1.3
      vertex 49.1167 26.3994 1.3
      vertex 49.0379 27.704 1.3
    endloop
  endfacet
  facet normal -0 0 1
    outer loop
      vertex 48.9424 27.408 1.3
      vertex 49.1167 26.3994 1.3
      vertex 48.9859 27.5433 1.3
    endloop
  endfacet
  facet normal -0 0 1
    outer loop
      vertex 48.9073 27.298 1.3
      vertex 49.1167 26.3994 1.3
      vertex 48.9424 27.408 1.3
    endloop
  endfacet
  facet normal -0 0 1
    outer loop
      vertex 48.8806 27.2134 1.3
      vertex 49.1167 26.3994 1.3
      vertex 48.9073 27.298 1.3
    endloop
  endfacet
  facet normal -0 0 1
    outer loop
      vertex 48.8624 27.1541 1.3
      vertex 49.1167 26.3994 1.3
      vertex 48.8806 27.2134 1.3
    endloop
  endfacet
  facet normal -0 0 1
    outer loop
      vertex 48.8489 27.1091 1.3
      vertex 49.1167 26.3994 1.3
      vertex 48.8624 27.1541 1.3
    endloop
  endfacet
  facet normal -0 0 1
    outer loop
      vertex 48.8364 27.0672 1.3
      vertex 49.1167 26.3994 1.3
      vertex 48.8489 27.1091 1.3
    endloop
  endfacet
  facet normal -0 0 1
    outer loop
      vertex 48.8251 27.0285 1.3
      vertex 49.1167 26.3994 1.3
      vertex 48.8364 27.0672 1.3
    endloop
  endfacet
  facet normal -0 0 1
    outer loop
      vertex 48.8147 26.9928 1.3
      vertex 49.1167 26.3994 1.3
      vertex 48.8251 27.0285 1.3
    endloop
  endfacet
  facet normal -0 0 1
    outer loop
      vertex 48.8055 26.9602 1.3
      vertex 49.1167 26.3994 1.3
      vertex 48.8147 26.9928 1.3
    endloop
  endfacet
  facet normal -0 0 1
    outer loop
      vertex 48.7973 26.9308 1.3
      vertex 49.1167 26.3994 1.3
      vertex 48.8055 26.9602 1.3
    endloop
  endfacet
  facet normal -0 0 1
    outer loop
      vertex 48.7901 26.9045 1.3
      vertex 49.1167 26.3994 1.3
      vertex 48.7973 26.9308 1.3
    endloop
  endfacet
  facet normal -0 0 1
    outer loop
      vertex 48.784 26.8813 1.3
      vertex 49.1167 26.3994 1.3
      vertex 48.7901 26.9045 1.3
    endloop
  endfacet
  facet normal -0 0 1
    outer loop
      vertex 48.779 26.8612 1.3
      vertex 49.1167 26.3994 1.3
      vertex 48.784 26.8813 1.3
    endloop
  endfacet
  facet normal 0 0 1
    outer loop
      vertex 48.4331 26.3994 1.3
      vertex 48.7324 27.0269 1.3
      vertex 48.7123 27.0985 1.3
    endloop
  endfacet
  facet normal 0 0 1
    outer loop
      vertex 48.4331 26.3994 1.3
      vertex 48.7123 27.0985 1.3
      vertex 48.6942 27.1626 1.3
    endloop
  endfacet
  facet normal 0 0 1
    outer loop
      vertex 48.4331 26.3994 1.3
      vertex 48.6942 27.1626 1.3
      vertex 48.6781 27.2191 1.3
    endloop
  endfacet
  facet normal 0 0 1
    outer loop
      vertex 48.4331 26.3994 1.3
      vertex 48.6781 27.2191 1.3
      vertex 48.6641 27.2681 1.3
    endloop
  endfacet
  facet normal 0 0 1
    outer loop
      vertex 48.4331 26.3994 1.3
      vertex 48.6641 27.2681 1.3
      vertex 48.6522 27.3095 1.3
    endloop
  endfacet
  facet normal 0 0 1
    outer loop
      vertex 48.4331 26.3994 1.3
      vertex 48.6522 27.3095 1.3
      vertex 48.6423 27.3434 1.3
    endloop
  endfacet
  facet normal 0 0 1
    outer loop
      vertex 48.4331 26.3994 1.3
      vertex 48.6423 27.3434 1.3
      vertex 48.6345 27.3698 1.3
    endloop
  endfacet
  facet normal 0 0 1
    outer loop
      vertex 48.779 26.8612 1.3
      vertex 48.4331 26.3994 1.3
      vertex 49.1167 26.3994 1.3
    endloop
  endfacet
  facet normal 0 0 1
    outer loop
      vertex 48.7324 27.0269 1.3
      vertex 48.4331 26.3994 1.3
      vertex 48.779 26.8612 1.3
    endloop
  endfacet
  facet normal -0 0 1
    outer loop
      vertex 47.6458 28.6006 1.3
      vertex 48.6345 27.3698 1.3
      vertex 48.25 28.6006 1.3
    endloop
  endfacet
  facet normal 0 0 1
    outer loop
      vertex 48.6345 27.3698 1.3
      vertex 47.6458 28.6006 1.3
      vertex 48.4331 26.3994 1.3
    endloop
  endfacet
  facet normal -0.102658 -0.994717 0
    outer loop
      vertex 42.4586 29.3037 1.3
      vertex 42.5991 29.2892 1.8
      vertex 42.4586 29.3037 1.8
    endloop
  endfacet
  facet normal -0.102658 -0.994717 -0
    outer loop
      vertex 42.5991 29.2892 1.8
      vertex 42.4586 29.3037 1.3
      vertex 42.5991 29.2892 1.3
    endloop
  endfacet
  facet normal -0.178299 -0.983976 0
    outer loop
      vertex 42.5991 29.2892 1.3
      vertex 42.7321 29.2651 1.8
      vertex 42.5991 29.2892 1.8
    endloop
  endfacet
  facet normal -0.178299 -0.983976 -0
    outer loop
      vertex 42.7321 29.2651 1.8
      vertex 42.5991 29.2892 1.3
      vertex 42.7321 29.2651 1.3
    endloop
  endfacet
  facet normal -0.258954 -0.96589 0
    outer loop
      vertex 42.7321 29.2651 1.3
      vertex 42.8578 29.2314 1.8
      vertex 42.7321 29.2651 1.8
    endloop
  endfacet
  facet normal -0.258954 -0.96589 -0
    outer loop
      vertex 42.8578 29.2314 1.8
      vertex 42.7321 29.2651 1.3
      vertex 42.8578 29.2314 1.3
    endloop
  endfacet
  facet normal -0.344418 -0.938816 0
    outer loop
      vertex 42.8578 29.2314 1.3
      vertex 42.9761 29.188 1.8
      vertex 42.8578 29.2314 1.8
    endloop
  endfacet
  facet normal -0.344418 -0.938816 -0
    outer loop
      vertex 42.9761 29.188 1.8
      vertex 42.8578 29.2314 1.3
      vertex 42.9761 29.188 1.3
    endloop
  endfacet
  facet normal -0.431542 -0.902093 0
    outer loop
      vertex 42.9761 29.188 1.3
      vertex 43.0871 29.1349 1.8
      vertex 42.9761 29.188 1.8
    endloop
  endfacet
  facet normal -0.431542 -0.902093 -0
    outer loop
      vertex 43.0871 29.1349 1.8
      vertex 42.9761 29.188 1.3
      vertex 43.0871 29.1349 1.3
    endloop
  endfacet
  facet normal -0.517771 -0.855519 0
    outer loop
      vertex 43.0871 29.1349 1.3
      vertex 43.1907 29.0722 1.8
      vertex 43.0871 29.1349 1.8
    endloop
  endfacet
  facet normal -0.517771 -0.855519 -0
    outer loop
      vertex 43.1907 29.0722 1.8
      vertex 43.0871 29.1349 1.3
      vertex 43.1907 29.0722 1.3
    endloop
  endfacet
  facet normal -0.600797 -0.799401 0
    outer loop
      vertex 43.1907 29.0722 1.3
      vertex 43.2869 28.9999 1.8
      vertex 43.1907 29.0722 1.8
    endloop
  endfacet
  facet normal -0.600797 -0.799401 -0
    outer loop
      vertex 43.2869 28.9999 1.8
      vertex 43.1907 29.0722 1.3
      vertex 43.2869 28.9999 1.3
    endloop
  endfacet
  facet normal -0.678005 -0.735057 0
    outer loop
      vertex 43.2869 28.9999 1.3
      vertex 43.3758 28.9179 1.8
      vertex 43.2869 28.9999 1.8
    endloop
  endfacet
  facet normal -0.678005 -0.735057 -0
    outer loop
      vertex 43.3758 28.9179 1.8
      vertex 43.2869 28.9999 1.3
      vertex 43.3758 28.9179 1.3
    endloop
  endfacet
  facet normal -0.746816 -0.66503 0
    outer loop
      vertex 43.4563 28.8275 1.3
      vertex 43.3758 28.9179 1.8
      vertex 43.3758 28.9179 1.3
    endloop
  endfacet
  facet normal -0.746816 -0.66503 0
    outer loop
      vertex 43.3758 28.9179 1.8
      vertex 43.4563 28.8275 1.3
      vertex 43.4563 28.8275 1.8
    endloop
  endfacet
  facet normal -0.808377 -0.588665 0
    outer loop
      vertex 43.5273 28.73 1.3
      vertex 43.4563 28.8275 1.8
      vertex 43.4563 28.8275 1.3
    endloop
  endfacet
  facet normal -0.808377 -0.588665 0
    outer loop
      vertex 43.4563 28.8275 1.8
      vertex 43.5273 28.73 1.3
      vertex 43.5273 28.73 1.8
    endloop
  endfacet
  facet normal -0.862103 -0.506732 0
    outer loop
      vertex 43.5889 28.6252 1.3
      vertex 43.5273 28.73 1.8
      vertex 43.5273 28.73 1.3
    endloop
  endfacet
  facet normal -0.862103 -0.506732 0
    outer loop
      vertex 43.5273 28.73 1.8
      vertex 43.5889 28.6252 1.3
      vertex 43.5889 28.6252 1.8
    endloop
  endfacet
  facet normal -0.906555 -0.422087 0
    outer loop
      vertex 43.641 28.5133 1.3
      vertex 43.5889 28.6252 1.8
      vertex 43.5889 28.6252 1.3
    endloop
  endfacet
  facet normal -0.906555 -0.422087 0
    outer loop
      vertex 43.5889 28.6252 1.8
      vertex 43.641 28.5133 1.3
      vertex 43.641 28.5133 1.8
    endloop
  endfacet
  facet normal -0.94167 -0.336537 0
    outer loop
      vertex 43.6836 28.3941 1.3
      vertex 43.641 28.5133 1.8
      vertex 43.641 28.5133 1.3
    endloop
  endfacet
  facet normal -0.94167 -0.336537 0
    outer loop
      vertex 43.641 28.5133 1.8
      vertex 43.6836 28.3941 1.3
      vertex 43.6836 28.3941 1.8
    endloop
  endfacet
  facet normal -0.967332 -0.253513 0
    outer loop
      vertex 43.7167 28.2678 1.3
      vertex 43.6836 28.3941 1.8
      vertex 43.6836 28.3941 1.3
    endloop
  endfacet
  facet normal -0.967332 -0.253513 0
    outer loop
      vertex 43.6836 28.3941 1.8
      vertex 43.7167 28.2678 1.3
      vertex 43.7167 28.2678 1.8
    endloop
  endfacet
  facet normal -0.984605 -0.174795 0
    outer loop
      vertex 43.7404 28.1343 1.3
      vertex 43.7167 28.2678 1.8
      vertex 43.7167 28.2678 1.3
    endloop
  endfacet
  facet normal -0.984605 -0.174795 0
    outer loop
      vertex 43.7167 28.2678 1.8
      vertex 43.7404 28.1343 1.3
      vertex 43.7404 28.1343 1.8
    endloop
  endfacet
  facet normal -0.994939 -0.100485 0
    outer loop
      vertex 43.7546 27.9937 1.3
      vertex 43.7404 28.1343 1.8
      vertex 43.7404 28.1343 1.3
    endloop
  endfacet
  facet normal -0.994939 -0.100485 0
    outer loop
      vertex 43.7404 28.1343 1.8
      vertex 43.7546 27.9937 1.3
      vertex 43.7546 27.9937 1.8
    endloop
  endfacet
  facet normal -0.999495 -0.0317622 0
    outer loop
      vertex 43.7593 27.8458 1.3
      vertex 43.7546 27.9937 1.8
      vertex 43.7546 27.9937 1.3
    endloop
  endfacet
  facet normal -0.999495 -0.0317622 0
    outer loop
      vertex 43.7546 27.9937 1.8
      vertex 43.7593 27.8458 1.3
      vertex 43.7593 27.8458 1.8
    endloop
  endfacet
  facet normal -0.999749 0.0224205 0
    outer loop
      vertex 43.7571 27.7477 1.3
      vertex 43.7593 27.8458 1.8
      vertex 43.7593 27.8458 1.3
    endloop
  endfacet
  facet normal -0.999749 0.0224205 0
    outer loop
      vertex 43.7593 27.8458 1.8
      vertex 43.7571 27.7477 1.3
      vertex 43.7571 27.7477 1.8
    endloop
  endfacet
  facet normal -0.997692 0.0679057 0
    outer loop
      vertex 43.7506 27.6522 1.3
      vertex 43.7571 27.7477 1.8
      vertex 43.7571 27.7477 1.3
    endloop
  endfacet
  facet normal -0.997692 0.0679057 0
    outer loop
      vertex 43.7571 27.7477 1.8
      vertex 43.7506 27.6522 1.3
      vertex 43.7506 27.6522 1.8
    endloop
  endfacet
  facet normal -0.993173 0.116655 0
    outer loop
      vertex 43.7397 27.5594 1.3
      vertex 43.7506 27.6522 1.8
      vertex 43.7506 27.6522 1.3
    endloop
  endfacet
  facet normal -0.993173 0.116655 0
    outer loop
      vertex 43.7506 27.6522 1.8
      vertex 43.7397 27.5594 1.3
      vertex 43.7397 27.5594 1.8
    endloop
  endfacet
  facet normal -0.985887 0.167415 0
    outer loop
      vertex 43.7244 27.4693 1.3
      vertex 43.7397 27.5594 1.8
      vertex 43.7397 27.5594 1.3
    endloop
  endfacet
  facet normal -0.985887 0.167415 0
    outer loop
      vertex 43.7397 27.5594 1.8
      vertex 43.7244 27.4693 1.3
      vertex 43.7244 27.4693 1.8
    endloop
  endfacet
  facet normal -0.97558 0.219645 0
    outer loop
      vertex 43.7047 27.3818 1.3
      vertex 43.7244 27.4693 1.8
      vertex 43.7244 27.4693 1.3
    endloop
  endfacet
  facet normal -0.97558 0.219645 0
    outer loop
      vertex 43.7244 27.4693 1.8
      vertex 43.7047 27.3818 1.3
      vertex 43.7047 27.3818 1.8
    endloop
  endfacet
  facet normal -0.962206 0.272322 0
    outer loop
      vertex 43.6807 27.297 1.3
      vertex 43.7047 27.3818 1.8
      vertex 43.7047 27.3818 1.3
    endloop
  endfacet
  facet normal -0.962206 0.272322 0
    outer loop
      vertex 43.7047 27.3818 1.8
      vertex 43.6807 27.297 1.3
      vertex 43.6807 27.297 1.8
    endloop
  endfacet
  facet normal -0.945177 0.326558 0
    outer loop
      vertex 43.6523 27.2148 1.3
      vertex 43.6807 27.297 1.8
      vertex 43.6807 27.297 1.3
    endloop
  endfacet
  facet normal -0.945177 0.326558 0
    outer loop
      vertex 43.6807 27.297 1.8
      vertex 43.6523 27.2148 1.3
      vertex 43.6523 27.2148 1.8
    endloop
  endfacet
  facet normal -0.924413 0.381393 0
    outer loop
      vertex 43.6195 27.1353 1.3
      vertex 43.6523 27.2148 1.8
      vertex 43.6523 27.2148 1.3
    endloop
  endfacet
  facet normal -0.924413 0.381393 0
    outer loop
      vertex 43.6523 27.2148 1.8
      vertex 43.6195 27.1353 1.3
      vertex 43.6195 27.1353 1.8
    endloop
  endfacet
  facet normal -0.899981 0.435928 0
    outer loop
      vertex 43.5823 27.0585 1.3
      vertex 43.6195 27.1353 1.8
      vertex 43.6195 27.1353 1.3
    endloop
  endfacet
  facet normal -0.899981 0.435928 0
    outer loop
      vertex 43.6195 27.1353 1.8
      vertex 43.5823 27.0585 1.3
      vertex 43.5823 27.0585 1.8
    endloop
  endfacet
  facet normal -0.872304 0.488965 0
    outer loop
      vertex 43.5411 26.985 1.3
      vertex 43.5823 27.0585 1.8
      vertex 43.5823 27.0585 1.3
    endloop
  endfacet
  facet normal -0.872304 0.488965 0
    outer loop
      vertex 43.5823 27.0585 1.8
      vertex 43.5411 26.985 1.3
      vertex 43.5411 26.985 1.8
    endloop
  endfacet
  facet normal -0.839764 0.542951 0
    outer loop
      vertex 43.4961 26.9154 1.3
      vertex 43.5411 26.985 1.8
      vertex 43.5411 26.985 1.3
    endloop
  endfacet
  facet normal -0.839764 0.542951 0
    outer loop
      vertex 43.5411 26.985 1.8
      vertex 43.4961 26.9154 1.3
      vertex 43.4961 26.9154 1.8
    endloop
  endfacet
  facet normal -0.802928 0.596076 0
    outer loop
      vertex 43.4474 26.8498 1.3
      vertex 43.4961 26.9154 1.8
      vertex 43.4961 26.9154 1.3
    endloop
  endfacet
  facet normal -0.802928 0.596076 0
    outer loop
      vertex 43.4961 26.9154 1.8
      vertex 43.4474 26.8498 1.3
      vertex 43.4474 26.8498 1.8
    endloop
  endfacet
  facet normal -0.761604 0.648042 0
    outer loop
      vertex 43.3949 26.7881 1.3
      vertex 43.4474 26.8498 1.8
      vertex 43.4474 26.8498 1.3
    endloop
  endfacet
  facet normal -0.761604 0.648042 0
    outer loop
      vertex 43.4474 26.8498 1.8
      vertex 43.3949 26.7881 1.3
      vertex 43.3949 26.7881 1.8
    endloop
  endfacet
  facet normal -0.716341 0.697751 0
    outer loop
      vertex 43.3386 26.7303 1.3
      vertex 43.3949 26.7881 1.8
      vertex 43.3949 26.7881 1.3
    endloop
  endfacet
  facet normal -0.716341 0.697751 0
    outer loop
      vertex 43.3949 26.7881 1.8
      vertex 43.3386 26.7303 1.3
      vertex 43.3386 26.7303 1.8
    endloop
  endfacet
  facet normal -0.666976 0.745079 0
    outer loop
      vertex 43.3386 26.7303 1.3
      vertex 43.2785 26.6765 1.8
      vertex 43.3386 26.7303 1.8
    endloop
  endfacet
  facet normal -0.666976 0.745079 0
    outer loop
      vertex 43.2785 26.6765 1.8
      vertex 43.3386 26.7303 1.3
      vertex 43.2785 26.6765 1.3
    endloop
  endfacet
  facet normal -0.616075 0.787687 0
    outer loop
      vertex 43.2785 26.6765 1.3
      vertex 43.2147 26.6266 1.8
      vertex 43.2785 26.6765 1.8
    endloop
  endfacet
  facet normal -0.616075 0.787687 0
    outer loop
      vertex 43.2147 26.6266 1.8
      vertex 43.2785 26.6765 1.3
      vertex 43.2147 26.6266 1.3
    endloop
  endfacet
  facet normal -0.561741 0.827313 0
    outer loop
      vertex 43.2147 26.6266 1.3
      vertex 43.1471 26.5807 1.8
      vertex 43.2147 26.6266 1.8
    endloop
  endfacet
  facet normal -0.561741 0.827313 0
    outer loop
      vertex 43.1471 26.5807 1.8
      vertex 43.2147 26.6266 1.3
      vertex 43.1471 26.5807 1.3
    endloop
  endfacet
  facet normal -0.507548 0.861623 0
    outer loop
      vertex 43.1471 26.5807 1.3
      vertex 43.0758 26.5387 1.8
      vertex 43.1471 26.5807 1.8
    endloop
  endfacet
  facet normal -0.507548 0.861623 0
    outer loop
      vertex 43.0758 26.5387 1.8
      vertex 43.1471 26.5807 1.3
      vertex 43.0758 26.5387 1.3
    endloop
  endfacet
  facet normal -0.45199 0.892023 0
    outer loop
      vertex 43.0758 26.5387 1.3
      vertex 43.0012 26.5009 1.8
      vertex 43.0758 26.5387 1.8
    endloop
  endfacet
  facet normal -0.45199 0.892023 0
    outer loop
      vertex 43.0012 26.5009 1.8
      vertex 43.0758 26.5387 1.3
      vertex 43.0012 26.5009 1.3
    endloop
  endfacet
  facet normal -0.395639 0.918406 0
    outer loop
      vertex 43.0012 26.5009 1.3
      vertex 42.9239 26.4676 1.8
      vertex 43.0012 26.5009 1.8
    endloop
  endfacet
  facet normal -0.395639 0.918406 0
    outer loop
      vertex 42.9239 26.4676 1.8
      vertex 43.0012 26.5009 1.3
      vertex 42.9239 26.4676 1.3
    endloop
  endfacet
  facet normal -0.33976 0.940512 0
    outer loop
      vertex 42.9239 26.4676 1.3
      vertex 42.8439 26.4387 1.8
      vertex 42.9239 26.4676 1.8
    endloop
  endfacet
  facet normal -0.33976 0.940512 0
    outer loop
      vertex 42.8439 26.4387 1.8
      vertex 42.9239 26.4676 1.3
      vertex 42.8439 26.4387 1.3
    endloop
  endfacet
  facet normal -0.282668 0.959218 0
    outer loop
      vertex 42.8439 26.4387 1.3
      vertex 42.7611 26.4143 1.8
      vertex 42.8439 26.4387 1.8
    endloop
  endfacet
  facet normal -0.282668 0.959218 0
    outer loop
      vertex 42.7611 26.4143 1.8
      vertex 42.8439 26.4387 1.3
      vertex 42.7611 26.4143 1.3
    endloop
  endfacet
  facet normal -0.228022 0.973656 0
    outer loop
      vertex 42.7611 26.4143 1.3
      vertex 42.6757 26.3943 1.8
      vertex 42.7611 26.4143 1.8
    endloop
  endfacet
  facet normal -0.228022 0.973656 0
    outer loop
      vertex 42.6757 26.3943 1.8
      vertex 42.7611 26.4143 1.3
      vertex 42.6757 26.3943 1.3
    endloop
  endfacet
  facet normal -0.174167 0.984716 0
    outer loop
      vertex 42.6757 26.3943 1.3
      vertex 42.5875 26.3787 1.8
      vertex 42.6757 26.3943 1.8
    endloop
  endfacet
  facet normal -0.174167 0.984716 0
    outer loop
      vertex 42.5875 26.3787 1.8
      vertex 42.6757 26.3943 1.3
      vertex 42.5875 26.3787 1.3
    endloop
  endfacet
  facet normal -0.121343 0.992611 0
    outer loop
      vertex 42.5875 26.3787 1.3
      vertex 42.4967 26.3676 1.8
      vertex 42.5875 26.3787 1.8
    endloop
  endfacet
  facet normal -0.121343 0.992611 0
    outer loop
      vertex 42.4967 26.3676 1.8
      vertex 42.5875 26.3787 1.3
      vertex 42.4967 26.3676 1.3
    endloop
  endfacet
  facet normal -0.0713985 0.997448 0
    outer loop
      vertex 42.4967 26.3676 1.3
      vertex 42.4031 26.3609 1.8
      vertex 42.4967 26.3676 1.8
    endloop
  endfacet
  facet normal -0.0713985 0.997448 0
    outer loop
      vertex 42.4031 26.3609 1.8
      vertex 42.4967 26.3676 1.3
      vertex 42.4031 26.3609 1.3
    endloop
  endfacet
  facet normal -0.0228393 0.999739 0
    outer loop
      vertex 42.4031 26.3609 1.3
      vertex 42.3068 26.3587 1.8
      vertex 42.4031 26.3609 1.8
    endloop
  endfacet
  facet normal -0.0228393 0.999739 0
    outer loop
      vertex 42.3068 26.3587 1.8
      vertex 42.4031 26.3609 1.3
      vertex 42.3068 26.3587 1.3
    endloop
  endfacet
  facet normal 0.0334284 0.999441 -0
    outer loop
      vertex 42.3068 26.3587 1.3
      vertex 42.1603 26.3636 1.8
      vertex 42.3068 26.3587 1.8
    endloop
  endfacet
  facet normal 0.0334284 0.999441 0
    outer loop
      vertex 42.1603 26.3636 1.8
      vertex 42.3068 26.3587 1.3
      vertex 42.1603 26.3636 1.3
    endloop
  endfacet
  facet normal 0.104945 0.994478 -0
    outer loop
      vertex 42.1603 26.3636 1.3
      vertex 42.021 26.3783 1.8
      vertex 42.1603 26.3636 1.8
    endloop
  endfacet
  facet normal 0.104945 0.994478 0
    outer loop
      vertex 42.021 26.3783 1.8
      vertex 42.1603 26.3636 1.3
      vertex 42.021 26.3783 1.3
    endloop
  endfacet
  facet normal 0.183209 0.983074 -0
    outer loop
      vertex 42.021 26.3783 1.3
      vertex 41.889 26.4029 1.8
      vertex 42.021 26.3783 1.8
    endloop
  endfacet
  facet normal 0.183209 0.983074 0
    outer loop
      vertex 41.889 26.4029 1.8
      vertex 42.021 26.3783 1.3
      vertex 41.889 26.4029 1.3
    endloop
  endfacet
  facet normal 0.265533 0.964102 -0
    outer loop
      vertex 41.889 26.4029 1.3
      vertex 41.7641 26.4373 1.8
      vertex 41.889 26.4029 1.8
    endloop
  endfacet
  facet normal 0.265533 0.964102 0
    outer loop
      vertex 41.7641 26.4373 1.8
      vertex 41.889 26.4029 1.3
      vertex 41.7641 26.4373 1.3
    endloop
  endfacet
  facet normal 0.351559 0.936166 -0
    outer loop
      vertex 41.7641 26.4373 1.3
      vertex 41.6464 26.4815 1.8
      vertex 41.7641 26.4373 1.8
    endloop
  endfacet
  facet normal 0.351559 0.936166 0
    outer loop
      vertex 41.6464 26.4815 1.8
      vertex 41.7641 26.4373 1.3
      vertex 41.6464 26.4815 1.3
    endloop
  endfacet
  facet normal 0.439385 0.898299 -0
    outer loop
      vertex 41.6464 26.4815 1.3
      vertex 41.536 26.5355 1.8
      vertex 41.6464 26.4815 1.8
    endloop
  endfacet
  facet normal 0.439385 0.898299 0
    outer loop
      vertex 41.536 26.5355 1.8
      vertex 41.6464 26.4815 1.3
      vertex 41.536 26.5355 1.3
    endloop
  endfacet
  facet normal 0.525844 0.850581 -0
    outer loop
      vertex 41.536 26.5355 1.3
      vertex 41.4328 26.5993 1.8
      vertex 41.536 26.5355 1.8
    endloop
  endfacet
  facet normal 0.525844 0.850581 0
    outer loop
      vertex 41.4328 26.5993 1.8
      vertex 41.536 26.5355 1.3
      vertex 41.4328 26.5993 1.3
    endloop
  endfacet
  facet normal 0.608033 0.793912 -0
    outer loop
      vertex 41.4328 26.5993 1.3
      vertex 41.3367 26.6729 1.8
      vertex 41.4328 26.5993 1.8
    endloop
  endfacet
  facet normal 0.608033 0.793912 0
    outer loop
      vertex 41.3367 26.6729 1.8
      vertex 41.4328 26.5993 1.3
      vertex 41.3367 26.6729 1.3
    endloop
  endfacet
  facet normal 0.685032 0.728513 -0
    outer loop
      vertex 41.3367 26.6729 1.3
      vertex 41.2479 26.7564 1.8
      vertex 41.3367 26.6729 1.8
    endloop
  endfacet
  facet normal 0.685032 0.728513 0
    outer loop
      vertex 41.2479 26.7564 1.8
      vertex 41.3367 26.6729 1.3
      vertex 41.2479 26.7564 1.3
    endloop
  endfacet
  facet normal 0.752577 0.658505 0
    outer loop
      vertex 41.2479 26.7564 1.8
      vertex 41.1674 26.8484 1.3
      vertex 41.1674 26.8484 1.8
    endloop
  endfacet
  facet normal 0.752577 0.658505 0
    outer loop
      vertex 41.1674 26.8484 1.3
      vertex 41.2479 26.7564 1.8
      vertex 41.2479 26.7564 1.3
    endloop
  endfacet
  facet normal 0.813457 0.581626 0
    outer loop
      vertex 41.1674 26.8484 1.8
      vertex 41.0964 26.9477 1.3
      vertex 41.0964 26.9477 1.8
    endloop
  endfacet
  facet normal 0.813457 0.581626 0
    outer loop
      vertex 41.0964 26.9477 1.3
      vertex 41.1674 26.8484 1.8
      vertex 41.1674 26.8484 1.3
    endloop
  endfacet
  facet normal 0.865982 0.500074 0
    outer loop
      vertex 41.0964 26.9477 1.8
      vertex 41.0349 27.0542 1.3
      vertex 41.0349 27.0542 1.8
    endloop
  endfacet
  facet normal 0.865982 0.500074 0
    outer loop
      vertex 41.0349 27.0542 1.3
      vertex 41.0964 26.9477 1.8
      vertex 41.0964 26.9477 1.3
    endloop
  endfacet
  facet normal 0.909241 0.41627 0
    outer loop
      vertex 41.0349 27.0542 1.8
      vertex 40.9828 27.168 1.3
      vertex 40.9828 27.168 1.8
    endloop
  endfacet
  facet normal 0.909241 0.41627 0
    outer loop
      vertex 40.9828 27.168 1.3
      vertex 41.0349 27.0542 1.8
      vertex 41.0349 27.0542 1.3
    endloop
  endfacet
  facet normal 0.943335 0.331842 0
    outer loop
      vertex 40.9828 27.168 1.8
      vertex 40.9402 27.2891 1.3
      vertex 40.9402 27.2891 1.8
    endloop
  endfacet
  facet normal 0.943335 0.331842 0
    outer loop
      vertex 40.9402 27.2891 1.3
      vertex 40.9828 27.168 1.8
      vertex 40.9828 27.168 1.3
    endloop
  endfacet
  facet normal 0.968112 0.250517 0
    outer loop
      vertex 40.9402 27.2891 1.8
      vertex 40.907 27.4174 1.3
      vertex 40.907 27.4174 1.8
    endloop
  endfacet
  facet normal 0.968112 0.250517 0
    outer loop
      vertex 40.907 27.4174 1.3
      vertex 40.9402 27.2891 1.8
      vertex 40.9402 27.2891 1.3
    endloop
  endfacet
  facet normal 0.985169 0.171587 0
    outer loop
      vertex 40.907 27.4174 1.8
      vertex 40.8834 27.5529 1.3
      vertex 40.8834 27.5529 1.8
    endloop
  endfacet
  facet normal 0.985169 0.171587 0
    outer loop
      vertex 40.8834 27.5529 1.3
      vertex 40.907 27.4174 1.8
      vertex 40.907 27.4174 1.3
    endloop
  endfacet
  facet normal 0.99503 0.0995727 0
    outer loop
      vertex 40.8834 27.5529 1.8
      vertex 40.8691 27.6958 1.3
      vertex 40.8691 27.6958 1.8
    endloop
  endfacet
  facet normal 0.99503 0.0995727 0
    outer loop
      vertex 40.8691 27.6958 1.3
      vertex 40.8834 27.5529 1.8
      vertex 40.8834 27.5529 1.3
    endloop
  endfacet
  facet normal 0.999509 0.031318 0
    outer loop
      vertex 40.8691 27.6958 1.8
      vertex 40.8644 27.8458 1.3
      vertex 40.8644 27.8458 1.8
    endloop
  endfacet
  facet normal 0.999509 0.031318 0
    outer loop
      vertex 40.8644 27.8458 1.3
      vertex 40.8691 27.6958 1.8
      vertex 40.8691 27.6958 1.3
    endloop
  endfacet
  facet normal 0.999506 -0.0314226 0
    outer loop
      vertex 40.8644 27.8458 1.8
      vertex 40.8691 27.9953 1.3
      vertex 40.8691 27.9953 1.8
    endloop
  endfacet
  facet normal 0.999506 -0.0314226 0
    outer loop
      vertex 40.8691 27.9953 1.3
      vertex 40.8644 27.8458 1.8
      vertex 40.8644 27.8458 1.3
    endloop
  endfacet
  facet normal 0.995044 -0.0994344 0
    outer loop
      vertex 40.8691 27.9953 1.8
      vertex 40.8833 28.1374 1.3
      vertex 40.8833 28.1374 1.8
    endloop
  endfacet
  facet normal 0.995044 -0.0994344 0
    outer loop
      vertex 40.8833 28.1374 1.3
      vertex 40.8691 27.9953 1.8
      vertex 40.8691 27.9953 1.3
    endloop
  endfacet
  facet normal 0.984953 -0.172824 0
    outer loop
      vertex 40.8833 28.1374 1.8
      vertex 40.9069 28.2719 1.3
      vertex 40.9069 28.2719 1.8
    endloop
  endfacet
  facet normal 0.984953 -0.172824 0
    outer loop
      vertex 40.9069 28.2719 1.3
      vertex 40.8833 28.1374 1.8
      vertex 40.8833 28.1374 1.3
    endloop
  endfacet
  facet normal 0.967722 -0.252019 0
    outer loop
      vertex 40.9069 28.2719 1.8
      vertex 40.94 28.399 1.3
      vertex 40.94 28.399 1.8
    endloop
  endfacet
  facet normal 0.967722 -0.252019 0
    outer loop
      vertex 40.94 28.399 1.3
      vertex 40.9069 28.2719 1.8
      vertex 40.9069 28.2719 1.3
    endloop
  endfacet
  facet normal 0.942187 -0.335087 0
    outer loop
      vertex 40.94 28.399 1.8
      vertex 40.9825 28.5185 1.3
      vertex 40.9825 28.5185 1.8
    endloop
  endfacet
  facet normal 0.942187 -0.335087 0
    outer loop
      vertex 40.9825 28.5185 1.3
      vertex 40.94 28.399 1.8
      vertex 40.94 28.399 1.3
    endloop
  endfacet
  facet normal 0.907461 -0.420136 0
    outer loop
      vertex 40.9825 28.5185 1.8
      vertex 41.0344 28.6306 1.3
      vertex 41.0344 28.6306 1.8
    endloop
  endfacet
  facet normal 0.907461 -0.420136 0
    outer loop
      vertex 41.0344 28.6306 1.3
      vertex 40.9825 28.5185 1.8
      vertex 40.9825 28.5185 1.3
    endloop
  endfacet
  facet normal 0.8624 -0.506227 0
    outer loop
      vertex 41.0344 28.6306 1.8
      vertex 41.0958 28.7352 1.3
      vertex 41.0958 28.7352 1.8
    endloop
  endfacet
  facet normal 0.8624 -0.506227 0
    outer loop
      vertex 41.0958 28.7352 1.3
      vertex 41.0344 28.6306 1.8
      vertex 41.0344 28.6306 1.3
    endloop
  endfacet
  facet normal 0.808016 -0.589161 0
    outer loop
      vertex 41.0958 28.7352 1.8
      vertex 41.1666 28.8323 1.3
      vertex 41.1666 28.8323 1.8
    endloop
  endfacet
  facet normal 0.808016 -0.589161 0
    outer loop
      vertex 41.1666 28.8323 1.3
      vertex 41.0958 28.7352 1.8
      vertex 41.0958 28.7352 1.3
    endloop
  endfacet
  facet normal 0.745067 -0.666989 0
    outer loop
      vertex 41.1666 28.8323 1.8
      vertex 41.2469 28.922 1.3
      vertex 41.2469 28.922 1.8
    endloop
  endfacet
  facet normal 0.745067 -0.666989 0
    outer loop
      vertex 41.2469 28.922 1.3
      vertex 41.1666 28.8323 1.8
      vertex 41.1666 28.8323 1.3
    endloop
  endfacet
  facet normal 0.674782 -0.738017 0
    outer loop
      vertex 41.2469 28.922 1.3
      vertex 41.3356 29.0031 1.8
      vertex 41.2469 28.922 1.8
    endloop
  endfacet
  facet normal 0.674782 -0.738017 0
    outer loop
      vertex 41.3356 29.0031 1.8
      vertex 41.2469 28.922 1.3
      vertex 41.3356 29.0031 1.3
    endloop
  endfacet
  facet normal 0.59786 -0.8016 0
    outer loop
      vertex 41.3356 29.0031 1.3
      vertex 41.4316 29.0747 1.8
      vertex 41.3356 29.0031 1.8
    endloop
  endfacet
  facet normal 0.59786 -0.8016 0
    outer loop
      vertex 41.4316 29.0747 1.8
      vertex 41.3356 29.0031 1.3
      vertex 41.4316 29.0747 1.3
    endloop
  endfacet
  facet normal 0.513886 -0.857858 0
    outer loop
      vertex 41.4316 29.0747 1.3
      vertex 41.5351 29.1367 1.8
      vertex 41.4316 29.0747 1.8
    endloop
  endfacet
  facet normal 0.513886 -0.857858 0
    outer loop
      vertex 41.5351 29.1367 1.8
      vertex 41.4316 29.0747 1.3
      vertex 41.5351 29.1367 1.3
    endloop
  endfacet
  facet normal 0.428192 -0.903688 0
    outer loop
      vertex 41.5351 29.1367 1.3
      vertex 41.6459 29.1892 1.8
      vertex 41.5351 29.1367 1.8
    endloop
  endfacet
  facet normal 0.428192 -0.903688 0
    outer loop
      vertex 41.6459 29.1892 1.8
      vertex 41.5351 29.1367 1.3
      vertex 41.6459 29.1892 1.3
    endloop
  endfacet
  facet normal 0.341615 -0.93984 0
    outer loop
      vertex 41.6459 29.1892 1.3
      vertex 41.7642 29.2322 1.8
      vertex 41.6459 29.1892 1.8
    endloop
  endfacet
  facet normal 0.341615 -0.93984 0
    outer loop
      vertex 41.7642 29.2322 1.8
      vertex 41.6459 29.1892 1.3
      vertex 41.7642 29.2322 1.3
    endloop
  endfacet
  facet normal 0.256992 -0.966413 0
    outer loop
      vertex 41.7642 29.2322 1.3
      vertex 41.8898 29.2656 1.8
      vertex 41.7642 29.2322 1.8
    endloop
  endfacet
  facet normal 0.256992 -0.966413 0
    outer loop
      vertex 41.8898 29.2656 1.8
      vertex 41.7642 29.2322 1.3
      vertex 41.8898 29.2656 1.3
    endloop
  endfacet
  facet normal 0.176278 -0.98434 0
    outer loop
      vertex 41.8898 29.2656 1.3
      vertex 42.0227 29.2894 1.8
      vertex 41.8898 29.2656 1.8
    endloop
  endfacet
  facet normal 0.176278 -0.98434 0
    outer loop
      vertex 42.0227 29.2894 1.8
      vertex 41.8898 29.2656 1.3
      vertex 42.0227 29.2894 1.3
    endloop
  endfacet
  facet normal 0.102029 -0.994781 0
    outer loop
      vertex 42.0227 29.2894 1.3
      vertex 42.1631 29.3038 1.8
      vertex 42.0227 29.2894 1.8
    endloop
  endfacet
  facet normal 0.102029 -0.994781 0
    outer loop
      vertex 42.1631 29.3038 1.8
      vertex 42.0227 29.2894 1.3
      vertex 42.1631 29.3038 1.3
    endloop
  endfacet
  facet normal 0.0317837 -0.999495 0
    outer loop
      vertex 42.1631 29.3038 1.3
      vertex 42.3109 29.3085 1.8
      vertex 42.1631 29.3038 1.8
    endloop
  endfacet
  facet normal 0.0317837 -0.999495 0
    outer loop
      vertex 42.3109 29.3085 1.8
      vertex 42.1631 29.3038 1.3
      vertex 42.3109 29.3085 1.3
    endloop
  endfacet
  facet normal -0.0324812 -0.999472 0
    outer loop
      vertex 42.3109 29.3085 1.3
      vertex 42.4586 29.3037 1.8
      vertex 42.3109 29.3085 1.8
    endloop
  endfacet
  facet normal -0.0324812 -0.999472 -0
    outer loop
      vertex 42.4586 29.3037 1.8
      vertex 42.3109 29.3085 1.3
      vertex 42.4586 29.3037 1.3
    endloop
  endfacet
  facet normal -0.116493 0.993192 0
    outer loop
      vertex 42.2236 28.8333 1.3
      vertex 42.1409 28.8236 1.8
      vertex 42.2236 28.8333 1.8
    endloop
  endfacet
  facet normal -0.116493 0.993192 0
    outer loop
      vertex 42.1409 28.8236 1.8
      vertex 42.2236 28.8333 1.3
      vertex 42.1409 28.8236 1.3
    endloop
  endfacet
  facet normal -0.201653 0.979457 0
    outer loop
      vertex 42.1409 28.8236 1.3
      vertex 42.0627 28.8075 1.8
      vertex 42.1409 28.8236 1.8
    endloop
  endfacet
  facet normal -0.201653 0.979457 0
    outer loop
      vertex 42.0627 28.8075 1.8
      vertex 42.1409 28.8236 1.3
      vertex 42.0627 28.8075 1.3
    endloop
  endfacet
  facet normal -0.293174 0.956059 0
    outer loop
      vertex 42.0627 28.8075 1.3
      vertex 41.989 28.7849 1.8
      vertex 42.0627 28.8075 1.8
    endloop
  endfacet
  facet normal -0.293174 0.956059 0
    outer loop
      vertex 41.989 28.7849 1.8
      vertex 42.0627 28.8075 1.3
      vertex 41.989 28.7849 1.3
    endloop
  endfacet
  facet normal -0.386507 0.922286 0
    outer loop
      vertex 41.989 28.7849 1.3
      vertex 41.9198 28.7559 1.8
      vertex 41.989 28.7849 1.8
    endloop
  endfacet
  facet normal -0.386507 0.922286 0
    outer loop
      vertex 41.9198 28.7559 1.8
      vertex 41.989 28.7849 1.3
      vertex 41.9198 28.7559 1.3
    endloop
  endfacet
  facet normal -0.482647 0.875815 0
    outer loop
      vertex 41.9198 28.7559 1.3
      vertex 41.8552 28.7203 1.8
      vertex 41.9198 28.7559 1.8
    endloop
  endfacet
  facet normal -0.482647 0.875815 0
    outer loop
      vertex 41.8552 28.7203 1.8
      vertex 41.9198 28.7559 1.3
      vertex 41.8552 28.7203 1.3
    endloop
  endfacet
  facet normal -0.571264 0.820766 0
    outer loop
      vertex 41.8552 28.7203 1.3
      vertex 41.795 28.6784 1.8
      vertex 41.8552 28.7203 1.8
    endloop
  endfacet
  facet normal -0.571264 0.820766 0
    outer loop
      vertex 41.795 28.6784 1.8
      vertex 41.8552 28.7203 1.3
      vertex 41.795 28.6784 1.3
    endloop
  endfacet
  facet normal -0.656582 0.754255 0
    outer loop
      vertex 41.795 28.6784 1.3
      vertex 41.7394 28.63 1.8
      vertex 41.795 28.6784 1.8
    endloop
  endfacet
  facet normal -0.656582 0.754255 0
    outer loop
      vertex 41.7394 28.63 1.8
      vertex 41.795 28.6784 1.3
      vertex 41.7394 28.63 1.3
    endloop
  endfacet
  facet normal -0.731986 0.68132 0
    outer loop
      vertex 41.6883 28.5751 1.3
      vertex 41.7394 28.63 1.8
      vertex 41.7394 28.63 1.3
    endloop
  endfacet
  facet normal -0.731986 0.68132 0
    outer loop
      vertex 41.7394 28.63 1.8
      vertex 41.6883 28.5751 1.3
      vertex 41.6883 28.5751 1.8
    endloop
  endfacet
  facet normal -0.795884 0.60545 0
    outer loop
      vertex 41.6422 28.5145 1.3
      vertex 41.6883 28.5751 1.8
      vertex 41.6883 28.5751 1.3
    endloop
  endfacet
  facet normal -0.795884 0.60545 0
    outer loop
      vertex 41.6883 28.5751 1.8
      vertex 41.6422 28.5145 1.3
      vertex 41.6422 28.5145 1.8
    endloop
  endfacet
  facet normal -0.851036 0.525107 0
    outer loop
      vertex 41.6016 28.4487 1.3
      vertex 41.6422 28.5145 1.8
      vertex 41.6422 28.5145 1.3
    endloop
  endfacet
  facet normal -0.851036 0.525107 0
    outer loop
      vertex 41.6422 28.5145 1.8
      vertex 41.6016 28.4487 1.3
      vertex 41.6016 28.4487 1.8
    endloop
  endfacet
  facet normal -0.894932 0.446202 0
    outer loop
      vertex 41.5663 28.3779 1.3
      vertex 41.6016 28.4487 1.8
      vertex 41.6016 28.4487 1.3
    endloop
  endfacet
  facet normal -0.894932 0.446202 0
    outer loop
      vertex 41.6016 28.4487 1.8
      vertex 41.5663 28.3779 1.3
      vertex 41.5663 28.3779 1.8
    endloop
  endfacet
  facet normal -0.930826 0.365463 0
    outer loop
      vertex 41.5365 28.302 1.3
      vertex 41.5663 28.3779 1.8
      vertex 41.5663 28.3779 1.3
    endloop
  endfacet
  facet normal -0.930826 0.365463 0
    outer loop
      vertex 41.5663 28.3779 1.8
      vertex 41.5365 28.302 1.3
      vertex 41.5365 28.302 1.8
    endloop
  endfacet
  facet normal -0.957272 0.289188 0
    outer loop
      vertex 41.512 28.2209 1.3
      vertex 41.5365 28.302 1.8
      vertex 41.5365 28.302 1.3
    endloop
  endfacet
  facet normal -0.957272 0.289188 0
    outer loop
      vertex 41.5365 28.302 1.8
      vertex 41.512 28.2209 1.3
      vertex 41.512 28.2209 1.8
    endloop
  endfacet
  facet normal -0.976744 0.214407 0
    outer loop
      vertex 41.4931 28.1348 1.3
      vertex 41.512 28.2209 1.8
      vertex 41.512 28.2209 1.3
    endloop
  endfacet
  facet normal -0.976744 0.214407 0
    outer loop
      vertex 41.512 28.2209 1.8
      vertex 41.4931 28.1348 1.3
      vertex 41.4931 28.1348 1.8
    endloop
  endfacet
  facet normal -0.989063 0.147492 0
    outer loop
      vertex 41.4795 28.0436 1.3
      vertex 41.4931 28.1348 1.8
      vertex 41.4931 28.1348 1.3
    endloop
  endfacet
  facet normal -0.989063 0.147492 0
    outer loop
      vertex 41.4931 28.1348 1.8
      vertex 41.4795 28.0436 1.3
      vertex 41.4795 28.0436 1.8
    endloop
  endfacet
  facet normal -0.996488 0.0837298 0
    outer loop
      vertex 41.4714 27.9472 1.3
      vertex 41.4795 28.0436 1.8
      vertex 41.4795 28.0436 1.3
    endloop
  endfacet
  facet normal -0.996488 0.0837298 0
    outer loop
      vertex 41.4795 28.0436 1.8
      vertex 41.4714 27.9472 1.3
      vertex 41.4714 27.9472 1.8
    endloop
  endfacet
  facet normal -0.999646 0.0266178 0
    outer loop
      vertex 41.4687 27.8458 1.3
      vertex 41.4714 27.9472 1.8
      vertex 41.4714 27.9472 1.3
    endloop
  endfacet
  facet normal -0.999646 0.0266178 0
    outer loop
      vertex 41.4714 27.9472 1.8
      vertex 41.4687 27.8458 1.3
      vertex 41.4687 27.8458 1.8
    endloop
  endfacet
  facet normal -0.999653 -0.026358 0
    outer loop
      vertex 41.4714 27.7434 1.3
      vertex 41.4687 27.8458 1.8
      vertex 41.4687 27.8458 1.3
    endloop
  endfacet
  facet normal -0.999653 -0.026358 0
    outer loop
      vertex 41.4687 27.8458 1.8
      vertex 41.4714 27.7434 1.3
      vertex 41.4714 27.7434 1.8
    endloop
  endfacet
  facet normal -0.996302 -0.0859234 0
    outer loop
      vertex 41.4798 27.646 1.3
      vertex 41.4714 27.7434 1.8
      vertex 41.4714 27.7434 1.3
    endloop
  endfacet
  facet normal -0.996302 -0.0859234 0
    outer loop
      vertex 41.4714 27.7434 1.8
      vertex 41.4798 27.646 1.3
      vertex 41.4798 27.646 1.8
    endloop
  endfacet
  facet normal -0.989077 -0.1474 0
    outer loop
      vertex 41.4936 27.5534 1.3
      vertex 41.4798 27.646 1.8
      vertex 41.4798 27.646 1.3
    endloop
  endfacet
  facet normal -0.989077 -0.1474 0
    outer loop
      vertex 41.4798 27.646 1.8
      vertex 41.4936 27.5534 1.3
      vertex 41.4936 27.5534 1.8
    endloop
  endfacet
  facet normal -0.976056 -0.217521 0
    outer loop
      vertex 41.5131 27.4659 1.3
      vertex 41.4936 27.5534 1.8
      vertex 41.4936 27.5534 1.3
    endloop
  endfacet
  facet normal -0.976056 -0.217521 0
    outer loop
      vertex 41.4936 27.5534 1.8
      vertex 41.5131 27.4659 1.3
      vertex 41.5131 27.4659 1.8
    endloop
  endfacet
  facet normal -0.957443 -0.288624 0
    outer loop
      vertex 41.538 27.3833 1.3
      vertex 41.5131 27.4659 1.8
      vertex 41.5131 27.4659 1.3
    endloop
  endfacet
  facet normal -0.957443 -0.288624 0
    outer loop
      vertex 41.5131 27.4659 1.8
      vertex 41.538 27.3833 1.3
      vertex 41.538 27.3833 1.8
    endloop
  endfacet
  facet normal -0.930446 -0.36643 0
    outer loop
      vertex 41.5686 27.3056 1.3
      vertex 41.538 27.3833 1.8
      vertex 41.538 27.3833 1.3
    endloop
  endfacet
  facet normal -0.930446 -0.36643 0
    outer loop
      vertex 41.538 27.3833 1.8
      vertex 41.5686 27.3056 1.3
      vertex 41.5686 27.3056 1.8
    endloop
  endfacet
  facet normal -0.896146 -0.443759 0
    outer loop
      vertex 41.6046 27.2329 1.3
      vertex 41.5686 27.3056 1.8
      vertex 41.5686 27.3056 1.3
    endloop
  endfacet
  facet normal -0.896146 -0.443759 0
    outer loop
      vertex 41.5686 27.3056 1.8
      vertex 41.6046 27.2329 1.3
      vertex 41.6046 27.2329 1.8
    endloop
  endfacet
  facet normal -0.851788 -0.523887 0
    outer loop
      vertex 41.6463 27.1651 1.3
      vertex 41.6046 27.2329 1.8
      vertex 41.6046 27.2329 1.3
    endloop
  endfacet
  facet normal -0.851788 -0.523887 0
    outer loop
      vertex 41.6046 27.2329 1.8
      vertex 41.6463 27.1651 1.3
      vertex 41.6463 27.1651 1.8
    endloop
  endfacet
  facet normal -0.800458 -0.599389 0
    outer loop
      vertex 41.6934 27.1022 1.3
      vertex 41.6463 27.1651 1.8
      vertex 41.6463 27.1651 1.3
    endloop
  endfacet
  facet normal -0.800458 -0.599389 0
    outer loop
      vertex 41.6463 27.1651 1.8
      vertex 41.6934 27.1022 1.3
      vertex 41.6934 27.1022 1.8
    endloop
  endfacet
  facet normal -0.738176 -0.674608 0
    outer loop
      vertex 41.7454 27.0453 1.3
      vertex 41.6934 27.1022 1.8
      vertex 41.6934 27.1022 1.3
    endloop
  endfacet
  facet normal -0.738176 -0.674608 0
    outer loop
      vertex 41.6934 27.1022 1.8
      vertex 41.7454 27.0453 1.3
      vertex 41.7454 27.0453 1.8
    endloop
  endfacet
  facet normal -0.66823 -0.743954 0
    outer loop
      vertex 41.7454 27.0453 1.3
      vertex 41.8014 26.995 1.8
      vertex 41.7454 27.0453 1.8
    endloop
  endfacet
  facet normal -0.66823 -0.743954 -0
    outer loop
      vertex 41.8014 26.995 1.8
      vertex 41.7454 27.0453 1.3
      vertex 41.8014 26.995 1.3
    endloop
  endfacet
  facet normal -0.58721 -0.809434 0
    outer loop
      vertex 41.8014 26.995 1.3
      vertex 41.8615 26.9514 1.8
      vertex 41.8014 26.995 1.8
    endloop
  endfacet
  facet normal -0.58721 -0.809434 -0
    outer loop
      vertex 41.8615 26.9514 1.8
      vertex 41.8014 26.995 1.3
      vertex 41.8615 26.9514 1.3
    endloop
  endfacet
  facet normal -0.498903 -0.866658 0
    outer loop
      vertex 41.8615 26.9514 1.3
      vertex 41.9256 26.9145 1.8
      vertex 41.8615 26.9514 1.8
    endloop
  endfacet
  facet normal -0.498903 -0.866658 -0
    outer loop
      vertex 41.9256 26.9145 1.8
      vertex 41.8615 26.9514 1.3
      vertex 41.9256 26.9145 1.3
    endloop
  endfacet
  facet normal -0.404894 -0.914364 0
    outer loop
      vertex 41.9256 26.9145 1.3
      vertex 41.9938 26.8843 1.8
      vertex 41.9256 26.9145 1.8
    endloop
  endfacet
  facet normal -0.404894 -0.914364 -0
    outer loop
      vertex 41.9938 26.8843 1.8
      vertex 41.9256 26.9145 1.3
      vertex 41.9938 26.8843 1.3
    endloop
  endfacet
  facet normal -0.309891 -0.950772 0
    outer loop
      vertex 41.9938 26.8843 1.3
      vertex 42.0659 26.8608 1.8
      vertex 41.9938 26.8843 1.8
    endloop
  endfacet
  facet normal -0.309891 -0.950772 -0
    outer loop
      vertex 42.0659 26.8608 1.8
      vertex 41.9938 26.8843 1.3
      vertex 42.0659 26.8608 1.3
    endloop
  endfacet
  facet normal -0.213811 -0.976875 0
    outer loop
      vertex 42.0659 26.8608 1.3
      vertex 42.1422 26.8441 1.8
      vertex 42.0659 26.8608 1.8
    endloop
  endfacet
  facet normal -0.213811 -0.976875 -0
    outer loop
      vertex 42.1422 26.8441 1.8
      vertex 42.0659 26.8608 1.3
      vertex 42.1422 26.8441 1.3
    endloop
  endfacet
  facet normal -0.124795 -0.992183 0
    outer loop
      vertex 42.1422 26.8441 1.3
      vertex 42.2225 26.834 1.8
      vertex 42.1422 26.8441 1.8
    endloop
  endfacet
  facet normal -0.124795 -0.992183 -0
    outer loop
      vertex 42.2225 26.834 1.8
      vertex 42.1422 26.8441 1.3
      vertex 42.2225 26.834 1.3
    endloop
  endfacet
  facet normal -0.0391159 -0.999235 0
    outer loop
      vertex 42.2225 26.834 1.3
      vertex 42.3068 26.8307 1.8
      vertex 42.2225 26.834 1.8
    endloop
  endfacet
  facet normal -0.0391159 -0.999235 -0
    outer loop
      vertex 42.3068 26.8307 1.8
      vertex 42.2225 26.834 1.3
      vertex 42.3068 26.8307 1.3
    endloop
  endfacet
  facet normal 0.0366726 -0.999327 0
    outer loop
      vertex 42.3068 26.8307 1.3
      vertex 42.394 26.8339 1.8
      vertex 42.3068 26.8307 1.8
    endloop
  endfacet
  facet normal 0.0366726 -0.999327 0
    outer loop
      vertex 42.394 26.8339 1.8
      vertex 42.3068 26.8307 1.3
      vertex 42.394 26.8339 1.3
    endloop
  endfacet
  facet normal 0.117677 -0.993052 0
    outer loop
      vertex 42.394 26.8339 1.3
      vertex 42.4767 26.8437 1.8
      vertex 42.394 26.8339 1.8
    endloop
  endfacet
  facet normal 0.117677 -0.993052 0
    outer loop
      vertex 42.4767 26.8437 1.8
      vertex 42.394 26.8339 1.3
      vertex 42.4767 26.8437 1.3
    endloop
  endfacet
  facet normal 0.204054 -0.97896 0
    outer loop
      vertex 42.4767 26.8437 1.3
      vertex 42.5549 26.86 1.8
      vertex 42.4767 26.8437 1.8
    endloop
  endfacet
  facet normal 0.204054 -0.97896 0
    outer loop
      vertex 42.5549 26.86 1.8
      vertex 42.4767 26.8437 1.3
      vertex 42.5549 26.86 1.3
    endloop
  endfacet
  facet normal 0.297093 -0.954849 0
    outer loop
      vertex 42.5549 26.86 1.3
      vertex 42.6285 26.8829 1.8
      vertex 42.5549 26.86 1.8
    endloop
  endfacet
  facet normal 0.297093 -0.954849 0
    outer loop
      vertex 42.6285 26.8829 1.8
      vertex 42.5549 26.86 1.3
      vertex 42.6285 26.8829 1.3
    endloop
  endfacet
  facet normal 0.391987 -0.919971 0
    outer loop
      vertex 42.6285 26.8829 1.3
      vertex 42.6975 26.9123 1.8
      vertex 42.6285 26.8829 1.8
    endloop
  endfacet
  facet normal 0.391987 -0.919971 0
    outer loop
      vertex 42.6975 26.9123 1.8
      vertex 42.6285 26.8829 1.3
      vertex 42.6975 26.9123 1.3
    endloop
  endfacet
  facet normal 0.486333 -0.873774 0
    outer loop
      vertex 42.6975 26.9123 1.3
      vertex 42.762 26.9482 1.8
      vertex 42.6975 26.9123 1.8
    endloop
  endfacet
  facet normal 0.486333 -0.873774 0
    outer loop
      vertex 42.762 26.9482 1.8
      vertex 42.6975 26.9123 1.3
      vertex 42.762 26.9482 1.3
    endloop
  endfacet
  facet normal 0.578017 -0.816024 0
    outer loop
      vertex 42.762 26.9482 1.3
      vertex 42.822 26.9907 1.8
      vertex 42.762 26.9482 1.8
    endloop
  endfacet
  facet normal 0.578017 -0.816024 0
    outer loop
      vertex 42.822 26.9907 1.8
      vertex 42.762 26.9482 1.3
      vertex 42.822 26.9907 1.3
    endloop
  endfacet
  facet normal 0.661756 -0.749719 0
    outer loop
      vertex 42.822 26.9907 1.3
      vertex 42.8774 27.0396 1.8
      vertex 42.822 26.9907 1.8
    endloop
  endfacet
  facet normal 0.661756 -0.749719 0
    outer loop
      vertex 42.8774 27.0396 1.8
      vertex 42.822 26.9907 1.3
      vertex 42.8774 27.0396 1.3
    endloop
  endfacet
  facet normal 0.736989 -0.675905 0
    outer loop
      vertex 42.8774 27.0396 1.8
      vertex 42.9283 27.0951 1.3
      vertex 42.9283 27.0951 1.8
    endloop
  endfacet
  facet normal 0.736989 -0.675905 0
    outer loop
      vertex 42.9283 27.0951 1.3
      vertex 42.8774 27.0396 1.8
      vertex 42.8774 27.0396 1.3
    endloop
  endfacet
  facet normal 0.801871 -0.597498 0
    outer loop
      vertex 42.9283 27.0951 1.8
      vertex 42.9742 27.1567 1.3
      vertex 42.9742 27.1567 1.8
    endloop
  endfacet
  facet normal 0.801871 -0.597498 0
    outer loop
      vertex 42.9742 27.1567 1.3
      vertex 42.9283 27.0951 1.8
      vertex 42.9283 27.0951 1.3
    endloop
  endfacet
  facet normal 0.855455 -0.517877 0
    outer loop
      vertex 42.9742 27.1567 1.8
      vertex 43.0147 27.2236 1.3
      vertex 43.0147 27.2236 1.8
    endloop
  endfacet
  facet normal 0.855455 -0.517877 0
    outer loop
      vertex 43.0147 27.2236 1.3
      vertex 42.9742 27.1567 1.8
      vertex 42.9742 27.1567 1.3
    endloop
  endfacet
  facet normal 0.900065 -0.435756 0
    outer loop
      vertex 43.0147 27.2236 1.8
      vertex 43.0498 27.2961 1.3
      vertex 43.0498 27.2961 1.8
    endloop
  endfacet
  facet normal 0.900065 -0.435756 0
    outer loop
      vertex 43.0498 27.2961 1.3
      vertex 43.0147 27.2236 1.8
      vertex 43.0147 27.2236 1.3
    endloop
  endfacet
  facet normal 0.934393 -0.356245 0
    outer loop
      vertex 43.0498 27.2961 1.8
      vertex 43.0795 27.374 1.3
      vertex 43.0795 27.374 1.8
    endloop
  endfacet
  facet normal 0.934393 -0.356245 0
    outer loop
      vertex 43.0795 27.374 1.3
      vertex 43.0498 27.2961 1.8
      vertex 43.0498 27.2961 1.3
    endloop
  endfacet
  facet normal 0.960077 -0.279735 0
    outer loop
      vertex 43.0795 27.374 1.8
      vertex 43.1038 27.4574 1.3
      vertex 43.1038 27.4574 1.8
    endloop
  endfacet
  facet normal 0.960077 -0.279735 0
    outer loop
      vertex 43.1038 27.4574 1.3
      vertex 43.0795 27.374 1.8
      vertex 43.0795 27.374 1.3
    endloop
  endfacet
  facet normal 0.978139 -0.207951 0
    outer loop
      vertex 43.1038 27.4574 1.8
      vertex 43.1227 27.5463 1.3
      vertex 43.1227 27.5463 1.8
    endloop
  endfacet
  facet normal 0.978139 -0.207951 0
    outer loop
      vertex 43.1227 27.5463 1.3
      vertex 43.1038 27.4574 1.8
      vertex 43.1038 27.4574 1.3
    endloop
  endfacet
  facet normal 0.989929 -0.141568 0
    outer loop
      vertex 43.1227 27.5463 1.8
      vertex 43.1362 27.6407 1.3
      vertex 43.1362 27.6407 1.8
    endloop
  endfacet
  facet normal 0.989929 -0.141568 0
    outer loop
      vertex 43.1362 27.6407 1.3
      vertex 43.1227 27.5463 1.8
      vertex 43.1227 27.5463 1.3
    endloop
  endfacet
  facet normal 0.996723 -0.0808963 0
    outer loop
      vertex 43.1362 27.6407 1.8
      vertex 43.1443 27.7405 1.3
      vertex 43.1443 27.7405 1.8
    endloop
  endfacet
  facet normal 0.996723 -0.0808963 0
    outer loop
      vertex 43.1443 27.7405 1.3
      vertex 43.1362 27.6407 1.8
      vertex 43.1362 27.6407 1.3
    endloop
  endfacet
  facet normal 0.999671 -0.0256326 0
    outer loop
      vertex 43.1443 27.7405 1.8
      vertex 43.147 27.8458 1.3
      vertex 43.147 27.8458 1.8
    endloop
  endfacet
  facet normal 0.999671 -0.0256326 0
    outer loop
      vertex 43.147 27.8458 1.3
      vertex 43.1443 27.7405 1.8
      vertex 43.1443 27.7405 1.3
    endloop
  endfacet
  facet normal 0.99964 0.0268293 0
    outer loop
      vertex 43.147 27.8458 1.8
      vertex 43.1443 27.9464 1.3
      vertex 43.1443 27.9464 1.8
    endloop
  endfacet
  facet normal 0.99964 0.0268293 0
    outer loop
      vertex 43.1443 27.9464 1.3
      vertex 43.147 27.8458 1.8
      vertex 43.147 27.8458 1.3
    endloop
  endfacet
  facet normal 0.996349 0.0853716 0
    outer loop
      vertex 43.1443 27.9464 1.8
      vertex 43.1361 28.0421 1.3
      vertex 43.1361 28.0421 1.8
    endloop
  endfacet
  facet normal 0.996349 0.0853716 0
    outer loop
      vertex 43.1361 28.0421 1.3
      vertex 43.1443 27.9464 1.8
      vertex 43.1443 27.9464 1.3
    endloop
  endfacet
  facet normal 0.989104 0.147221 0
    outer loop
      vertex 43.1361 28.0421 1.8
      vertex 43.1226 28.1328 1.3
      vertex 43.1226 28.1328 1.8
    endloop
  endfacet
  facet normal 0.989104 0.147221 0
    outer loop
      vertex 43.1226 28.1328 1.3
      vertex 43.1361 28.0421 1.8
      vertex 43.1361 28.0421 1.3
    endloop
  endfacet
  facet normal 0.976294 0.216448 0
    outer loop
      vertex 43.1226 28.1328 1.8
      vertex 43.1036 28.2185 1.3
      vertex 43.1036 28.2185 1.8
    endloop
  endfacet
  facet normal 0.976294 0.216448 0
    outer loop
      vertex 43.1036 28.2185 1.3
      vertex 43.1226 28.1328 1.8
      vertex 43.1226 28.1328 1.3
    endloop
  endfacet
  facet normal 0.957303 0.289087 0
    outer loop
      vertex 43.1036 28.2185 1.8
      vertex 43.0792 28.2993 1.3
      vertex 43.0792 28.2993 1.8
    endloop
  endfacet
  facet normal 0.957303 0.289087 0
    outer loop
      vertex 43.0792 28.2993 1.3
      vertex 43.1036 28.2185 1.8
      vertex 43.1036 28.2185 1.3
    endloop
  endfacet
  facet normal 0.930826 0.365463 0
    outer loop
      vertex 43.0792 28.2993 1.8
      vertex 43.0494 28.3752 1.3
      vertex 43.0494 28.3752 1.8
    endloop
  endfacet
  facet normal 0.930826 0.365463 0
    outer loop
      vertex 43.0494 28.3752 1.3
      vertex 43.0792 28.2993 1.8
      vertex 43.0792 28.2993 1.3
    endloop
  endfacet
  facet normal 0.895183 0.445698 0
    outer loop
      vertex 43.0494 28.3752 1.8
      vertex 43.0141 28.4461 1.3
      vertex 43.0141 28.4461 1.8
    endloop
  endfacet
  facet normal 0.895183 0.445698 0
    outer loop
      vertex 43.0141 28.4461 1.3
      vertex 43.0494 28.3752 1.8
      vertex 43.0494 28.3752 1.3
    endloop
  endfacet
  facet normal 0.851171 0.524889 0
    outer loop
      vertex 43.0141 28.4461 1.8
      vertex 42.9734 28.5121 1.3
      vertex 42.9734 28.5121 1.8
    endloop
  endfacet
  facet normal 0.851171 0.524889 0
    outer loop
      vertex 42.9734 28.5121 1.3
      vertex 43.0141 28.4461 1.8
      vertex 43.0141 28.4461 1.3
    endloop
  endfacet
  facet normal 0.797797 0.602926 0
    outer loop
      vertex 42.9734 28.5121 1.8
      vertex 42.9273 28.5731 1.3
      vertex 42.9273 28.5731 1.8
    endloop
  endfacet
  facet normal 0.797797 0.602926 0
    outer loop
      vertex 42.9273 28.5731 1.3
      vertex 42.9734 28.5121 1.8
      vertex 42.9734 28.5121 1.3
    endloop
  endfacet
  facet normal 0.735109 0.677949 0
    outer loop
      vertex 42.9273 28.5731 1.8
      vertex 42.8763 28.6284 1.3
      vertex 42.8763 28.6284 1.8
    endloop
  endfacet
  facet normal 0.735109 0.677949 0
    outer loop
      vertex 42.8763 28.6284 1.3
      vertex 42.9273 28.5731 1.8
      vertex 42.9273 28.5731 1.3
    endloop
  endfacet
  facet normal 0.660994 0.750391 -0
    outer loop
      vertex 42.8763 28.6284 1.3
      vertex 42.8209 28.6772 1.8
      vertex 42.8763 28.6284 1.8
    endloop
  endfacet
  facet normal 0.660994 0.750391 0
    outer loop
      vertex 42.8209 28.6772 1.8
      vertex 42.8763 28.6284 1.3
      vertex 42.8209 28.6772 1.3
    endloop
  endfacet
  facet normal 0.576576 0.817044 -0
    outer loop
      vertex 42.8209 28.6772 1.3
      vertex 42.7611 28.7194 1.8
      vertex 42.8209 28.6772 1.8
    endloop
  endfacet
  facet normal 0.576576 0.817044 0
    outer loop
      vertex 42.7611 28.7194 1.8
      vertex 42.8209 28.6772 1.3
      vertex 42.7611 28.7194 1.3
    endloop
  endfacet
  facet normal 0.487608 0.873063 -0
    outer loop
      vertex 42.7611 28.7194 1.3
      vertex 42.697 28.7552 1.8
      vertex 42.7611 28.7194 1.8
    endloop
  endfacet
  facet normal 0.487608 0.873063 0
    outer loop
      vertex 42.697 28.7552 1.8
      vertex 42.7611 28.7194 1.3
      vertex 42.697 28.7552 1.3
    endloop
  endfacet
  facet normal 0.393271 0.919423 -0
    outer loop
      vertex 42.697 28.7552 1.3
      vertex 42.6285 28.7845 1.8
      vertex 42.697 28.7552 1.8
    endloop
  endfacet
  facet normal 0.393271 0.919423 0
    outer loop
      vertex 42.6285 28.7845 1.8
      vertex 42.697 28.7552 1.3
      vertex 42.6285 28.7845 1.3
    endloop
  endfacet
  facet normal 0.298872 0.954293 -0
    outer loop
      vertex 42.6285 28.7845 1.3
      vertex 42.5557 28.8073 1.8
      vertex 42.6285 28.7845 1.8
    endloop
  endfacet
  facet normal 0.298872 0.954293 0
    outer loop
      vertex 42.5557 28.8073 1.8
      vertex 42.6285 28.7845 1.3
      vertex 42.5557 28.8073 1.3
    endloop
  endfacet
  facet normal 0.205117 0.978737 -0
    outer loop
      vertex 42.5557 28.8073 1.3
      vertex 42.4784 28.8235 1.8
      vertex 42.5557 28.8073 1.8
    endloop
  endfacet
  facet normal 0.205117 0.978737 0
    outer loop
      vertex 42.4784 28.8235 1.8
      vertex 42.5557 28.8073 1.3
      vertex 42.4784 28.8235 1.3
    endloop
  endfacet
  facet normal 0.119241 0.992865 -0
    outer loop
      vertex 42.4784 28.8235 1.3
      vertex 42.3968 28.8333 1.8
      vertex 42.4784 28.8235 1.8
    endloop
  endfacet
  facet normal 0.119241 0.992865 0
    outer loop
      vertex 42.3968 28.8333 1.8
      vertex 42.4784 28.8235 1.3
      vertex 42.3968 28.8333 1.3
    endloop
  endfacet
  facet normal 0.0372268 0.999307 -0
    outer loop
      vertex 42.3968 28.8333 1.3
      vertex 42.3109 28.8365 1.8
      vertex 42.3968 28.8333 1.8
    endloop
  endfacet
  facet normal 0.0372268 0.999307 0
    outer loop
      vertex 42.3109 28.8365 1.8
      vertex 42.3968 28.8333 1.3
      vertex 42.3109 28.8365 1.3
    endloop
  endfacet
  facet normal -0.0366306 0.999329 0
    outer loop
      vertex 42.3109 28.8365 1.3
      vertex 42.2236 28.8333 1.8
      vertex 42.3109 28.8365 1.8
    endloop
  endfacet
  facet normal -0.0366306 0.999329 0
    outer loop
      vertex 42.2236 28.8333 1.8
      vertex 42.3109 28.8365 1.3
      vertex 42.2236 28.8333 1.3
    endloop
  endfacet
  facet normal -0.0818299 -0.996646 0
    outer loop
      vertex 53.4013 29.3059 1.3
      vertex 53.4963 29.2981 1.8
      vertex 53.4013 29.3059 1.8
    endloop
  endfacet
  facet normal -0.0818299 -0.996646 -0
    outer loop
      vertex 53.4963 29.2981 1.8
      vertex 53.4013 29.3059 1.3
      vertex 53.4963 29.2981 1.3
    endloop
  endfacet
  facet normal -0.144352 -0.989526 0
    outer loop
      vertex 53.4963 29.2981 1.3
      vertex 53.5861 29.285 1.8
      vertex 53.4963 29.2981 1.8
    endloop
  endfacet
  facet normal -0.144352 -0.989526 -0
    outer loop
      vertex 53.5861 29.285 1.8
      vertex 53.4963 29.2981 1.3
      vertex 53.5861 29.285 1.3
    endloop
  endfacet
  facet normal -0.211901 -0.977291 0
    outer loop
      vertex 53.5861 29.285 1.3
      vertex 53.6705 29.2667 1.8
      vertex 53.5861 29.285 1.8
    endloop
  endfacet
  facet normal -0.211901 -0.977291 -0
    outer loop
      vertex 53.6705 29.2667 1.8
      vertex 53.5861 29.285 1.3
      vertex 53.6705 29.2667 1.3
    endloop
  endfacet
  facet normal -0.284459 -0.958688 0
    outer loop
      vertex 53.6705 29.2667 1.3
      vertex 53.7497 29.2432 1.8
      vertex 53.6705 29.2667 1.8
    endloop
  endfacet
  facet normal -0.284459 -0.958688 -0
    outer loop
      vertex 53.7497 29.2432 1.8
      vertex 53.6705 29.2667 1.3
      vertex 53.7497 29.2432 1.3
    endloop
  endfacet
  facet normal -0.362873 -0.931838 0
    outer loop
      vertex 53.7497 29.2432 1.3
      vertex 53.8234 29.2145 1.8
      vertex 53.7497 29.2432 1.8
    endloop
  endfacet
  facet normal -0.362873 -0.931838 -0
    outer loop
      vertex 53.8234 29.2145 1.8
      vertex 53.7497 29.2432 1.3
      vertex 53.8234 29.2145 1.3
    endloop
  endfacet
  facet normal -0.444596 -0.895731 0
    outer loop
      vertex 53.8234 29.2145 1.3
      vertex 53.8919 29.1805 1.8
      vertex 53.8234 29.2145 1.8
    endloop
  endfacet
  facet normal -0.444596 -0.895731 -0
    outer loop
      vertex 53.8919 29.1805 1.8
      vertex 53.8234 29.2145 1.3
      vertex 53.8919 29.1805 1.3
    endloop
  endfacet
  facet normal -0.527095 -0.849806 0
    outer loop
      vertex 53.8919 29.1805 1.3
      vertex 53.9551 29.1413 1.8
      vertex 53.8919 29.1805 1.8
    endloop
  endfacet
  facet normal -0.527095 -0.849806 -0
    outer loop
      vertex 53.9551 29.1413 1.8
      vertex 53.8919 29.1805 1.3
      vertex 53.9551 29.1413 1.3
    endloop
  endfacet
  facet normal -0.60918 -0.793032 0
    outer loop
      vertex 53.9551 29.1413 1.3
      vertex 54.0129 29.0969 1.8
      vertex 53.9551 29.1413 1.8
    endloop
  endfacet
  facet normal -0.60918 -0.793032 -0
    outer loop
      vertex 54.0129 29.0969 1.8
      vertex 53.9551 29.1413 1.3
      vertex 54.0129 29.0969 1.3
    endloop
  endfacet
  facet normal -0.685844 -0.727749 0
    outer loop
      vertex 54.0129 29.0969 1.3
      vertex 54.065 29.0478 1.8
      vertex 54.0129 29.0969 1.8
    endloop
  endfacet
  facet normal -0.685844 -0.727749 -0
    outer loop
      vertex 54.065 29.0478 1.8
      vertex 54.0129 29.0969 1.3
      vertex 54.065 29.0478 1.3
    endloop
  endfacet
  facet normal -0.757749 -0.652546 0
    outer loop
      vertex 54.1109 28.9945 1.3
      vertex 54.065 29.0478 1.8
      vertex 54.065 29.0478 1.3
    endloop
  endfacet
  facet normal -0.757749 -0.652546 0
    outer loop
      vertex 54.065 29.0478 1.8
      vertex 54.1109 28.9945 1.3
      vertex 54.1109 28.9945 1.8
    endloop
  endfacet
  facet normal -0.822038 -0.569433 0
    outer loop
      vertex 54.1508 28.9369 1.3
      vertex 54.1109 28.9945 1.8
      vertex 54.1109 28.9945 1.3
    endloop
  endfacet
  facet normal -0.822038 -0.569433 0
    outer loop
      vertex 54.1109 28.9945 1.8
      vertex 54.1508 28.9369 1.3
      vertex 54.1508 28.9369 1.8
    endloop
  endfacet
  facet normal -0.87795 -0.478753 0
    outer loop
      vertex 54.1845 28.8751 1.3
      vertex 54.1508 28.9369 1.8
      vertex 54.1508 28.9369 1.3
    endloop
  endfacet
  facet normal -0.87795 -0.478753 0
    outer loop
      vertex 54.1508 28.9369 1.8
      vertex 54.1845 28.8751 1.3
      vertex 54.1845 28.8751 1.8
    endloop
  endfacet
  facet normal -0.923077 -0.384615 0
    outer loop
      vertex 54.212 28.8091 1.3
      vertex 54.1845 28.8751 1.8
      vertex 54.1845 28.8751 1.3
    endloop
  endfacet
  facet normal -0.923077 -0.384615 0
    outer loop
      vertex 54.1845 28.8751 1.8
      vertex 54.212 28.8091 1.3
      vertex 54.212 28.8091 1.8
    endloop
  endfacet
  facet normal -0.956161 -0.292841 0
    outer loop
      vertex 54.2335 28.7389 1.3
      vertex 54.212 28.8091 1.8
      vertex 54.212 28.8091 1.3
    endloop
  endfacet
  facet normal -0.956161 -0.292841 0
    outer loop
      vertex 54.212 28.8091 1.8
      vertex 54.2335 28.7389 1.3
      vertex 54.2335 28.7389 1.8
    endloop
  endfacet
  facet normal -0.979503 -0.20143 0
    outer loop
      vertex 54.2488 28.6645 1.3
      vertex 54.2335 28.7389 1.8
      vertex 54.2335 28.7389 1.3
    endloop
  endfacet
  facet normal -0.979503 -0.20143 0
    outer loop
      vertex 54.2335 28.7389 1.8
      vertex 54.2488 28.6645 1.3
      vertex 54.2488 28.6645 1.8
    endloop
  endfacet
  facet normal -0.993236 -0.116109 0
    outer loop
      vertex 54.258 28.5858 1.3
      vertex 54.2488 28.6645 1.8
      vertex 54.2488 28.6645 1.3
    endloop
  endfacet
  facet normal -0.993236 -0.116109 0
    outer loop
      vertex 54.2488 28.6645 1.8
      vertex 54.258 28.5858 1.3
      vertex 54.258 28.5858 1.8
    endloop
  endfacet
  facet normal -0.999302 -0.0373683 0
    outer loop
      vertex 54.2611 28.5029 1.3
      vertex 54.258 28.5858 1.8
      vertex 54.258 28.5858 1.3
    endloop
  endfacet
  facet normal -0.999302 -0.0373683 0
    outer loop
      vertex 54.258 28.5858 1.8
      vertex 54.2611 28.5029 1.3
      vertex 54.2611 28.5029 1.8
    endloop
  endfacet
  facet normal -0.999745 0.0225676 0
    outer loop
      vertex 54.2601 28.4586 1.3
      vertex 54.2611 28.5029 1.8
      vertex 54.2611 28.5029 1.3
    endloop
  endfacet
  facet normal -0.999745 0.0225676 0
    outer loop
      vertex 54.2611 28.5029 1.8
      vertex 54.2601 28.4586 1.3
      vertex 54.2601 28.4586 1.8
    endloop
  endfacet
  facet normal -0.997608 0.0691184 0
    outer loop
      vertex 54.2571 28.4153 1.3
      vertex 54.2601 28.4586 1.8
      vertex 54.2601 28.4586 1.3
    endloop
  endfacet
  facet normal -0.997608 0.0691184 0
    outer loop
      vertex 54.2601 28.4586 1.8
      vertex 54.2571 28.4153 1.3
      vertex 54.2571 28.4153 1.8
    endloop
  endfacet
  facet normal -0.993653 0.112489 0
    outer loop
      vertex 54.2523 28.3729 1.3
      vertex 54.2571 28.4153 1.8
      vertex 54.2571 28.4153 1.3
    endloop
  endfacet
  facet normal -0.993653 0.112489 0
    outer loop
      vertex 54.2571 28.4153 1.8
      vertex 54.2523 28.3729 1.3
      vertex 54.2523 28.3729 1.8
    endloop
  endfacet
  facet normal -0.986394 0.164399 0
    outer loop
      vertex 54.2454 28.3315 1.3
      vertex 54.2523 28.3729 1.8
      vertex 54.2523 28.3729 1.3
    endloop
  endfacet
  facet normal -0.986394 0.164399 0
    outer loop
      vertex 54.2523 28.3729 1.8
      vertex 54.2454 28.3315 1.3
      vertex 54.2454 28.3315 1.8
    endloop
  endfacet
  facet normal -0.977089 0.212831 0
    outer loop
      vertex 54.2366 28.2911 1.3
      vertex 54.2454 28.3315 1.8
      vertex 54.2454 28.3315 1.3
    endloop
  endfacet
  facet normal -0.977089 0.212831 0
    outer loop
      vertex 54.2454 28.3315 1.8
      vertex 54.2366 28.2911 1.3
      vertex 54.2366 28.2911 1.8
    endloop
  endfacet
  facet normal -0.964595 0.263737 0
    outer loop
      vertex 54.2258 28.2516 1.3
      vertex 54.2366 28.2911 1.8
      vertex 54.2366 28.2911 1.3
    endloop
  endfacet
  facet normal -0.964595 0.263737 0
    outer loop
      vertex 54.2366 28.2911 1.8
      vertex 54.2258 28.2516 1.3
      vertex 54.2258 28.2516 1.8
    endloop
  endfacet
  facet normal -0.949907 0.312534 0
    outer loop
      vertex 54.2131 28.213 1.3
      vertex 54.2258 28.2516 1.8
      vertex 54.2258 28.2516 1.3
    endloop
  endfacet
  facet normal -0.949907 0.312534 0
    outer loop
      vertex 54.2258 28.2516 1.8
      vertex 54.2131 28.213 1.3
      vertex 54.2131 28.213 1.8
    endloop
  endfacet
  facet normal -0.931352 0.364119 0
    outer loop
      vertex 54.1984 28.1754 1.3
      vertex 54.2131 28.213 1.8
      vertex 54.2131 28.213 1.3
    endloop
  endfacet
  facet normal -0.931352 0.364119 0
    outer loop
      vertex 54.2131 28.213 1.8
      vertex 54.1984 28.1754 1.3
      vertex 54.1984 28.1754 1.8
    endloop
  endfacet
  facet normal -0.90977 0.415113 0
    outer loop
      vertex 54.1817 28.1388 1.3
      vertex 54.1984 28.1754 1.8
      vertex 54.1984 28.1754 1.3
    endloop
  endfacet
  facet normal -0.90977 0.415113 0
    outer loop
      vertex 54.1984 28.1754 1.8
      vertex 54.1817 28.1388 1.3
      vertex 54.1817 28.1388 1.8
    endloop
  endfacet
  facet normal -0.891929 0.452176 0
    outer loop
      vertex 54.1635 28.1029 1.3
      vertex 54.1817 28.1388 1.8
      vertex 54.1817 28.1388 1.3
    endloop
  endfacet
  facet normal -0.891929 0.452176 0
    outer loop
      vertex 54.1817 28.1388 1.8
      vertex 54.1635 28.1029 1.3
      vertex 54.1635 28.1029 1.8
    endloop
  endfacet
  facet normal -0.876846 0.480771 0
    outer loop
      vertex 54.1442 28.0677 1.3
      vertex 54.1635 28.1029 1.8
      vertex 54.1635 28.1029 1.3
    endloop
  endfacet
  facet normal -0.876846 0.480771 0
    outer loop
      vertex 54.1635 28.1029 1.8
      vertex 54.1442 28.0677 1.3
      vertex 54.1442 28.0677 1.8
    endloop
  endfacet
  facet normal -0.86251 0.506039 0
    outer loop
      vertex 54.1239 28.0331 1.3
      vertex 54.1442 28.0677 1.8
      vertex 54.1442 28.0677 1.3
    endloop
  endfacet
  facet normal -0.86251 0.506039 0
    outer loop
      vertex 54.1442 28.0677 1.8
      vertex 54.1239 28.0331 1.3
      vertex 54.1239 28.0331 1.8
    endloop
  endfacet
  facet normal -0.845193 0.534461 0
    outer loop
      vertex 54.1024 27.9991 1.3
      vertex 54.1239 28.0331 1.8
      vertex 54.1239 28.0331 1.3
    endloop
  endfacet
  facet normal -0.845193 0.534461 0
    outer loop
      vertex 54.1239 28.0331 1.8
      vertex 54.1024 27.9991 1.3
      vertex 54.1024 27.9991 1.8
    endloop
  endfacet
  facet normal -0.827435 0.561562 0
    outer loop
      vertex 54.0798 27.9658 1.3
      vertex 54.1024 27.9991 1.8
      vertex 54.1024 27.9991 1.3
    endloop
  endfacet
  facet normal -0.827435 0.561562 0
    outer loop
      vertex 54.1024 27.9991 1.8
      vertex 54.0798 27.9658 1.3
      vertex 54.0798 27.9658 1.8
    endloop
  endfacet
  facet normal -0.809699 0.586846 0
    outer loop
      vertex 54.0561 27.9331 1.3
      vertex 54.0798 27.9658 1.8
      vertex 54.0798 27.9658 1.3
    endloop
  endfacet
  facet normal -0.809699 0.586846 0
    outer loop
      vertex 54.0798 27.9658 1.8
      vertex 54.0561 27.9331 1.3
      vertex 54.0561 27.9331 1.8
    endloop
  endfacet
  facet normal -0.790147 0.612918 0
    outer loop
      vertex 54.0312 27.901 1.3
      vertex 54.0561 27.9331 1.8
      vertex 54.0561 27.9331 1.3
    endloop
  endfacet
  facet normal -0.790147 0.612918 0
    outer loop
      vertex 54.0561 27.9331 1.8
      vertex 54.0312 27.901 1.3
      vertex 54.0312 27.901 1.8
    endloop
  endfacet
  facet normal -0.772425 0.635105 0
    outer loop
      vertex 54.0053 27.8695 1.3
      vertex 54.0312 27.901 1.8
      vertex 54.0312 27.901 1.3
    endloop
  endfacet
  facet normal -0.772425 0.635105 0
    outer loop
      vertex 54.0312 27.901 1.8
      vertex 54.0053 27.8695 1.3
      vertex 54.0053 27.8695 1.8
    endloop
  endfacet
  facet normal -0.751971 0.659196 0
    outer loop
      vertex 53.9783 27.8387 1.3
      vertex 54.0053 27.8695 1.8
      vertex 54.0053 27.8695 1.3
    endloop
  endfacet
  facet normal -0.751971 0.659196 0
    outer loop
      vertex 54.0053 27.8695 1.8
      vertex 53.9783 27.8387 1.3
      vertex 53.9783 27.8387 1.8
    endloop
  endfacet
  facet normal -0.735641 0.677372 0
    outer loop
      vertex 53.9504 27.8084 1.3
      vertex 53.9783 27.8387 1.8
      vertex 53.9783 27.8387 1.3
    endloop
  endfacet
  facet normal -0.735641 0.677372 0
    outer loop
      vertex 53.9783 27.8387 1.8
      vertex 53.9504 27.8084 1.3
      vertex 53.9504 27.8084 1.8
    endloop
  endfacet
  facet normal -0.722642 0.691223 0
    outer loop
      vertex 53.9218 27.7785 1.3
      vertex 53.9504 27.8084 1.8
      vertex 53.9504 27.8084 1.3
    endloop
  endfacet
  facet normal -0.722642 0.691223 0
    outer loop
      vertex 53.9504 27.8084 1.8
      vertex 53.9218 27.7785 1.3
      vertex 53.9218 27.7785 1.8
    endloop
  endfacet
  facet normal -0.70831 0.705901 0
    outer loop
      vertex 53.8925 27.7491 1.3
      vertex 53.9218 27.7785 1.8
      vertex 53.9218 27.7785 1.3
    endloop
  endfacet
  facet normal -0.70831 0.705901 0
    outer loop
      vertex 53.9218 27.7785 1.8
      vertex 53.8925 27.7491 1.3
      vertex 53.8925 27.7491 1.8
    endloop
  endfacet
  facet normal -0.695022 0.718988 0
    outer loop
      vertex 53.8925 27.7491 1.3
      vertex 53.8625 27.7201 1.8
      vertex 53.8925 27.7491 1.8
    endloop
  endfacet
  facet normal -0.695022 0.718988 0
    outer loop
      vertex 53.8625 27.7201 1.8
      vertex 53.8925 27.7491 1.3
      vertex 53.8625 27.7201 1.3
    endloop
  endfacet
  facet normal -0.682828 0.730579 0
    outer loop
      vertex 53.8625 27.7201 1.3
      vertex 53.8319 27.6915 1.8
      vertex 53.8625 27.7201 1.8
    endloop
  endfacet
  facet normal -0.682828 0.730579 0
    outer loop
      vertex 53.8319 27.6915 1.8
      vertex 53.8625 27.7201 1.3
      vertex 53.8319 27.6915 1.3
    endloop
  endfacet
  facet normal -0.669358 0.74294 0
    outer loop
      vertex 53.8319 27.6915 1.3
      vertex 53.8006 27.6633 1.8
      vertex 53.8319 27.6915 1.8
    endloop
  endfacet
  facet normal -0.669358 0.74294 0
    outer loop
      vertex 53.8006 27.6633 1.8
      vertex 53.8319 27.6915 1.3
      vertex 53.8006 27.6633 1.3
    endloop
  endfacet
  facet normal -0.654481 0.756079 0
    outer loop
      vertex 53.8006 27.6633 1.3
      vertex 53.7686 27.6356 1.8
      vertex 53.8006 27.6633 1.8
    endloop
  endfacet
  facet normal -0.654481 0.756079 0
    outer loop
      vertex 53.7686 27.6356 1.8
      vertex 53.8006 27.6633 1.3
      vertex 53.7686 27.6356 1.3
    endloop
  endfacet
  facet normal -0.643412 0.76552 0
    outer loop
      vertex 53.7686 27.6356 1.3
      vertex 53.736 27.6082 1.8
      vertex 53.7686 27.6356 1.8
    endloop
  endfacet
  facet normal -0.643412 0.76552 0
    outer loop
      vertex 53.736 27.6082 1.8
      vertex 53.7686 27.6356 1.3
      vertex 53.736 27.6082 1.3
    endloop
  endfacet
  facet normal -0.625834 0.779957 0
    outer loop
      vertex 53.736 27.6082 1.3
      vertex 53.7026 27.5814 1.8
      vertex 53.736 27.6082 1.8
    endloop
  endfacet
  facet normal -0.625834 0.779957 0
    outer loop
      vertex 53.7026 27.5814 1.8
      vertex 53.736 27.6082 1.3
      vertex 53.7026 27.5814 1.3
    endloop
  endfacet
  facet normal -0.620703 0.784046 0
    outer loop
      vertex 53.7026 27.5814 1.3
      vertex 53.669 27.5548 1.8
      vertex 53.7026 27.5814 1.8
    endloop
  endfacet
  facet normal -0.620703 0.784046 0
    outer loop
      vertex 53.669 27.5548 1.8
      vertex 53.7026 27.5814 1.3
      vertex 53.669 27.5548 1.3
    endloop
  endfacet
  facet normal -0.622392 0.782705 0
    outer loop
      vertex 53.669 27.5548 1.3
      vertex 53.6026 27.502 1.8
      vertex 53.669 27.5548 1.8
    endloop
  endfacet
  facet normal -0.622392 0.782705 0
    outer loop
      vertex 53.6026 27.502 1.8
      vertex 53.669 27.5548 1.3
      vertex 53.6026 27.502 1.3
    endloop
  endfacet
  facet normal -0.621925 0.783077 0
    outer loop
      vertex 53.6026 27.502 1.3
      vertex 53.537 27.4499 1.8
      vertex 53.6026 27.502 1.8
    endloop
  endfacet
  facet normal -0.621925 0.783077 0
    outer loop
      vertex 53.537 27.4499 1.8
      vertex 53.6026 27.502 1.3
      vertex 53.537 27.4499 1.3
    endloop
  endfacet
  facet normal -0.624105 0.781341 0
    outer loop
      vertex 53.537 27.4499 1.3
      vertex 53.4724 27.3983 1.8
      vertex 53.537 27.4499 1.8
    endloop
  endfacet
  facet normal -0.624105 0.781341 0
    outer loop
      vertex 53.4724 27.3983 1.8
      vertex 53.537 27.4499 1.3
      vertex 53.4724 27.3983 1.3
    endloop
  endfacet
  facet normal -0.624246 0.781228 0
    outer loop
      vertex 53.4724 27.3983 1.3
      vertex 53.4087 27.3474 1.8
      vertex 53.4724 27.3983 1.8
    endloop
  endfacet
  facet normal -0.624246 0.781228 0
    outer loop
      vertex 53.4087 27.3474 1.8
      vertex 53.4724 27.3983 1.3
      vertex 53.4087 27.3474 1.3
    endloop
  endfacet
  facet normal -0.628913 0.777475 0
    outer loop
      vertex 53.4087 27.3474 1.3
      vertex 53.3773 27.322 1.8
      vertex 53.4087 27.3474 1.8
    endloop
  endfacet
  facet normal -0.628913 0.777475 0
    outer loop
      vertex 53.3773 27.322 1.8
      vertex 53.4087 27.3474 1.3
      vertex 53.3773 27.322 1.3
    endloop
  endfacet
  facet normal -0.635972 0.771713 0
    outer loop
      vertex 53.3773 27.322 1.3
      vertex 53.3466 27.2967 1.8
      vertex 53.3773 27.322 1.8
    endloop
  endfacet
  facet normal -0.635972 0.771713 0
    outer loop
      vertex 53.3466 27.2967 1.8
      vertex 53.3773 27.322 1.3
      vertex 53.3466 27.2967 1.3
    endloop
  endfacet
  facet normal -0.647648 0.761939 0
    outer loop
      vertex 53.3466 27.2967 1.3
      vertex 53.3166 27.2712 1.8
      vertex 53.3466 27.2967 1.8
    endloop
  endfacet
  facet normal -0.647648 0.761939 0
    outer loop
      vertex 53.3166 27.2712 1.8
      vertex 53.3466 27.2967 1.3
      vertex 53.3166 27.2712 1.3
    endloop
  endfacet
  facet normal -0.653954 0.756535 0
    outer loop
      vertex 53.3166 27.2712 1.3
      vertex 53.2871 27.2457 1.8
      vertex 53.3166 27.2712 1.8
    endloop
  endfacet
  facet normal -0.653954 0.756535 0
    outer loop
      vertex 53.2871 27.2457 1.8
      vertex 53.3166 27.2712 1.3
      vertex 53.2871 27.2457 1.3
    endloop
  endfacet
  facet normal -0.66291 0.748699 0
    outer loop
      vertex 53.2871 27.2457 1.3
      vertex 53.2583 27.2202 1.8
      vertex 53.2871 27.2457 1.8
    endloop
  endfacet
  facet normal -0.66291 0.748699 0
    outer loop
      vertex 53.2583 27.2202 1.8
      vertex 53.2871 27.2457 1.3
      vertex 53.2583 27.2202 1.3
    endloop
  endfacet
  facet normal -0.67215 0.740415 0
    outer loop
      vertex 53.2583 27.2202 1.3
      vertex 53.2301 27.1946 1.8
      vertex 53.2583 27.2202 1.8
    endloop
  endfacet
  facet normal -0.67215 0.740415 0
    outer loop
      vertex 53.2301 27.1946 1.8
      vertex 53.2583 27.2202 1.3
      vertex 53.2301 27.1946 1.3
    endloop
  endfacet
  facet normal -0.680043 0.733172 0
    outer loop
      vertex 53.2301 27.1946 1.3
      vertex 53.2025 27.169 1.8
      vertex 53.2301 27.1946 1.8
    endloop
  endfacet
  facet normal -0.680043 0.733172 0
    outer loop
      vertex 53.2025 27.169 1.8
      vertex 53.2301 27.1946 1.3
      vertex 53.2025 27.169 1.3
    endloop
  endfacet
  facet normal -0.690795 0.72305 0
    outer loop
      vertex 53.2025 27.169 1.3
      vertex 53.1756 27.1433 1.8
      vertex 53.2025 27.169 1.8
    endloop
  endfacet
  facet normal -0.690795 0.72305 0
    outer loop
      vertex 53.1756 27.1433 1.8
      vertex 53.2025 27.169 1.3
      vertex 53.1756 27.1433 1.3
    endloop
  endfacet
  facet normal -0.700288 0.71386 0
    outer loop
      vertex 53.1756 27.1433 1.3
      vertex 53.1493 27.1175 1.8
      vertex 53.1756 27.1433 1.8
    endloop
  endfacet
  facet normal -0.700288 0.71386 0
    outer loop
      vertex 53.1493 27.1175 1.8
      vertex 53.1756 27.1433 1.3
      vertex 53.1493 27.1175 1.3
    endloop
  endfacet
  facet normal -0.716689 0.697393 0
    outer loop
      vertex 53.124 27.0915 1.3
      vertex 53.1493 27.1175 1.8
      vertex 53.1493 27.1175 1.3
    endloop
  endfacet
  facet normal -0.716689 0.697393 0
    outer loop
      vertex 53.1493 27.1175 1.8
      vertex 53.124 27.0915 1.3
      vertex 53.124 27.0915 1.8
    endloop
  endfacet
  facet normal -0.741469 0.670987 0
    outer loop
      vertex 53.1002 27.0652 1.3
      vertex 53.124 27.0915 1.8
      vertex 53.124 27.0915 1.3
    endloop
  endfacet
  facet normal -0.741469 0.670987 0
    outer loop
      vertex 53.124 27.0915 1.8
      vertex 53.1002 27.0652 1.3
      vertex 53.1002 27.0652 1.8
    endloop
  endfacet
  facet normal -0.768691 0.63962 0
    outer loop
      vertex 53.0779 27.0384 1.3
      vertex 53.1002 27.0652 1.8
      vertex 53.1002 27.0652 1.3
    endloop
  endfacet
  facet normal -0.768691 0.63962 0
    outer loop
      vertex 53.1002 27.0652 1.8
      vertex 53.0779 27.0384 1.3
      vertex 53.0779 27.0384 1.8
    endloop
  endfacet
  facet normal -0.795767 0.605602 0
    outer loop
      vertex 53.0572 27.0112 1.3
      vertex 53.0779 27.0384 1.8
      vertex 53.0779 27.0384 1.3
    endloop
  endfacet
  facet normal -0.795767 0.605602 0
    outer loop
      vertex 53.0779 27.0384 1.8
      vertex 53.0572 27.0112 1.3
      vertex 53.0572 27.0112 1.8
    endloop
  endfacet
  facet normal -0.817133 0.57645 0
    outer loop
      vertex 53.0378 26.9837 1.3
      vertex 53.0572 27.0112 1.8
      vertex 53.0572 27.0112 1.3
    endloop
  endfacet
  facet normal -0.817133 0.57645 0
    outer loop
      vertex 53.0572 27.0112 1.8
      vertex 53.0378 26.9837 1.3
      vertex 53.0378 26.9837 1.8
    endloop
  endfacet
  facet normal -0.84391 0.536485 0
    outer loop
      vertex 53.02 26.9557 1.3
      vertex 53.0378 26.9837 1.8
      vertex 53.0378 26.9837 1.3
    endloop
  endfacet
  facet normal -0.84391 0.536485 0
    outer loop
      vertex 53.0378 26.9837 1.8
      vertex 53.02 26.9557 1.3
      vertex 53.02 26.9557 1.8
    endloop
  endfacet
  facet normal -0.865982 0.500074 0
    outer loop
      vertex 53.0036 26.9273 1.3
      vertex 53.02 26.9557 1.8
      vertex 53.02 26.9557 1.3
    endloop
  endfacet
  facet normal -0.865982 0.500074 0
    outer loop
      vertex 53.02 26.9557 1.8
      vertex 53.0036 26.9273 1.3
      vertex 53.0036 26.9273 1.8
    endloop
  endfacet
  facet normal -0.888174 0.459507 0
    outer loop
      vertex 52.9887 26.8985 1.3
      vertex 53.0036 26.9273 1.8
      vertex 53.0036 26.9273 1.3
    endloop
  endfacet
  facet normal -0.888174 0.459507 0
    outer loop
      vertex 53.0036 26.9273 1.8
      vertex 52.9887 26.8985 1.3
      vertex 52.9887 26.8985 1.8
    endloop
  endfacet
  facet normal -0.908868 0.417083 0
    outer loop
      vertex 52.9753 26.8693 1.3
      vertex 52.9887 26.8985 1.8
      vertex 52.9887 26.8985 1.3
    endloop
  endfacet
  facet normal -0.908868 0.417083 0
    outer loop
      vertex 52.9887 26.8985 1.8
      vertex 52.9753 26.8693 1.3
      vertex 52.9753 26.8693 1.8
    endloop
  endfacet
  facet normal 0 -1 0
    outer loop
      vertex 52.9753 26.8693 1.3
      vertex 54.3058 26.8693 1.8
      vertex 52.9753 26.8693 1.8
    endloop
  endfacet
  facet normal 0 -1 -0
    outer loop
      vertex 54.3058 26.8693 1.8
      vertex 52.9753 26.8693 1.3
      vertex 54.3058 26.8693 1.3
    endloop
  endfacet
  facet normal -1 0 0
    outer loop
      vertex 54.3058 26.3994 1.3
      vertex 54.3058 26.8693 1.8
      vertex 54.3058 26.8693 1.3
    endloop
  endfacet
  facet normal -1 -0 0
    outer loop
      vertex 54.3058 26.8693 1.8
      vertex 54.3058 26.3994 1.3
      vertex 54.3058 26.3994 1.8
    endloop
  endfacet
  facet normal 0 1 -0
    outer loop
      vertex 54.3058 26.3994 1.3
      vertex 52.2999 26.3994 1.8
      vertex 54.3058 26.3994 1.8
    endloop
  endfacet
  facet normal 0 1 0
    outer loop
      vertex 52.2999 26.3994 1.8
      vertex 54.3058 26.3994 1.3
      vertex 52.2999 26.3994 1.3
    endloop
  endfacet
  facet normal 1 -0 0
    outer loop
      vertex 52.2999 26.3994 1.8
      vertex 52.2999 26.7961 1.3
      vertex 52.2999 26.7961 1.8
    endloop
  endfacet
  facet normal 1 0 0
    outer loop
      vertex 52.2999 26.7961 1.3
      vertex 52.2999 26.3994 1.8
      vertex 52.2999 26.3994 1.3
    endloop
  endfacet
  facet normal 0.90191 -0.431924 0
    outer loop
      vertex 52.2999 26.7961 1.8
      vertex 52.326 26.8506 1.3
      vertex 52.326 26.8506 1.8
    endloop
  endfacet
  facet normal 0.90191 -0.431924 0
    outer loop
      vertex 52.326 26.8506 1.3
      vertex 52.2999 26.7961 1.8
      vertex 52.2999 26.7961 1.3
    endloop
  endfacet
  facet normal 0.886789 -0.462175 0
    outer loop
      vertex 52.326 26.8506 1.8
      vertex 52.3543 26.9049 1.3
      vertex 52.3543 26.9049 1.8
    endloop
  endfacet
  facet normal 0.886789 -0.462175 0
    outer loop
      vertex 52.3543 26.9049 1.3
      vertex 52.326 26.8506 1.8
      vertex 52.326 26.8506 1.3
    endloop
  endfacet
  facet normal 0.868937 -0.494923 0
    outer loop
      vertex 52.3543 26.9049 1.8
      vertex 52.385 26.9588 1.3
      vertex 52.385 26.9588 1.8
    endloop
  endfacet
  facet normal 0.868937 -0.494923 0
    outer loop
      vertex 52.385 26.9588 1.3
      vertex 52.3543 26.9049 1.8
      vertex 52.3543 26.9049 1.3
    endloop
  endfacet
  facet normal 0.851277 -0.524716 0
    outer loop
      vertex 52.385 26.9588 1.8
      vertex 52.4181 27.0125 1.3
      vertex 52.4181 27.0125 1.8
    endloop
  endfacet
  facet normal 0.851277 -0.524716 0
    outer loop
      vertex 52.4181 27.0125 1.3
      vertex 52.385 26.9588 1.8
      vertex 52.385 26.9588 1.3
    endloop
  endfacet
  facet normal 0.833731 -0.552171 0
    outer loop
      vertex 52.4181 27.0125 1.8
      vertex 52.4534 27.0658 1.3
      vertex 52.4534 27.0658 1.8
    endloop
  endfacet
  facet normal 0.833731 -0.552171 0
    outer loop
      vertex 52.4534 27.0658 1.3
      vertex 52.4181 27.0125 1.8
      vertex 52.4181 27.0125 1.3
    endloop
  endfacet
  facet normal 0.814665 -0.579931 0
    outer loop
      vertex 52.4534 27.0658 1.8
      vertex 52.4912 27.1189 1.3
      vertex 52.4912 27.1189 1.8
    endloop
  endfacet
  facet normal 0.814665 -0.579931 0
    outer loop
      vertex 52.4912 27.1189 1.3
      vertex 52.4534 27.0658 1.8
      vertex 52.4534 27.0658 1.3
    endloop
  endfacet
  facet normal 0.796541 -0.604585 0
    outer loop
      vertex 52.4912 27.1189 1.8
      vertex 52.5312 27.1716 1.3
      vertex 52.5312 27.1716 1.8
    endloop
  endfacet
  facet normal 0.796541 -0.604585 0
    outer loop
      vertex 52.5312 27.1716 1.3
      vertex 52.4912 27.1189 1.8
      vertex 52.4912 27.1189 1.3
    endloop
  endfacet
  facet normal 0.777969 -0.628303 0
    outer loop
      vertex 52.5312 27.1716 1.8
      vertex 52.5736 27.2241 1.3
      vertex 52.5736 27.2241 1.8
    endloop
  endfacet
  facet normal 0.777969 -0.628303 0
    outer loop
      vertex 52.5736 27.2241 1.3
      vertex 52.5312 27.1716 1.8
      vertex 52.5312 27.1716 1.3
    endloop
  endfacet
  facet normal 0.758948 -0.651151 0
    outer loop
      vertex 52.5736 27.2241 1.8
      vertex 52.6183 27.2762 1.3
      vertex 52.6183 27.2762 1.8
    endloop
  endfacet
  facet normal 0.758948 -0.651151 0
    outer loop
      vertex 52.6183 27.2762 1.3
      vertex 52.5736 27.2241 1.8
      vertex 52.5736 27.2241 1.3
    endloop
  endfacet
  facet normal 0.741738 -0.67069 0
    outer loop
      vertex 52.6183 27.2762 1.8
      vertex 52.6655 27.3284 1.3
      vertex 52.6655 27.3284 1.8
    endloop
  endfacet
  facet normal 0.741738 -0.67069 0
    outer loop
      vertex 52.6655 27.3284 1.3
      vertex 52.6183 27.2762 1.8
      vertex 52.6183 27.2762 1.3
    endloop
  endfacet
  facet normal 0.727472 -0.686138 0
    outer loop
      vertex 52.6655 27.3284 1.8
      vertex 52.7153 27.3812 1.3
      vertex 52.7153 27.3812 1.8
    endloop
  endfacet
  facet normal 0.727472 -0.686138 0
    outer loop
      vertex 52.7153 27.3812 1.3
      vertex 52.6655 27.3284 1.8
      vertex 52.6655 27.3284 1.3
    endloop
  endfacet
  facet normal 0.711774 -0.702409 0
    outer loop
      vertex 52.7153 27.3812 1.8
      vertex 52.7678 27.4344 1.3
      vertex 52.7678 27.4344 1.8
    endloop
  endfacet
  facet normal 0.711774 -0.702409 0
    outer loop
      vertex 52.7678 27.4344 1.3
      vertex 52.7153 27.3812 1.8
      vertex 52.7153 27.3812 1.3
    endloop
  endfacet
  facet normal 0.698616 -0.715497 0
    outer loop
      vertex 52.7678 27.4344 1.3
      vertex 52.8229 27.4882 1.8
      vertex 52.7678 27.4344 1.8
    endloop
  endfacet
  facet normal 0.698616 -0.715497 0
    outer loop
      vertex 52.8229 27.4882 1.8
      vertex 52.7678 27.4344 1.3
      vertex 52.8229 27.4882 1.3
    endloop
  endfacet
  facet normal 0.684025 -0.729458 0
    outer loop
      vertex 52.8229 27.4882 1.3
      vertex 52.8807 27.5424 1.8
      vertex 52.8229 27.4882 1.8
    endloop
  endfacet
  facet normal 0.684025 -0.729458 0
    outer loop
      vertex 52.8807 27.5424 1.8
      vertex 52.8229 27.4882 1.3
      vertex 52.8807 27.5424 1.3
    endloop
  endfacet
  facet normal 0.67194 -0.740606 0
    outer loop
      vertex 52.8807 27.5424 1.3
      vertex 52.9411 27.5972 1.8
      vertex 52.8807 27.5424 1.8
    endloop
  endfacet
  facet normal 0.67194 -0.740606 0
    outer loop
      vertex 52.9411 27.5972 1.8
      vertex 52.8807 27.5424 1.3
      vertex 52.9411 27.5972 1.3
    endloop
  endfacet
  facet normal 0.659012 -0.752133 0
    outer loop
      vertex 52.9411 27.5972 1.3
      vertex 53.0041 27.6524 1.8
      vertex 52.9411 27.5972 1.8
    endloop
  endfacet
  facet normal 0.659012 -0.752133 0
    outer loop
      vertex 53.0041 27.6524 1.8
      vertex 52.9411 27.5972 1.3
      vertex 53.0041 27.6524 1.3
    endloop
  endfacet
  facet normal 0.647345 -0.762197 0
    outer loop
      vertex 53.0041 27.6524 1.3
      vertex 53.0698 27.7082 1.8
      vertex 53.0041 27.6524 1.8
    endloop
  endfacet
  facet normal 0.647345 -0.762197 0
    outer loop
      vertex 53.0698 27.7082 1.8
      vertex 53.0041 27.6524 1.3
      vertex 53.0698 27.7082 1.3
    endloop
  endfacet
  facet normal 0.63539 -0.772191 0
    outer loop
      vertex 53.0698 27.7082 1.3
      vertex 53.1381 27.7644 1.8
      vertex 53.0698 27.7082 1.8
    endloop
  endfacet
  facet normal 0.63539 -0.772191 0
    outer loop
      vertex 53.1381 27.7644 1.8
      vertex 53.0698 27.7082 1.3
      vertex 53.1381 27.7644 1.3
    endloop
  endfacet
  facet normal 0.635121 -0.772412 0
    outer loop
      vertex 53.1381 27.7644 1.3
      vertex 53.2028 27.8176 1.8
      vertex 53.1381 27.7644 1.8
    endloop
  endfacet
  facet normal 0.635121 -0.772412 0
    outer loop
      vertex 53.2028 27.8176 1.8
      vertex 53.1381 27.7644 1.3
      vertex 53.2028 27.8176 1.3
    endloop
  endfacet
  facet normal 0.647134 -0.762377 0
    outer loop
      vertex 53.2028 27.8176 1.3
      vertex 53.263 27.8687 1.8
      vertex 53.2028 27.8176 1.8
    endloop
  endfacet
  facet normal 0.647134 -0.762377 0
    outer loop
      vertex 53.263 27.8687 1.8
      vertex 53.2028 27.8176 1.3
      vertex 53.263 27.8687 1.3
    endloop
  endfacet
  facet normal 0.659838 -0.751408 0
    outer loop
      vertex 53.263 27.8687 1.3
      vertex 53.3188 27.9177 1.8
      vertex 53.263 27.8687 1.8
    endloop
  endfacet
  facet normal 0.659838 -0.751408 0
    outer loop
      vertex 53.3188 27.9177 1.8
      vertex 53.263 27.8687 1.3
      vertex 53.3188 27.9177 1.3
    endloop
  endfacet
  facet normal 0.674031 -0.738703 0
    outer loop
      vertex 53.3188 27.9177 1.3
      vertex 53.3702 27.9646 1.8
      vertex 53.3188 27.9177 1.8
    endloop
  endfacet
  facet normal 0.674031 -0.738703 0
    outer loop
      vertex 53.3702 27.9646 1.8
      vertex 53.3188 27.9177 1.3
      vertex 53.3702 27.9646 1.3
    endloop
  endfacet
  facet normal 0.689925 -0.723881 0
    outer loop
      vertex 53.3702 27.9646 1.3
      vertex 53.4171 28.0093 1.8
      vertex 53.3702 27.9646 1.8
    endloop
  endfacet
  facet normal 0.689925 -0.723881 0
    outer loop
      vertex 53.4171 28.0093 1.8
      vertex 53.3702 27.9646 1.3
      vertex 53.4171 28.0093 1.3
    endloop
  endfacet
  facet normal 0.709595 -0.70461 0
    outer loop
      vertex 53.4171 28.0093 1.8
      vertex 53.4595 28.052 1.3
      vertex 53.4595 28.052 1.8
    endloop
  endfacet
  facet normal 0.709595 -0.70461 0
    outer loop
      vertex 53.4595 28.052 1.3
      vertex 53.4171 28.0093 1.8
      vertex 53.4171 28.0093 1.3
    endloop
  endfacet
  facet normal 0.729256 -0.684241 0
    outer loop
      vertex 53.4595 28.052 1.8
      vertex 53.4975 28.0925 1.3
      vertex 53.4975 28.0925 1.8
    endloop
  endfacet
  facet normal 0.729256 -0.684241 0
    outer loop
      vertex 53.4975 28.0925 1.3
      vertex 53.4595 28.052 1.8
      vertex 53.4595 28.052 1.3
    endloop
  endfacet
  facet normal 0.752577 -0.658505 0
    outer loop
      vertex 53.4975 28.0925 1.8
      vertex 53.5311 28.1309 1.3
      vertex 53.5311 28.1309 1.8
    endloop
  endfacet
  facet normal 0.752577 -0.658505 0
    outer loop
      vertex 53.5311 28.1309 1.3
      vertex 53.4975 28.0925 1.8
      vertex 53.4975 28.0925 1.3
    endloop
  endfacet
  facet normal 0.780239 -0.625481 0
    outer loop
      vertex 53.5311 28.1309 1.8
      vertex 53.5602 28.1672 1.3
      vertex 53.5602 28.1672 1.8
    endloop
  endfacet
  facet normal 0.780239 -0.625481 0
    outer loop
      vertex 53.5602 28.1672 1.3
      vertex 53.5311 28.1309 1.8
      vertex 53.5311 28.1309 1.3
    endloop
  endfacet
  facet normal 0.810922 -0.585154 0
    outer loop
      vertex 53.5602 28.1672 1.8
      vertex 53.5856 28.2024 1.3
      vertex 53.5856 28.2024 1.8
    endloop
  endfacet
  facet normal 0.810922 -0.585154 0
    outer loop
      vertex 53.5856 28.2024 1.3
      vertex 53.5602 28.1672 1.8
      vertex 53.5602 28.1672 1.3
    endloop
  endfacet
  facet normal 0.842969 -0.537963 0
    outer loop
      vertex 53.5856 28.2024 1.8
      vertex 53.608 28.2375 1.3
      vertex 53.608 28.2375 1.8
    endloop
  endfacet
  facet normal 0.842969 -0.537963 0
    outer loop
      vertex 53.608 28.2375 1.3
      vertex 53.5856 28.2024 1.8
      vertex 53.5856 28.2024 1.3
    endloop
  endfacet
  facet normal 0.872378 -0.488832 0
    outer loop
      vertex 53.608 28.2375 1.8
      vertex 53.6275 28.2723 1.3
      vertex 53.6275 28.2723 1.8
    endloop
  endfacet
  facet normal 0.872378 -0.488832 0
    outer loop
      vertex 53.6275 28.2723 1.3
      vertex 53.608 28.2375 1.8
      vertex 53.608 28.2375 1.3
    endloop
  endfacet
  facet normal 0.904583 -0.426298 0
    outer loop
      vertex 53.6275 28.2723 1.8
      vertex 53.6439 28.3071 1.3
      vertex 53.6439 28.3071 1.8
    endloop
  endfacet
  facet normal 0.904583 -0.426298 0
    outer loop
      vertex 53.6439 28.3071 1.3
      vertex 53.6275 28.2723 1.8
      vertex 53.6275 28.2723 1.3
    endloop
  endfacet
  facet normal 0.93251 -0.361145 0
    outer loop
      vertex 53.6439 28.3071 1.8
      vertex 53.6573 28.3417 1.3
      vertex 53.6573 28.3417 1.8
    endloop
  endfacet
  facet normal 0.93251 -0.361145 0
    outer loop
      vertex 53.6573 28.3417 1.3
      vertex 53.6439 28.3071 1.8
      vertex 53.6439 28.3071 1.3
    endloop
  endfacet
  facet normal 0.956438 -0.291936 0
    outer loop
      vertex 53.6573 28.3417 1.8
      vertex 53.6678 28.3761 1.3
      vertex 53.6678 28.3761 1.8
    endloop
  endfacet
  facet normal 0.956438 -0.291936 0
    outer loop
      vertex 53.6678 28.3761 1.3
      vertex 53.6573 28.3417 1.8
      vertex 53.6573 28.3417 1.3
    endloop
  endfacet
  facet normal 0.976919 -0.213612 0
    outer loop
      vertex 53.6678 28.3761 1.8
      vertex 53.6753 28.4104 1.3
      vertex 53.6753 28.4104 1.8
    endloop
  endfacet
  facet normal 0.976919 -0.213612 0
    outer loop
      vertex 53.6753 28.4104 1.3
      vertex 53.6678 28.3761 1.8
      vertex 53.6678 28.3761 1.3
    endloop
  endfacet
  facet normal 0.991405 -0.130831 0
    outer loop
      vertex 53.6753 28.4104 1.8
      vertex 53.6798 28.4445 1.3
      vertex 53.6798 28.4445 1.8
    endloop
  endfacet
  facet normal 0.991405 -0.130831 0
    outer loop
      vertex 53.6798 28.4445 1.3
      vertex 53.6753 28.4104 1.8
      vertex 53.6753 28.4104 1.3
    endloop
  endfacet
  facet normal 0.999028 -0.0440748 0
    outer loop
      vertex 53.6798 28.4445 1.8
      vertex 53.6813 28.4785 1.3
      vertex 53.6813 28.4785 1.8
    endloop
  endfacet
  facet normal 0.999028 -0.0440748 0
    outer loop
      vertex 53.6813 28.4785 1.3
      vertex 53.6798 28.4445 1.8
      vertex 53.6798 28.4445 1.3
    endloop
  endfacet
  facet normal 0.998212 0.0597656 0
    outer loop
      vertex 53.6813 28.4785 1.8
      vertex 53.6766 28.557 1.3
      vertex 53.6766 28.557 1.8
    endloop
  endfacet
  facet normal 0.998212 0.0597656 0
    outer loop
      vertex 53.6766 28.557 1.3
      vertex 53.6813 28.4785 1.8
      vertex 53.6813 28.4785 1.3
    endloop
  endfacet
  facet normal 0.980526 0.196388 0
    outer loop
      vertex 53.6766 28.557 1.8
      vertex 53.6627 28.6264 1.3
      vertex 53.6627 28.6264 1.8
    endloop
  endfacet
  facet normal 0.980526 0.196388 0
    outer loop
      vertex 53.6627 28.6264 1.3
      vertex 53.6766 28.557 1.8
      vertex 53.6766 28.557 1.3
    endloop
  endfacet
  facet normal 0.932383 0.361473 0
    outer loop
      vertex 53.6627 28.6264 1.8
      vertex 53.6394 28.6865 1.3
      vertex 53.6394 28.6865 1.8
    endloop
  endfacet
  facet normal 0.932383 0.361473 0
    outer loop
      vertex 53.6394 28.6865 1.3
      vertex 53.6627 28.6264 1.8
      vertex 53.6627 28.6264 1.3
    endloop
  endfacet
  facet normal 0.842362 0.538913 0
    outer loop
      vertex 53.6394 28.6865 1.8
      vertex 53.6069 28.7373 1.3
      vertex 53.6069 28.7373 1.8
    endloop
  endfacet
  facet normal 0.842362 0.538913 0
    outer loop
      vertex 53.6069 28.7373 1.3
      vertex 53.6394 28.6865 1.8
      vertex 53.6394 28.6865 1.3
    endloop
  endfacet
  facet normal 0.705409 0.7088 -0
    outer loop
      vertex 53.6069 28.7373 1.3
      vertex 53.5651 28.7789 1.8
      vertex 53.6069 28.7373 1.8
    endloop
  endfacet
  facet normal 0.705409 0.7088 0
    outer loop
      vertex 53.5651 28.7789 1.8
      vertex 53.6069 28.7373 1.3
      vertex 53.5651 28.7789 1.3
    endloop
  endfacet
  facet normal 0.534304 0.845292 -0
    outer loop
      vertex 53.5651 28.7789 1.3
      vertex 53.514 28.8112 1.8
      vertex 53.5651 28.7789 1.8
    endloop
  endfacet
  facet normal 0.534304 0.845292 0
    outer loop
      vertex 53.514 28.8112 1.8
      vertex 53.5651 28.7789 1.3
      vertex 53.514 28.8112 1.3
    endloop
  endfacet
  facet normal 0.357217 0.934021 -0
    outer loop
      vertex 53.514 28.8112 1.3
      vertex 53.4536 28.8343 1.8
      vertex 53.514 28.8112 1.8
    endloop
  endfacet
  facet normal 0.357217 0.934021 0
    outer loop
      vertex 53.4536 28.8343 1.8
      vertex 53.514 28.8112 1.3
      vertex 53.4536 28.8343 1.3
    endloop
  endfacet
  facet normal 0.195575 0.980689 -0
    outer loop
      vertex 53.4536 28.8343 1.3
      vertex 53.3839 28.8482 1.8
      vertex 53.4536 28.8343 1.8
    endloop
  endfacet
  facet normal 0.195575 0.980689 0
    outer loop
      vertex 53.3839 28.8482 1.8
      vertex 53.4536 28.8343 1.3
      vertex 53.3839 28.8482 1.3
    endloop
  endfacet
  facet normal 0.0581294 0.998309 -0
    outer loop
      vertex 53.3839 28.8482 1.3
      vertex 53.3049 28.8528 1.8
      vertex 53.3839 28.8482 1.8
    endloop
  endfacet
  facet normal 0.0581294 0.998309 0
    outer loop
      vertex 53.3049 28.8528 1.8
      vertex 53.3839 28.8482 1.3
      vertex 53.3049 28.8528 1.3
    endloop
  endfacet
  facet normal -0.0302891 0.999541 0
    outer loop
      vertex 53.3049 28.8528 1.3
      vertex 53.2653 28.8516 1.8
      vertex 53.3049 28.8528 1.8
    endloop
  endfacet
  facet normal -0.0302891 0.999541 0
    outer loop
      vertex 53.2653 28.8516 1.8
      vertex 53.3049 28.8528 1.3
      vertex 53.2653 28.8516 1.3
    endloop
  endfacet
  facet normal -0.0955607 0.995424 0
    outer loop
      vertex 53.2653 28.8516 1.3
      vertex 53.2278 28.848 1.8
      vertex 53.2653 28.8516 1.8
    endloop
  endfacet
  facet normal -0.0955607 0.995424 0
    outer loop
      vertex 53.2278 28.848 1.8
      vertex 53.2653 28.8516 1.3
      vertex 53.2278 28.848 1.3
    endloop
  endfacet
  facet normal -0.170281 0.985396 0
    outer loop
      vertex 53.2278 28.848 1.3
      vertex 53.1925 28.8419 1.8
      vertex 53.2278 28.848 1.8
    endloop
  endfacet
  facet normal -0.170281 0.985396 0
    outer loop
      vertex 53.1925 28.8419 1.8
      vertex 53.2278 28.848 1.3
      vertex 53.1925 28.8419 1.3
    endloop
  endfacet
  facet normal -0.250054 0.968232 0
    outer loop
      vertex 53.1925 28.8419 1.3
      vertex 53.1592 28.8333 1.8
      vertex 53.1925 28.8419 1.8
    endloop
  endfacet
  facet normal -0.250054 0.968232 0
    outer loop
      vertex 53.1592 28.8333 1.8
      vertex 53.1925 28.8419 1.3
      vertex 53.1592 28.8333 1.3
    endloop
  endfacet
  facet normal -0.331706 0.943383 0
    outer loop
      vertex 53.1592 28.8333 1.3
      vertex 53.1282 28.8224 1.8
      vertex 53.1592 28.8333 1.8
    endloop
  endfacet
  facet normal -0.331706 0.943383 0
    outer loop
      vertex 53.1282 28.8224 1.8
      vertex 53.1592 28.8333 1.3
      vertex 53.1282 28.8224 1.3
    endloop
  endfacet
  facet normal -0.419455 0.907776 0
    outer loop
      vertex 53.1282 28.8224 1.3
      vertex 53.0992 28.809 1.8
      vertex 53.1282 28.8224 1.8
    endloop
  endfacet
  facet normal -0.419455 0.907776 0
    outer loop
      vertex 53.0992 28.809 1.8
      vertex 53.1282 28.8224 1.3
      vertex 53.0992 28.809 1.3
    endloop
  endfacet
  facet normal -0.510242 0.860031 0
    outer loop
      vertex 53.0992 28.809 1.3
      vertex 53.0724 28.7931 1.8
      vertex 53.0992 28.809 1.8
    endloop
  endfacet
  facet normal -0.510242 0.860031 0
    outer loop
      vertex 53.0724 28.7931 1.8
      vertex 53.0992 28.809 1.3
      vertex 53.0724 28.7931 1.3
    endloop
  endfacet
  facet normal -0.593199 0.805056 0
    outer loop
      vertex 53.0724 28.7931 1.3
      vertex 53.0477 28.7749 1.8
      vertex 53.0724 28.7931 1.8
    endloop
  endfacet
  facet normal -0.593199 0.805056 0
    outer loop
      vertex 53.0477 28.7749 1.8
      vertex 53.0724 28.7931 1.3
      vertex 53.0477 28.7749 1.3
    endloop
  endfacet
  facet normal -0.677057 0.735931 0
    outer loop
      vertex 53.0477 28.7749 1.3
      vertex 53.0252 28.7542 1.8
      vertex 53.0477 28.7749 1.8
    endloop
  endfacet
  facet normal -0.677057 0.735931 0
    outer loop
      vertex 53.0252 28.7542 1.8
      vertex 53.0477 28.7749 1.3
      vertex 53.0252 28.7542 1.3
    endloop
  endfacet
  facet normal -0.747765 0.663964 0
    outer loop
      vertex 53.0046 28.731 1.3
      vertex 53.0252 28.7542 1.8
      vertex 53.0252 28.7542 1.3
    endloop
  endfacet
  facet normal -0.747765 0.663964 0
    outer loop
      vertex 53.0252 28.7542 1.8
      vertex 53.0046 28.731 1.3
      vertex 53.0046 28.731 1.8
    endloop
  endfacet
  facet normal -0.803001 0.595977 0
    outer loop
      vertex 52.9856 28.7054 1.3
      vertex 53.0046 28.731 1.8
      vertex 53.0046 28.731 1.3
    endloop
  endfacet
  facet normal -0.803001 0.595977 0
    outer loop
      vertex 53.0046 28.731 1.8
      vertex 52.9856 28.7054 1.3
      vertex 52.9856 28.7054 1.8
    endloop
  endfacet
  facet normal -0.850718 0.525622 0
    outer loop
      vertex 52.9683 28.6774 1.3
      vertex 52.9856 28.7054 1.8
      vertex 52.9856 28.7054 1.3
    endloop
  endfacet
  facet normal -0.850718 0.525622 0
    outer loop
      vertex 52.9856 28.7054 1.8
      vertex 52.9683 28.6774 1.3
      vertex 52.9683 28.6774 1.8
    endloop
  endfacet
  facet normal -0.890883 0.454233 0
    outer loop
      vertex 52.9528 28.647 1.3
      vertex 52.9683 28.6774 1.8
      vertex 52.9683 28.6774 1.3
    endloop
  endfacet
  facet normal -0.890883 0.454233 0
    outer loop
      vertex 52.9683 28.6774 1.8
      vertex 52.9528 28.647 1.3
      vertex 52.9528 28.647 1.8
    endloop
  endfacet
  facet normal -0.92116 0.389183 0
    outer loop
      vertex 52.9389 28.6141 1.3
      vertex 52.9528 28.647 1.8
      vertex 52.9528 28.647 1.3
    endloop
  endfacet
  facet normal -0.92116 0.389183 0
    outer loop
      vertex 52.9528 28.647 1.8
      vertex 52.9389 28.6141 1.3
      vertex 52.9389 28.6141 1.8
    endloop
  endfacet
  facet normal -0.944605 0.32821 0
    outer loop
      vertex 52.9266 28.5787 1.3
      vertex 52.9389 28.6141 1.8
      vertex 52.9389 28.6141 1.3
    endloop
  endfacet
  facet normal -0.944605 0.32821 0
    outer loop
      vertex 52.9389 28.6141 1.8
      vertex 52.9266 28.5787 1.3
      vertex 52.9266 28.5787 1.8
    endloop
  endfacet
  facet normal -0.963335 0.268303 0
    outer loop
      vertex 52.9161 28.541 1.3
      vertex 52.9266 28.5787 1.8
      vertex 52.9266 28.5787 1.3
    endloop
  endfacet
  facet normal -0.963335 0.268303 0
    outer loop
      vertex 52.9266 28.5787 1.8
      vertex 52.9161 28.541 1.3
      vertex 52.9161 28.541 1.8
    endloop
  endfacet
  facet normal -0.976358 0.216159 0
    outer loop
      vertex 52.9072 28.5008 1.3
      vertex 52.9161 28.541 1.8
      vertex 52.9161 28.541 1.3
    endloop
  endfacet
  facet normal -0.976358 0.216159 0
    outer loop
      vertex 52.9161 28.541 1.8
      vertex 52.9072 28.5008 1.3
      vertex 52.9072 28.5008 1.8
    endloop
  endfacet
  facet normal -0.986456 0.164024 0
    outer loop
      vertex 52.9001 28.4581 1.3
      vertex 52.9072 28.5008 1.8
      vertex 52.9072 28.5008 1.3
    endloop
  endfacet
  facet normal -0.986456 0.164024 0
    outer loop
      vertex 52.9072 28.5008 1.8
      vertex 52.9001 28.4581 1.3
      vertex 52.9001 28.4581 1.8
    endloop
  endfacet
  facet normal 0.0565264 0.998401 -0
    outer loop
      vertex 52.9001 28.4581 1.3
      vertex 52.3243 28.4907 1.8
      vertex 52.9001 28.4581 1.8
    endloop
  endfacet
  facet normal 0.0565264 0.998401 0
    outer loop
      vertex 52.3243 28.4907 1.8
      vertex 52.9001 28.4581 1.3
      vertex 52.3243 28.4907 1.3
    endloop
  endfacet
  facet normal 0.988159 -0.153434 0
    outer loop
      vertex 52.3243 28.4907 1.8
      vertex 52.3377 28.577 1.3
      vertex 52.3377 28.577 1.8
    endloop
  endfacet
  facet normal 0.988159 -0.153434 0
    outer loop
      vertex 52.3377 28.577 1.3
      vertex 52.3243 28.4907 1.8
      vertex 52.3243 28.4907 1.3
    endloop
  endfacet
  facet normal 0.976018 -0.21769 0
    outer loop
      vertex 52.3377 28.577 1.8
      vertex 52.3559 28.6586 1.3
      vertex 52.3559 28.6586 1.8
    endloop
  endfacet
  facet normal 0.976018 -0.21769 0
    outer loop
      vertex 52.3559 28.6586 1.3
      vertex 52.3377 28.577 1.8
      vertex 52.3377 28.577 1.3
    endloop
  endfacet
  facet normal 0.957035 -0.289973 0
    outer loop
      vertex 52.3559 28.6586 1.8
      vertex 52.3792 28.7355 1.3
      vertex 52.3792 28.7355 1.8
    endloop
  endfacet
  facet normal 0.957035 -0.289973 0
    outer loop
      vertex 52.3792 28.7355 1.3
      vertex 52.3559 28.6586 1.8
      vertex 52.3559 28.6586 1.3
    endloop
  endfacet
  facet normal 0.932077 -0.36226 0
    outer loop
      vertex 52.3792 28.7355 1.8
      vertex 52.4073 28.8078 1.3
      vertex 52.4073 28.8078 1.8
    endloop
  endfacet
  facet normal 0.932077 -0.36226 0
    outer loop
      vertex 52.4073 28.8078 1.3
      vertex 52.3792 28.7355 1.8
      vertex 52.3792 28.7355 1.3
    endloop
  endfacet
  facet normal 0.898116 -0.439758 0
    outer loop
      vertex 52.4073 28.8078 1.8
      vertex 52.4404 28.8754 1.3
      vertex 52.4404 28.8754 1.8
    endloop
  endfacet
  facet normal 0.898116 -0.439758 0
    outer loop
      vertex 52.4404 28.8754 1.3
      vertex 52.4073 28.8078 1.8
      vertex 52.4073 28.8078 1.3
    endloop
  endfacet
  facet normal 0.855326 -0.518091 0
    outer loop
      vertex 52.4404 28.8754 1.8
      vertex 52.4785 28.9383 1.3
      vertex 52.4785 28.9383 1.8
    endloop
  endfacet
  facet normal 0.855326 -0.518091 0
    outer loop
      vertex 52.4785 28.9383 1.3
      vertex 52.4404 28.8754 1.8
      vertex 52.4404 28.8754 1.3
    endloop
  endfacet
  facet normal 0.804291 -0.594236 0
    outer loop
      vertex 52.4785 28.9383 1.8
      vertex 52.5215 28.9965 1.3
      vertex 52.5215 28.9965 1.8
    endloop
  endfacet
  facet normal 0.804291 -0.594236 0
    outer loop
      vertex 52.5215 28.9965 1.3
      vertex 52.4785 28.9383 1.8
      vertex 52.4785 28.9383 1.3
    endloop
  endfacet
  facet normal 0.74495 -0.66712 0
    outer loop
      vertex 52.5215 28.9965 1.8
      vertex 52.5695 29.0501 1.3
      vertex 52.5695 29.0501 1.8
    endloop
  endfacet
  facet normal 0.74495 -0.66712 0
    outer loop
      vertex 52.5695 29.0501 1.3
      vertex 52.5215 28.9965 1.8
      vertex 52.5215 28.9965 1.3
    endloop
  endfacet
  facet normal 0.678799 -0.734324 0
    outer loop
      vertex 52.5695 29.0501 1.3
      vertex 52.6224 29.099 1.8
      vertex 52.5695 29.0501 1.8
    endloop
  endfacet
  facet normal 0.678799 -0.734324 0
    outer loop
      vertex 52.6224 29.099 1.8
      vertex 52.5695 29.0501 1.3
      vertex 52.6224 29.099 1.3
    endloop
  endfacet
  facet normal 0.60704 -0.794671 0
    outer loop
      vertex 52.6224 29.099 1.3
      vertex 52.68 29.143 1.8
      vertex 52.6224 29.099 1.8
    endloop
  endfacet
  facet normal 0.60704 -0.794671 0
    outer loop
      vertex 52.68 29.143 1.8
      vertex 52.6224 29.099 1.3
      vertex 52.68 29.143 1.3
    endloop
  endfacet
  facet normal 0.53049 -0.847691 0
    outer loop
      vertex 52.68 29.143 1.3
      vertex 52.742 29.1818 1.8
      vertex 52.68 29.143 1.8
    endloop
  endfacet
  facet normal 0.53049 -0.847691 0
    outer loop
      vertex 52.742 29.1818 1.8
      vertex 52.68 29.143 1.3
      vertex 52.742 29.1818 1.3
    endloop
  endfacet
  facet normal 0.450968 -0.89254 0
    outer loop
      vertex 52.742 29.1818 1.3
      vertex 52.8085 29.2154 1.8
      vertex 52.742 29.1818 1.8
    endloop
  endfacet
  facet normal 0.450968 -0.89254 0
    outer loop
      vertex 52.8085 29.2154 1.8
      vertex 52.742 29.1818 1.3
      vertex 52.8085 29.2154 1.3
    endloop
  endfacet
  facet normal 0.371391 -0.928477 0
    outer loop
      vertex 52.8085 29.2154 1.3
      vertex 52.8795 29.2438 1.8
      vertex 52.8085 29.2154 1.8
    endloop
  endfacet
  facet normal 0.371391 -0.928477 0
    outer loop
      vertex 52.8795 29.2438 1.8
      vertex 52.8085 29.2154 1.3
      vertex 52.8795 29.2438 1.3
    endloop
  endfacet
  facet normal 0.295601 -0.955311 0
    outer loop
      vertex 52.8795 29.2438 1.3
      vertex 52.9548 29.2671 1.8
      vertex 52.8795 29.2438 1.8
    endloop
  endfacet
  facet normal 0.295601 -0.955311 0
    outer loop
      vertex 52.9548 29.2671 1.8
      vertex 52.8795 29.2438 1.3
      vertex 52.9548 29.2671 1.3
    endloop
  endfacet
  facet normal 0.220935 -0.975288 0
    outer loop
      vertex 52.9548 29.2671 1.3
      vertex 53.0347 29.2852 1.8
      vertex 52.9548 29.2671 1.8
    endloop
  endfacet
  facet normal 0.220935 -0.975288 0
    outer loop
      vertex 53.0347 29.2852 1.8
      vertex 52.9548 29.2671 1.3
      vertex 53.0347 29.2852 1.3
    endloop
  endfacet
  facet normal 0.152586 -0.98829 0
    outer loop
      vertex 53.0347 29.2852 1.3
      vertex 53.1189 29.2982 1.8
      vertex 53.0347 29.2852 1.8
    endloop
  endfacet
  facet normal 0.152586 -0.98829 0
    outer loop
      vertex 53.1189 29.2982 1.8
      vertex 53.0347 29.2852 1.3
      vertex 53.1189 29.2982 1.3
    endloop
  endfacet
  facet normal 0.0863875 -0.996262 0
    outer loop
      vertex 53.1189 29.2982 1.3
      vertex 53.2077 29.3059 1.8
      vertex 53.1189 29.2982 1.8
    endloop
  endfacet
  facet normal 0.0863875 -0.996262 0
    outer loop
      vertex 53.2077 29.3059 1.8
      vertex 53.1189 29.2982 1.3
      vertex 53.2077 29.3059 1.3
    endloop
  endfacet
  facet normal 0.0279161 -0.99961 0
    outer loop
      vertex 53.2077 29.3059 1.3
      vertex 53.3008 29.3085 1.8
      vertex 53.2077 29.3059 1.8
    endloop
  endfacet
  facet normal 0.0279161 -0.99961 0
    outer loop
      vertex 53.3008 29.3085 1.8
      vertex 53.2077 29.3059 1.3
      vertex 53.3008 29.3085 1.3
    endloop
  endfacet
  facet normal -0.025862 -0.999666 0
    outer loop
      vertex 53.3008 29.3085 1.3
      vertex 53.4013 29.3059 1.8
      vertex 53.3008 29.3085 1.8
    endloop
  endfacet
  facet normal -0.025862 -0.999666 -0
    outer loop
      vertex 53.4013 29.3059 1.8
      vertex 53.3008 29.3085 1.3
      vertex 53.4013 29.3059 1.3
    endloop
  endfacet
  facet normal 0 1 -0
    outer loop
      vertex 40.7818 28.802 1.3
      vertex 39.8541 28.802 1.8
      vertex 40.7818 28.802 1.8
    endloop
  endfacet
  facet normal 0 1 0
    outer loop
      vertex 39.8541 28.802 1.8
      vertex 40.7818 28.802 1.3
      vertex 39.8541 28.802 1.3
    endloop
  endfacet
  facet normal -1 0 0
    outer loop
      vertex 39.8541 26.3994 1.3
      vertex 39.8541 28.802 1.8
      vertex 39.8541 28.802 1.3
    endloop
  endfacet
  facet normal -1 -0 0
    outer loop
      vertex 39.8541 28.802 1.8
      vertex 39.8541 26.3994 1.3
      vertex 39.8541 26.3994 1.8
    endloop
  endfacet
  facet normal 0 1 -0
    outer loop
      vertex 39.8541 26.3994 1.3
      vertex 39.2539 26.3994 1.8
      vertex 39.8541 26.3994 1.8
    endloop
  endfacet
  facet normal 0 1 0
    outer loop
      vertex 39.2539 26.3994 1.8
      vertex 39.8541 26.3994 1.3
      vertex 39.2539 26.3994 1.3
    endloop
  endfacet
  facet normal 1 -0 0
    outer loop
      vertex 39.2539 26.3994 1.8
      vertex 39.2539 28.802 1.3
      vertex 39.2539 28.802 1.8
    endloop
  endfacet
  facet normal 1 0 0
    outer loop
      vertex 39.2539 28.802 1.3
      vertex 39.2539 26.3994 1.8
      vertex 39.2539 26.3994 1.3
    endloop
  endfacet
  facet normal 0 1 -0
    outer loop
      vertex 39.2539 28.802 1.3
      vertex 38.3283 28.802 1.8
      vertex 39.2539 28.802 1.8
    endloop
  endfacet
  facet normal 0 1 0
    outer loop
      vertex 38.3283 28.802 1.8
      vertex 39.2539 28.802 1.3
      vertex 38.3283 28.802 1.3
    endloop
  endfacet
  facet normal 1 -0 0
    outer loop
      vertex 38.3283 28.802 1.8
      vertex 38.3283 29.2658 1.3
      vertex 38.3283 29.2658 1.8
    endloop
  endfacet
  facet normal 1 0 0
    outer loop
      vertex 38.3283 29.2658 1.3
      vertex 38.3283 28.802 1.8
      vertex 38.3283 28.802 1.3
    endloop
  endfacet
  facet normal 0 -1 0
    outer loop
      vertex 38.3283 29.2658 1.3
      vertex 40.7818 29.2658 1.8
      vertex 38.3283 29.2658 1.8
    endloop
  endfacet
  facet normal 0 -1 -0
    outer loop
      vertex 40.7818 29.2658 1.8
      vertex 38.3283 29.2658 1.3
      vertex 40.7818 29.2658 1.3
    endloop
  endfacet
  facet normal -1 0 0
    outer loop
      vertex 40.7818 28.802 1.3
      vertex 40.7818 29.2658 1.8
      vertex 40.7818 29.2658 1.3
    endloop
  endfacet
  facet normal -1 -0 0
    outer loop
      vertex 40.7818 29.2658 1.8
      vertex 40.7818 28.802 1.3
      vertex 40.7818 28.802 1.8
    endloop
  endfacet
  facet normal -0.0830455 -0.996546 0
    outer loop
      vertex 45.5365 29.2629 1.3
      vertex 45.6421 29.2541 1.8
      vertex 45.5365 29.2629 1.8
    endloop
  endfacet
  facet normal -0.0830455 -0.996546 -0
    outer loop
      vertex 45.6421 29.2541 1.8
      vertex 45.5365 29.2629 1.3
      vertex 45.6421 29.2541 1.3
    endloop
  endfacet
  facet normal -0.144894 -0.989447 0
    outer loop
      vertex 45.6421 29.2541 1.3
      vertex 45.7418 29.2395 1.8
      vertex 45.6421 29.2541 1.8
    endloop
  endfacet
  facet normal -0.144894 -0.989447 -0
    outer loop
      vertex 45.7418 29.2395 1.8
      vertex 45.6421 29.2541 1.3
      vertex 45.7418 29.2395 1.3
    endloop
  endfacet
  facet normal -0.213293 -0.976988 0
    outer loop
      vertex 45.7418 29.2395 1.3
      vertex 45.8357 29.219 1.8
      vertex 45.7418 29.2395 1.8
    endloop
  endfacet
  facet normal -0.213293 -0.976988 -0
    outer loop
      vertex 45.8357 29.219 1.8
      vertex 45.7418 29.2395 1.3
      vertex 45.8357 29.219 1.3
    endloop
  endfacet
  facet normal -0.286349 -0.958125 0
    outer loop
      vertex 45.8357 29.219 1.3
      vertex 45.9237 29.1927 1.8
      vertex 45.8357 29.219 1.8
    endloop
  endfacet
  facet normal -0.286349 -0.958125 -0
    outer loop
      vertex 45.9237 29.1927 1.8
      vertex 45.8357 29.219 1.3
      vertex 45.9237 29.1927 1.3
    endloop
  endfacet
  facet normal -0.364741 -0.931109 0
    outer loop
      vertex 45.9237 29.1927 1.3
      vertex 46.0059 29.1605 1.8
      vertex 45.9237 29.1927 1.8
    endloop
  endfacet
  facet normal -0.364741 -0.931109 -0
    outer loop
      vertex 46.0059 29.1605 1.8
      vertex 45.9237 29.1927 1.3
      vertex 46.0059 29.1605 1.3
    endloop
  endfacet
  facet normal -0.446276 -0.894895 0
    outer loop
      vertex 46.0059 29.1605 1.3
      vertex 46.0823 29.1224 1.8
      vertex 46.0059 29.1605 1.8
    endloop
  endfacet
  facet normal -0.446276 -0.894895 -0
    outer loop
      vertex 46.0823 29.1224 1.8
      vertex 46.0059 29.1605 1.3
      vertex 46.0823 29.1224 1.3
    endloop
  endfacet
  facet normal -0.529132 -0.84854 0
    outer loop
      vertex 46.0823 29.1224 1.3
      vertex 46.1527 29.0785 1.8
      vertex 46.0823 29.1224 1.8
    endloop
  endfacet
  facet normal -0.529132 -0.84854 -0
    outer loop
      vertex 46.1527 29.0785 1.8
      vertex 46.0823 29.1224 1.3
      vertex 46.1527 29.0785 1.3
    endloop
  endfacet
  facet normal -0.609178 -0.793034 0
    outer loop
      vertex 46.1527 29.0785 1.3
      vertex 46.2174 29.0288 1.8
      vertex 46.1527 29.0785 1.8
    endloop
  endfacet
  facet normal -0.609178 -0.793034 -0
    outer loop
      vertex 46.2174 29.0288 1.8
      vertex 46.1527 29.0785 1.3
      vertex 46.2174 29.0288 1.3
    endloop
  endfacet
  facet normal -0.68688 -0.726771 0
    outer loop
      vertex 46.2174 29.0288 1.3
      vertex 46.2757 28.9737 1.8
      vertex 46.2174 29.0288 1.8
    endloop
  endfacet
  facet normal -0.68688 -0.726771 -0
    outer loop
      vertex 46.2757 28.9737 1.8
      vertex 46.2174 29.0288 1.3
      vertex 46.2757 28.9737 1.3
    endloop
  endfacet
  facet normal -0.758899 -0.651209 0
    outer loop
      vertex 46.3271 28.9138 1.3
      vertex 46.2757 28.9737 1.8
      vertex 46.2757 28.9737 1.3
    endloop
  endfacet
  facet normal -0.758899 -0.651209 0
    outer loop
      vertex 46.2757 28.9737 1.8
      vertex 46.3271 28.9138 1.3
      vertex 46.3271 28.9138 1.8
    endloop
  endfacet
  facet normal -0.823745 -0.56696 0
    outer loop
      vertex 46.3717 28.849 1.3
      vertex 46.3271 28.9138 1.8
      vertex 46.3271 28.9138 1.3
    endloop
  endfacet
  facet normal -0.823745 -0.56696 0
    outer loop
      vertex 46.3271 28.9138 1.8
      vertex 46.3717 28.849 1.3
      vertex 46.3717 28.849 1.8
    endloop
  endfacet
  facet normal -0.879292 -0.476283 0
    outer loop
      vertex 46.4094 28.7794 1.3
      vertex 46.3717 28.849 1.8
      vertex 46.3717 28.849 1.3
    endloop
  endfacet
  facet normal -0.879292 -0.476283 0
    outer loop
      vertex 46.3717 28.849 1.8
      vertex 46.4094 28.7794 1.3
      vertex 46.4094 28.7794 1.8
    endloop
  endfacet
  facet normal -0.924138 -0.38206 0
    outer loop
      vertex 46.4402 28.7049 1.3
      vertex 46.4094 28.7794 1.8
      vertex 46.4094 28.7794 1.3
    endloop
  endfacet
  facet normal -0.924138 -0.38206 0
    outer loop
      vertex 46.4094 28.7794 1.8
      vertex 46.4402 28.7049 1.3
      vertex 46.4402 28.7049 1.8
    endloop
  endfacet
  facet normal -0.957227 -0.289338 0
    outer loop
      vertex 46.4642 28.6255 1.3
      vertex 46.4402 28.7049 1.8
      vertex 46.4402 28.7049 1.3
    endloop
  endfacet
  facet normal -0.957227 -0.289338 0
    outer loop
      vertex 46.4402 28.7049 1.8
      vertex 46.4642 28.6255 1.3
      vertex 46.4642 28.6255 1.8
    endloop
  endfacet
  facet normal -0.97972 -0.200371 0
    outer loop
      vertex 46.4814 28.5414 1.3
      vertex 46.4642 28.6255 1.8
      vertex 46.4642 28.6255 1.3
    endloop
  endfacet
  facet normal -0.97972 -0.200371 0
    outer loop
      vertex 46.4642 28.6255 1.8
      vertex 46.4814 28.5414 1.3
      vertex 46.4814 28.5414 1.8
    endloop
  endfacet
  facet normal -0.993511 -0.113735 0
    outer loop
      vertex 46.4916 28.4523 1.3
      vertex 46.4814 28.5414 1.8
      vertex 46.4814 28.5414 1.3
    endloop
  endfacet
  facet normal -0.993511 -0.113735 0
    outer loop
      vertex 46.4814 28.5414 1.8
      vertex 46.4916 28.4523 1.3
      vertex 46.4916 28.4523 1.8
    endloop
  endfacet
  facet normal -0.999305 -0.0372875 0
    outer loop
      vertex 46.4951 28.3585 1.3
      vertex 46.4916 28.4523 1.8
      vertex 46.4916 28.4523 1.3
    endloop
  endfacet
  facet normal -0.999305 -0.0372875 0
    outer loop
      vertex 46.4916 28.4523 1.8
      vertex 46.4951 28.3585 1.3
      vertex 46.4951 28.3585 1.8
    endloop
  endfacet
  facet normal -0.999654 0.0263067 0
    outer loop
      vertex 46.4935 28.2977 1.3
      vertex 46.4951 28.3585 1.8
      vertex 46.4951 28.3585 1.3
    endloop
  endfacet
  facet normal -0.999654 0.0263067 0
    outer loop
      vertex 46.4951 28.3585 1.8
      vertex 46.4935 28.2977 1.3
      vertex 46.4935 28.2977 1.8
    endloop
  endfacet
  facet normal -0.997005 0.0773393 0
    outer loop
      vertex 46.4889 28.2384 1.3
      vertex 46.4935 28.2977 1.8
      vertex 46.4935 28.2977 1.3
    endloop
  endfacet
  facet normal -0.997005 0.0773393 0
    outer loop
      vertex 46.4935 28.2977 1.8
      vertex 46.4889 28.2384 1.3
      vertex 46.4889 28.2384 1.8
    endloop
  endfacet
  facet normal -0.991017 0.133736 0
    outer loop
      vertex 46.4811 28.1806 1.3
      vertex 46.4889 28.2384 1.8
      vertex 46.4889 28.2384 1.3
    endloop
  endfacet
  facet normal -0.991017 0.133736 0
    outer loop
      vertex 46.4889 28.2384 1.8
      vertex 46.4811 28.1806 1.3
      vertex 46.4811 28.1806 1.8
    endloop
  endfacet
  facet normal -0.981832 0.189751 0
    outer loop
      vertex 46.4702 28.1242 1.3
      vertex 46.4811 28.1806 1.8
      vertex 46.4811 28.1806 1.3
    endloop
  endfacet
  facet normal -0.981832 0.189751 0
    outer loop
      vertex 46.4811 28.1806 1.8
      vertex 46.4702 28.1242 1.3
      vertex 46.4702 28.1242 1.8
    endloop
  endfacet
  facet normal -0.968566 0.248757 0
    outer loop
      vertex 46.4561 28.0693 1.3
      vertex 46.4702 28.1242 1.8
      vertex 46.4702 28.1242 1.3
    endloop
  endfacet
  facet normal -0.968566 0.248757 0
    outer loop
      vertex 46.4702 28.1242 1.8
      vertex 46.4561 28.0693 1.3
      vertex 46.4561 28.0693 1.8
    endloop
  endfacet
  facet normal -0.952527 0.304453 0
    outer loop
      vertex 46.439 28.0158 1.3
      vertex 46.4561 28.0693 1.8
      vertex 46.4561 28.0693 1.3
    endloop
  endfacet
  facet normal -0.952527 0.304453 0
    outer loop
      vertex 46.4561 28.0693 1.8
      vertex 46.439 28.0158 1.3
      vertex 46.439 28.0158 1.8
    endloop
  endfacet
  facet normal -0.932139 0.3621 0
    outer loop
      vertex 46.4188 27.9638 1.3
      vertex 46.439 28.0158 1.8
      vertex 46.439 28.0158 1.3
    endloop
  endfacet
  facet normal -0.932139 0.3621 0
    outer loop
      vertex 46.439 28.0158 1.8
      vertex 46.4188 27.9638 1.3
      vertex 46.4188 27.9638 1.8
    endloop
  endfacet
  facet normal -0.907644 0.419741 0
    outer loop
      vertex 46.3954 27.9132 1.3
      vertex 46.4188 27.9638 1.8
      vertex 46.4188 27.9638 1.3
    endloop
  endfacet
  facet normal -0.907644 0.419741 0
    outer loop
      vertex 46.4188 27.9638 1.8
      vertex 46.3954 27.9132 1.3
      vertex 46.3954 27.9132 1.8
    endloop
  endfacet
  facet normal -0.88001 0.474955 0
    outer loop
      vertex 46.3689 27.8641 1.3
      vertex 46.3954 27.9132 1.8
      vertex 46.3954 27.9132 1.3
    endloop
  endfacet
  facet normal -0.88001 0.474955 0
    outer loop
      vertex 46.3954 27.9132 1.8
      vertex 46.3689 27.8641 1.3
      vertex 46.3689 27.8641 1.8
    endloop
  endfacet
  facet normal -0.849111 0.528215 0
    outer loop
      vertex 46.3396 27.817 1.3
      vertex 46.3689 27.8641 1.8
      vertex 46.3689 27.8641 1.3
    endloop
  endfacet
  facet normal -0.849111 0.528215 0
    outer loop
      vertex 46.3689 27.8641 1.8
      vertex 46.3396 27.817 1.3
      vertex 46.3396 27.817 1.8
    endloop
  endfacet
  facet normal -0.812258 0.583299 0
    outer loop
      vertex 46.3075 27.7723 1.3
      vertex 46.3396 27.817 1.8
      vertex 46.3396 27.817 1.3
    endloop
  endfacet
  facet normal -0.812258 0.583299 0
    outer loop
      vertex 46.3396 27.817 1.8
      vertex 46.3075 27.7723 1.3
      vertex 46.3075 27.7723 1.8
    endloop
  endfacet
  facet normal -0.773142 0.634233 0
    outer loop
      vertex 46.2728 27.73 1.3
      vertex 46.3075 27.7723 1.8
      vertex 46.3075 27.7723 1.3
    endloop
  endfacet
  facet normal -0.773142 0.634233 0
    outer loop
      vertex 46.3075 27.7723 1.8
      vertex 46.2728 27.73 1.3
      vertex 46.2728 27.73 1.8
    endloop
  endfacet
  facet normal -0.728682 0.684852 0
    outer loop
      vertex 46.2353 27.6901 1.3
      vertex 46.2728 27.73 1.8
      vertex 46.2728 27.73 1.3
    endloop
  endfacet
  facet normal -0.728682 0.684852 0
    outer loop
      vertex 46.2728 27.73 1.8
      vertex 46.2353 27.6901 1.3
      vertex 46.2353 27.6901 1.8
    endloop
  endfacet
  facet normal -0.682058 0.731298 0
    outer loop
      vertex 46.2353 27.6901 1.3
      vertex 46.1952 27.6527 1.8
      vertex 46.2353 27.6901 1.8
    endloop
  endfacet
  facet normal -0.682058 0.731298 0
    outer loop
      vertex 46.1952 27.6527 1.8
      vertex 46.2353 27.6901 1.3
      vertex 46.1952 27.6527 1.3
    endloop
  endfacet
  facet normal -0.633041 0.774118 0
    outer loop
      vertex 46.1952 27.6527 1.3
      vertex 46.1524 27.6177 1.8
      vertex 46.1952 27.6527 1.8
    endloop
  endfacet
  facet normal -0.633041 0.774118 0
    outer loop
      vertex 46.1524 27.6177 1.8
      vertex 46.1952 27.6527 1.3
      vertex 46.1524 27.6177 1.3
    endloop
  endfacet
  facet normal -0.581238 0.813733 0
    outer loop
      vertex 46.1524 27.6177 1.3
      vertex 46.1069 27.5852 1.8
      vertex 46.1524 27.6177 1.8
    endloop
  endfacet
  facet normal -0.581238 0.813733 0
    outer loop
      vertex 46.1069 27.5852 1.8
      vertex 46.1524 27.6177 1.3
      vertex 46.1069 27.5852 1.3
    endloop
  endfacet
  facet normal -0.529683 0.848196 0
    outer loop
      vertex 46.1069 27.5852 1.3
      vertex 46.0587 27.5551 1.8
      vertex 46.1069 27.5852 1.8
    endloop
  endfacet
  facet normal -0.529683 0.848196 0
    outer loop
      vertex 46.0587 27.5551 1.8
      vertex 46.1069 27.5852 1.3
      vertex 46.0587 27.5551 1.3
    endloop
  endfacet
  facet normal -0.478731 0.877962 0
    outer loop
      vertex 46.0587 27.5551 1.3
      vertex 46.0079 27.5274 1.8
      vertex 46.0587 27.5551 1.8
    endloop
  endfacet
  facet normal -0.478731 0.877962 0
    outer loop
      vertex 46.0079 27.5274 1.8
      vertex 46.0587 27.5551 1.3
      vertex 46.0079 27.5274 1.3
    endloop
  endfacet
  facet normal -0.423258 0.906009 0
    outer loop
      vertex 46.0079 27.5274 1.3
      vertex 45.9546 27.5025 1.8
      vertex 46.0079 27.5274 1.8
    endloop
  endfacet
  facet normal -0.423258 0.906009 0
    outer loop
      vertex 45.9546 27.5025 1.8
      vertex 46.0079 27.5274 1.3
      vertex 45.9546 27.5025 1.3
    endloop
  endfacet
  facet normal -0.369947 0.929053 0
    outer loop
      vertex 45.9546 27.5025 1.3
      vertex 45.8991 27.4804 1.8
      vertex 45.9546 27.5025 1.8
    endloop
  endfacet
  facet normal -0.369947 0.929053 0
    outer loop
      vertex 45.8991 27.4804 1.8
      vertex 45.9546 27.5025 1.3
      vertex 45.8991 27.4804 1.3
    endloop
  endfacet
  facet normal -0.314253 0.949339 0
    outer loop
      vertex 45.8991 27.4804 1.3
      vertex 45.8414 27.4613 1.8
      vertex 45.8991 27.4804 1.8
    endloop
  endfacet
  facet normal -0.314253 0.949339 0
    outer loop
      vertex 45.8414 27.4613 1.8
      vertex 45.8991 27.4804 1.3
      vertex 45.8414 27.4613 1.3
    endloop
  endfacet
  facet normal -0.259569 0.965725 0
    outer loop
      vertex 45.8414 27.4613 1.3
      vertex 45.7815 27.4452 1.8
      vertex 45.8414 27.4613 1.8
    endloop
  endfacet
  facet normal -0.259569 0.965725 0
    outer loop
      vertex 45.7815 27.4452 1.8
      vertex 45.8414 27.4613 1.3
      vertex 45.7815 27.4452 1.3
    endloop
  endfacet
  facet normal -0.209744 0.977756 0
    outer loop
      vertex 45.7815 27.4452 1.3
      vertex 45.7195 27.4319 1.8
      vertex 45.7815 27.4452 1.8
    endloop
  endfacet
  facet normal -0.209744 0.977756 0
    outer loop
      vertex 45.7195 27.4319 1.8
      vertex 45.7815 27.4452 1.3
      vertex 45.7195 27.4319 1.3
    endloop
  endfacet
  facet normal -0.156672 0.987651 0
    outer loop
      vertex 45.7195 27.4319 1.3
      vertex 45.6552 27.4217 1.8
      vertex 45.7195 27.4319 1.8
    endloop
  endfacet
  facet normal -0.156672 0.987651 0
    outer loop
      vertex 45.6552 27.4217 1.8
      vertex 45.7195 27.4319 1.3
      vertex 45.6552 27.4217 1.3
    endloop
  endfacet
  facet normal -0.11076 0.993847 0
    outer loop
      vertex 45.6552 27.4217 1.3
      vertex 45.5888 27.4143 1.8
      vertex 45.6552 27.4217 1.8
    endloop
  endfacet
  facet normal -0.11076 0.993847 0
    outer loop
      vertex 45.5888 27.4143 1.8
      vertex 45.6552 27.4217 1.3
      vertex 45.5888 27.4143 1.3
    endloop
  endfacet
  facet normal -0.0640084 0.997949 0
    outer loop
      vertex 45.5888 27.4143 1.3
      vertex 45.5202 27.4099 1.8
      vertex 45.5888 27.4143 1.8
    endloop
  endfacet
  facet normal -0.0640084 0.997949 0
    outer loop
      vertex 45.5202 27.4099 1.8
      vertex 45.5888 27.4143 1.3
      vertex 45.5202 27.4099 1.3
    endloop
  endfacet
  facet normal -0.0211817 0.999776 0
    outer loop
      vertex 45.5202 27.4099 1.3
      vertex 45.4494 27.4084 1.8
      vertex 45.5202 27.4099 1.8
    endloop
  endfacet
  facet normal -0.0211817 0.999776 0
    outer loop
      vertex 45.4494 27.4084 1.8
      vertex 45.5202 27.4099 1.3
      vertex 45.4494 27.4084 1.3
    endloop
  endfacet
  facet normal 0 1 -0
    outer loop
      vertex 45.4494 27.4084 1.3
      vertex 44.7374 27.4084 1.8
      vertex 45.4494 27.4084 1.8
    endloop
  endfacet
  facet normal 0 1 0
    outer loop
      vertex 44.7374 27.4084 1.8
      vertex 45.4494 27.4084 1.3
      vertex 44.7374 27.4084 1.3
    endloop
  endfacet
  facet normal -1 0 0
    outer loop
      vertex 44.7374 26.3994 1.3
      vertex 44.7374 27.4084 1.8
      vertex 44.7374 27.4084 1.3
    endloop
  endfacet
  facet normal -1 -0 0
    outer loop
      vertex 44.7374 27.4084 1.8
      vertex 44.7374 26.3994 1.3
      vertex 44.7374 26.3994 1.8
    endloop
  endfacet
  facet normal 0 1 -0
    outer loop
      vertex 44.7374 26.3994 1.3
      vertex 44.1372 26.3994 1.8
      vertex 44.7374 26.3994 1.8
    endloop
  endfacet
  facet normal 0 1 0
    outer loop
      vertex 44.1372 26.3994 1.8
      vertex 44.7374 26.3994 1.3
      vertex 44.1372 26.3994 1.3
    endloop
  endfacet
  facet normal 1 -0 0
    outer loop
      vertex 44.1372 26.3994 1.8
      vertex 44.1372 29.2658 1.3
      vertex 44.1372 29.2658 1.8
    endloop
  endfacet
  facet normal 1 0 0
    outer loop
      vertex 44.1372 29.2658 1.3
      vertex 44.1372 26.3994 1.8
      vertex 44.1372 26.3994 1.3
    endloop
  endfacet
  facet normal 0 -1 0
    outer loop
      vertex 44.1372 29.2658 1.3
      vertex 45.425 29.2658 1.8
      vertex 44.1372 29.2658 1.8
    endloop
  endfacet
  facet normal 0 -1 -0
    outer loop
      vertex 45.425 29.2658 1.8
      vertex 44.1372 29.2658 1.3
      vertex 45.425 29.2658 1.3
    endloop
  endfacet
  facet normal -0.0260002 -0.999662 0
    outer loop
      vertex 45.425 29.2658 1.3
      vertex 45.5365 29.2629 1.8
      vertex 45.425 29.2658 1.8
    endloop
  endfacet
  facet normal -0.0260002 -0.999662 -0
    outer loop
      vertex 45.5365 29.2629 1.8
      vertex 45.425 29.2658 1.3
      vertex 45.5365 29.2629 1.3
    endloop
  endfacet
  facet normal -1 0 0
    outer loop
      vertex 44.7374 27.8702 1.3
      vertex 44.7374 28.7999 1.8
      vertex 44.7374 28.7999 1.3
    endloop
  endfacet
  facet normal -1 -0 0
    outer loop
      vertex 44.7374 28.7999 1.8
      vertex 44.7374 27.8702 1.3
      vertex 44.7374 27.8702 1.8
    endloop
  endfacet
  facet normal 0 -1 0
    outer loop
      vertex 44.7374 27.8702 1.3
      vertex 45.3741 27.8702 1.8
      vertex 44.7374 27.8702 1.8
    endloop
  endfacet
  facet normal 0 -1 -0
    outer loop
      vertex 45.3741 27.8702 1.8
      vertex 44.7374 27.8702 1.3
      vertex 45.3741 27.8702 1.3
    endloop
  endfacet
  facet normal 0.0278702 -0.999612 0
    outer loop
      vertex 45.3741 27.8702 1.3
      vertex 45.4279 27.8717 1.8
      vertex 45.3741 27.8702 1.8
    endloop
  endfacet
  facet normal 0.0278702 -0.999612 0
    outer loop
      vertex 45.4279 27.8717 1.8
      vertex 45.3741 27.8702 1.3
      vertex 45.4279 27.8717 1.3
    endloop
  endfacet
  facet normal 0.0900065 -0.995941 0
    outer loop
      vertex 45.4279 27.8717 1.3
      vertex 45.4788 27.8763 1.8
      vertex 45.4279 27.8717 1.8
    endloop
  endfacet
  facet normal 0.0900065 -0.995941 0
    outer loop
      vertex 45.4788 27.8763 1.8
      vertex 45.4279 27.8717 1.3
      vertex 45.4788 27.8763 1.3
    endloop
  endfacet
  facet normal 0.156068 -0.987746 0
    outer loop
      vertex 45.4788 27.8763 1.3
      vertex 45.5269 27.8839 1.8
      vertex 45.4788 27.8763 1.8
    endloop
  endfacet
  facet normal 0.156068 -0.987746 0
    outer loop
      vertex 45.5269 27.8839 1.8
      vertex 45.4788 27.8763 1.3
      vertex 45.5269 27.8839 1.3
    endloop
  endfacet
  facet normal 0.227365 -0.97381 0
    outer loop
      vertex 45.5269 27.8839 1.3
      vertex 45.5723 27.8945 1.8
      vertex 45.5269 27.8839 1.8
    endloop
  endfacet
  facet normal 0.227365 -0.97381 0
    outer loop
      vertex 45.5723 27.8945 1.8
      vertex 45.5269 27.8839 1.3
      vertex 45.5723 27.8945 1.3
    endloop
  endfacet
  facet normal 0.306806 -0.951772 0
    outer loop
      vertex 45.5723 27.8945 1.3
      vertex 45.6148 27.9082 1.8
      vertex 45.5723 27.8945 1.8
    endloop
  endfacet
  facet normal 0.306806 -0.951772 0
    outer loop
      vertex 45.6148 27.9082 1.8
      vertex 45.5723 27.8945 1.3
      vertex 45.6148 27.9082 1.3
    endloop
  endfacet
  facet normal 0.388577 -0.921416 0
    outer loop
      vertex 45.6148 27.9082 1.3
      vertex 45.6544 27.9249 1.8
      vertex 45.6148 27.9082 1.8
    endloop
  endfacet
  facet normal 0.388577 -0.921416 0
    outer loop
      vertex 45.6544 27.9249 1.8
      vertex 45.6148 27.9082 1.3
      vertex 45.6544 27.9249 1.3
    endloop
  endfacet
  facet normal 0.472818 -0.88116 0
    outer loop
      vertex 45.6544 27.9249 1.3
      vertex 45.6913 27.9447 1.8
      vertex 45.6544 27.9249 1.8
    endloop
  endfacet
  facet normal 0.472818 -0.88116 0
    outer loop
      vertex 45.6913 27.9447 1.8
      vertex 45.6544 27.9249 1.3
      vertex 45.6913 27.9447 1.3
    endloop
  endfacet
  facet normal 0.555825 -0.831299 0
    outer loop
      vertex 45.6913 27.9447 1.3
      vertex 45.7254 27.9675 1.8
      vertex 45.6913 27.9447 1.8
    endloop
  endfacet
  facet normal 0.555825 -0.831299 0
    outer loop
      vertex 45.7254 27.9675 1.8
      vertex 45.6913 27.9447 1.3
      vertex 45.7254 27.9675 1.3
    endloop
  endfacet
  facet normal 0.637264 -0.770645 0
    outer loop
      vertex 45.7254 27.9675 1.3
      vertex 45.7566 27.9933 1.8
      vertex 45.7254 27.9675 1.8
    endloop
  endfacet
  facet normal 0.637264 -0.770645 0
    outer loop
      vertex 45.7566 27.9933 1.8
      vertex 45.7254 27.9675 1.3
      vertex 45.7566 27.9933 1.3
    endloop
  endfacet
  facet normal 0.713293 -0.700866 0
    outer loop
      vertex 45.7566 27.9933 1.8
      vertex 45.7848 28.022 1.3
      vertex 45.7848 28.022 1.8
    endloop
  endfacet
  facet normal 0.713293 -0.700866 0
    outer loop
      vertex 45.7848 28.022 1.3
      vertex 45.7566 27.9933 1.8
      vertex 45.7566 27.9933 1.3
    endloop
  endfacet
  facet normal 0.78354 -0.621342 0
    outer loop
      vertex 45.7848 28.022 1.8
      vertex 45.8097 28.0534 1.3
      vertex 45.8097 28.0534 1.8
    endloop
  endfacet
  facet normal 0.78354 -0.621342 0
    outer loop
      vertex 45.8097 28.0534 1.3
      vertex 45.7848 28.022 1.8
      vertex 45.7848 28.022 1.3
    endloop
  endfacet
  facet normal 0.845193 -0.534461 0
    outer loop
      vertex 45.8097 28.0534 1.8
      vertex 45.8312 28.0874 1.3
      vertex 45.8312 28.0874 1.8
    endloop
  endfacet
  facet normal 0.845193 -0.534461 0
    outer loop
      vertex 45.8312 28.0874 1.3
      vertex 45.8097 28.0534 1.8
      vertex 45.8097 28.0534 1.3
    endloop
  endfacet
  facet normal 0.896367 -0.443312 0
    outer loop
      vertex 45.8312 28.0874 1.8
      vertex 45.8494 28.1242 1.3
      vertex 45.8494 28.1242 1.8
    endloop
  endfacet
  facet normal 0.896367 -0.443312 0
    outer loop
      vertex 45.8494 28.1242 1.3
      vertex 45.8312 28.0874 1.8
      vertex 45.8312 28.0874 1.3
    endloop
  endfacet
  facet normal 0.934563 -0.355798 0
    outer loop
      vertex 45.8494 28.1242 1.8
      vertex 45.8644 28.1636 1.3
      vertex 45.8644 28.1636 1.8
    endloop
  endfacet
  facet normal 0.934563 -0.355798 0
    outer loop
      vertex 45.8644 28.1636 1.3
      vertex 45.8494 28.1242 1.8
      vertex 45.8494 28.1242 1.3
    endloop
  endfacet
  facet normal 0.964235 -0.26505 0
    outer loop
      vertex 45.8644 28.1636 1.8
      vertex 45.876 28.2058 1.3
      vertex 45.876 28.2058 1.8
    endloop
  endfacet
  facet normal 0.964235 -0.26505 0
    outer loop
      vertex 45.876 28.2058 1.3
      vertex 45.8644 28.1636 1.8
      vertex 45.8644 28.1636 1.3
    endloop
  endfacet
  facet normal 0.983267 -0.182168 0
    outer loop
      vertex 45.876 28.2058 1.8
      vertex 45.8843 28.2506 1.3
      vertex 45.8843 28.2506 1.8
    endloop
  endfacet
  facet normal 0.983267 -0.182168 0
    outer loop
      vertex 45.8843 28.2506 1.3
      vertex 45.876 28.2058 1.8
      vertex 45.876 28.2058 1.3
    endloop
  endfacet
  facet normal 0.994721 -0.102613 0
    outer loop
      vertex 45.8843 28.2506 1.8
      vertex 45.8892 28.2981 1.3
      vertex 45.8892 28.2981 1.8
    endloop
  endfacet
  facet normal 0.994721 -0.102613 0
    outer loop
      vertex 45.8892 28.2981 1.3
      vertex 45.8843 28.2506 1.8
      vertex 45.8843 28.2506 1.3
    endloop
  endfacet
  facet normal 0.999427 -0.0338451 0
    outer loop
      vertex 45.8892 28.2981 1.8
      vertex 45.8909 28.3483 1.3
      vertex 45.8909 28.3483 1.8
    endloop
  endfacet
  facet normal 0.999427 -0.0338451 0
    outer loop
      vertex 45.8909 28.3483 1.3
      vertex 45.8892 28.2981 1.8
      vertex 45.8892 28.2981 1.3
    endloop
  endfacet
  facet normal 0.997585 0.0694521 0
    outer loop
      vertex 45.8909 28.3483 1.8
      vertex 45.8843 28.4431 1.3
      vertex 45.8843 28.4431 1.8
    endloop
  endfacet
  facet normal 0.997585 0.0694521 0
    outer loop
      vertex 45.8843 28.4431 1.3
      vertex 45.8909 28.3483 1.8
      vertex 45.8909 28.3483 1.3
    endloop
  endfacet
  facet normal 0.973341 0.229364 0
    outer loop
      vertex 45.8843 28.4431 1.8
      vertex 45.8646 28.5267 1.3
      vertex 45.8646 28.5267 1.8
    endloop
  endfacet
  facet normal 0.973341 0.229364 0
    outer loop
      vertex 45.8646 28.5267 1.3
      vertex 45.8843 28.4431 1.8
      vertex 45.8843 28.4431 1.3
    endloop
  endfacet
  facet normal 0.910624 0.413235 0
    outer loop
      vertex 45.8646 28.5267 1.8
      vertex 45.8317 28.5992 1.3
      vertex 45.8317 28.5992 1.8
    endloop
  endfacet
  facet normal 0.910624 0.413235 0
    outer loop
      vertex 45.8317 28.5992 1.3
      vertex 45.8646 28.5267 1.8
      vertex 45.8646 28.5267 1.3
    endloop
  endfacet
  facet normal 0.799217 0.601043 0
    outer loop
      vertex 45.8317 28.5992 1.8
      vertex 45.7856 28.6605 1.3
      vertex 45.7856 28.6605 1.8
    endloop
  endfacet
  facet normal 0.799217 0.601043 0
    outer loop
      vertex 45.7856 28.6605 1.3
      vertex 45.8317 28.5992 1.8
      vertex 45.8317 28.5992 1.3
    endloop
  endfacet
  facet normal 0.64675 0.762702 -0
    outer loop
      vertex 45.7856 28.6605 1.3
      vertex 45.7264 28.7107 1.8
      vertex 45.7856 28.6605 1.8
    endloop
  endfacet
  facet normal 0.64675 0.762702 0
    outer loop
      vertex 45.7264 28.7107 1.8
      vertex 45.7856 28.6605 1.3
      vertex 45.7264 28.7107 1.3
    endloop
  endfacet
  facet normal 0.475187 0.879885 -0
    outer loop
      vertex 45.7264 28.7107 1.3
      vertex 45.654 28.7498 1.8
      vertex 45.7264 28.7107 1.8
    endloop
  endfacet
  facet normal 0.475187 0.879885 0
    outer loop
      vertex 45.654 28.7498 1.8
      vertex 45.7264 28.7107 1.3
      vertex 45.654 28.7498 1.3
    endloop
  endfacet
  facet normal 0.309212 0.950993 -0
    outer loop
      vertex 45.654 28.7498 1.3
      vertex 45.5685 28.7776 1.8
      vertex 45.654 28.7498 1.8
    endloop
  endfacet
  facet normal 0.309212 0.950993 0
    outer loop
      vertex 45.5685 28.7776 1.8
      vertex 45.654 28.7498 1.3
      vertex 45.5685 28.7776 1.3
    endloop
  endfacet
  facet normal 0.167634 0.985849 -0
    outer loop
      vertex 45.5685 28.7776 1.3
      vertex 45.4697 28.7944 1.8
      vertex 45.5685 28.7776 1.8
    endloop
  endfacet
  facet normal 0.167634 0.985849 0
    outer loop
      vertex 45.4697 28.7944 1.8
      vertex 45.5685 28.7776 1.3
      vertex 45.4697 28.7944 1.3
    endloop
  endfacet
  facet normal 0.0491356 0.998792 -0
    outer loop
      vertex 45.4697 28.7944 1.3
      vertex 45.3579 28.7999 1.8
      vertex 45.4697 28.7944 1.8
    endloop
  endfacet
  facet normal 0.0491356 0.998792 0
    outer loop
      vertex 45.3579 28.7999 1.8
      vertex 45.4697 28.7944 1.3
      vertex 45.3579 28.7999 1.3
    endloop
  endfacet
  facet normal 0 1 -0
    outer loop
      vertex 45.3579 28.7999 1.3
      vertex 44.7374 28.7999 1.8
      vertex 45.3579 28.7999 1.8
    endloop
  endfacet
  facet normal 0 1 0
    outer loop
      vertex 44.7374 28.7999 1.8
      vertex 45.3579 28.7999 1.3
      vertex 44.7374 28.7999 1.3
    endloop
  endfacet
  facet normal 0 -1 0
    outer loop
      vertex 51.4366 26.8246 1.3
      vertex 52.0937 26.8246 1.8
      vertex 51.4366 26.8246 1.8
    endloop
  endfacet
  facet normal 0 -1 -0
    outer loop
      vertex 52.0937 26.8246 1.8
      vertex 51.4366 26.8246 1.3
      vertex 52.0937 26.8246 1.3
    endloop
  endfacet
  facet normal -1 0 0
    outer loop
      vertex 52.0937 26.3994 1.3
      vertex 52.0937 26.8246 1.8
      vertex 52.0937 26.8246 1.3
    endloop
  endfacet
  facet normal -1 -0 0
    outer loop
      vertex 52.0937 26.8246 1.8
      vertex 52.0937 26.3994 1.3
      vertex 52.0937 26.3994 1.8
    endloop
  endfacet
  facet normal 0 1 -0
    outer loop
      vertex 52.0937 26.3994 1.3
      vertex 50.1549 26.3994 1.8
      vertex 52.0937 26.3994 1.8
    endloop
  endfacet
  facet normal 0 1 0
    outer loop
      vertex 50.1549 26.3994 1.8
      vertex 52.0937 26.3994 1.3
      vertex 50.1549 26.3994 1.3
    endloop
  endfacet
  facet normal 1 -0 0
    outer loop
      vertex 50.1549 26.3994 1.8
      vertex 50.1549 26.8246 1.3
      vertex 50.1549 26.8246 1.8
    endloop
  endfacet
  facet normal 1 0 0
    outer loop
      vertex 50.1549 26.8246 1.3
      vertex 50.1549 26.3994 1.8
      vertex 50.1549 26.3994 1.3
    endloop
  endfacet
  facet normal 0 -1 0
    outer loop
      vertex 50.1549 26.8246 1.3
      vertex 50.8649 26.8246 1.8
      vertex 50.1549 26.8246 1.8
    endloop
  endfacet
  facet normal 0 -1 -0
    outer loop
      vertex 50.8649 26.8246 1.8
      vertex 50.1549 26.8246 1.3
      vertex 50.8649 26.8246 1.3
    endloop
  endfacet
  facet normal 1 -0 0
    outer loop
      vertex 50.8649 26.8246 1.8
      vertex 50.8649 28.7796 1.3
      vertex 50.8649 28.7796 1.8
    endloop
  endfacet
  facet normal 1 0 0
    outer loop
      vertex 50.8649 28.7796 1.3
      vertex 50.8649 26.8246 1.8
      vertex 50.8649 26.8246 1.3
    endloop
  endfacet
  facet normal -0.5296 0.848248 0
    outer loop
      vertex 50.8649 28.7796 1.3
      vertex 50.1773 28.3503 1.8
      vertex 50.8649 28.7796 1.8
    endloop
  endfacet
  facet normal -0.5296 0.848248 0
    outer loop
      vertex 50.1773 28.3503 1.8
      vertex 50.8649 28.7796 1.3
      vertex 50.1773 28.3503 1.3
    endloop
  endfacet
  facet normal 1 -0 0
    outer loop
      vertex 50.1773 28.3503 1.8
      vertex 50.1773 28.7999 1.3
      vertex 50.1773 28.7999 1.8
    endloop
  endfacet
  facet normal 1 0 0
    outer loop
      vertex 50.1773 28.7999 1.3
      vertex 50.1773 28.3503 1.8
      vertex 50.1773 28.3503 1.3
    endloop
  endfacet
  facet normal 0.544224 -0.83894 0
    outer loop
      vertex 50.1773 28.7999 1.3
      vertex 50.8955 29.2658 1.8
      vertex 50.1773 28.7999 1.8
    endloop
  endfacet
  facet normal 0.544224 -0.83894 0
    outer loop
      vertex 50.8955 29.2658 1.8
      vertex 50.1773 28.7999 1.3
      vertex 50.8955 29.2658 1.3
    endloop
  endfacet
  facet normal 0 -1 0
    outer loop
      vertex 50.8955 29.2658 1.3
      vertex 51.4366 29.2658 1.8
      vertex 50.8955 29.2658 1.8
    endloop
  endfacet
  facet normal 0 -1 -0
    outer loop
      vertex 51.4366 29.2658 1.8
      vertex 50.8955 29.2658 1.3
      vertex 51.4366 29.2658 1.3
    endloop
  endfacet
  facet normal -1 0 0
    outer loop
      vertex 51.4366 26.8246 1.3
      vertex 51.4366 29.2658 1.8
      vertex 51.4366 29.2658 1.3
    endloop
  endfacet
  facet normal -1 -0 0
    outer loop
      vertex 51.4366 29.2658 1.8
      vertex 51.4366 26.8246 1.3
      vertex 51.4366 26.8246 1.8
    endloop
  endfacet
  facet normal -0.959018 -0.283346 0
    outer loop
      vertex 48.6423 27.3434 1.3
      vertex 48.6345 27.3698 1.8
      vertex 48.6345 27.3698 1.3
    endloop
  endfacet
  facet normal -0.959018 -0.283346 0
    outer loop
      vertex 48.6345 27.3698 1.8
      vertex 48.6423 27.3434 1.3
      vertex 48.6423 27.3434 1.8
    endloop
  endfacet
  facet normal -0.959905 -0.280326 0
    outer loop
      vertex 48.6522 27.3095 1.3
      vertex 48.6423 27.3434 1.8
      vertex 48.6423 27.3434 1.3
    endloop
  endfacet
  facet normal -0.959905 -0.280326 0
    outer loop
      vertex 48.6423 27.3434 1.8
      vertex 48.6522 27.3095 1.3
      vertex 48.6522 27.3095 1.8
    endloop
  endfacet
  facet normal -0.961085 -0.276254 0
    outer loop
      vertex 48.6641 27.2681 1.3
      vertex 48.6522 27.3095 1.8
      vertex 48.6522 27.3095 1.3
    endloop
  endfacet
  facet normal -0.961085 -0.276254 0
    outer loop
      vertex 48.6522 27.3095 1.8
      vertex 48.6641 27.2681 1.3
      vertex 48.6641 27.2681 1.8
    endloop
  endfacet
  facet normal -0.961524 -0.274721 0
    outer loop
      vertex 48.6781 27.2191 1.3
      vertex 48.6641 27.2681 1.8
      vertex 48.6641 27.2681 1.3
    endloop
  endfacet
  facet normal -0.961524 -0.274721 0
    outer loop
      vertex 48.6641 27.2681 1.8
      vertex 48.6781 27.2191 1.3
      vertex 48.6781 27.2191 1.8
    endloop
  endfacet
  facet normal -0.961716 -0.274047 0
    outer loop
      vertex 48.6942 27.1626 1.3
      vertex 48.6781 27.2191 1.8
      vertex 48.6781 27.2191 1.3
    endloop
  endfacet
  facet normal -0.961716 -0.274047 0
    outer loop
      vertex 48.6781 27.2191 1.8
      vertex 48.6942 27.1626 1.3
      vertex 48.6942 27.1626 1.8
    endloop
  endfacet
  facet normal -0.962369 -0.271745 0
    outer loop
      vertex 48.7123 27.0985 1.3
      vertex 48.6942 27.1626 1.8
      vertex 48.6942 27.1626 1.3
    endloop
  endfacet
  facet normal -0.962369 -0.271745 0
    outer loop
      vertex 48.6942 27.1626 1.8
      vertex 48.7123 27.0985 1.3
      vertex 48.7123 27.0985 1.8
    endloop
  endfacet
  facet normal -0.962782 -0.270278 0
    outer loop
      vertex 48.7324 27.0269 1.3
      vertex 48.7123 27.0985 1.8
      vertex 48.7123 27.0985 1.3
    endloop
  endfacet
  facet normal -0.962782 -0.270278 0
    outer loop
      vertex 48.7123 27.0985 1.8
      vertex 48.7324 27.0269 1.3
      vertex 48.7324 27.0269 1.8
    endloop
  endfacet
  facet normal -0.962656 -0.270729 0
    outer loop
      vertex 48.779 26.8612 1.3
      vertex 48.7324 27.0269 1.8
      vertex 48.7324 27.0269 1.3
    endloop
  endfacet
  facet normal -0.962656 -0.270729 0
    outer loop
      vertex 48.7324 27.0269 1.8
      vertex 48.779 26.8612 1.3
      vertex 48.779 26.8612 1.8
    endloop
  endfacet
  facet normal 0.970426 -0.241399 0
    outer loop
      vertex 48.779 26.8612 1.8
      vertex 48.784 26.8813 1.3
      vertex 48.784 26.8813 1.8
    endloop
  endfacet
  facet normal 0.970426 -0.241399 0
    outer loop
      vertex 48.784 26.8813 1.3
      vertex 48.779 26.8612 1.8
      vertex 48.779 26.8612 1.3
    endloop
  endfacet
  facet normal 0.967129 -0.254288 0
    outer loop
      vertex 48.784 26.8813 1.8
      vertex 48.7901 26.9045 1.3
      vertex 48.7901 26.9045 1.8
    endloop
  endfacet
  facet normal 0.967129 -0.254288 0
    outer loop
      vertex 48.7901 26.9045 1.3
      vertex 48.784 26.8813 1.8
      vertex 48.784 26.8813 1.3
    endloop
  endfacet
  facet normal 0.964509 -0.264048 0
    outer loop
      vertex 48.7901 26.9045 1.8
      vertex 48.7973 26.9308 1.3
      vertex 48.7973 26.9308 1.8
    endloop
  endfacet
  facet normal 0.964509 -0.264048 0
    outer loop
      vertex 48.7973 26.9308 1.3
      vertex 48.7901 26.9045 1.8
      vertex 48.7901 26.9045 1.3
    endloop
  endfacet
  facet normal 0.963236 -0.268658 0
    outer loop
      vertex 48.7973 26.9308 1.8
      vertex 48.8055 26.9602 1.3
      vertex 48.8055 26.9602 1.8
    endloop
  endfacet
  facet normal 0.963236 -0.268658 0
    outer loop
      vertex 48.8055 26.9602 1.3
      vertex 48.7973 26.9308 1.8
      vertex 48.7973 26.9308 1.3
    endloop
  endfacet
  facet normal 0.96241 -0.2716 0
    outer loop
      vertex 48.8055 26.9602 1.8
      vertex 48.8147 26.9928 1.3
      vertex 48.8147 26.9928 1.8
    endloop
  endfacet
  facet normal 0.96241 -0.2716 0
    outer loop
      vertex 48.8147 26.9928 1.3
      vertex 48.8055 26.9602 1.8
      vertex 48.8055 26.9602 1.3
    endloop
  endfacet
  facet normal 0.96009 -0.27969 0
    outer loop
      vertex 48.8147 26.9928 1.8
      vertex 48.8251 27.0285 1.3
      vertex 48.8251 27.0285 1.8
    endloop
  endfacet
  facet normal 0.96009 -0.27969 0
    outer loop
      vertex 48.8251 27.0285 1.3
      vertex 48.8147 26.9928 1.8
      vertex 48.8147 26.9928 1.3
    endloop
  endfacet
  facet normal 0.959917 -0.280286 0
    outer loop
      vertex 48.8251 27.0285 1.8
      vertex 48.8364 27.0672 1.3
      vertex 48.8364 27.0672 1.8
    endloop
  endfacet
  facet normal 0.959917 -0.280286 0
    outer loop
      vertex 48.8364 27.0672 1.3
      vertex 48.8251 27.0285 1.8
      vertex 48.8251 27.0285 1.3
    endloop
  endfacet
  facet normal 0.958266 -0.285879 0
    outer loop
      vertex 48.8364 27.0672 1.8
      vertex 48.8489 27.1091 1.3
      vertex 48.8489 27.1091 1.8
    endloop
  endfacet
  facet normal 0.958266 -0.285879 0
    outer loop
      vertex 48.8489 27.1091 1.3
      vertex 48.8364 27.0672 1.8
      vertex 48.8364 27.0672 1.3
    endloop
  endfacet
  facet normal 0.957826 -0.287348 0
    outer loop
      vertex 48.8489 27.1091 1.8
      vertex 48.8624 27.1541 1.3
      vertex 48.8624 27.1541 1.8
    endloop
  endfacet
  facet normal 0.957826 -0.287348 0
    outer loop
      vertex 48.8624 27.1541 1.3
      vertex 48.8489 27.1091 1.8
      vertex 48.8489 27.1091 1.3
    endloop
  endfacet
  facet normal 0.955988 -0.293406 0
    outer loop
      vertex 48.8624 27.1541 1.8
      vertex 48.8806 27.2134 1.3
      vertex 48.8806 27.2134 1.8
    endloop
  endfacet
  facet normal 0.955988 -0.293406 0
    outer loop
      vertex 48.8806 27.2134 1.3
      vertex 48.8624 27.1541 1.8
      vertex 48.8624 27.1541 1.3
    endloop
  endfacet
  facet normal 0.953634 -0.30097 0
    outer loop
      vertex 48.8806 27.2134 1.8
      vertex 48.9073 27.298 1.3
      vertex 48.9073 27.298 1.8
    endloop
  endfacet
  facet normal 0.953634 -0.30097 0
    outer loop
      vertex 48.9073 27.298 1.3
      vertex 48.8806 27.2134 1.8
      vertex 48.8806 27.2134 1.3
    endloop
  endfacet
  facet normal 0.952675 -0.30399 0
    outer loop
      vertex 48.9073 27.298 1.8
      vertex 48.9424 27.408 1.3
      vertex 48.9424 27.408 1.8
    endloop
  endfacet
  facet normal 0.952675 -0.30399 0
    outer loop
      vertex 48.9424 27.408 1.3
      vertex 48.9073 27.298 1.8
      vertex 48.9073 27.298 1.3
    endloop
  endfacet
  facet normal 0.952007 -0.306078 0
    outer loop
      vertex 48.9424 27.408 1.8
      vertex 48.9859 27.5433 1.3
      vertex 48.9859 27.5433 1.8
    endloop
  endfacet
  facet normal 0.952007 -0.306078 0
    outer loop
      vertex 48.9859 27.5433 1.3
      vertex 48.9424 27.408 1.8
      vertex 48.9424 27.408 1.3
    endloop
  endfacet
  facet normal 0.951429 -0.307868 0
    outer loop
      vertex 48.9859 27.5433 1.8
      vertex 49.0379 27.704 1.3
      vertex 49.0379 27.704 1.8
    endloop
  endfacet
  facet normal 0.951429 -0.307868 0
    outer loop
      vertex 49.0379 27.704 1.3
      vertex 48.9859 27.5433 1.8
      vertex 48.9859 27.5433 1.3
    endloop
  endfacet
  facet normal 0.951008 -0.309167 0
    outer loop
      vertex 49.0379 27.704 1.8
      vertex 49.0984 27.8901 1.3
      vertex 49.0984 27.8901 1.8
    endloop
  endfacet
  facet normal 0.951008 -0.309167 0
    outer loop
      vertex 49.0984 27.8901 1.3
      vertex 49.0379 27.704 1.8
      vertex 49.0379 27.704 1.3
    endloop
  endfacet
  facet normal 0.950951 -0.30934 0
    outer loop
      vertex 49.0984 27.8901 1.8
      vertex 49.1672 28.1016 1.3
      vertex 49.1672 28.1016 1.8
    endloop
  endfacet
  facet normal 0.950951 -0.30934 0
    outer loop
      vertex 49.1672 28.1016 1.3
      vertex 49.0984 27.8901 1.8
      vertex 49.0984 27.8901 1.3
    endloop
  endfacet
  facet normal 0.950632 -0.31032 0
    outer loop
      vertex 49.1672 28.1016 1.8
      vertex 49.2445 28.3384 1.3
      vertex 49.2445 28.3384 1.8
    endloop
  endfacet
  facet normal 0.950632 -0.31032 0
    outer loop
      vertex 49.2445 28.3384 1.3
      vertex 49.1672 28.1016 1.8
      vertex 49.1672 28.1016 1.3
    endloop
  endfacet
  facet normal 0.950409 -0.311003 0
    outer loop
      vertex 49.2445 28.3384 1.8
      vertex 49.3303 28.6006 1.3
      vertex 49.3303 28.6006 1.8
    endloop
  endfacet
  facet normal 0.950409 -0.311003 0
    outer loop
      vertex 49.3303 28.6006 1.3
      vertex 49.2445 28.3384 1.8
      vertex 49.2445 28.3384 1.3
    endloop
  endfacet
  facet normal 0 -1 0
    outer loop
      vertex 49.3303 28.6006 1.3
      vertex 49.9284 28.6006 1.8
      vertex 49.3303 28.6006 1.8
    endloop
  endfacet
  facet normal 0 -1 -0
    outer loop
      vertex 49.9284 28.6006 1.8
      vertex 49.3303 28.6006 1.3
      vertex 49.9284 28.6006 1.3
    endloop
  endfacet
  facet normal -0.938242 0.34598 0
    outer loop
      vertex 49.1167 26.3994 1.3
      vertex 49.9284 28.6006 1.8
      vertex 49.9284 28.6006 1.3
    endloop
  endfacet
  facet normal -0.938242 0.34598 0
    outer loop
      vertex 49.9284 28.6006 1.8
      vertex 49.1167 26.3994 1.3
      vertex 49.1167 26.3994 1.8
    endloop
  endfacet
  facet normal 0 1 -0
    outer loop
      vertex 49.1167 26.3994 1.3
      vertex 48.4331 26.3994 1.8
      vertex 49.1167 26.3994 1.8
    endloop
  endfacet
  facet normal 0 1 0
    outer loop
      vertex 48.4331 26.3994 1.8
      vertex 49.1167 26.3994 1.3
      vertex 48.4331 26.3994 1.3
    endloop
  endfacet
  facet normal 0.941585 0.336775 0
    outer loop
      vertex 48.4331 26.3994 1.8
      vertex 47.6458 28.6006 1.3
      vertex 47.6458 28.6006 1.8
    endloop
  endfacet
  facet normal 0.941585 0.336775 0
    outer loop
      vertex 47.6458 28.6006 1.3
      vertex 48.4331 26.3994 1.8
      vertex 48.4331 26.3994 1.3
    endloop
  endfacet
  facet normal 0 -1 0
    outer loop
      vertex 47.6458 28.6006 1.3
      vertex 48.25 28.6006 1.8
      vertex 47.6458 28.6006 1.8
    endloop
  endfacet
  facet normal 0 -1 -0
    outer loop
      vertex 48.25 28.6006 1.8
      vertex 47.6458 28.6006 1.3
      vertex 48.25 28.6006 1.3
    endloop
  endfacet
  facet normal -0.954508 -0.298187 0
    outer loop
      vertex 48.6345 27.3698 1.3
      vertex 48.25 28.6006 1.8
      vertex 48.25 28.6006 1.3
    endloop
  endfacet
  facet normal -0.954508 -0.298187 0
    outer loop
      vertex 48.25 28.6006 1.8
      vertex 48.6345 27.3698 1.3
      vertex 48.6345 27.3698 1.8
    endloop
  endfacet
  facet normal 0 -1 0
    outer loop
      vertex -2.4 23.41 11.8
      vertex -0.4 23.41 1.8
      vertex -0.4 23.41 11.8
    endloop
  endfacet
  facet normal 0 -1 0
    outer loop
      vertex -1.4099 23.41 7.62939e-07
      vertex -0.4 23.41 1.8
      vertex -2.4 23.41 1
    endloop
  endfacet
  facet normal 0 -1 0
    outer loop
      vertex -2.4 23.41 1
      vertex -0.4 23.41 1.8
      vertex -2.4 23.41 11.8
    endloop
  endfacet
  facet normal 0 -1 0
    outer loop
      vertex 65.4 23.41 1.8
      vertex 67.4 23.41 11.8
      vertex 65.4 23.41 11.8
    endloop
  endfacet
  facet normal 0 -1 0
    outer loop
      vertex 65.4 23.41 1.8
      vertex 67.4 23.41 1
      vertex 67.4 23.41 11.8
    endloop
  endfacet
  facet normal 0 -1 0
    outer loop
      vertex -0.4 23.41 1.8
      vertex 5.97343 23.41 0.6
      vertex 65.4 23.41 1.8
    endloop
  endfacet
  facet normal 0 -1 0
    outer loop
      vertex -0.4 23.41 1.8
      vertex 4.90165 23.41 0.6
      vertex 5.97343 23.41 0.6
    endloop
  endfacet
  facet normal 0 -1 0
    outer loop
      vertex 4.90165 23.41 7.62939e-07
      vertex -0.4 23.41 1.8
      vertex -1.4099 23.41 7.62939e-07
    endloop
  endfacet
  facet normal 0 -1 0
    outer loop
      vertex -0.4 23.41 1.8
      vertex 4.90165 23.41 7.62939e-07
      vertex 4.90165 23.41 0.6
    endloop
  endfacet
  facet normal 0 -1 0
    outer loop
      vertex 5.97343 23.41 7.62939e-07
      vertex 59.0266 23.41 0.6
      vertex 5.97343 23.41 0.6
    endloop
  endfacet
  facet normal 0 -1 -0
    outer loop
      vertex 59.0266 23.41 0.6
      vertex 5.97343 23.41 7.62939e-07
      vertex 59.0266 23.41 7.62939e-07
    endloop
  endfacet
  facet normal 0 -1 0
    outer loop
      vertex 59.0266 23.41 0.6
      vertex 65.4 23.41 1.8
      vertex 5.97343 23.41 0.6
    endloop
  endfacet
  facet normal 0 -1 0
    outer loop
      vertex 60.0984 23.41 0.6
      vertex 65.4 23.41 1.8
      vertex 59.0266 23.41 0.6
    endloop
  endfacet
  facet normal 0 -1 0
    outer loop
      vertex 60.0984 23.41 7.62939e-07
      vertex 65.4 23.41 1.8
      vertex 60.0984 23.41 0.6
    endloop
  endfacet
  facet normal 0 -1 -0
    outer loop
      vertex 65.4 23.41 1.8
      vertex 60.0984 23.41 7.62939e-07
      vertex 66.4099 23.41 7.62939e-07
    endloop
  endfacet
  facet normal 0 -1 0
    outer loop
      vertex 65.4 23.41 1.8
      vertex 66.4099 23.41 7.62939e-07
      vertex 67.4 23.41 1
    endloop
  endfacet
endsolid OpenSCAD_Model
