solid OpenSCAD_Model
  facet normal -0.989176 0.146733 0
    outer loop
      vertex -2.38074 28.7921 2
      vertex -2.32314 29.1804 15.8
      vertex -2.32314 29.1804 2
    endloop
  endfacet
  facet normal -0.989176 0.146733 0
    outer loop
      vertex -2.32314 29.1804 15.8
      vertex -2.38074 28.7921 2
      vertex -2.38074 28.7921 15.8
    endloop
  endfacet
  facet normal -0.998796 -0.0490647 0
    outer loop
      vertex -2.38074 1.20793 1
      vertex -2.4 1.6 15.8
      vertex -2.4 1.6 1
    endloop
  endfacet
  facet normal -0.998796 -0.0490647 0
    outer loop
      vertex -2.4 1.6 15.8
      vertex -2.38074 1.20793 1
      vertex -2.38074 1.20793 15.8
    endloop
  endfacet
  facet normal 0 -1 0
    outer loop
      vertex 1.6 -2.4 1
      vertex 63.4 -2.4 15.8
      vertex 1.6 -2.4 15.8
    endloop
  endfacet
  facet normal 0 -1 -0
    outer loop
      vertex 63.4 -2.4 15.8
      vertex 1.6 -2.4 1
      vertex 63.4 -2.4 1
    endloop
  endfacet
  facet normal 0.803137 0.595794 0
    outer loop
      vertex 66.7259 30.6223 15.8
      vertex 66.492 30.9376 1
      vertex 66.492 30.9376 15.8
    endloop
  endfacet
  facet normal 0.803137 0.595794 0
    outer loop
      vertex 66.492 30.9376 1
      vertex 66.7259 30.6223 15.8
      vertex 66.7259 30.6223 1
    endloop
  endfacet
  facet normal -0.857736 -0.51409 0
    outer loop
      vertex -1.72588 -0.62228 1
      vertex -1.92768 -0.285586 15.8
      vertex -1.92768 -0.285586 1
    endloop
  endfacet
  facet normal -0.857736 -0.51409 0
    outer loop
      vertex -1.92768 -0.285586 15.8
      vertex -1.72588 -0.62228 1
      vertex -1.72588 -0.62228 15.8
    endloop
  endfacet
  facet normal -0.427488 0.904021 0
    outer loop
      vertex 0.0692654 32.0955 1
      vertex -0.285586 31.9277 15.8
      vertex 0.0692654 32.0955 15.8
    endloop
  endfacet
  facet normal -0.427488 0.904021 0
    outer loop
      vertex -0.285586 31.9277 15.8
      vertex 0.0692654 32.0955 1
      vertex -0.285586 31.9277 1
    endloop
  endfacet
  facet normal -0.80321 0.595695 0
    outer loop
      vertex -1.72588 30.6223 1
      vertex -1.49204 30.9376 15.8
      vertex -1.49204 30.9376 1
    endloop
  endfacet
  facet normal -0.80321 0.595695 0
    outer loop
      vertex -1.49204 30.9376 15.8
      vertex -1.72588 30.6223 1
      vertex -1.72588 30.6223 15.8
    endloop
  endfacet
  facet normal -0.146736 0.989176 0
    outer loop
      vertex 1.20793 32.3807 1
      vertex 0.819638 32.3231 15.8
      vertex 1.20793 32.3807 15.8
    endloop
  endfacet
  facet normal -0.146736 0.989176 0
    outer loop
      vertex 0.819638 32.3231 15.8
      vertex 1.20793 32.3807 1
      vertex 0.819638 32.3231 1
    endloop
  endfacet
  facet normal 0.146733 0.989176 -0
    outer loop
      vertex 64.1804 32.3231 1
      vertex 63.7921 32.3807 15.8
      vertex 64.1804 32.3231 15.8
    endloop
  endfacet
  facet normal 0.146733 0.989176 0
    outer loop
      vertex 63.7921 32.3807 15.8
      vertex 64.1804 32.3231 1
      vertex 63.7921 32.3807 1
    endloop
  endfacet
  facet normal 0.998791 0.0491626 0
    outer loop
      vertex 67.4 28.4 15.8
      vertex 67.3807 28.7921 2
      vertex 67.3807 28.7921 15.8
    endloop
  endfacet
  facet normal 0.998791 0.0491626 0
    outer loop
      vertex 67.3807 28.7921 2
      vertex 67.4 28.4 15.8
      vertex 67.4 28.4 2
    endloop
  endfacet
  facet normal 0.243027 -0.970019 0
    outer loop
      vertex 64.1804 -2.32314 1
      vertex 64.5611 -2.22776 15.8
      vertex 64.1804 -2.32314 15.8
    endloop
  endfacet
  facet normal 0.243027 -0.970019 0
    outer loop
      vertex 64.5611 -2.22776 15.8
      vertex 64.1804 -2.32314 1
      vertex 64.5611 -2.22776 1
    endloop
  endfacet
  facet normal 0.671607 0.740908 -0
    outer loop
      vertex 66.2284 31.2284 1
      vertex 65.9376 31.492 15.8
      vertex 66.2284 31.2284 15.8
    endloop
  endfacet
  facet normal 0.671607 0.740908 0
    outer loop
      vertex 65.9376 31.492 15.8
      vertex 66.2284 31.2284 1
      vertex 65.9376 31.492 1
    endloop
  endfacet
  facet normal 0 1 0
    outer loop
      vertex 63.4 32.4 15.8
      vertex 60.15 32.4 10.35
      vertex 60.15 32.4 15.8
    endloop
  endfacet
  facet normal 0 1 0
    outer loop
      vertex 63.4 32.4 1
      vertex 47.05 32.4 10.35
      vertex 60.15 32.4 10.35
    endloop
  endfacet
  facet normal 0 1 0
    outer loop
      vertex 47.05 32.4 10.35
      vertex 63.4 32.4 1
      vertex 45.65 32.4 10.35
    endloop
  endfacet
  facet normal 0 1 0
    outer loop
      vertex 45.65 32.4 10.35
      vertex 63.4 32.4 1
      vertex 32.55 32.4 10.35
    endloop
  endfacet
  facet normal 0 1 -0
    outer loop
      vertex 63.4 32.4 1
      vertex 60.15 32.4 10.35
      vertex 63.4 32.4 15.8
    endloop
  endfacet
  facet normal 0 1 -0
    outer loop
      vertex 47.05 32.4 10.35
      vertex 45.65 32.4 15.8
      vertex 47.05 32.4 15.8
    endloop
  endfacet
  facet normal 0 1 0
    outer loop
      vertex 45.65 32.4 15.8
      vertex 47.05 32.4 10.35
      vertex 45.65 32.4 10.35
    endloop
  endfacet
  facet normal 0 1 0
    outer loop
      vertex 32.55 32.4 15.8
      vertex 20.4 32.4 10.5
      vertex 20.4 32.4 15.8
    endloop
  endfacet
  facet normal 0 1 0
    outer loop
      vertex 1.6 32.4 1
      vertex 20.4 32.4 10.5
      vertex 32.55 32.4 10.35
    endloop
  endfacet
  facet normal 0 1 -0
    outer loop
      vertex 32.55 32.4 10.35
      vertex 20.4 32.4 10.5
      vertex 32.55 32.4 15.8
    endloop
  endfacet
  facet normal 0 1 -0
    outer loop
      vertex 4.3 32.4 10.5
      vertex 1.6 32.4 15.8
      vertex 4.3 32.4 15.8
    endloop
  endfacet
  facet normal 0 1 0
    outer loop
      vertex 1.6 32.4 1
      vertex 32.55 32.4 10.35
      vertex 63.4 32.4 1
    endloop
  endfacet
  facet normal 0 1 0
    outer loop
      vertex 4.3 32.4 10.5
      vertex 1.6 32.4 1
      vertex 1.6 32.4 15.8
    endloop
  endfacet
  facet normal 0 1 0
    outer loop
      vertex 20.4 32.4 10.5
      vertex 1.6 32.4 1
      vertex 4.3 32.4 10.5
    endloop
  endfacet
  facet normal -1 0 0
    outer loop
      vertex -2.4 2.9 1
      vertex -2.4 1.6 1
      vertex -2.4 2.9 2
    endloop
  endfacet
  facet normal -1 0 0
    outer loop
      vertex -2.4 28.4 2
      vertex -2.4 20.2 13.3
      vertex -2.4 28.4 15.8
    endloop
  endfacet
  facet normal -1 0 0
    outer loop
      vertex -2.4 17.6701 11.6311
      vertex -2.4 20.2 13.3
      vertex -2.4 28.4 2
    endloop
  endfacet
  facet normal -1 -0 0
    outer loop
      vertex -2.4 20.2 13.3
      vertex -2.4 18.7086 13.2246
      vertex -2.4 18.7436 13.3
    endloop
  endfacet
  facet normal -1 0 0
    outer loop
      vertex -2.4 20.2 13.3
      vertex -2.4 18.4045 12.5702
      vertex -2.4 18.7086 13.2246
    endloop
  endfacet
  facet normal -1 0 0
    outer loop
      vertex -2.4 20.2 13.3
      vertex -2.4 17.9951 11.9924
      vertex -2.4 18.4045 12.5702
    endloop
  endfacet
  facet normal -1 0 0
    outer loop
      vertex -2.4 20.2 13.3
      vertex -2.4 17.6701 11.6311
      vertex -2.4 17.9951 11.9924
    endloop
  endfacet
  facet normal -1 0 0
    outer loop
      vertex -2.4 28.4 2
      vertex -2.4 17.0195 11.1013
      vertex -2.4 17.6701 11.6311
    endloop
  endfacet
  facet normal -1 0 0
    outer loop
      vertex -2.4 28.4 2
      vertex -2.4 16.7728 10.9564
      vertex -2.4 17.0195 11.1013
    endloop
  endfacet
  facet normal -1 0 0
    outer loop
      vertex -2.4 28.4 2
      vertex -2.4 16.3779 10.7245
      vertex -2.4 16.7728 10.9564
    endloop
  endfacet
  facet normal -1 0 0
    outer loop
      vertex -2.4 28.4 2
      vertex -2.4 16.1004 10.5982
      vertex -2.4 16.3779 10.7245
    endloop
  endfacet
  facet normal -1 0 0
    outer loop
      vertex -2.4 28.4 2
      vertex -2.4 15.5008 10.4334
      vertex -2.4 16.1004 10.5982
    endloop
  endfacet
  facet normal -1 0 0
    outer loop
      vertex -2.4 28.4 2
      vertex -2.4 15.2167 10.3553
      vertex -2.4 15.5008 10.4334
    endloop
  endfacet
  facet normal -1 0 0
    outer loop
      vertex -2.4 28.4 2
      vertex -2.4 14.8209 10.3189
      vertex -2.4 15.2167 10.3553
    endloop
  endfacet
  facet normal -1 0 0
    outer loop
      vertex -2.4 28.4 2
      vertex -2.4 14.35 10.2756
      vertex -2.4 14.8209 10.3189
    endloop
  endfacet
  facet normal -1 0 0
    outer loop
      vertex -2.4 2.9 2
      vertex -2.4 14.35 10.2756
      vertex -2.4 28.4 2
    endloop
  endfacet
  facet normal -1 -0 0
    outer loop
      vertex -2.4 14.35 10.2756
      vertex -2.4 2.9 2
      vertex -2.4 13.8791 10.3189
    endloop
  endfacet
  facet normal -1 -0 0
    outer loop
      vertex -2.4 13.8791 10.3189
      vertex -2.4 2.9 2
      vertex -2.4 13.4833 10.3553
    endloop
  endfacet
  facet normal -1 -0 0
    outer loop
      vertex -2.4 13.4833 10.3553
      vertex -2.4 2.9 2
      vertex -2.4 13.1992 10.4334
    endloop
  endfacet
  facet normal -1 -0 0
    outer loop
      vertex -2.4 13.1992 10.4334
      vertex -2.4 2.9 2
      vertex -2.4 12.5996 10.5982
    endloop
  endfacet
  facet normal -1 0 0
    outer loop
      vertex -2.4 8.5 13.3
      vertex -2.4 9.99143 13.2246
      vertex -2.4 10.2955 12.5702
    endloop
  endfacet
  facet normal -1 0 0
    outer loop
      vertex -2.4 9.99143 13.2246
      vertex -2.4 8.5 13.3
      vertex -2.4 9.95638 13.3
    endloop
  endfacet
  facet normal -1 0 0
    outer loop
      vertex -2.4 10.7049 11.9924
      vertex -2.4 8.5 13.3
      vertex -2.4 10.2955 12.5702
    endloop
  endfacet
  facet normal -1 0 0
    outer loop
      vertex -2.4 11.0299 11.6311
      vertex -2.4 8.5 13.3
      vertex -2.4 10.7049 11.9924
    endloop
  endfacet
  facet normal -1 0 0
    outer loop
      vertex -2.4 2.9 2
      vertex -2.4 11.0299 11.6311
      vertex -2.4 11.6805 11.1013
    endloop
  endfacet
  facet normal -1 -0 0
    outer loop
      vertex -2.4 12.5996 10.5982
      vertex -2.4 2.9 2
      vertex -2.4 12.3221 10.7245
    endloop
  endfacet
  facet normal -1 0 0
    outer loop
      vertex -2.4 2.9 2
      vertex -2.4 11.9272 10.9564
      vertex -2.4 12.3221 10.7245
    endloop
  endfacet
  facet normal -1 0 0
    outer loop
      vertex -2.4 2.9 2
      vertex -2.4 11.6805 11.1013
      vertex -2.4 11.9272 10.9564
    endloop
  endfacet
  facet normal -1 -0 0
    outer loop
      vertex -2.4 11.0299 11.6311
      vertex -2.4 2.9 2
      vertex -2.4 8.5 13.3
    endloop
  endfacet
  facet normal -1 0 0
    outer loop
      vertex -2.4 1.6 15.8
      vertex -2.4 8.5 13.3
      vertex -2.4 2.9 2
    endloop
  endfacet
  facet normal -1 0 0
    outer loop
      vertex -2.4 1.6 15.8
      vertex -2.4 2.9 2
      vertex -2.4 1.6 1
    endloop
  endfacet
  facet normal -1 0 0
    outer loop
      vertex -2.4 8.5 13.3
      vertex -2.4 1.6 15.8
      vertex -2.4 8.5 15.8
    endloop
  endfacet
  facet normal -1 -0 0
    outer loop
      vertex -2.4 28.4 15.8
      vertex -2.4 20.2 13.3
      vertex -2.4 20.2 15.8
    endloop
  endfacet
  facet normal -0.146736 -0.989176 0
    outer loop
      vertex 0.819638 -2.32314 1
      vertex 1.20793 -2.38074 15.8
      vertex 0.819638 -2.32314 15.8
    endloop
  endfacet
  facet normal -0.146736 -0.989176 -0
    outer loop
      vertex 1.20793 -2.38074 15.8
      vertex 0.819638 -2.32314 1
      vertex 1.20793 -2.38074 1
    endloop
  endfacet
  facet normal 0.427523 -0.904004 0
    outer loop
      vertex 64.9307 -2.09552 1
      vertex 65.2856 -1.92768 15.8
      vertex 64.9307 -2.09552 15.8
    endloop
  endfacet
  facet normal 0.427523 -0.904004 0
    outer loop
      vertex 65.2856 -1.92768 15.8
      vertex 64.9307 -2.09552 1
      vertex 65.2856 -1.92768 1
    endloop
  endfacet
  facet normal -0.998796 0.049061 0
    outer loop
      vertex -2.4 28.4 2
      vertex -2.38074 28.7921 15.8
      vertex -2.38074 28.7921 2
    endloop
  endfacet
  facet normal -0.998796 0.049061 0
    outer loop
      vertex -2.38074 28.7921 15.8
      vertex -2.4 28.4 2
      vertex -2.4 28.4 15.8
    endloop
  endfacet
  facet normal 0.049061 -0.998796 0
    outer loop
      vertex 63.4 -2.4 1
      vertex 63.7921 -2.38074 15.8
      vertex 63.4 -2.4 15.8
    endloop
  endfacet
  facet normal 0.049061 -0.998796 0
    outer loop
      vertex 63.7921 -2.38074 15.8
      vertex 63.4 -2.4 1
      vertex 63.7921 -2.38074 1
    endloop
  endfacet
  facet normal -0.904004 0.427523 0
    outer loop
      vertex -2.09552 29.9307 1
      vertex -1.92768 30.2856 15.8
      vertex -1.92768 30.2856 1
    endloop
  endfacet
  facet normal -0.904004 0.427523 0
    outer loop
      vertex -1.92768 30.2856 15.8
      vertex -2.09552 29.9307 1
      vertex -2.09552 29.9307 15.8
    endloop
  endfacet
  facet normal 0.42744 0.904044 -0
    outer loop
      vertex 65.2856 31.9277 1
      vertex 64.9307 32.0955 15.8
      vertex 65.2856 31.9277 15.8
    endloop
  endfacet
  facet normal 0.42744 0.904044 0
    outer loop
      vertex 64.9307 32.0955 15.8
      vertex 65.2856 31.9277 1
      vertex 64.9307 32.0955 1
    endloop
  endfacet
  facet normal 1 -0 0
    outer loop
      vertex 67.4 1.6 15.8
      vertex 67.4 6.4 9.8
      vertex 67.4 6.4 15.8
    endloop
  endfacet
  facet normal 1 0 0
    outer loop
      vertex 67.4 6.4 9.8
      vertex 67.4 1.6 15.8
      vertex 67.4 2.9 2
    endloop
  endfacet
  facet normal 1 0 0
    outer loop
      vertex 67.4 1.6 1
      vertex 67.4 2.9 2
      vertex 67.4 1.6 15.8
    endloop
  endfacet
  facet normal 1 0 0
    outer loop
      vertex 67.4 2.9 2
      vertex 67.4 1.6 1
      vertex 67.4 2.9 1
    endloop
  endfacet
  facet normal 1 0 0
    outer loop
      vertex 67.4 14.6 9.8
      vertex 67.4 28.4 15.8
      vertex 67.4 14.6 15.8
    endloop
  endfacet
  facet normal 1 0 0
    outer loop
      vertex 67.4 28.4 15.8
      vertex 67.4 14.6 9.8
      vertex 67.4 28.4 2
    endloop
  endfacet
  facet normal 1 0 0
    outer loop
      vertex 67.4 2.9 2
      vertex 67.4 14.6 9.8
      vertex 67.4 6.4 9.8
    endloop
  endfacet
  facet normal 1 0 0
    outer loop
      vertex 67.4 14.6 9.8
      vertex 67.4 2.9 2
      vertex 67.4 28.4 2
    endloop
  endfacet
  facet normal -0.242789 0.970079 0
    outer loop
      vertex 0.819638 32.3231 1
      vertex 0.438861 32.2278 15.8
      vertex 0.819638 32.3231 15.8
    endloop
  endfacet
  facet normal -0.242789 0.970079 0
    outer loop
      vertex 0.438861 32.2278 15.8
      vertex 0.819638 32.3231 1
      vertex 0.438861 32.2278 1
    endloop
  endfacet
  facet normal -0.941547 -0.336882 0
    outer loop
      vertex -2.09552 0.0692663 1
      vertex -2.22776 0.438862 15.8
      vertex -2.22776 0.438862 1
    endloop
  endfacet
  facet normal -0.941547 -0.336882 0
    outer loop
      vertex -2.22776 0.438862 15.8
      vertex -2.09552 0.0692663 1
      vertex -2.09552 0.0692663 15.8
    endloop
  endfacet
  facet normal 0.970068 0.242835 0
    outer loop
      vertex 67.3231 29.1804 15.8
      vertex 67.2278 29.5611 2
      vertex 67.2278 29.5611 15.8
    endloop
  endfacet
  facet normal 0.970068 0.242835 0
    outer loop
      vertex 67.2278 29.5611 2
      vertex 67.3231 29.1804 15.8
      vertex 67.3231 29.1804 2
    endloop
  endfacet
  facet normal 0.514084 -0.85774 0
    outer loop
      vertex 65.2856 -1.92768 1
      vertex 65.6223 -1.72588 15.8
      vertex 65.2856 -1.92768 15.8
    endloop
  endfacet
  facet normal 0.514084 -0.85774 0
    outer loop
      vertex 65.6223 -1.72588 15.8
      vertex 65.2856 -1.92768 1
      vertex 65.6223 -1.72588 1
    endloop
  endfacet
  facet normal -0.51409 -0.857736 0
    outer loop
      vertex -0.62228 -1.72588 1
      vertex -0.285586 -1.92768 15.8
      vertex -0.62228 -1.72588 15.8
    endloop
  endfacet
  facet normal -0.51409 -0.857736 -0
    outer loop
      vertex -0.285586 -1.92768 15.8
      vertex -0.62228 -1.72588 1
      vertex -0.285586 -1.92768 1
    endloop
  endfacet
  facet normal 0.671621 -0.740895 0
    outer loop
      vertex 65.9376 -1.49204 1
      vertex 66.2284 -1.22843 15.8
      vertex 65.9376 -1.49204 15.8
    endloop
  endfacet
  facet normal 0.671621 -0.740895 0
    outer loop
      vertex 66.2284 -1.22843 15.8
      vertex 65.9376 -1.49204 1
      vertex 66.2284 -1.22843 1
    endloop
  endfacet
  facet normal 0.336879 -0.941548 0
    outer loop
      vertex 64.5611 -2.22776 1
      vertex 64.9307 -2.09552 15.8
      vertex 64.5611 -2.22776 15.8
    endloop
  endfacet
  facet normal 0.336879 -0.941548 0
    outer loop
      vertex 64.9307 -2.09552 15.8
      vertex 64.5611 -2.22776 1
      vertex 64.9307 -2.09552 1
    endloop
  endfacet
  facet normal -0.941492 0.337036 0
    outer loop
      vertex -2.10651 29.9 2
      vertex -2.09552 29.9307 1
      vertex -2.10651 29.9 1
    endloop
  endfacet
  facet normal -0.941492 0.337036 0
    outer loop
      vertex -2.09552 29.9307 1
      vertex -2.10651 29.9 2
      vertex -2.09552 29.9307 15.8
    endloop
  endfacet
  facet normal -0.941553 0.336864 4.30027e-07
    outer loop
      vertex -2.22776 29.5611 2
      vertex -2.09552 29.9307 15.8
      vertex -2.10651 29.9 2
    endloop
  endfacet
  facet normal -0.941548 0.336879 0
    outer loop
      vertex -2.09552 29.9307 15.8
      vertex -2.22776 29.5611 2
      vertex -2.22776 29.5611 15.8
    endloop
  endfacet
  facet normal 0.989176 -0.146737 0
    outer loop
      vertex 67.3231 0.819639 15.8
      vertex 67.3807 1.20793 1
      vertex 67.3807 1.20793 15.8
    endloop
  endfacet
  facet normal 0.989176 -0.146737 0
    outer loop
      vertex 67.3807 1.20793 1
      vertex 67.3231 0.819639 15.8
      vertex 67.3231 0.819639 1
    endloop
  endfacet
  facet normal 0.0491626 0.998791 -0
    outer loop
      vertex 63.7921 32.3807 1
      vertex 63.4 32.4 15.8
      vertex 63.7921 32.3807 15.8
    endloop
  endfacet
  facet normal 0.0491626 0.998791 0
    outer loop
      vertex 63.4 32.4 15.8
      vertex 63.7921 32.3807 1
      vertex 63.4 32.4 1
    endloop
  endfacet
  facet normal -0.970019 0.243027 0
    outer loop
      vertex -2.32314 29.1804 2
      vertex -2.22776 29.5611 15.8
      vertex -2.22776 29.5611 2
    endloop
  endfacet
  facet normal -0.970019 0.243027 0
    outer loop
      vertex -2.22776 29.5611 15.8
      vertex -2.32314 29.1804 2
      vertex -2.32314 29.1804 15.8
    endloop
  endfacet
  facet normal 0.941498 -0.337018 0
    outer loop
      vertex 67.0955 0.0692663 15.8
      vertex 67.2278 0.438862 1
      vertex 67.2278 0.438862 15.8
    endloop
  endfacet
  facet normal 0.941498 -0.337018 0
    outer loop
      vertex 67.2278 0.438862 1
      vertex 67.0955 0.0692663 15.8
      vertex 67.0955 0.0692663 1
    endloop
  endfacet
  facet normal -0.740895 0.671621 0
    outer loop
      vertex -1.49204 30.9376 1
      vertex -1.22843 31.2284 15.8
      vertex -1.22843 31.2284 1
    endloop
  endfacet
  facet normal -0.740895 0.671621 0
    outer loop
      vertex -1.22843 31.2284 15.8
      vertex -1.49204 30.9376 1
      vertex -1.49204 30.9376 15.8
    endloop
  endfacet
  facet normal 0.337014 0.9415 -0
    outer loop
      vertex 64.9307 32.0955 1
      vertex 64.5611 32.2278 15.8
      vertex 64.9307 32.0955 15.8
    endloop
  endfacet
  facet normal 0.337014 0.9415 0
    outer loop
      vertex 64.5611 32.2278 15.8
      vertex 64.9307 32.0955 1
      vertex 64.5611 32.2278 1
    endloop
  endfacet
  facet normal 0.242835 0.970068 -0
    outer loop
      vertex 64.5611 32.2278 1
      vertex 64.1804 32.3231 15.8
      vertex 64.5611 32.2278 15.8
    endloop
  endfacet
  facet normal 0.242835 0.970068 0
    outer loop
      vertex 64.1804 32.3231 15.8
      vertex 64.5611 32.2278 1
      vertex 64.1804 32.3231 1
    endloop
  endfacet
  facet normal -0.242981 -0.970031 0
    outer loop
      vertex 0.438861 -2.22776 1
      vertex 0.819638 -2.32314 15.8
      vertex 0.438861 -2.22776 15.8
    endloop
  endfacet
  facet normal -0.242981 -0.970031 -0
    outer loop
      vertex 0.819638 -2.32314 15.8
      vertex 0.438861 -2.22776 1
      vertex 0.819638 -2.32314 1
    endloop
  endfacet
  facet normal 0.595794 0.803137 -0
    outer loop
      vertex 65.9376 31.492 1
      vertex 65.6223 31.7259 15.8
      vertex 65.9376 31.492 15.8
    endloop
  endfacet
  facet normal 0.595794 0.803137 0
    outer loop
      vertex 65.6223 31.7259 15.8
      vertex 65.9376 31.492 1
      vertex 65.6223 31.7259 1
    endloop
  endfacet
  facet normal -0.595804 0.80313 0
    outer loop
      vertex -0.62228 31.7259 1
      vertex -0.937572 31.492 15.8
      vertex -0.62228 31.7259 15.8
    endloop
  endfacet
  facet normal -0.595804 0.80313 0
    outer loop
      vertex -0.937572 31.492 15.8
      vertex -0.62228 31.7259 1
      vertex -0.937572 31.492 1
    endloop
  endfacet
  facet normal -0.337018 0.941498 0
    outer loop
      vertex 0.438861 32.2278 1
      vertex 0.0692654 32.0955 15.8
      vertex 0.438861 32.2278 15.8
    endloop
  endfacet
  facet normal -0.337018 0.941498 0
    outer loop
      vertex 0.0692654 32.0955 15.8
      vertex 0.438861 32.2278 1
      vertex 0.0692654 32.0955 1
    endloop
  endfacet
  facet normal 0.80313 -0.595804 0
    outer loop
      vertex 66.492 -0.937572 15.8
      vertex 66.7259 -0.62228 1
      vertex 66.7259 -0.62228 15.8
    endloop
  endfacet
  facet normal 0.80313 -0.595804 0
    outer loop
      vertex 66.7259 -0.62228 1
      vertex 66.492 -0.937572 15.8
      vertex 66.492 -0.937572 1
    endloop
  endfacet
  facet normal -0.989176 -0.146737 0
    outer loop
      vertex -2.32314 0.819639 1
      vertex -2.38074 1.20793 15.8
      vertex -2.38074 1.20793 1
    endloop
  endfacet
  facet normal -0.989176 -0.146737 0
    outer loop
      vertex -2.38074 1.20793 15.8
      vertex -2.32314 0.819639 1
      vertex -2.32314 0.819639 15.8
    endloop
  endfacet
  facet normal 0.85774 0.514084 0
    outer loop
      vertex 66.9277 30.2856 15.8
      vertex 66.7259 30.6223 1
      vertex 66.7259 30.6223 15.8
    endloop
  endfacet
  facet normal 0.85774 0.514084 0
    outer loop
      vertex 66.7259 30.6223 1
      vertex 66.9277 30.2856 15.8
      vertex 66.9277 30.2856 1
    endloop
  endfacet
  facet normal -0.595705 -0.803203 0
    outer loop
      vertex -0.937572 -1.49204 1
      vertex -0.62228 -1.72588 15.8
      vertex -0.937572 -1.49204 15.8
    endloop
  endfacet
  facet normal -0.595705 -0.803203 -0
    outer loop
      vertex -0.62228 -1.72588 15.8
      vertex -0.937572 -1.49204 1
      vertex -0.62228 -1.72588 1
    endloop
  endfacet
  facet normal -0.85774 0.514084 0
    outer loop
      vertex -1.92768 30.2856 1
      vertex -1.72588 30.6223 15.8
      vertex -1.72588 30.6223 1
    endloop
  endfacet
  facet normal -0.85774 0.514084 0
    outer loop
      vertex -1.72588 30.6223 15.8
      vertex -1.92768 30.2856 1
      vertex -1.92768 30.2856 15.8
    endloop
  endfacet
  facet normal -0.671547 -0.740962 0
    outer loop
      vertex -1.22843 -1.22843 1
      vertex -0.937572 -1.49204 15.8
      vertex -1.22843 -1.22843 15.8
    endloop
  endfacet
  facet normal -0.671547 -0.740962 -0
    outer loop
      vertex -0.937572 -1.49204 15.8
      vertex -1.22843 -1.22843 1
      vertex -0.937572 -1.49204 1
    endloop
  endfacet
  facet normal 0.941395 0.337307 0
    outer loop
      vertex 67.0955 29.9307 15.8
      vertex 67.1065 29.9 2
      vertex 67.0955 29.9307 1
    endloop
  endfacet
  facet normal 0.9415 0.337014 7.36516e-07
    outer loop
      vertex 67.2278 29.5611 15.8
      vertex 67.1065 29.9 2
      vertex 67.0955 29.9307 15.8
    endloop
  endfacet
  facet normal 0.941509 0.336987 0
    outer loop
      vertex 67.1065 29.9 2
      vertex 67.2278 29.5611 15.8
      vertex 67.2278 29.5611 2
    endloop
  endfacet
  facet normal 0.941395 0.337307 0
    outer loop
      vertex 67.0955 29.9307 1
      vertex 67.1065 29.9 2
      vertex 67.1065 29.9 1
    endloop
  endfacet
  facet normal -0.970031 -0.242981 0
    outer loop
      vertex -2.22776 0.438862 1
      vertex -2.32314 0.819639 15.8
      vertex -2.32314 0.819639 1
    endloop
  endfacet
  facet normal -0.970031 -0.242981 0
    outer loop
      vertex -2.32314 0.819639 15.8
      vertex -2.22776 0.438862 1
      vertex -2.22776 0.438862 15.8
    endloop
  endfacet
  facet normal -0.0491664 0.998791 0
    outer loop
      vertex 1.6 32.4 1
      vertex 1.20793 32.3807 15.8
      vertex 1.6 32.4 15.8
    endloop
  endfacet
  facet normal -0.0491664 0.998791 0
    outer loop
      vertex 1.20793 32.3807 15.8
      vertex 1.6 32.4 1
      vertex 1.20793 32.3807 1
    endloop
  endfacet
  facet normal -0.740962 -0.671547 0
    outer loop
      vertex -1.22843 -1.22843 1
      vertex -1.49204 -0.937572 15.8
      vertex -1.49204 -0.937572 1
    endloop
  endfacet
  facet normal -0.740962 -0.671547 0
    outer loop
      vertex -1.49204 -0.937572 15.8
      vertex -1.22843 -1.22843 1
      vertex -1.22843 -1.22843 15.8
    endloop
  endfacet
  facet normal 0.904021 -0.427487 0
    outer loop
      vertex 66.9277 -0.285586 15.8
      vertex 67.0955 0.0692663 1
      vertex 67.0955 0.0692663 15.8
    endloop
  endfacet
  facet normal 0.904021 -0.427487 0
    outer loop
      vertex 67.0955 0.0692663 1
      vertex 66.9277 -0.285586 15.8
      vertex 66.9277 -0.285586 1
    endloop
  endfacet
  facet normal -0.427571 -0.903982 0
    outer loop
      vertex -0.285586 -1.92768 1
      vertex 0.0692654 -2.09552 15.8
      vertex -0.285586 -1.92768 15.8
    endloop
  endfacet
  facet normal -0.427571 -0.903982 -0
    outer loop
      vertex 0.0692654 -2.09552 15.8
      vertex -0.285586 -1.92768 1
      vertex 0.0692654 -2.09552 1
    endloop
  endfacet
  facet normal -0.671533 0.740974 0
    outer loop
      vertex -0.937572 31.492 1
      vertex -1.22843 31.2284 15.8
      vertex -0.937572 31.492 15.8
    endloop
  endfacet
  facet normal -0.671533 0.740974 0
    outer loop
      vertex -1.22843 31.2284 15.8
      vertex -0.937572 31.492 1
      vertex -1.22843 31.2284 1
    endloop
  endfacet
  facet normal 0.595695 -0.80321 0
    outer loop
      vertex 65.6223 -1.72588 1
      vertex 65.9376 -1.49204 15.8
      vertex 65.6223 -1.72588 15.8
    endloop
  endfacet
  facet normal 0.595695 -0.80321 0
    outer loop
      vertex 65.9376 -1.49204 15.8
      vertex 65.6223 -1.72588 1
      vertex 65.9376 -1.49204 1
    endloop
  endfacet
  facet normal -0.803203 -0.595705 0
    outer loop
      vertex -1.49204 -0.937572 1
      vertex -1.72588 -0.62228 15.8
      vertex -1.72588 -0.62228 1
    endloop
  endfacet
  facet normal -0.803203 -0.595705 0
    outer loop
      vertex -1.72588 -0.62228 15.8
      vertex -1.49204 -0.937572 1
      vertex -1.49204 -0.937572 15.8
    endloop
  endfacet
  facet normal -0.903982 -0.42757 0
    outer loop
      vertex -1.92768 -0.285586 1
      vertex -2.09552 0.0692663 15.8
      vertex -2.09552 0.0692663 1
    endloop
  endfacet
  facet normal -0.903982 -0.42757 0
    outer loop
      vertex -2.09552 0.0692663 15.8
      vertex -1.92768 -0.285586 1
      vertex -1.92768 -0.285586 15.8
    endloop
  endfacet
  facet normal 0.989176 0.146733 0
    outer loop
      vertex 67.3807 28.7921 15.8
      vertex 67.3231 29.1804 2
      vertex 67.3231 29.1804 15.8
    endloop
  endfacet
  facet normal 0.989176 0.146733 0
    outer loop
      vertex 67.3231 29.1804 2
      vertex 67.3807 28.7921 15.8
      vertex 67.3807 28.7921 2
    endloop
  endfacet
  facet normal 0.904044 0.42744 0
    outer loop
      vertex 67.0955 29.9307 15.8
      vertex 66.9277 30.2856 1
      vertex 66.9277 30.2856 15.8
    endloop
  endfacet
  facet normal 0.904044 0.42744 0
    outer loop
      vertex 66.9277 30.2856 1
      vertex 67.0955 29.9307 15.8
      vertex 67.0955 29.9307 1
    endloop
  endfacet
  facet normal -0.51409 0.857736 0
    outer loop
      vertex -0.285586 31.9277 1
      vertex -0.62228 31.7259 15.8
      vertex -0.285586 31.9277 15.8
    endloop
  endfacet
  facet normal -0.51409 0.857736 0
    outer loop
      vertex -0.62228 31.7259 15.8
      vertex -0.285586 31.9277 1
      vertex -0.62228 31.7259 1
    endloop
  endfacet
  facet normal 0.514084 0.85774 -0
    outer loop
      vertex 65.6223 31.7259 1
      vertex 65.2856 31.9277 15.8
      vertex 65.6223 31.7259 15.8
    endloop
  endfacet
  facet normal 0.514084 0.85774 0
    outer loop
      vertex 65.2856 31.9277 15.8
      vertex 65.6223 31.7259 1
      vertex 65.2856 31.9277 1
    endloop
  endfacet
  facet normal -0.336882 -0.941547 0
    outer loop
      vertex 0.0692654 -2.09552 1
      vertex 0.438861 -2.22776 15.8
      vertex 0.0692654 -2.09552 15.8
    endloop
  endfacet
  facet normal -0.336882 -0.941547 -0
    outer loop
      vertex 0.438861 -2.22776 15.8
      vertex 0.0692654 -2.09552 1
      vertex 0.438861 -2.22776 1
    endloop
  endfacet
  facet normal 0.146733 -0.989176 0
    outer loop
      vertex 63.7921 -2.38074 1
      vertex 64.1804 -2.32314 15.8
      vertex 63.7921 -2.38074 15.8
    endloop
  endfacet
  facet normal 0.146733 -0.989176 0
    outer loop
      vertex 64.1804 -2.32314 15.8
      vertex 63.7921 -2.38074 1
      vertex 64.1804 -2.32314 1
    endloop
  endfacet
  facet normal -0.0490647 -0.998796 0
    outer loop
      vertex 1.20793 -2.38074 1
      vertex 1.6 -2.4 15.8
      vertex 1.20793 -2.38074 15.8
    endloop
  endfacet
  facet normal -0.0490647 -0.998796 -0
    outer loop
      vertex 1.6 -2.4 15.8
      vertex 1.20793 -2.38074 1
      vertex 1.6 -2.4 1
    endloop
  endfacet
  facet normal 0.857736 -0.51409 0
    outer loop
      vertex 66.7259 -0.62228 15.8
      vertex 66.9277 -0.285586 1
      vertex 66.9277 -0.285586 15.8
    endloop
  endfacet
  facet normal 0.857736 -0.51409 0
    outer loop
      vertex 66.9277 -0.285586 1
      vertex 66.7259 -0.62228 15.8
      vertex 66.7259 -0.62228 1
    endloop
  endfacet
  facet normal 0.740908 0.671607 0
    outer loop
      vertex 66.492 30.9376 15.8
      vertex 66.2284 31.2284 1
      vertex 66.2284 31.2284 15.8
    endloop
  endfacet
  facet normal 0.740908 0.671607 0
    outer loop
      vertex 66.2284 31.2284 1
      vertex 66.492 30.9376 15.8
      vertex 66.492 30.9376 1
    endloop
  endfacet
  facet normal 0.998791 -0.0491664 0
    outer loop
      vertex 67.3807 1.20793 15.8
      vertex 67.4 1.6 1
      vertex 67.4 1.6 15.8
    endloop
  endfacet
  facet normal 0.998791 -0.0491664 0
    outer loop
      vertex 67.4 1.6 1
      vertex 67.3807 1.20793 15.8
      vertex 67.3807 1.20793 1
    endloop
  endfacet
  facet normal 0.970079 -0.242789 0
    outer loop
      vertex 67.2278 0.438862 15.8
      vertex 67.3231 0.819639 1
      vertex 67.3231 0.819639 15.8
    endloop
  endfacet
  facet normal 0.970079 -0.242789 0
    outer loop
      vertex 67.3231 0.819639 1
      vertex 67.2278 0.438862 15.8
      vertex 67.2278 0.438862 1
    endloop
  endfacet
  facet normal 0.740974 -0.671533 0
    outer loop
      vertex 66.2284 -1.22843 15.8
      vertex 66.492 -0.937572 1
      vertex 66.492 -0.937572 15.8
    endloop
  endfacet
  facet normal 0.740974 -0.671533 0
    outer loop
      vertex 66.492 -0.937572 1
      vertex 66.2284 -1.22843 15.8
      vertex 66.2284 -1.22843 1
    endloop
  endfacet
  facet normal 0 0 1
    outer loop
      vertex 67.3807 28.7921 15.8
      vertex 65.3904 28.596 15.8
      vertex 65.4 28.4 15.8
    endloop
  endfacet
  facet normal 0 0 1
    outer loop
      vertex 65.9376 31.492 15.8
      vertex 65.3616 28.7902 15.8
      vertex 65.3904 28.596 15.8
    endloop
  endfacet
  facet normal 0 0 1
    outer loop
      vertex 65.9376 31.492 15.8
      vertex 65.3139 28.9806 15.8
      vertex 65.3616 28.7902 15.8
    endloop
  endfacet
  facet normal 0 0 1
    outer loop
      vertex 64.5111 30.0629 15.8
      vertex 65.6223 31.7259 15.8
      vertex 65.2856 31.9277 15.8
    endloop
  endfacet
  facet normal 0 0 1
    outer loop
      vertex 65.9376 31.492 15.8
      vertex 65.2478 29.1654 15.8
      vertex 65.3139 28.9806 15.8
    endloop
  endfacet
  facet normal 0 0 1
    outer loop
      vertex 65.9376 31.492 15.8
      vertex 65.1638 29.3428 15.8
      vertex 65.2478 29.1654 15.8
    endloop
  endfacet
  facet normal 0 0 1
    outer loop
      vertex 65.9376 31.492 15.8
      vertex 65.0629 29.5111 15.8
      vertex 65.1638 29.3428 15.8
    endloop
  endfacet
  facet normal 0 0 1
    outer loop
      vertex 65.9376 31.492 15.8
      vertex 64.946 29.6688 15.8
      vertex 65.0629 29.5111 15.8
    endloop
  endfacet
  facet normal 0 0 1
    outer loop
      vertex 64.3428 30.1638 15.8
      vertex 65.2856 31.9277 15.8
      vertex 64.9307 32.0955 15.8
    endloop
  endfacet
  facet normal 0 0 1
    outer loop
      vertex 65.9376 31.492 15.8
      vertex 64.8142 29.8142 15.8
      vertex 64.946 29.6688 15.8
    endloop
  endfacet
  facet normal 0 0 1
    outer loop
      vertex 65.9376 31.492 15.8
      vertex 64.6688 29.946 15.8
      vertex 64.8142 29.8142 15.8
    endloop
  endfacet
  facet normal 0 0 1
    outer loop
      vertex 64.1654 30.2478 15.8
      vertex 64.9307 32.0955 15.8
      vertex 64.5611 32.2278 15.8
    endloop
  endfacet
  facet normal 0 0 1
    outer loop
      vertex 65.6223 31.7259 15.8
      vertex 64.5111 30.0629 15.8
      vertex 64.6688 29.946 15.8
    endloop
  endfacet
  facet normal 0 0 1
    outer loop
      vertex 65.2856 31.9277 15.8
      vertex 64.3428 30.1638 15.8
      vertex 64.5111 30.0629 15.8
    endloop
  endfacet
  facet normal 0 0 1
    outer loop
      vertex 63.9806 30.3139 15.8
      vertex 64.5611 32.2278 15.8
      vertex 64.1804 32.3231 15.8
    endloop
  endfacet
  facet normal 0 0 1
    outer loop
      vertex 64.9307 32.0955 15.8
      vertex 64.1654 30.2478 15.8
      vertex 64.3428 30.1638 15.8
    endloop
  endfacet
  facet normal 0 0 1
    outer loop
      vertex 64.5611 32.2278 15.8
      vertex 63.9806 30.3139 15.8
      vertex 64.1654 30.2478 15.8
    endloop
  endfacet
  facet normal 0 0 1
    outer loop
      vertex 63.7902 30.3616 15.8
      vertex 64.1804 32.3231 15.8
      vertex 63.7921 32.3807 15.8
    endloop
  endfacet
  facet normal 0 0 1
    outer loop
      vertex 64.1804 32.3231 15.8
      vertex 63.7902 30.3616 15.8
      vertex 63.9806 30.3139 15.8
    endloop
  endfacet
  facet normal 0 0 1
    outer loop
      vertex 63.7921 32.3807 15.8
      vertex 63.596 30.3904 15.8
      vertex 63.7902 30.3616 15.8
    endloop
  endfacet
  facet normal 0 0 1
    outer loop
      vertex 63.4 32.4 15.8
      vertex 63.596 30.3904 15.8
      vertex 63.7921 32.3807 15.8
    endloop
  endfacet
  facet normal 0 0 1
    outer loop
      vertex 63.4 32.4 15.8
      vertex 63.4 30.4 15.8
      vertex 63.596 30.3904 15.8
    endloop
  endfacet
  facet normal 0 0 1
    outer loop
      vertex 60.15 31.2 15.8
      vertex 63.4 32.4 15.8
      vertex 60.15 32.4 15.8
    endloop
  endfacet
  facet normal 0 0 1
    outer loop
      vertex 63.4 32.4 15.8
      vertex 60.15 31.2 15.8
      vertex 63.4 30.4 15.8
    endloop
  endfacet
  facet normal 0 0 1
    outer loop
      vertex 58.9 30.4 15.8
      vertex 60.15 31.2 15.8
      vertex 58.9 31.2 15.8
    endloop
  endfacet
  facet normal 0 0 1
    outer loop
      vertex 60.15 31.2 15.8
      vertex 58.9 30.4 15.8
      vertex 63.4 30.4 15.8
    endloop
  endfacet
  facet normal 0 0 1
    outer loop
      vertex 65.4 28.4 15.8
      vertex 67.4 28.4 15.8
      vertex 67.3807 28.7921 15.8
    endloop
  endfacet
  facet normal 0 0 1
    outer loop
      vertex 65.3904 28.596 15.8
      vertex 67.3807 28.7921 15.8
      vertex 67.3231 29.1804 15.8
    endloop
  endfacet
  facet normal 0 0 1
    outer loop
      vertex 65.3904 28.596 15.8
      vertex 67.3231 29.1804 15.8
      vertex 67.2278 29.5611 15.8
    endloop
  endfacet
  facet normal 0 0 1
    outer loop
      vertex 65.3904 28.596 15.8
      vertex 67.2278 29.5611 15.8
      vertex 67.0955 29.9307 15.8
    endloop
  endfacet
  facet normal 0 0 1
    outer loop
      vertex 65.3904 28.596 15.8
      vertex 67.0955 29.9307 15.8
      vertex 66.9277 30.2856 15.8
    endloop
  endfacet
  facet normal 0 0 1
    outer loop
      vertex 65.3904 28.596 15.8
      vertex 66.9277 30.2856 15.8
      vertex 66.7259 30.6223 15.8
    endloop
  endfacet
  facet normal 0 0 1
    outer loop
      vertex 65.3904 28.596 15.8
      vertex 66.7259 30.6223 15.8
      vertex 66.492 30.9376 15.8
    endloop
  endfacet
  facet normal 0 0 1
    outer loop
      vertex 65.3904 28.596 15.8
      vertex 66.492 30.9376 15.8
      vertex 66.2284 31.2284 15.8
    endloop
  endfacet
  facet normal 0 0 1
    outer loop
      vertex 65.3904 28.596 15.8
      vertex 66.2284 31.2284 15.8
      vertex 65.9376 31.492 15.8
    endloop
  endfacet
  facet normal 0 0 1
    outer loop
      vertex 64.6688 29.946 15.8
      vertex 65.9376 31.492 15.8
      vertex 65.6223 31.7259 15.8
    endloop
  endfacet
  facet normal 0 0 1
    outer loop
      vertex 67.4 28.4 15.8
      vertex 65.4 28.4 15.8
      vertex 67.4 14.6 15.8
    endloop
  endfacet
  facet normal 0 0 1
    outer loop
      vertex 67.4 14.6 15.8
      vertex 65.4 28.4 15.8
      vertex 65.4 14.6 15.8
    endloop
  endfacet
  facet normal 0 0 1
    outer loop
      vertex -2.4 1.6 15.8
      vertex -0.4 1.6 15.8
      vertex -0.4 8.5 15.8
    endloop
  endfacet
  facet normal 0 -0 1
    outer loop
      vertex -2.38074 1.20793 15.8
      vertex -0.4 1.6 15.8
      vertex -2.4 1.6 15.8
    endloop
  endfacet
  facet normal 0 0 1
    outer loop
      vertex -0.4 1.6 15.8
      vertex -0.937572 -1.49204 15.8
      vertex -0.62228 -1.72588 15.8
    endloop
  endfacet
  facet normal 0 0 1
    outer loop
      vertex -0.4 1.6 15.8
      vertex -1.22843 -1.22843 15.8
      vertex -0.937572 -1.49204 15.8
    endloop
  endfacet
  facet normal 0 0 1
    outer loop
      vertex -0.4 1.6 15.8
      vertex -1.49204 -0.937572 15.8
      vertex -1.22843 -1.22843 15.8
    endloop
  endfacet
  facet normal 0 0 1
    outer loop
      vertex -0.4 1.6 15.8
      vertex -1.72588 -0.62228 15.8
      vertex -1.49204 -0.937572 15.8
    endloop
  endfacet
  facet normal 0 0 1
    outer loop
      vertex -0.4 1.6 15.8
      vertex -1.92768 -0.285586 15.8
      vertex -1.72588 -0.62228 15.8
    endloop
  endfacet
  facet normal 0 0 1
    outer loop
      vertex -0.4 1.6 15.8
      vertex -2.09552 0.0692663 15.8
      vertex -1.92768 -0.285586 15.8
    endloop
  endfacet
  facet normal 0 0 1
    outer loop
      vertex -0.4 1.6 15.8
      vertex -2.22776 0.438862 15.8
      vertex -2.09552 0.0692663 15.8
    endloop
  endfacet
  facet normal 0 0 1
    outer loop
      vertex -0.4 1.6 15.8
      vertex -2.32314 0.819639 15.8
      vertex -2.22776 0.438862 15.8
    endloop
  endfacet
  facet normal 0 0 1
    outer loop
      vertex -2.4 1.6 15.8
      vertex -0.4 8.5 15.8
      vertex -2.4 8.5 15.8
    endloop
  endfacet
  facet normal 0 0 1
    outer loop
      vertex -0.4 1.6 15.8
      vertex -2.38074 1.20793 15.8
      vertex -2.32314 0.819639 15.8
    endloop
  endfacet
  facet normal 0 0 1
    outer loop
      vertex 65.4 1.6 15.8
      vertex 67.4 1.6 15.8
      vertex 67.4 6.4 15.8
    endloop
  endfacet
  facet normal 0 0 1
    outer loop
      vertex 67.4 1.6 15.8
      vertex 65.4 1.6 15.8
      vertex 67.3807 1.20793 15.8
    endloop
  endfacet
  facet normal -0 0 1
    outer loop
      vertex 65.3904 1.40397 15.8
      vertex 67.3807 1.20793 15.8
      vertex 65.4 1.6 15.8
    endloop
  endfacet
  facet normal 0 0 1
    outer loop
      vertex 67.3807 1.20793 15.8
      vertex 65.3904 1.40397 15.8
      vertex 67.3231 0.819639 15.8
    endloop
  endfacet
  facet normal -0 0 1
    outer loop
      vertex 65.3616 1.20982 15.8
      vertex 67.3231 0.819639 15.8
      vertex 65.3904 1.40397 15.8
    endloop
  endfacet
  facet normal 0 0 1
    outer loop
      vertex 67.3231 0.819639 15.8
      vertex 65.3616 1.20982 15.8
      vertex 67.2278 0.438862 15.8
    endloop
  endfacet
  facet normal -0 0 1
    outer loop
      vertex 65.3139 1.01943 15.8
      vertex 67.2278 0.438862 15.8
      vertex 65.3616 1.20982 15.8
    endloop
  endfacet
  facet normal 0 0 1
    outer loop
      vertex 67.2278 0.438862 15.8
      vertex 65.3139 1.01943 15.8
      vertex 67.0955 0.0692663 15.8
    endloop
  endfacet
  facet normal -0 0 1
    outer loop
      vertex 65.2478 0.834634 15.8
      vertex 67.0955 0.0692663 15.8
      vertex 65.3139 1.01943 15.8
    endloop
  endfacet
  facet normal 0 0 1
    outer loop
      vertex 67.0955 0.0692663 15.8
      vertex 65.2478 0.834634 15.8
      vertex 66.9277 -0.285586 15.8
    endloop
  endfacet
  facet normal 0 0 1
    outer loop
      vertex 65.4 1.6 15.8
      vertex 67.4 6.4 15.8
      vertex 65.4 6.4 15.8
    endloop
  endfacet
  facet normal -0 0 1
    outer loop
      vertex 65.1638 0.657207 15.8
      vertex 66.9277 -0.285586 15.8
      vertex 65.2478 0.834634 15.8
    endloop
  endfacet
  facet normal 0 0 1
    outer loop
      vertex 66.9277 -0.285586 15.8
      vertex 65.1638 0.657207 15.8
      vertex 66.7259 -0.62228 15.8
    endloop
  endfacet
  facet normal -0 0 1
    outer loop
      vertex 65.0629 0.48886 15.8
      vertex 66.7259 -0.62228 15.8
      vertex 65.1638 0.657207 15.8
    endloop
  endfacet
  facet normal 0 0 1
    outer loop
      vertex 66.7259 -0.62228 15.8
      vertex 65.0629 0.48886 15.8
      vertex 66.492 -0.937572 15.8
    endloop
  endfacet
  facet normal -0 0 1
    outer loop
      vertex 64.946 0.331214 15.8
      vertex 66.492 -0.937572 15.8
      vertex 65.0629 0.48886 15.8
    endloop
  endfacet
  facet normal 0 0 1
    outer loop
      vertex 66.492 -0.937572 15.8
      vertex 64.946 0.331214 15.8
      vertex 66.2284 -1.22843 15.8
    endloop
  endfacet
  facet normal -0 0 1
    outer loop
      vertex 64.8142 0.185787 15.8
      vertex 66.2284 -1.22843 15.8
      vertex 64.946 0.331214 15.8
    endloop
  endfacet
  facet normal 0 0 1
    outer loop
      vertex 66.2284 -1.22843 15.8
      vertex 64.8142 0.185787 15.8
      vertex 65.9376 -1.49204 15.8
    endloop
  endfacet
  facet normal -0 0 1
    outer loop
      vertex 64.6688 0.0539799 15.8
      vertex 65.9376 -1.49204 15.8
      vertex 64.8142 0.185787 15.8
    endloop
  endfacet
  facet normal 0 0 1
    outer loop
      vertex 65.9376 -1.49204 15.8
      vertex 64.6688 0.0539799 15.8
      vertex 65.6223 -1.72588 15.8
    endloop
  endfacet
  facet normal -0 0 1
    outer loop
      vertex 64.5111 -0.0629387 15.8
      vertex 65.6223 -1.72588 15.8
      vertex 64.6688 0.0539799 15.8
    endloop
  endfacet
  facet normal 0 0 1
    outer loop
      vertex 65.6223 -1.72588 15.8
      vertex 64.5111 -0.0629387 15.8
      vertex 65.2856 -1.92768 15.8
    endloop
  endfacet
  facet normal -0 0 1
    outer loop
      vertex 64.3428 -0.163842 15.8
      vertex 65.2856 -1.92768 15.8
      vertex 64.5111 -0.0629387 15.8
    endloop
  endfacet
  facet normal 0 0 1
    outer loop
      vertex 65.2856 -1.92768 15.8
      vertex 64.3428 -0.163842 15.8
      vertex 64.9307 -2.09552 15.8
    endloop
  endfacet
  facet normal -0 0 1
    outer loop
      vertex 64.1654 -0.247759 15.8
      vertex 64.9307 -2.09552 15.8
      vertex 64.3428 -0.163842 15.8
    endloop
  endfacet
  facet normal 0 0 1
    outer loop
      vertex 64.9307 -2.09552 15.8
      vertex 64.1654 -0.247759 15.8
      vertex 64.5611 -2.22776 15.8
    endloop
  endfacet
  facet normal -0 0 1
    outer loop
      vertex 63.9806 -0.31388 15.8
      vertex 64.5611 -2.22776 15.8
      vertex 64.1654 -0.247759 15.8
    endloop
  endfacet
  facet normal 0 0 1
    outer loop
      vertex 64.5611 -2.22776 15.8
      vertex 63.9806 -0.31388 15.8
      vertex 64.1804 -2.32314 15.8
    endloop
  endfacet
  facet normal -0 0 1
    outer loop
      vertex 63.7902 -0.36157 15.8
      vertex 64.1804 -2.32314 15.8
      vertex 63.9806 -0.31388 15.8
    endloop
  endfacet
  facet normal 0 0 1
    outer loop
      vertex 64.1804 -2.32314 15.8
      vertex 63.7902 -0.36157 15.8
      vertex 63.7921 -2.38074 15.8
    endloop
  endfacet
  facet normal -0 0 1
    outer loop
      vertex 63.596 -0.390369 15.8
      vertex 63.7921 -2.38074 15.8
      vertex 63.7902 -0.36157 15.8
    endloop
  endfacet
  facet normal -0 0 1
    outer loop
      vertex 63.4 -0.4 15.8
      vertex 63.7921 -2.38074 15.8
      vertex 63.596 -0.390369 15.8
    endloop
  endfacet
  facet normal 0 0 1
    outer loop
      vertex 63.4 -0.4 15.8
      vertex 63.4 -2.4 15.8
      vertex 63.7921 -2.38074 15.8
    endloop
  endfacet
  facet normal -0 0 1
    outer loop
      vertex 1.6 -0.4 15.8
      vertex 63.4 -2.4 15.8
      vertex 63.4 -0.4 15.8
    endloop
  endfacet
  facet normal 0 0 1
    outer loop
      vertex 1.6 -0.4 15.8
      vertex 1.6 -2.4 15.8
      vertex 63.4 -2.4 15.8
    endloop
  endfacet
  facet normal 0 0 1
    outer loop
      vertex 1.40396 -0.390369 15.8
      vertex 1.6 -2.4 15.8
      vertex 1.6 -0.4 15.8
    endloop
  endfacet
  facet normal 0 0 1
    outer loop
      vertex 1.20793 -2.38074 15.8
      vertex 1.40396 -0.390369 15.8
      vertex 1.20982 -0.36157 15.8
    endloop
  endfacet
  facet normal 0 0 1
    outer loop
      vertex 1.40396 -0.390369 15.8
      vertex 1.20793 -2.38074 15.8
      vertex 1.6 -2.4 15.8
    endloop
  endfacet
  facet normal 0 0 1
    outer loop
      vertex 0.819638 -2.32314 15.8
      vertex 1.20982 -0.36157 15.8
      vertex 1.01943 -0.31388 15.8
    endloop
  endfacet
  facet normal 0 0 1
    outer loop
      vertex 0.438861 -2.22776 15.8
      vertex 1.01943 -0.31388 15.8
      vertex 0.834633 -0.247759 15.8
    endloop
  endfacet
  facet normal 0 0 1
    outer loop
      vertex 1.20982 -0.36157 15.8
      vertex 0.819638 -2.32314 15.8
      vertex 1.20793 -2.38074 15.8
    endloop
  endfacet
  facet normal 0 0 1
    outer loop
      vertex 0.0692654 -2.09552 15.8
      vertex 0.834633 -0.247759 15.8
      vertex 0.657206 -0.163842 15.8
    endloop
  endfacet
  facet normal 0 0 1
    outer loop
      vertex -0.285586 -1.92768 15.8
      vertex 0.657206 -0.163842 15.8
      vertex 0.488859 -0.0629387 15.8
    endloop
  endfacet
  facet normal 0 0 1
    outer loop
      vertex 1.01943 -0.31388 15.8
      vertex 0.438861 -2.22776 15.8
      vertex 0.819638 -2.32314 15.8
    endloop
  endfacet
  facet normal 0 0 1
    outer loop
      vertex -0.62228 -1.72588 15.8
      vertex 0.488859 -0.0629387 15.8
      vertex 0.331213 0.0539799 15.8
    endloop
  endfacet
  facet normal 0 0 1
    outer loop
      vertex -0.62228 -1.72588 15.8
      vertex 0.331213 0.0539799 15.8
      vertex 0.185786 0.185787 15.8
    endloop
  endfacet
  facet normal 0 0 1
    outer loop
      vertex 0.834633 -0.247759 15.8
      vertex 0.0692654 -2.09552 15.8
      vertex 0.438861 -2.22776 15.8
    endloop
  endfacet
  facet normal 0 0 1
    outer loop
      vertex -0.62228 -1.72588 15.8
      vertex 0.185786 0.185787 15.8
      vertex 0.0539789 0.331214 15.8
    endloop
  endfacet
  facet normal 0 0 1
    outer loop
      vertex -0.62228 -1.72588 15.8
      vertex 0.0539789 0.331214 15.8
      vertex -0.0629387 0.48886 15.8
    endloop
  endfacet
  facet normal 0 0 1
    outer loop
      vertex -0.62228 -1.72588 15.8
      vertex -0.0629387 0.48886 15.8
      vertex -0.163842 0.657207 15.8
    endloop
  endfacet
  facet normal 0 0 1
    outer loop
      vertex -0.62228 -1.72588 15.8
      vertex -0.163842 0.657207 15.8
      vertex -0.247759 0.834634 15.8
    endloop
  endfacet
  facet normal 0 0 1
    outer loop
      vertex 0.657206 -0.163842 15.8
      vertex -0.285586 -1.92768 15.8
      vertex 0.0692654 -2.09552 15.8
    endloop
  endfacet
  facet normal 0 0 1
    outer loop
      vertex -0.62228 -1.72588 15.8
      vertex -0.247759 0.834634 15.8
      vertex -0.31388 1.01943 15.8
    endloop
  endfacet
  facet normal 0 0 1
    outer loop
      vertex -0.62228 -1.72588 15.8
      vertex -0.31388 1.01943 15.8
      vertex -0.36157 1.20982 15.8
    endloop
  endfacet
  facet normal 0 0 1
    outer loop
      vertex -0.62228 -1.72588 15.8
      vertex -0.36157 1.20982 15.8
      vertex -0.390369 1.40397 15.8
    endloop
  endfacet
  facet normal 0 0 1
    outer loop
      vertex -0.62228 -1.72588 15.8
      vertex -0.390369 1.40397 15.8
      vertex -0.4 1.6 15.8
    endloop
  endfacet
  facet normal 0 0 1
    outer loop
      vertex 0.488859 -0.0629387 15.8
      vertex -0.62228 -1.72588 15.8
      vertex -0.285586 -1.92768 15.8
    endloop
  endfacet
  facet normal 0 0 1
    outer loop
      vertex 4.3 32.4 15.8
      vertex 1.6 32.4 15.8
      vertex 4.3 31.2 15.8
    endloop
  endfacet
  facet normal -0 0 1
    outer loop
      vertex 4.3 31.2 15.8
      vertex 5.8 30.4 15.8
      vertex 5.8 31.2 15.8
    endloop
  endfacet
  facet normal 0 0 1
    outer loop
      vertex 1.6 30.4 15.8
      vertex 4.3 31.2 15.8
      vertex 1.6 32.4 15.8
    endloop
  endfacet
  facet normal 0 0 1
    outer loop
      vertex 4.3 31.2 15.8
      vertex 1.6 30.4 15.8
      vertex 5.8 30.4 15.8
    endloop
  endfacet
  facet normal 0 0 1
    outer loop
      vertex 1.6 32.4 15.8
      vertex 1.40396 30.3904 15.8
      vertex 1.6 30.4 15.8
    endloop
  endfacet
  facet normal -0 0 1
    outer loop
      vertex 1.20793 32.3807 15.8
      vertex 1.40396 30.3904 15.8
      vertex 1.6 32.4 15.8
    endloop
  endfacet
  facet normal 0 0 1
    outer loop
      vertex 1.40396 30.3904 15.8
      vertex 1.20793 32.3807 15.8
      vertex 1.20982 30.3616 15.8
    endloop
  endfacet
  facet normal -0 0 1
    outer loop
      vertex 0.819638 32.3231 15.8
      vertex 1.20982 30.3616 15.8
      vertex 1.20793 32.3807 15.8
    endloop
  endfacet
  facet normal 0 0 1
    outer loop
      vertex 1.20982 30.3616 15.8
      vertex 0.819638 32.3231 15.8
      vertex 1.01943 30.3139 15.8
    endloop
  endfacet
  facet normal -0 0 1
    outer loop
      vertex 0.438861 32.2278 15.8
      vertex 1.01943 30.3139 15.8
      vertex 0.819638 32.3231 15.8
    endloop
  endfacet
  facet normal 0 0 1
    outer loop
      vertex 1.01943 30.3139 15.8
      vertex 0.438861 32.2278 15.8
      vertex 0.834633 30.2478 15.8
    endloop
  endfacet
  facet normal -0 0 1
    outer loop
      vertex 0.0692654 32.0955 15.8
      vertex 0.834633 30.2478 15.8
      vertex 0.438861 32.2278 15.8
    endloop
  endfacet
  facet normal 0 0 1
    outer loop
      vertex 0.834633 30.2478 15.8
      vertex 0.0692654 32.0955 15.8
      vertex 0.657206 30.1638 15.8
    endloop
  endfacet
  facet normal -0 0 1
    outer loop
      vertex -0.285586 31.9277 15.8
      vertex 0.657206 30.1638 15.8
      vertex 0.0692654 32.0955 15.8
    endloop
  endfacet
  facet normal 0 0 1
    outer loop
      vertex 0.657206 30.1638 15.8
      vertex -0.285586 31.9277 15.8
      vertex 0.488859 30.0629 15.8
    endloop
  endfacet
  facet normal -0 0 1
    outer loop
      vertex -0.62228 31.7259 15.8
      vertex 0.488859 30.0629 15.8
      vertex -0.285586 31.9277 15.8
    endloop
  endfacet
  facet normal 0 0 1
    outer loop
      vertex 0.488859 30.0629 15.8
      vertex -0.62228 31.7259 15.8
      vertex 0.331213 29.946 15.8
    endloop
  endfacet
  facet normal -0 0 1
    outer loop
      vertex -0.937572 31.492 15.8
      vertex 0.331213 29.946 15.8
      vertex -0.62228 31.7259 15.8
    endloop
  endfacet
  facet normal 0 0 1
    outer loop
      vertex 0.331213 29.946 15.8
      vertex -0.937572 31.492 15.8
      vertex 0.185786 29.8142 15.8
    endloop
  endfacet
  facet normal -0 0 1
    outer loop
      vertex -1.22843 31.2284 15.8
      vertex 0.185786 29.8142 15.8
      vertex -0.937572 31.492 15.8
    endloop
  endfacet
  facet normal 0 0 1
    outer loop
      vertex 0.185786 29.8142 15.8
      vertex -1.22843 31.2284 15.8
      vertex 0.0539789 29.6688 15.8
    endloop
  endfacet
  facet normal -0 0 1
    outer loop
      vertex -1.49204 30.9376 15.8
      vertex 0.0539789 29.6688 15.8
      vertex -1.22843 31.2284 15.8
    endloop
  endfacet
  facet normal 0 0 1
    outer loop
      vertex 0.0539789 29.6688 15.8
      vertex -1.49204 30.9376 15.8
      vertex -0.0629387 29.5111 15.8
    endloop
  endfacet
  facet normal -0 0 1
    outer loop
      vertex -1.72588 30.6223 15.8
      vertex -0.0629387 29.5111 15.8
      vertex -1.49204 30.9376 15.8
    endloop
  endfacet
  facet normal 0 0 1
    outer loop
      vertex -0.0629387 29.5111 15.8
      vertex -1.72588 30.6223 15.8
      vertex -0.163842 29.3428 15.8
    endloop
  endfacet
  facet normal -0 0 1
    outer loop
      vertex -1.92768 30.2856 15.8
      vertex -0.163842 29.3428 15.8
      vertex -1.72588 30.6223 15.8
    endloop
  endfacet
  facet normal 0 0 1
    outer loop
      vertex -0.163842 29.3428 15.8
      vertex -1.92768 30.2856 15.8
      vertex -0.247759 29.1654 15.8
    endloop
  endfacet
  facet normal -0 0 1
    outer loop
      vertex -2.09552 29.9307 15.8
      vertex -0.247759 29.1654 15.8
      vertex -1.92768 30.2856 15.8
    endloop
  endfacet
  facet normal 0 0 1
    outer loop
      vertex -0.247759 29.1654 15.8
      vertex -2.09552 29.9307 15.8
      vertex -0.31388 28.9806 15.8
    endloop
  endfacet
  facet normal -0 0 1
    outer loop
      vertex -2.22776 29.5611 15.8
      vertex -0.31388 28.9806 15.8
      vertex -2.09552 29.9307 15.8
    endloop
  endfacet
  facet normal 0 0 1
    outer loop
      vertex -0.31388 28.9806 15.8
      vertex -2.22776 29.5611 15.8
      vertex -0.36157 28.7902 15.8
    endloop
  endfacet
  facet normal -0 0 1
    outer loop
      vertex -2.32314 29.1804 15.8
      vertex -0.36157 28.7902 15.8
      vertex -2.22776 29.5611 15.8
    endloop
  endfacet
  facet normal 0 0 1
    outer loop
      vertex -0.36157 28.7902 15.8
      vertex -2.32314 29.1804 15.8
      vertex -0.390369 28.596 15.8
    endloop
  endfacet
  facet normal -0 0 1
    outer loop
      vertex -2.38074 28.7921 15.8
      vertex -0.390369 28.596 15.8
      vertex -2.32314 29.1804 15.8
    endloop
  endfacet
  facet normal 0 0 1
    outer loop
      vertex -0.390369 28.596 15.8
      vertex -2.38074 28.7921 15.8
      vertex -0.4 28.4 15.8
    endloop
  endfacet
  facet normal 0 0 1
    outer loop
      vertex -0.4 28.4 15.8
      vertex -2.38074 28.7921 15.8
      vertex -2.4 28.4 15.8
    endloop
  endfacet
  facet normal 0 0 1
    outer loop
      vertex -0.4 28.4 15.8
      vertex -2.4 28.4 15.8
      vertex -0.4 20.2 15.8
    endloop
  endfacet
  facet normal 0 0 1
    outer loop
      vertex -0.4 20.2 15.8
      vertex -2.4 28.4 15.8
      vertex -2.4 20.2 15.8
    endloop
  endfacet
  facet normal 0 0 1
    outer loop
      vertex 32.55 32.4 15.8
      vertex 20.4 32.4 15.8
      vertex 32.55 31.2 15.8
    endloop
  endfacet
  facet normal -0 0 1
    outer loop
      vertex 32.55 31.2 15.8
      vertex 33.8 30.4 15.8
      vertex 33.8 31.2 15.8
    endloop
  endfacet
  facet normal 0 0 1
    outer loop
      vertex 20.4 31.2 15.8
      vertex 32.55 31.2 15.8
      vertex 20.4 32.4 15.8
    endloop
  endfacet
  facet normal 0 0 1
    outer loop
      vertex 32.55 31.2 15.8
      vertex 20.4 31.2 15.8
      vertex 33.8 30.4 15.8
    endloop
  endfacet
  facet normal 0 0 1
    outer loop
      vertex 18.9 30.4 15.8
      vertex 20.4 31.2 15.8
      vertex 18.9 31.2 15.8
    endloop
  endfacet
  facet normal 0 0 1
    outer loop
      vertex 20.4 31.2 15.8
      vertex 18.9 30.4 15.8
      vertex 33.8 30.4 15.8
    endloop
  endfacet
  facet normal 0 0 1
    outer loop
      vertex 47.05 32.4 15.8
      vertex 45.65 32.4 15.8
      vertex 47.05 31.2 15.8
    endloop
  endfacet
  facet normal -0 0 1
    outer loop
      vertex 47.05 31.2 15.8
      vertex 48.3 30.4 15.8
      vertex 48.3 31.2 15.8
    endloop
  endfacet
  facet normal 0 0 1
    outer loop
      vertex 45.65 31.2 15.8
      vertex 47.05 31.2 15.8
      vertex 45.65 32.4 15.8
    endloop
  endfacet
  facet normal -0 0 1
    outer loop
      vertex 45.65 31.2 15.8
      vertex 48.3 30.4 15.8
      vertex 47.05 31.2 15.8
    endloop
  endfacet
  facet normal 0 0 1
    outer loop
      vertex 44.4 30.4 15.8
      vertex 45.65 31.2 15.8
      vertex 44.4 31.2 15.8
    endloop
  endfacet
  facet normal 0 0 1
    outer loop
      vertex 45.65 31.2 15.8
      vertex 44.4 30.4 15.8
      vertex 48.3 30.4 15.8
    endloop
  endfacet
  facet normal 0 0 -1
    outer loop
      vertex 63.4 -1.4099 7.62939e-07
      vertex 66.4099 1.6 7.62939e-07
      vertex 66.4097 1.59612 7.62939e-07
    endloop
  endfacet
  facet normal 0 0 -1
    outer loop
      vertex 63.4039 -1.40971 7.62939e-07
      vertex 66.4097 1.59612 7.62939e-07
      vertex 66.3954 1.30498 7.62939e-07
    endloop
  endfacet
  facet normal 0 0 -1
    outer loop
      vertex 63.4039 -1.40971 7.62939e-07
      vertex 66.3954 1.30498 7.62939e-07
      vertex 66.3526 1.01664 7.62939e-07
    endloop
  endfacet
  facet normal 0 0 -1
    outer loop
      vertex 66.3511 1.00903 7.62939e-07
      vertex 66.3526 1.01664 7.62939e-07
      vertex 66.3521 1.0128 7.62939e-07
    endloop
  endfacet
  facet normal 0 0 -1
    outer loop
      vertex 63.4039 -1.40971 7.62939e-07
      vertex 66.3526 1.01664 7.62939e-07
      vertex 66.3511 1.00903 7.62939e-07
    endloop
  endfacet
  facet normal 0 0 -1
    outer loop
      vertex 66.279 0.722613 7.62939e-07
      vertex 66.3511 1.00903 7.62939e-07
      vertex 66.2803 0.726272 7.62939e-07
    endloop
  endfacet
  facet normal 0 0 -1
    outer loop
      vertex 63.4039 -1.40971 7.62939e-07
      vertex 66.3511 1.00903 7.62939e-07
      vertex 66.279 0.722613 7.62939e-07
    endloop
  endfacet
  facet normal 0 0 -1
    outer loop
      vertex 66.1791 0.444648 7.62939e-07
      vertex 66.279 0.722613 7.62939e-07
      vertex 66.1808 0.448161 7.62939e-07
    endloop
  endfacet
  facet normal 0 0 -1
    outer loop
      vertex 63.4039 -1.40971 7.62939e-07
      vertex 66.279 0.722613 7.62939e-07
      vertex 66.1791 0.444648 7.62939e-07
    endloop
  endfacet
  facet normal 0 0 -1
    outer loop
      vertex 63.4039 -1.40971 7.62939e-07
      vertex 66.1791 0.444648 7.62939e-07
      vertex 66.0545 0.181143 7.62939e-07
    endloop
  endfacet
  facet normal 0 0 -1
    outer loop
      vertex 63.4039 -1.40971 7.62939e-07
      vertex 66.0545 0.181143 7.62939e-07
      vertex 65.9046 -0.0688776 7.62939e-07
    endloop
  endfacet
  facet normal 0 0 -1
    outer loop
      vertex 65.729 -0.306339 7.62939e-07
      vertex 65.9046 -0.0688776 7.62939e-07
      vertex 65.9026 -0.0722112 7.62939e-07
    endloop
  endfacet
  facet normal 0 0 -1
    outer loop
      vertex 65.9046 -0.0688776 7.62939e-07
      vertex 65.729 -0.306339 7.62939e-07
      vertex 63.4039 -1.40971 7.62939e-07
    endloop
  endfacet
  facet normal 0 0 -1
    outer loop
      vertex 65.7241 -0.312341 7.62939e-07
      vertex 65.729 -0.306339 7.62939e-07
      vertex 65.7267 -0.309461 7.62939e-07
    endloop
  endfacet
  facet normal 0 0 -1
    outer loop
      vertex 63.4039 -1.40971 7.62939e-07
      vertex 65.729 -0.306339 7.62939e-07
      vertex 65.7241 -0.312341 7.62939e-07
    endloop
  endfacet
  facet normal 0 0 -1
    outer loop
      vertex 63.4039 -1.40971 7.62939e-07
      vertex 65.7241 -0.312341 7.62939e-07
      vertex 65.5283 -0.528321 7.62939e-07
    endloop
  endfacet
  facet normal 0 0 -1
    outer loop
      vertex 63.4039 -1.40971 7.62939e-07
      vertex 65.5283 -0.528321 7.62939e-07
      vertex 65.3123 -0.724075 7.62939e-07
    endloop
  endfacet
  facet normal 0 0 -1
    outer loop
      vertex 65.3063 -0.729 7.62939e-07
      vertex 65.3123 -0.724075 7.62939e-07
      vertex 65.3095 -0.726685 7.62939e-07
    endloop
  endfacet
  facet normal 0 0 -1
    outer loop
      vertex 63.4039 -1.40971 7.62939e-07
      vertex 65.3123 -0.724075 7.62939e-07
      vertex 65.3063 -0.729 7.62939e-07
    endloop
  endfacet
  facet normal 0 0 -1
    outer loop
      vertex 65.0689 -0.904639 7.62939e-07
      vertex 65.3063 -0.729 7.62939e-07
      vertex 65.0722 -0.902641 7.62939e-07
    endloop
  endfacet
  facet normal 0 0 -1
    outer loop
      vertex 63.4039 -1.40971 7.62939e-07
      vertex 65.3063 -0.729 7.62939e-07
      vertex 65.0689 -0.904639 7.62939e-07
    endloop
  endfacet
  facet normal 0 0 -1
    outer loop
      vertex 64.5554 -1.17912 7.62939e-07
      vertex 65.0689 -0.904639 7.62939e-07
      vertex 64.8189 -1.05449 7.62939e-07
    endloop
  endfacet
  facet normal 0 0 -1
    outer loop
      vertex 64.2774 -1.27899 7.62939e-07
      vertex 65.0689 -0.904639 7.62939e-07
      vertex 64.5554 -1.17912 7.62939e-07
    endloop
  endfacet
  facet normal 0 0 -1
    outer loop
      vertex 64.2774 -1.27899 7.62939e-07
      vertex 64.5554 -1.17912 7.62939e-07
      vertex 64.5518 -1.18079 7.62939e-07
    endloop
  endfacet
  facet normal 0 0 -1
    outer loop
      vertex 63.991 -1.35112 7.62939e-07
      vertex 65.0689 -0.904639 7.62939e-07
      vertex 64.2774 -1.27899 7.62939e-07
    endloop
  endfacet
  facet normal 0 0 -1
    outer loop
      vertex 63.991 -1.35112 7.62939e-07
      vertex 64.2774 -1.27899 7.62939e-07
      vertex 64.2737 -1.2803 7.62939e-07
    endloop
  endfacet
  facet normal 0 0 -1
    outer loop
      vertex 63.9834 -1.35264 7.62939e-07
      vertex 65.0689 -0.904639 7.62939e-07
      vertex 63.991 -1.35112 7.62939e-07
    endloop
  endfacet
  facet normal 0 0 -1
    outer loop
      vertex 63.9834 -1.35264 7.62939e-07
      vertex 63.991 -1.35112 7.62939e-07
      vertex 63.9872 -1.35207 7.62939e-07
    endloop
  endfacet
  facet normal 0 0 -1
    outer loop
      vertex 63.695 -1.39541 7.62939e-07
      vertex 65.0689 -0.904639 7.62939e-07
      vertex 63.9834 -1.35264 7.62939e-07
    endloop
  endfacet
  facet normal 0 0 -1
    outer loop
      vertex 63.4039 -1.40971 7.62939e-07
      vertex 65.0689 -0.904639 7.62939e-07
      vertex 63.695 -1.39541 7.62939e-07
    endloop
  endfacet
  facet normal 0 0 -1
    outer loop
      vertex 66.4097 1.59612 7.62939e-07
      vertex 63.4039 -1.40971 7.62939e-07
      vertex 63.4 -1.4099 7.62939e-07
    endloop
  endfacet
  facet normal -0 0 -1
    outer loop
      vertex 66.4099 1.6 7.62939e-07
      vertex 63.4 -1.4099 7.62939e-07
      vertex 66.4099 2.9 7.62939e-07
    endloop
  endfacet
  facet normal 0 0 -1
    outer loop
      vertex 1.6 -1.4099 7.62939e-07
      vertex 66.4099 2.9 7.62939e-07
      vertex 63.4 -1.4099 7.62939e-07
    endloop
  endfacet
  facet normal 0 0 -1
    outer loop
      vertex -1.4099 1.6 7.62939e-07
      vertex 1.6 -1.4099 7.62939e-07
      vertex 1.59612 -1.40971 7.62939e-07
    endloop
  endfacet
  facet normal 0 0 -1
    outer loop
      vertex -1.40971 1.59612 7.62939e-07
      vertex 1.59612 -1.40971 7.62939e-07
      vertex 1.30498 -1.39541 7.62939e-07
    endloop
  endfacet
  facet normal 0 0 -1
    outer loop
      vertex -1.40971 1.59612 7.62939e-07
      vertex 1.30498 -1.39541 7.62939e-07
      vertex 1.01664 -1.35264 7.62939e-07
    endloop
  endfacet
  facet normal 0 0 -1
    outer loop
      vertex 1.00903 -1.35112 7.62939e-07
      vertex 1.01664 -1.35264 7.62939e-07
      vertex 1.0128 -1.35207 7.62939e-07
    endloop
  endfacet
  facet normal 0 0 -1
    outer loop
      vertex -1.40971 1.59612 7.62939e-07
      vertex 1.01664 -1.35264 7.62939e-07
      vertex 1.00903 -1.35112 7.62939e-07
    endloop
  endfacet
  facet normal 0 0 -1
    outer loop
      vertex 0.722612 -1.27899 7.62939e-07
      vertex 1.00903 -1.35112 7.62939e-07
      vertex 0.726271 -1.2803 7.62939e-07
    endloop
  endfacet
  facet normal 0 0 -1
    outer loop
      vertex -1.40971 1.59612 7.62939e-07
      vertex 1.00903 -1.35112 7.62939e-07
      vertex 0.722612 -1.27899 7.62939e-07
    endloop
  endfacet
  facet normal 0 0 -1
    outer loop
      vertex -1.40971 1.59612 7.62939e-07
      vertex 0.722612 -1.27899 7.62939e-07
      vertex 0.44816 -1.18079 7.62939e-07
    endloop
  endfacet
  facet normal 0 0 -1
    outer loop
      vertex -1.40971 1.59612 7.62939e-07
      vertex 0.44816 -1.18079 7.62939e-07
      vertex 0.184655 -1.05616 7.62939e-07
    endloop
  endfacet
  facet normal 0 0 -1
    outer loop
      vertex -0.0688776 -0.904639 7.62939e-07
      vertex 0.184655 -1.05616 7.62939e-07
      vertex 0.181142 -1.05449 7.62939e-07
    endloop
  endfacet
  facet normal 0 0 -1
    outer loop
      vertex 0.184655 -1.05616 7.62939e-07
      vertex -0.0688776 -0.904639 7.62939e-07
      vertex -1.40971 1.59612 7.62939e-07
    endloop
  endfacet
  facet normal 0 0 -1
    outer loop
      vertex -0.306339 -0.729 7.62939e-07
      vertex -0.0688776 -0.904639 7.62939e-07
      vertex -0.0722112 -0.902641 7.62939e-07
    endloop
  endfacet
  facet normal 0 0 -1
    outer loop
      vertex -0.0688776 -0.904639 7.62939e-07
      vertex -0.306339 -0.729 7.62939e-07
      vertex -1.40971 1.59612 7.62939e-07
    endloop
  endfacet
  facet normal 0 0 -1
    outer loop
      vertex -0.312341 -0.724075 7.62939e-07
      vertex -0.306339 -0.729 7.62939e-07
      vertex -0.309461 -0.726685 7.62939e-07
    endloop
  endfacet
  facet normal 0 0 -1
    outer loop
      vertex -1.40971 1.59612 7.62939e-07
      vertex -0.306339 -0.729 7.62939e-07
      vertex -0.312341 -0.724075 7.62939e-07
    endloop
  endfacet
  facet normal 0 0 -1
    outer loop
      vertex -1.40971 1.59612 7.62939e-07
      vertex -0.312341 -0.724075 7.62939e-07
      vertex -0.528321 -0.528321 7.62939e-07
    endloop
  endfacet
  facet normal 0 0 -1
    outer loop
      vertex -1.40971 1.59612 7.62939e-07
      vertex -0.528321 -0.528321 7.62939e-07
      vertex -0.724075 -0.312341 7.62939e-07
    endloop
  endfacet
  facet normal 0 0 -1
    outer loop
      vertex -0.729 -0.306339 7.62939e-07
      vertex -0.724075 -0.312341 7.62939e-07
      vertex -0.726685 -0.309461 7.62939e-07
    endloop
  endfacet
  facet normal 0 0 -1
    outer loop
      vertex -1.40971 1.59612 7.62939e-07
      vertex -0.724075 -0.312341 7.62939e-07
      vertex -0.729 -0.306339 7.62939e-07
    endloop
  endfacet
  facet normal 0 0 -1
    outer loop
      vertex -0.904639 -0.0688776 7.62939e-07
      vertex -0.729 -0.306339 7.62939e-07
      vertex -0.902641 -0.0722112 7.62939e-07
    endloop
  endfacet
  facet normal 0 0 -1
    outer loop
      vertex -1.40971 1.59612 7.62939e-07
      vertex -0.729 -0.306339 7.62939e-07
      vertex -0.904639 -0.0688776 7.62939e-07
    endloop
  endfacet
  facet normal 0 0 -1
    outer loop
      vertex -1.40971 1.59612 7.62939e-07
      vertex -0.904639 -0.0688776 7.62939e-07
      vertex -1.05449 0.181143 7.62939e-07
    endloop
  endfacet
  facet normal 0 0 -1
    outer loop
      vertex -1.40971 1.59612 7.62939e-07
      vertex -1.05449 0.181143 7.62939e-07
      vertex -1.17912 0.444648 7.62939e-07
    endloop
  endfacet
  facet normal 0 0 -1
    outer loop
      vertex -1.27899 0.722613 7.62939e-07
      vertex -1.17912 0.444648 7.62939e-07
      vertex -1.18079 0.448161 7.62939e-07
    endloop
  endfacet
  facet normal 0 0 -1
    outer loop
      vertex -1.17912 0.444648 7.62939e-07
      vertex -1.27899 0.722613 7.62939e-07
      vertex -1.40971 1.59612 7.62939e-07
    endloop
  endfacet
  facet normal 0 0 -1
    outer loop
      vertex -1.35112 1.00903 7.62939e-07
      vertex -1.27899 0.722613 7.62939e-07
      vertex -1.2803 0.726272 7.62939e-07
    endloop
  endfacet
  facet normal 0 0 -1
    outer loop
      vertex -1.27899 0.722613 7.62939e-07
      vertex -1.35112 1.00903 7.62939e-07
      vertex -1.40971 1.59612 7.62939e-07
    endloop
  endfacet
  facet normal 0 0 -1
    outer loop
      vertex -1.35264 1.01664 7.62939e-07
      vertex -1.35112 1.00903 7.62939e-07
      vertex -1.35207 1.0128 7.62939e-07
    endloop
  endfacet
  facet normal 0 0 -1
    outer loop
      vertex -1.40971 1.59612 7.62939e-07
      vertex -1.35112 1.00903 7.62939e-07
      vertex -1.35264 1.01664 7.62939e-07
    endloop
  endfacet
  facet normal 0 0 -1
    outer loop
      vertex -1.40971 1.59612 7.62939e-07
      vertex -1.35264 1.01664 7.62939e-07
      vertex -1.39541 1.30498 7.62939e-07
    endloop
  endfacet
  facet normal 0 0 -1
    outer loop
      vertex 1.59612 -1.40971 7.62939e-07
      vertex -1.40971 1.59612 7.62939e-07
      vertex -1.4099 1.6 7.62939e-07
    endloop
  endfacet
  facet normal 0 0 -1
    outer loop
      vertex 1.6 -1.4099 7.62939e-07
      vertex -1.4099 1.6 7.62939e-07
      vertex -1.4099 2.9 7.62939e-07
    endloop
  endfacet
  facet normal 0 0 -1
    outer loop
      vertex 1.6 -1.4099 7.62939e-07
      vertex -1.4099 2.9 7.62939e-07
      vertex 66.4099 2.9 7.62939e-07
    endloop
  endfacet
  facet normal 0 0 -1
    outer loop
      vertex 65.729 30.3063 7.62939e-07
      vertex 65.9046 30.0689 7.62939e-07
      vertex 66.0059 29.9 7.62939e-07
    endloop
  endfacet
  facet normal 0 0 -1
    outer loop
      vertex 65.9046 30.0689 7.62939e-07
      vertex 65.729 30.3063 7.62939e-07
      vertex 65.9026 30.0722 7.62939e-07
    endloop
  endfacet
  facet normal 0 0 -1
    outer loop
      vertex 65.7241 30.3123 7.62939e-07
      vertex 65.729 30.3063 7.62939e-07
      vertex 66.0059 29.9 7.62939e-07
    endloop
  endfacet
  facet normal 0 0 -1
    outer loop
      vertex 65.729 30.3063 7.62939e-07
      vertex 65.7241 30.3123 7.62939e-07
      vertex 65.7267 30.3095 7.62939e-07
    endloop
  endfacet
  facet normal 0 0 -1
    outer loop
      vertex 66.0059 29.9 7.62939e-07
      vertex 65.5283 30.5283 7.62939e-07
      vertex 65.7241 30.3123 7.62939e-07
    endloop
  endfacet
  facet normal 0 0 -1
    outer loop
      vertex 66.0059 29.9 7.62939e-07
      vertex 65.3123 30.7241 7.62939e-07
      vertex 65.5283 30.5283 7.62939e-07
    endloop
  endfacet
  facet normal 0 0 -1
    outer loop
      vertex 65.3063 30.729 7.62939e-07
      vertex 65.3123 30.7241 7.62939e-07
      vertex 66.0059 29.9 7.62939e-07
    endloop
  endfacet
  facet normal 0 0 -1
    outer loop
      vertex 65.3123 30.7241 7.62939e-07
      vertex 65.3063 30.729 7.62939e-07
      vertex 65.3095 30.7267 7.62939e-07
    endloop
  endfacet
  facet normal 0 0 -1
    outer loop
      vertex 65.0689 30.9046 7.62939e-07
      vertex 65.3063 30.729 7.62939e-07
      vertex 66.0059 29.9 7.62939e-07
    endloop
  endfacet
  facet normal 0 0 -1
    outer loop
      vertex 65.3063 30.729 7.62939e-07
      vertex 65.0689 30.9046 7.62939e-07
      vertex 65.0722 30.9026 7.62939e-07
    endloop
  endfacet
  facet normal 0 0 -1
    outer loop
      vertex 66.0059 29.9 7.62939e-07
      vertex 64.8189 31.0545 7.62939e-07
      vertex 65.0689 30.9046 7.62939e-07
    endloop
  endfacet
  facet normal 0 0 -1
    outer loop
      vertex 66.0059 29.9 7.62939e-07
      vertex 64.5554 31.1791 7.62939e-07
      vertex 64.8189 31.0545 7.62939e-07
    endloop
  endfacet
  facet normal 0 0 -1
    outer loop
      vertex 64.2774 31.279 7.62939e-07
      vertex 64.5554 31.1791 7.62939e-07
      vertex 66.0059 29.9 7.62939e-07
    endloop
  endfacet
  facet normal 0 0 -1
    outer loop
      vertex 64.5554 31.1791 7.62939e-07
      vertex 64.2774 31.279 7.62939e-07
      vertex 64.5518 31.1808 7.62939e-07
    endloop
  endfacet
  facet normal 0 0 -1
    outer loop
      vertex 63.991 31.3511 7.62939e-07
      vertex 64.2774 31.279 7.62939e-07
      vertex 66.0059 29.9 7.62939e-07
    endloop
  endfacet
  facet normal 0 0 -1
    outer loop
      vertex 64.2774 31.279 7.62939e-07
      vertex 63.991 31.3511 7.62939e-07
      vertex 64.2737 31.2803 7.62939e-07
    endloop
  endfacet
  facet normal 0 0 -1
    outer loop
      vertex 63.9834 31.3526 7.62939e-07
      vertex 63.991 31.3511 7.62939e-07
      vertex 66.0059 29.9 7.62939e-07
    endloop
  endfacet
  facet normal 0 0 -1
    outer loop
      vertex 63.991 31.3511 7.62939e-07
      vertex 63.9834 31.3526 7.62939e-07
      vertex 63.9872 31.3521 7.62939e-07
    endloop
  endfacet
  facet normal 0 0 -1
    outer loop
      vertex 66.0059 29.9 7.62939e-07
      vertex 63.695 31.3954 7.62939e-07
      vertex 63.9834 31.3526 7.62939e-07
    endloop
  endfacet
  facet normal 0 0 -1
    outer loop
      vertex 66.0059 29.9 7.62939e-07
      vertex 63.4039 31.4097 7.62939e-07
      vertex 63.695 31.3954 7.62939e-07
    endloop
  endfacet
  facet normal 0 0 -1
    outer loop
      vertex 66.0059 29.9 7.62939e-07
      vertex 63.4 31.4099 7.62939e-07
      vertex 63.4039 31.4097 7.62939e-07
    endloop
  endfacet
  facet normal 0 0 -1
    outer loop
      vertex 66.0059 29.9 7.62939e-07
      vertex 1.6 31.4099 7.62939e-07
      vertex 63.4 31.4099 7.62939e-07
    endloop
  endfacet
  facet normal 0 0 -1
    outer loop
      vertex -1.00586 29.9 7.62939e-07
      vertex 1.6 31.4099 7.62939e-07
      vertex 66.0059 29.9 7.62939e-07
    endloop
  endfacet
  facet normal 0 0 -1
    outer loop
      vertex 1.6 31.4099 7.62939e-07
      vertex -1.00586 29.9 7.62939e-07
      vertex 1.59612 31.4097 7.62939e-07
    endloop
  endfacet
  facet normal 0 0 -1
    outer loop
      vertex 1.59612 31.4097 7.62939e-07
      vertex -1.00586 29.9 7.62939e-07
      vertex 1.30498 31.3954 7.62939e-07
    endloop
  endfacet
  facet normal 0 0 -1
    outer loop
      vertex 1.30498 31.3954 7.62939e-07
      vertex -1.00586 29.9 7.62939e-07
      vertex 1.01664 31.3526 7.62939e-07
    endloop
  endfacet
  facet normal 0 -0 -1
    outer loop
      vertex 1.00903 31.3511 7.62939e-07
      vertex 1.01664 31.3526 7.62939e-07
      vertex -1.00586 29.9 7.62939e-07
    endloop
  endfacet
  facet normal 0 0 -1
    outer loop
      vertex 1.01664 31.3526 7.62939e-07
      vertex 1.00903 31.3511 7.62939e-07
      vertex 1.0128 31.3521 7.62939e-07
    endloop
  endfacet
  facet normal 0 -0 -1
    outer loop
      vertex 0.722612 31.279 7.62939e-07
      vertex 1.00903 31.3511 7.62939e-07
      vertex -1.00586 29.9 7.62939e-07
    endloop
  endfacet
  facet normal 0 0 -1
    outer loop
      vertex 1.00903 31.3511 7.62939e-07
      vertex 0.722612 31.279 7.62939e-07
      vertex 0.726271 31.2803 7.62939e-07
    endloop
  endfacet
  facet normal 0 0 -1
    outer loop
      vertex 0.722612 31.279 7.62939e-07
      vertex -1.00586 29.9 7.62939e-07
      vertex 0.44816 31.1808 7.62939e-07
    endloop
  endfacet
  facet normal 0 0 -1
    outer loop
      vertex 0.44816 31.1808 7.62939e-07
      vertex -1.00586 29.9 7.62939e-07
      vertex 0.184655 31.0562 7.62939e-07
    endloop
  endfacet
  facet normal 0 -0 -1
    outer loop
      vertex -0.0688776 30.9046 7.62939e-07
      vertex 0.184655 31.0562 7.62939e-07
      vertex -1.00586 29.9 7.62939e-07
    endloop
  endfacet
  facet normal 0 0 -1
    outer loop
      vertex 0.184655 31.0562 7.62939e-07
      vertex -0.0688776 30.9046 7.62939e-07
      vertex 0.181142 31.0545 7.62939e-07
    endloop
  endfacet
  facet normal 0 -0 -1
    outer loop
      vertex -0.306339 30.729 7.62939e-07
      vertex -0.0688776 30.9046 7.62939e-07
      vertex -1.00586 29.9 7.62939e-07
    endloop
  endfacet
  facet normal 0 0 -1
    outer loop
      vertex -0.0688776 30.9046 7.62939e-07
      vertex -0.306339 30.729 7.62939e-07
      vertex -0.0722112 30.9026 7.62939e-07
    endloop
  endfacet
  facet normal 0 -0 -1
    outer loop
      vertex -0.312341 30.7241 7.62939e-07
      vertex -0.306339 30.729 7.62939e-07
      vertex -1.00586 29.9 7.62939e-07
    endloop
  endfacet
  facet normal 0 0 -1
    outer loop
      vertex -0.306339 30.729 7.62939e-07
      vertex -0.312341 30.7241 7.62939e-07
      vertex -0.309461 30.7267 7.62939e-07
    endloop
  endfacet
  facet normal 0 0 -1
    outer loop
      vertex -0.312341 30.7241 7.62939e-07
      vertex -1.00586 29.9 7.62939e-07
      vertex -0.528321 30.5283 7.62939e-07
    endloop
  endfacet
  facet normal 0 0 -1
    outer loop
      vertex -0.528321 30.5283 7.62939e-07
      vertex -1.00586 29.9 7.62939e-07
      vertex -0.724075 30.3123 7.62939e-07
    endloop
  endfacet
  facet normal 0 -0 -1
    outer loop
      vertex -0.729 30.3063 7.62939e-07
      vertex -0.724075 30.3123 7.62939e-07
      vertex -1.00586 29.9 7.62939e-07
    endloop
  endfacet
  facet normal 0 0 -1
    outer loop
      vertex -0.724075 30.3123 7.62939e-07
      vertex -0.729 30.3063 7.62939e-07
      vertex -0.726685 30.3095 7.62939e-07
    endloop
  endfacet
  facet normal 0 0 -1
    outer loop
      vertex -0.729 30.3063 7.62939e-07
      vertex -0.904639 30.0689 7.62939e-07
      vertex -0.902641 30.0722 7.62939e-07
    endloop
  endfacet
  facet normal 0 0 -1
    outer loop
      vertex -0.729 30.3063 7.62939e-07
      vertex -1.00586 29.9 7.62939e-07
      vertex -0.904639 30.0689 7.62939e-07
    endloop
  endfacet
  facet normal 0.427556 0.903989 -0
    outer loop
      vertex 0.834633 -0.247759 3.8
      vertex 0.657206 -0.163842 15.8
      vertex 0.834633 -0.247759 15.8
    endloop
  endfacet
  facet normal 0.427556 0.903989 0
    outer loop
      vertex 0.657206 -0.163842 15.8
      vertex 0.834633 -0.247759 3.8
      vertex 0.657206 -0.163842 3.8
    endloop
  endfacet
  facet normal -0.427609 0.903964 0
    outer loop
      vertex 64.3428 -0.163842 3.8
      vertex 64.1654 -0.247759 15.8
      vertex 64.3428 -0.163842 15.8
    endloop
  endfacet
  facet normal -0.427609 0.903964 0
    outer loop
      vertex 64.1654 -0.247759 15.8
      vertex 64.3428 -0.163842 3.8
      vertex 64.1654 -0.247759 3.8
    endloop
  endfacet
  facet normal -0.94158 -0.336788 0
    outer loop
      vertex 65.3139 28.9806 3.8
      vertex 65.2478 29.1654 15.8
      vertex 65.2478 29.1654 3.8
    endloop
  endfacet
  facet normal -0.94158 -0.336788 0
    outer loop
      vertex 65.2478 29.1654 15.8
      vertex 65.3139 28.9806 3.8
      vertex 65.3139 28.9806 15.8
    endloop
  endfacet
  facet normal 0.989177 0.146728 0
    outer loop
      vertex -0.36157 1.20982 15.8
      vertex -0.390369 1.40397 3.8
      vertex -0.390369 1.40397 15.8
    endloop
  endfacet
  facet normal 0.989177 0.146728 0
    outer loop
      vertex -0.390369 1.40397 3.8
      vertex -0.36157 1.20982 15.8
      vertex -0.36157 1.20982 3.8
    endloop
  endfacet
  facet normal -0.146696 -0.989182 0
    outer loop
      vertex 63.596 30.3904 3.8
      vertex 63.7902 30.3616 15.8
      vertex 63.596 30.3904 15.8
    endloop
  endfacet
  facet normal -0.146696 -0.989182 -0
    outer loop
      vertex 63.7902 30.3616 15.8
      vertex 63.596 30.3904 3.8
      vertex 63.7902 30.3616 3.8
    endloop
  endfacet
  facet normal 0 1 -0
    outer loop
      vertex 63.4 -0.4 3.8
      vertex 1.6 -0.4 15.8
      vertex 63.4 -0.4 15.8
    endloop
  endfacet
  facet normal 0 1 0
    outer loop
      vertex 1.6 -0.4 15.8
      vertex 63.4 -0.4 3.8
      vertex 1.6 -0.4 3.8
    endloop
  endfacet
  facet normal -0.903825 0.427902 0
    outer loop
      vertex 65.1638 0.657207 3.8
      vertex 65.2478 0.834634 15.8
      vertex 65.2478 0.834634 3.8
    endloop
  endfacet
  facet normal -0.903825 0.427902 0
    outer loop
      vertex 65.2478 0.834634 15.8
      vertex 65.1638 0.657207 3.8
      vertex 65.1638 0.657207 15.8
    endloop
  endfacet
  facet normal -0.941578 0.336795 0
    outer loop
      vertex 65.2478 0.834634 3.8
      vertex 65.3139 1.01943 15.8
      vertex 65.3139 1.01943 3.8
    endloop
  endfacet
  facet normal -0.941578 0.336795 0
    outer loop
      vertex 65.3139 1.01943 15.8
      vertex 65.2478 0.834634 3.8
      vertex 65.2478 0.834634 15.8
    endloop
  endfacet
  facet normal -0.427955 -0.9038 0
    outer loop
      vertex 64.1654 30.2478 3.8
      vertex 64.3428 30.1638 15.8
      vertex 64.1654 30.2478 15.8
    endloop
  endfacet
  facet normal -0.427955 -0.9038 -0
    outer loop
      vertex 64.3428 30.1638 15.8
      vertex 64.1654 30.2478 3.8
      vertex 64.3428 30.1638 3.8
    endloop
  endfacet
  facet normal 1 0 0
    outer loop
      vertex -0.4 8.5 15.8
      vertex -0.4 1.6 15.8
      vertex -0.4 8.5 13.3
    endloop
  endfacet
  facet normal 1 0 0
    outer loop
      vertex -0.4 20.2 13.3
      vertex -0.4 28.4 15.8
      vertex -0.4 20.2 15.8
    endloop
  endfacet
  facet normal 1 0 0
    outer loop
      vertex -0.4 28.4 15.8
      vertex -0.4 20.2 13.3
      vertex -0.4 28.4 3.8
    endloop
  endfacet
  facet normal 1 0 0
    outer loop
      vertex -0.4 1.6 3.8
      vertex -0.4 20.2 13.3
      vertex -0.4 8.5 13.3
    endloop
  endfacet
  facet normal 1 0 0
    outer loop
      vertex -0.4 1.6 3.8
      vertex -0.4 8.5 13.3
      vertex -0.4 1.6 15.8
    endloop
  endfacet
  facet normal 1 0 0
    outer loop
      vertex -0.4 20.2 13.3
      vertex -0.4 1.6 3.8
      vertex -0.4 28.4 3.8
    endloop
  endfacet
  facet normal 0.146736 0.989176 -0
    outer loop
      vertex 1.40396 -0.390369 3.8
      vertex 1.20982 -0.36157 15.8
      vertex 1.40396 -0.390369 15.8
    endloop
  endfacet
  facet normal 0.146736 0.989176 0
    outer loop
      vertex 1.20982 -0.36157 15.8
      vertex 1.40396 -0.390369 3.8
      vertex 1.20982 -0.36157 3.8
    endloop
  endfacet
  facet normal 0.998795 -0.0490785 0
    outer loop
      vertex -0.4 28.4 15.8
      vertex -0.390369 28.596 3.8
      vertex -0.390369 28.596 15.8
    endloop
  endfacet
  facet normal 0.998795 -0.0490785 0
    outer loop
      vertex -0.390369 28.596 3.8
      vertex -0.4 28.4 15.8
      vertex -0.4 28.4 3.8
    endloop
  endfacet
  facet normal -0.803252 0.595639 0
    outer loop
      vertex 64.946 0.331214 3.8
      vertex 65.0629 0.48886 15.8
      vertex 65.0629 0.48886 3.8
    endloop
  endfacet
  facet normal -0.803252 0.595639 0
    outer loop
      vertex 65.0629 0.48886 15.8
      vertex 64.946 0.331214 3.8
      vertex 64.946 0.331214 15.8
    endloop
  endfacet
  facet normal 0 -1 0
    outer loop
      vertex 1.6 30.4 15.8
      vertex 5.8 30.4 12.3
      vertex 5.8 30.4 15.8
    endloop
  endfacet
  facet normal 0 -1 0
    outer loop
      vertex 1.6 30.4 3.8
      vertex 18.9 30.4 12.3
      vertex 5.8 30.4 12.3
    endloop
  endfacet
  facet normal 0 -1 0
    outer loop
      vertex 63.4 30.4 3.8
      vertex 44.4 30.4 12
      vertex 33.8 30.4 12
    endloop
  endfacet
  facet normal 0 -1 0
    outer loop
      vertex 44.4 30.4 12
      vertex 63.4 30.4 3.8
      vertex 48.3 30.4 12
    endloop
  endfacet
  facet normal 0 -1 0
    outer loop
      vertex 63.4 30.4 3.8
      vertex 33.8 30.4 12
      vertex 1.6 30.4 3.8
    endloop
  endfacet
  facet normal 0 -1 -0
    outer loop
      vertex 18.9 30.4 12.3
      vertex 1.6 30.4 3.8
      vertex 33.8 30.4 12
    endloop
  endfacet
  facet normal 0 -1 0
    outer loop
      vertex 1.6 30.4 3.8
      vertex 5.8 30.4 12.3
      vertex 1.6 30.4 15.8
    endloop
  endfacet
  facet normal 0 -1 0
    outer loop
      vertex 18.9 30.4 12.3
      vertex 33.8 30.4 15.8
      vertex 18.9 30.4 15.8
    endloop
  endfacet
  facet normal 0 -1 -0
    outer loop
      vertex 33.8 30.4 15.8
      vertex 18.9 30.4 12.3
      vertex 33.8 30.4 12
    endloop
  endfacet
  facet normal 0 -1 0
    outer loop
      vertex 44.4 30.4 12
      vertex 48.3 30.4 15.8
      vertex 44.4 30.4 15.8
    endloop
  endfacet
  facet normal 0 -1 -0
    outer loop
      vertex 48.3 30.4 15.8
      vertex 44.4 30.4 12
      vertex 48.3 30.4 12
    endloop
  endfacet
  facet normal 0 -1 0
    outer loop
      vertex 58.9 30.4 12
      vertex 63.4 30.4 15.8
      vertex 58.9 30.4 15.8
    endloop
  endfacet
  facet normal 0 -1 0
    outer loop
      vertex 58.9 30.4 12
      vertex 63.4 30.4 3.8
      vertex 63.4 30.4 15.8
    endloop
  endfacet
  facet normal 0 -1 0
    outer loop
      vertex 48.3 30.4 12
      vertex 63.4 30.4 3.8
      vertex 58.9 30.4 12
    endloop
  endfacet
  facet normal -1 0 0
    outer loop
      vertex 65.4 28.4 3.8
      vertex 65.4 14.6 9.8
      vertex 65.4 28.4 15.8
    endloop
  endfacet
  facet normal -1 0 0
    outer loop
      vertex 65.4 1.6 3.8
      vertex 65.4 14.6 9.8
      vertex 65.4 28.4 3.8
    endloop
  endfacet
  facet normal -1 -0 0
    outer loop
      vertex 65.4 14.6 9.8
      vertex 65.4 1.6 3.8
      vertex 65.4 6.4 9.8
    endloop
  endfacet
  facet normal -1 0 0
    outer loop
      vertex 65.4 1.6 15.8
      vertex 65.4 6.4 9.8
      vertex 65.4 1.6 3.8
    endloop
  endfacet
  facet normal -1 0 0
    outer loop
      vertex 65.4 6.4 9.8
      vertex 65.4 1.6 15.8
      vertex 65.4 6.4 15.8
    endloop
  endfacet
  facet normal -1 -0 0
    outer loop
      vertex 65.4 28.4 15.8
      vertex 65.4 14.6 9.8
      vertex 65.4 14.6 15.8
    endloop
  endfacet
  facet normal -0.857673 -0.514196 0
    outer loop
      vertex 65.1638 29.3428 3.8
      vertex 65.0629 29.5111 15.8
      vertex 65.0629 29.5111 3.8
    endloop
  endfacet
  facet normal -0.857673 -0.514196 0
    outer loop
      vertex 65.0629 29.5111 15.8
      vertex 65.1638 29.3428 3.8
      vertex 65.1638 29.3428 15.8
    endloop
  endfacet
  facet normal -0.970023 -0.243015 0
    outer loop
      vertex 65.3616 28.7902 3.8
      vertex 65.3139 28.9806 15.8
      vertex 65.3139 28.9806 3.8
    endloop
  endfacet
  facet normal -0.970023 -0.243015 0
    outer loop
      vertex 65.3139 28.9806 15.8
      vertex 65.3616 28.7902 3.8
      vertex 65.3616 28.7902 15.8
    endloop
  endfacet
  facet normal 0.998795 0.049071 0
    outer loop
      vertex -0.390369 1.40397 15.8
      vertex -0.4 1.6 3.8
      vertex -0.4 1.6 15.8
    endloop
  endfacet
  facet normal 0.998795 0.049071 0
    outer loop
      vertex -0.4 1.6 3.8
      vertex -0.390369 1.40397 15.8
      vertex -0.390369 1.40397 3.8
    endloop
  endfacet
  facet normal 0.0490686 0.998795 -0
    outer loop
      vertex 1.6 -0.4 3.8
      vertex 1.40396 -0.390369 15.8
      vertex 1.6 -0.4 15.8
    endloop
  endfacet
  facet normal 0.0490686 0.998795 0
    outer loop
      vertex 1.40396 -0.390369 15.8
      vertex 1.6 -0.4 3.8
      vertex 1.40396 -0.390369 3.8
    endloop
  endfacet
  facet normal -0.0490785 0.998795 0
    outer loop
      vertex 63.596 -0.390369 3.8
      vertex 63.4 -0.4 15.8
      vertex 63.596 -0.390369 15.8
    endloop
  endfacet
  facet normal -0.0490785 0.998795 0
    outer loop
      vertex 63.4 -0.4 15.8
      vertex 63.596 -0.390369 3.8
      vertex 63.4 -0.4 3.8
    endloop
  endfacet
  facet normal -0.989182 -0.146696 0
    outer loop
      vertex 65.3904 28.596 3.8
      vertex 65.3616 28.7902 15.8
      vertex 65.3616 28.7902 3.8
    endloop
  endfacet
  facet normal -0.989182 -0.146696 0
    outer loop
      vertex 65.3616 28.7902 15.8
      vertex 65.3904 28.596 3.8
      vertex 65.3904 28.596 15.8
    endloop
  endfacet
  facet normal -0.998803 0.0489135 0
    outer loop
      vertex 65.3904 1.40397 3.8
      vertex 65.4 1.6 15.8
      vertex 65.4 1.6 3.8
    endloop
  endfacet
  facet normal -0.998803 0.0489135 0
    outer loop
      vertex 65.4 1.6 15.8
      vertex 65.3904 1.40397 3.8
      vertex 65.3904 1.40397 15.8
    endloop
  endfacet
  facet normal -0.989176 0.146733 0
    outer loop
      vertex 65.3616 1.20982 3.8
      vertex 65.3904 1.40397 15.8
      vertex 65.3904 1.40397 3.8
    endloop
  endfacet
  facet normal -0.989176 0.146733 0
    outer loop
      vertex 65.3904 1.40397 15.8
      vertex 65.3616 1.20982 3.8
      vertex 65.3616 1.20982 15.8
    endloop
  endfacet
  facet normal 0.514103 0.857729 -0
    outer loop
      vertex 0.657206 -0.163842 3.8
      vertex 0.488859 -0.0629387 15.8
      vertex 0.657206 -0.163842 15.8
    endloop
  endfacet
  facet normal 0.514103 0.857729 0
    outer loop
      vertex 0.488859 -0.0629387 15.8
      vertex 0.657206 -0.163842 3.8
      vertex 0.488859 -0.0629387 3.8
    endloop
  endfacet
  facet normal -0.595569 0.803304 0
    outer loop
      vertex 64.6688 0.0539799 3.8
      vertex 64.5111 -0.0629387 15.8
      vertex 64.6688 0.0539799 15.8
    endloop
  endfacet
  facet normal -0.595569 0.803304 0
    outer loop
      vertex 64.5111 -0.0629387 15.8
      vertex 64.6688 0.0539799 3.8
      vertex 64.5111 -0.0629387 3.8
    endloop
  endfacet
  facet normal 0.336793 -0.941579 0
    outer loop
      vertex 0.834633 30.2478 3.8
      vertex 1.01943 30.3139 15.8
      vertex 0.834633 30.2478 15.8
    endloop
  endfacet
  facet normal 0.336793 -0.941579 0
    outer loop
      vertex 1.01943 30.3139 15.8
      vertex 0.834633 30.2478 3.8
      vertex 1.01943 30.3139 3.8
    endloop
  endfacet
  facet normal -0.595508 -0.80335 0
    outer loop
      vertex 64.5111 30.0629 3.8
      vertex 64.6688 29.946 15.8
      vertex 64.5111 30.0629 15.8
    endloop
  endfacet
  facet normal -0.595508 -0.80335 -0
    outer loop
      vertex 64.6688 29.946 15.8
      vertex 64.5111 30.0629 3.8
      vertex 64.6688 29.946 3.8
    endloop
  endfacet
  facet normal 0.048911 -0.998803 0
    outer loop
      vertex 1.40396 30.3904 3.8
      vertex 1.6 30.4 15.8
      vertex 1.40396 30.3904 15.8
    endloop
  endfacet
  facet normal 0.048911 -0.998803 0
    outer loop
      vertex 1.6 30.4 15.8
      vertex 1.40396 30.3904 3.8
      vertex 1.6 30.4 3.8
    endloop
  endfacet
  facet normal -0.740908 -0.671607 0
    outer loop
      vertex 64.946 29.6688 3.8
      vertex 64.8142 29.8142 15.8
      vertex 64.8142 29.8142 3.8
    endloop
  endfacet
  facet normal -0.740908 -0.671607 0
    outer loop
      vertex 64.8142 29.8142 15.8
      vertex 64.946 29.6688 3.8
      vertex 64.946 29.6688 15.8
    endloop
  endfacet
  facet normal 0.803209 0.595697 0
    outer loop
      vertex 0.0539789 0.331214 15.8
      vertex -0.0629387 0.48886 3.8
      vertex -0.0629387 0.48886 15.8
    endloop
  endfacet
  facet normal 0.803209 0.595697 0
    outer loop
      vertex -0.0629387 0.48886 3.8
      vertex 0.0539789 0.331214 15.8
      vertex 0.0539789 0.331214 3.8
    endloop
  endfacet
  facet normal 0.336888 0.941545 -0
    outer loop
      vertex 1.01943 -0.31388 3.8
      vertex 0.834633 -0.247759 15.8
      vertex 1.01943 -0.31388 15.8
    endloop
  endfacet
  facet normal 0.336888 0.941545 0
    outer loop
      vertex 0.834633 -0.247759 15.8
      vertex 1.01943 -0.31388 3.8
      vertex 0.834633 -0.247759 3.8
    endloop
  endfacet
  facet normal 0.242979 0.970032 -0
    outer loop
      vertex 1.20982 -0.36157 3.8
      vertex 1.01943 -0.31388 15.8
      vertex 1.20982 -0.36157 15.8
    endloop
  endfacet
  facet normal 0.242979 0.970032 0
    outer loop
      vertex 1.01943 -0.31388 15.8
      vertex 1.20982 -0.36157 3.8
      vertex 1.01943 -0.31388 3.8
    endloop
  endfacet
  facet normal -0.514208 0.857665 0
    outer loop
      vertex 64.5111 -0.0629387 3.8
      vertex 64.3428 -0.163842 15.8
      vertex 64.5111 -0.0629387 15.8
    endloop
  endfacet
  facet normal -0.514208 0.857665 0
    outer loop
      vertex 64.3428 -0.163842 15.8
      vertex 64.5111 -0.0629387 3.8
      vertex 64.3428 -0.163842 3.8
    endloop
  endfacet
  facet normal -0.857736 0.51409 0
    outer loop
      vertex 65.0629 0.48886 3.8
      vertex 65.1638 0.657207 15.8
      vertex 65.1638 0.657207 3.8
    endloop
  endfacet
  facet normal -0.857736 0.51409 0
    outer loop
      vertex 65.1638 0.657207 15.8
      vertex 65.0629 0.48886 3.8
      vertex 65.0629 0.48886 15.8
    endloop
  endfacet
  facet normal 0.427902 -0.903825 0
    outer loop
      vertex 0.657206 30.1638 3.8
      vertex 0.834633 30.2478 15.8
      vertex 0.657206 30.1638 15.8
    endloop
  endfacet
  facet normal 0.427902 -0.903825 0
    outer loop
      vertex 0.834633 30.2478 15.8
      vertex 0.657206 30.1638 3.8
      vertex 0.834633 30.2478 3.8
    endloop
  endfacet
  facet normal -0.9038 -0.427955 0
    outer loop
      vertex 65.2478 29.1654 3.8
      vertex 65.1638 29.3428 15.8
      vertex 65.1638 29.3428 3.8
    endloop
  endfacet
  facet normal -0.9038 -0.427955 0
    outer loop
      vertex 65.1638 29.3428 15.8
      vertex 65.2478 29.1654 3.8
      vertex 65.2478 29.1654 15.8
    endloop
  endfacet
  facet normal -0.970019 0.243027 0
    outer loop
      vertex 65.3139 1.01943 3.8
      vertex 65.3616 1.20982 15.8
      vertex 65.3616 1.20982 3.8
    endloop
  endfacet
  facet normal -0.970019 0.243027 0
    outer loop
      vertex 65.3616 1.20982 15.8
      vertex 65.3139 1.01943 3.8
      vertex 65.3139 1.01943 15.8
    endloop
  endfacet
  facet normal 0.146741 -0.989175 0
    outer loop
      vertex 1.20982 30.3616 3.8
      vertex 1.40396 30.3904 15.8
      vertex 1.20982 30.3616 15.8
    endloop
  endfacet
  facet normal 0.146741 -0.989175 0
    outer loop
      vertex 1.40396 30.3904 15.8
      vertex 1.20982 30.3616 3.8
      vertex 1.40396 30.3904 3.8
    endloop
  endfacet
  facet normal -0.242967 0.970035 0
    outer loop
      vertex 63.9806 -0.31388 3.8
      vertex 63.7902 -0.36157 15.8
      vertex 63.9806 -0.31388 15.8
    endloop
  endfacet
  facet normal -0.242967 0.970035 0
    outer loop
      vertex 63.7902 -0.36157 15.8
      vertex 63.9806 -0.31388 3.8
      vertex 63.7902 -0.36157 3.8
    endloop
  endfacet
  facet normal -0.74097 0.671538 0
    outer loop
      vertex 64.8142 0.185787 3.8
      vertex 64.946 0.331214 15.8
      vertex 64.946 0.331214 3.8
    endloop
  endfacet
  facet normal -0.74097 0.671538 0
    outer loop
      vertex 64.946 0.331214 15.8
      vertex 64.8142 0.185787 3.8
      vertex 64.8142 0.185787 15.8
    endloop
  endfacet
  facet normal -0.146691 0.989182 0
    outer loop
      vertex 63.7902 -0.36157 3.8
      vertex 63.596 -0.390369 15.8
      vertex 63.7902 -0.36157 15.8
    endloop
  endfacet
  facet normal -0.146691 0.989182 0
    outer loop
      vertex 63.596 -0.390369 15.8
      vertex 63.7902 -0.36157 3.8
      vertex 63.596 -0.390369 3.8
    endloop
  endfacet
  facet normal 0.5957 0.803207 -0
    outer loop
      vertex 0.488859 -0.0629387 3.8
      vertex 0.331213 0.0539799 15.8
      vertex 0.488859 -0.0629387 15.8
    endloop
  endfacet
  facet normal 0.5957 0.803207 0
    outer loop
      vertex 0.331213 0.0539799 15.8
      vertex 0.488859 -0.0629387 3.8
      vertex 0.331213 0.0539799 3.8
    endloop
  endfacet
  facet normal -0.0489209 -0.998803 0
    outer loop
      vertex 63.4 30.4 3.8
      vertex 63.596 30.3904 15.8
      vertex 63.4 30.4 15.8
    endloop
  endfacet
  facet normal -0.0489209 -0.998803 -0
    outer loop
      vertex 63.596 30.3904 15.8
      vertex 63.4 30.4 3.8
      vertex 63.596 30.3904 3.8
    endloop
  endfacet
  facet normal -0.514196 -0.857673 0
    outer loop
      vertex 64.3428 30.1638 3.8
      vertex 64.5111 30.0629 15.8
      vertex 64.3428 30.1638 15.8
    endloop
  endfacet
  facet normal -0.514196 -0.857673 -0
    outer loop
      vertex 64.5111 30.0629 15.8
      vertex 64.3428 30.1638 3.8
      vertex 64.5111 30.0629 3.8
    endloop
  endfacet
  facet normal 0.903989 0.427556 0
    outer loop
      vertex -0.163842 0.657207 15.8
      vertex -0.247759 0.834634 3.8
      vertex -0.247759 0.834634 15.8
    endloop
  endfacet
  facet normal 0.903989 0.427556 0
    outer loop
      vertex -0.247759 0.834634 3.8
      vertex -0.163842 0.657207 15.8
      vertex -0.163842 0.657207 3.8
    endloop
  endfacet
  facet normal 0.989182 -0.146691 0
    outer loop
      vertex -0.390369 28.596 15.8
      vertex -0.36157 28.7902 3.8
      vertex -0.36157 28.7902 15.8
    endloop
  endfacet
  facet normal 0.989182 -0.146691 0
    outer loop
      vertex -0.36157 28.7902 3.8
      vertex -0.390369 28.596 15.8
      vertex -0.390369 28.596 3.8
    endloop
  endfacet
  facet normal 0.903964 -0.427609 0
    outer loop
      vertex -0.247759 29.1654 15.8
      vertex -0.163842 29.3428 3.8
      vertex -0.163842 29.3428 15.8
    endloop
  endfacet
  facet normal 0.903964 -0.427609 0
    outer loop
      vertex -0.163842 29.3428 3.8
      vertex -0.247759 29.1654 15.8
      vertex -0.247759 29.1654 3.8
    endloop
  endfacet
  facet normal -0.336883 0.941546 0
    outer loop
      vertex 64.1654 -0.247759 3.8
      vertex 63.9806 -0.31388 15.8
      vertex 64.1654 -0.247759 15.8
    endloop
  endfacet
  facet normal -0.336883 0.941546 0
    outer loop
      vertex 63.9806 -0.31388 15.8
      vertex 64.1654 -0.247759 3.8
      vertex 63.9806 -0.31388 3.8
    endloop
  endfacet
  facet normal 0.740952 0.671558 0
    outer loop
      vertex 0.185786 0.185787 15.8
      vertex 0.0539789 0.331214 3.8
      vertex 0.0539789 0.331214 15.8
    endloop
  endfacet
  facet normal 0.740952 0.671558 0
    outer loop
      vertex 0.0539789 0.331214 3.8
      vertex 0.185786 0.185787 15.8
      vertex 0.185786 0.185787 3.8
    endloop
  endfacet
  facet normal 0.595639 -0.803252 0
    outer loop
      vertex 0.331213 29.946 3.8
      vertex 0.488859 30.0629 15.8
      vertex 0.331213 29.946 15.8
    endloop
  endfacet
  facet normal 0.595639 -0.803252 0
    outer loop
      vertex 0.488859 30.0629 15.8
      vertex 0.331213 29.946 3.8
      vertex 0.488859 30.0629 3.8
    endloop
  endfacet
  facet normal -0.243015 -0.970023 0
    outer loop
      vertex 63.7902 30.3616 3.8
      vertex 63.9806 30.3139 15.8
      vertex 63.7902 30.3616 15.8
    endloop
  endfacet
  facet normal -0.243015 -0.970023 -0
    outer loop
      vertex 63.9806 30.3139 15.8
      vertex 63.7902 30.3616 3.8
      vertex 63.9806 30.3139 3.8
    endloop
  endfacet
  facet normal -0.671627 0.74089 0
    outer loop
      vertex 64.8142 0.185787 3.8
      vertex 64.6688 0.0539799 15.8
      vertex 64.8142 0.185787 15.8
    endloop
  endfacet
  facet normal -0.671627 0.74089 0
    outer loop
      vertex 64.6688 0.0539799 15.8
      vertex 64.8142 0.185787 3.8
      vertex 64.6688 0.0539799 3.8
    endloop
  endfacet
  facet normal 0.51409 -0.857736 0
    outer loop
      vertex 0.488859 30.0629 3.8
      vertex 0.657206 30.1638 15.8
      vertex 0.488859 30.0629 15.8
    endloop
  endfacet
  facet normal 0.51409 -0.857736 0
    outer loop
      vertex 0.657206 30.1638 15.8
      vertex 0.488859 30.0629 3.8
      vertex 0.657206 30.1638 3.8
    endloop
  endfacet
  facet normal -0.336788 -0.94158 0
    outer loop
      vertex 63.9806 30.3139 3.8
      vertex 64.1654 30.2478 15.8
      vertex 63.9806 30.3139 15.8
    endloop
  endfacet
  facet normal -0.336788 -0.94158 -0
    outer loop
      vertex 64.1654 30.2478 15.8
      vertex 63.9806 30.3139 3.8
      vertex 64.1654 30.2478 3.8
    endloop
  endfacet
  facet normal -0.671607 -0.740908 0
    outer loop
      vertex 64.6688 29.946 3.8
      vertex 64.8142 29.8142 15.8
      vertex 64.6688 29.946 15.8
    endloop
  endfacet
  facet normal -0.671607 -0.740908 -0
    outer loop
      vertex 64.8142 29.8142 15.8
      vertex 64.6688 29.946 3.8
      vertex 64.8142 29.8142 3.8
    endloop
  endfacet
  facet normal 0.857729 0.514103 0
    outer loop
      vertex -0.0629387 0.48886 15.8
      vertex -0.163842 0.657207 3.8
      vertex -0.163842 0.657207 15.8
    endloop
  endfacet
  facet normal 0.857729 0.514103 0
    outer loop
      vertex -0.163842 0.657207 3.8
      vertex -0.0629387 0.48886 15.8
      vertex -0.0629387 0.48886 3.8
    endloop
  endfacet
  facet normal 0.857665 -0.514208 0
    outer loop
      vertex -0.163842 29.3428 15.8
      vertex -0.0629387 29.5111 3.8
      vertex -0.0629387 29.5111 15.8
    endloop
  endfacet
  facet normal 0.857665 -0.514208 0
    outer loop
      vertex -0.0629387 29.5111 3.8
      vertex -0.163842 29.3428 15.8
      vertex -0.163842 29.3428 3.8
    endloop
  endfacet
  facet normal 0.671558 0.740952 -0
    outer loop
      vertex 0.331213 0.0539799 3.8
      vertex 0.185786 0.185787 15.8
      vertex 0.331213 0.0539799 15.8
    endloop
  endfacet
  facet normal 0.671558 0.740952 0
    outer loop
      vertex 0.185786 0.185787 15.8
      vertex 0.331213 0.0539799 3.8
      vertex 0.185786 0.185787 3.8
    endloop
  endfacet
  facet normal -0.80335 -0.595508 0
    outer loop
      vertex 65.0629 29.5111 3.8
      vertex 64.946 29.6688 15.8
      vertex 64.946 29.6688 3.8
    endloop
  endfacet
  facet normal -0.80335 -0.595508 0
    outer loop
      vertex 64.946 29.6688 15.8
      vertex 65.0629 29.5111 3.8
      vertex 65.0629 29.5111 15.8
    endloop
  endfacet
  facet normal 0.941544 0.33689 0
    outer loop
      vertex -0.247759 0.834634 15.8
      vertex -0.31388 1.01943 3.8
      vertex -0.31388 1.01943 15.8
    endloop
  endfacet
  facet normal 0.941544 0.33689 0
    outer loop
      vertex -0.31388 1.01943 3.8
      vertex -0.247759 0.834634 15.8
      vertex -0.247759 0.834634 3.8
    endloop
  endfacet
  facet normal 0.243027 -0.970019 0
    outer loop
      vertex 1.01943 30.3139 3.8
      vertex 1.20982 30.3616 15.8
      vertex 1.01943 30.3139 15.8
    endloop
  endfacet
  facet normal 0.243027 -0.970019 0
    outer loop
      vertex 1.20982 30.3616 15.8
      vertex 1.01943 30.3139 3.8
      vertex 1.20982 30.3616 3.8
    endloop
  endfacet
  facet normal 0.803307 -0.595566 0
    outer loop
      vertex -0.0629387 29.5111 15.8
      vertex 0.0539789 29.6688 3.8
      vertex 0.0539789 29.6688 15.8
    endloop
  endfacet
  facet normal 0.803307 -0.595566 0
    outer loop
      vertex 0.0539789 29.6688 3.8
      vertex -0.0629387 29.5111 15.8
      vertex -0.0629387 29.5111 3.8
    endloop
  endfacet
  facet normal 0.671538 -0.74097 0
    outer loop
      vertex 0.185786 29.8142 3.8
      vertex 0.331213 29.946 15.8
      vertex 0.185786 29.8142 15.8
    endloop
  endfacet
  facet normal 0.671538 -0.74097 0
    outer loop
      vertex 0.331213 29.946 15.8
      vertex 0.185786 29.8142 3.8
      vertex 0.331213 29.946 3.8
    endloop
  endfacet
  facet normal 0.74089 -0.671627 0
    outer loop
      vertex 0.0539789 29.6688 15.8
      vertex 0.185786 29.8142 3.8
      vertex 0.185786 29.8142 15.8
    endloop
  endfacet
  facet normal 0.74089 -0.671627 0
    outer loop
      vertex 0.185786 29.8142 3.8
      vertex 0.0539789 29.6688 15.8
      vertex 0.0539789 29.6688 3.8
    endloop
  endfacet
  facet normal 0.970032 0.242979 0
    outer loop
      vertex -0.31388 1.01943 15.8
      vertex -0.36157 1.20982 3.8
      vertex -0.36157 1.20982 15.8
    endloop
  endfacet
  facet normal 0.970032 0.242979 0
    outer loop
      vertex -0.36157 1.20982 3.8
      vertex -0.31388 1.01943 15.8
      vertex -0.31388 1.01943 3.8
    endloop
  endfacet
  facet normal 0.941546 -0.336883 0
    outer loop
      vertex -0.31388 28.9806 15.8
      vertex -0.247759 29.1654 3.8
      vertex -0.247759 29.1654 15.8
    endloop
  endfacet
  facet normal 0.941546 -0.336883 0
    outer loop
      vertex -0.247759 29.1654 3.8
      vertex -0.31388 28.9806 15.8
      vertex -0.31388 28.9806 3.8
    endloop
  endfacet
  facet normal 0.970035 -0.242967 0
    outer loop
      vertex -0.36157 28.7902 15.8
      vertex -0.31388 28.9806 3.8
      vertex -0.31388 28.9806 15.8
    endloop
  endfacet
  facet normal 0.970035 -0.242967 0
    outer loop
      vertex -0.31388 28.9806 3.8
      vertex -0.36157 28.7902 15.8
      vertex -0.36157 28.7902 3.8
    endloop
  endfacet
  facet normal -0.998803 -0.0489209 0
    outer loop
      vertex 65.4 28.4 3.8
      vertex 65.3904 28.596 15.8
      vertex 65.3904 28.596 3.8
    endloop
  endfacet
  facet normal -0.998803 -0.0489209 0
    outer loop
      vertex 65.3904 28.596 15.8
      vertex 65.4 28.4 3.8
      vertex 65.4 28.4 15.8
    endloop
  endfacet
  facet normal 0 0 1
    outer loop
      vertex 8.93739 20.2334 3.8
      vertex 5.16671 24.0056 3.8
      vertex 8.86171 20.1071 3.8
    endloop
  endfacet
  facet normal 0 0 1
    outer loop
      vertex 8.68459 13.4 3.8
      vertex 6.48555 3.79405 3.8
      vertex 6.5 3.5 3.8
    endloop
  endfacet
  facet normal -0 0 1
    outer loop
      vertex 4.91419 23.8542 3.8
      vertex 8.86171 20.1071 3.8
      vertex 5.16671 24.0056 3.8
    endloop
  endfacet
  facet normal 0 0 1
    outer loop
      vertex 8.68459 13.4 3.8
      vertex 6.44236 4.08527 3.8
      vertex 6.48555 3.79405 3.8
    endloop
  endfacet
  facet normal 0 0 1
    outer loop
      vertex 8.86171 20.1071 3.8
      vertex 4.91419 23.8542 3.8
      vertex 8.79877 19.974 3.8
    endloop
  endfacet
  facet normal 0 0 1
    outer loop
      vertex 8.68459 13.4 3.8
      vertex 6.37082 4.37085 3.8
      vertex 6.44236 4.08527 3.8
    endloop
  endfacet
  facet normal -0 0 1
    outer loop
      vertex 4.64805 23.7284 3.8
      vertex 8.79877 19.974 3.8
      vertex 4.91419 23.8542 3.8
    endloop
  endfacet
  facet normal 0 0 1
    outer loop
      vertex 8.68459 13.4 3.8
      vertex 6.27164 4.64805 3.8
      vertex 6.37082 4.37085 3.8
    endloop
  endfacet
  facet normal 0 0 1
    outer loop
      vertex 8.79877 19.974 3.8
      vertex 4.64805 23.7284 3.8
      vertex 8.74918 19.8354 3.8
    endloop
  endfacet
  facet normal 0 0 1
    outer loop
      vertex 8.68459 13.4 3.8
      vertex 6.14576 4.91419 3.8
      vertex 6.27164 4.64805 3.8
    endloop
  endfacet
  facet normal -0 0 1
    outer loop
      vertex 4.37085 23.6292 3.8
      vertex 8.74918 19.8354 3.8
      vertex 4.64805 23.7284 3.8
    endloop
  endfacet
  facet normal 0 0 1
    outer loop
      vertex 8.68459 13.4 3.8
      vertex 5.99441 5.16671 3.8
      vertex 6.14576 4.91419 3.8
    endloop
  endfacet
  facet normal 0 0 1
    outer loop
      vertex 8.74918 19.8354 3.8
      vertex 4.37085 23.6292 3.8
      vertex 8.71341 19.6926 3.8
    endloop
  endfacet
  facet normal 0 0 1
    outer loop
      vertex 8.68459 13.4 3.8
      vertex 5.81903 5.40318 3.8
      vertex 5.99441 5.16671 3.8
    endloop
  endfacet
  facet normal 0 0 1
    outer loop
      vertex 8.71341 19.6926 3.8
      vertex 4.37085 23.6292 3.8
      vertex 8.69182 19.547 3.8
    endloop
  endfacet
  facet normal 0 0 1
    outer loop
      vertex 8.68459 13.4 3.8
      vertex 5.62132 5.62132 3.8
      vertex 5.81903 5.40318 3.8
    endloop
  endfacet
  facet normal -0 0 1
    outer loop
      vertex 4.08527 23.5576 3.8
      vertex 8.69182 19.547 3.8
      vertex 4.37085 23.6292 3.8
    endloop
  endfacet
  facet normal 0 0 1
    outer loop
      vertex 8.68459 13.4 3.8
      vertex 5.40318 5.81903 3.8
      vertex 5.62132 5.62132 3.8
    endloop
  endfacet
  facet normal 0 0 1
    outer loop
      vertex 8.69182 19.547 3.8
      vertex 4.08527 23.5576 3.8
      vertex 8.68459 19.4 3.8
    endloop
  endfacet
  facet normal 0 0 1
    outer loop
      vertex 8.68459 13.4 3.8
      vertex 5.16671 5.99441 3.8
      vertex 5.40318 5.81903 3.8
    endloop
  endfacet
  facet normal -0 0 1
    outer loop
      vertex 3.79405 23.5144 3.8
      vertex 8.68459 19.4 3.8
      vertex 4.08527 23.5576 3.8
    endloop
  endfacet
  facet normal 0 0 1
    outer loop
      vertex 8.68459 13.4 3.8
      vertex 4.91419 6.14576 3.8
      vertex 5.16671 5.99441 3.8
    endloop
  endfacet
  facet normal 0 0 1
    outer loop
      vertex 8.68459 19.4 3.8
      vertex 3.79405 23.5144 3.8
      vertex 8.69182 19.253 3.8
    endloop
  endfacet
  facet normal 0 0 1
    outer loop
      vertex 8.68459 13.4 3.8
      vertex 4.64805 6.27164 3.8
      vertex 4.91419 6.14576 3.8
    endloop
  endfacet
  facet normal -0 0 1
    outer loop
      vertex 3.5 23.5 3.8
      vertex 8.69182 19.253 3.8
      vertex 3.79405 23.5144 3.8
    endloop
  endfacet
  facet normal 0 0 1
    outer loop
      vertex 8.68459 13.4 3.8
      vertex 4.37085 6.37082 3.8
      vertex 4.64805 6.27164 3.8
    endloop
  endfacet
  facet normal 0 0 1
    outer loop
      vertex 3.20595 23.5144 3.8
      vertex 8.69182 19.253 3.8
      vertex 3.5 23.5 3.8
    endloop
  endfacet
  facet normal 0 0 1
    outer loop
      vertex 8.68459 13.4 3.8
      vertex 4.08527 6.44236 3.8
      vertex 4.37085 6.37082 3.8
    endloop
  endfacet
  facet normal 0 0 1
    outer loop
      vertex 8.69182 19.253 3.8
      vertex 3.20595 23.5144 3.8
      vertex 8.69182 13.547 3.8
    endloop
  endfacet
  facet normal 0 0 1
    outer loop
      vertex 8.68459 13.4 3.8
      vertex 3.79405 6.48555 3.8
      vertex 4.08527 6.44236 3.8
    endloop
  endfacet
  facet normal 0 0 1
    outer loop
      vertex 2.91473 23.5576 3.8
      vertex 8.69182 13.547 3.8
      vertex 3.20595 23.5144 3.8
    endloop
  endfacet
  facet normal 0 0 1
    outer loop
      vertex 8.68459 13.4 3.8
      vertex 3.5 6.5 3.8
      vertex 3.79405 6.48555 3.8
    endloop
  endfacet
  facet normal 0 0 1
    outer loop
      vertex 2.62915 23.6292 3.8
      vertex 8.69182 13.547 3.8
      vertex 2.91473 23.5576 3.8
    endloop
  endfacet
  facet normal 0 0 1
    outer loop
      vertex 8.68459 13.4 3.8
      vertex 3.20595 6.48555 3.8
      vertex 3.5 6.5 3.8
    endloop
  endfacet
  facet normal 0 0 1
    outer loop
      vertex 2.62915 6.37082 3.8
      vertex 8.69182 13.547 3.8
      vertex 2.62915 23.6292 3.8
    endloop
  endfacet
  facet normal 0 0 1
    outer loop
      vertex 8.68459 13.4 3.8
      vertex 2.91473 6.44236 3.8
      vertex 3.20595 6.48555 3.8
    endloop
  endfacet
  facet normal 0 -0 1
    outer loop
      vertex 2.91473 6.44236 3.8
      vertex 8.69182 13.547 3.8
      vertex 2.62915 6.37082 3.8
    endloop
  endfacet
  facet normal 0 0 1
    outer loop
      vertex 8.69182 13.547 3.8
      vertex 2.91473 6.44236 3.8
      vertex 8.68459 13.4 3.8
    endloop
  endfacet
  facet normal 0 0 1
    outer loop
      vertex 2.35195 23.7284 3.8
      vertex 2.62915 6.37082 3.8
      vertex 2.62915 23.6292 3.8
    endloop
  endfacet
  facet normal 0 0 1
    outer loop
      vertex 2.35195 23.7284 3.8
      vertex 2.35195 6.27164 3.8
      vertex 2.62915 6.37082 3.8
    endloop
  endfacet
  facet normal 0 0 1
    outer loop
      vertex 2.08581 23.8542 3.8
      vertex 2.35195 6.27164 3.8
      vertex 2.35195 23.7284 3.8
    endloop
  endfacet
  facet normal 0 0 1
    outer loop
      vertex 2.08581 23.8542 3.8
      vertex 2.08581 6.14576 3.8
      vertex 2.35195 6.27164 3.8
    endloop
  endfacet
  facet normal 0 0 1
    outer loop
      vertex 1.83329 24.0056 3.8
      vertex 2.08581 6.14576 3.8
      vertex 2.08581 23.8542 3.8
    endloop
  endfacet
  facet normal 0 0 1
    outer loop
      vertex 1.83329 24.0056 3.8
      vertex 1.83329 5.99441 3.8
      vertex 2.08581 6.14576 3.8
    endloop
  endfacet
  facet normal 0 0 1
    outer loop
      vertex 1.59682 24.181 3.8
      vertex 1.83329 5.99441 3.8
      vertex 1.83329 24.0056 3.8
    endloop
  endfacet
  facet normal 0 0 1
    outer loop
      vertex 1.59682 24.181 3.8
      vertex 1.59682 5.81903 3.8
      vertex 1.83329 5.99441 3.8
    endloop
  endfacet
  facet normal 0 0 1
    outer loop
      vertex 1.37868 24.3787 3.8
      vertex 1.59682 5.81903 3.8
      vertex 1.59682 24.181 3.8
    endloop
  endfacet
  facet normal 0 0 1
    outer loop
      vertex 1.37868 24.3787 3.8
      vertex 1.37868 5.62132 3.8
      vertex 1.59682 5.81903 3.8
    endloop
  endfacet
  facet normal 0 0 1
    outer loop
      vertex 1.18097 24.5968 3.8
      vertex 1.37868 5.62132 3.8
      vertex 1.37868 24.3787 3.8
    endloop
  endfacet
  facet normal 0 0 1
    outer loop
      vertex 1.18097 24.5968 3.8
      vertex 1.18097 5.40318 3.8
      vertex 1.37868 5.62132 3.8
    endloop
  endfacet
  facet normal 0 0 1
    outer loop
      vertex 1.00559 24.8333 3.8
      vertex 1.18097 5.40318 3.8
      vertex 1.18097 24.5968 3.8
    endloop
  endfacet
  facet normal 0 0 1
    outer loop
      vertex 1.00559 24.8333 3.8
      vertex 1.00559 5.16671 3.8
      vertex 1.18097 5.40318 3.8
    endloop
  endfacet
  facet normal 0 0 1
    outer loop
      vertex 0.854236 25.0858 3.8
      vertex 1.00559 5.16671 3.8
      vertex 1.00559 24.8333 3.8
    endloop
  endfacet
  facet normal 0 0 1
    outer loop
      vertex 0.854236 25.0858 3.8
      vertex 0.854236 4.91419 3.8
      vertex 1.00559 5.16671 3.8
    endloop
  endfacet
  facet normal 0 0 1
    outer loop
      vertex 0.728361 25.3519 3.8
      vertex 0.854236 4.91419 3.8
      vertex 0.854236 25.0858 3.8
    endloop
  endfacet
  facet normal 0 0 1
    outer loop
      vertex 0.728361 25.3519 3.8
      vertex 0.728361 4.64805 3.8
      vertex 0.854236 4.91419 3.8
    endloop
  endfacet
  facet normal 0 0 1
    outer loop
      vertex 0.629178 25.6291 3.8
      vertex 0.728361 4.64805 3.8
      vertex 0.728361 25.3519 3.8
    endloop
  endfacet
  facet normal 0 0 1
    outer loop
      vertex 0.629178 25.6291 3.8
      vertex 0.629178 4.37085 3.8
      vertex 0.728361 4.64805 3.8
    endloop
  endfacet
  facet normal 0 0 1
    outer loop
      vertex -0.4 28.4 3.8
      vertex 0.629178 25.6291 3.8
      vertex 0.557644 25.9147 3.8
    endloop
  endfacet
  facet normal 0 0 1
    outer loop
      vertex 0.629178 25.6291 3.8
      vertex -0.4 28.4 3.8
      vertex 0.629178 4.37085 3.8
    endloop
  endfacet
  facet normal 0 0 1
    outer loop
      vertex -0.4 28.4 3.8
      vertex 0.557644 25.9147 3.8
      vertex 0.514445 26.2059 3.8
    endloop
  endfacet
  facet normal 0 0 1
    outer loop
      vertex -0.4 1.6 3.8
      vertex 0.629178 4.37085 3.8
      vertex -0.4 28.4 3.8
    endloop
  endfacet
  facet normal 0 0 1
    outer loop
      vertex -0.4 28.4 3.8
      vertex 0.514445 26.2059 3.8
      vertex 0.5 26.5 3.8
    endloop
  endfacet
  facet normal 0 0 1
    outer loop
      vertex 0.629178 4.37085 3.8
      vertex -0.4 1.6 3.8
      vertex 0.557644 4.08527 3.8
    endloop
  endfacet
  facet normal 0 0 1
    outer loop
      vertex 35.6142 12.826 3.8
      vertex 29.3858 12.826 3.8
      vertex 35.6771 12.6929 3.8
    endloop
  endfacet
  facet normal 0 0 1
    outer loop
      vertex 35.7528 8.23336 3.8
      vertex 29.4928 7.54703 3.8
      vertex 29.5 7.4 3.8
    endloop
  endfacet
  facet normal 0 0 1
    outer loop
      vertex 29.3229 12.6929 3.8
      vertex 35.6771 12.6929 3.8
      vertex 29.3858 12.826 3.8
    endloop
  endfacet
  facet normal 0 0 1
    outer loop
      vertex 35.7528 8.23336 3.8
      vertex 29.4712 7.69264 3.8
      vertex 29.4928 7.54703 3.8
    endloop
  endfacet
  facet normal 0 0 1
    outer loop
      vertex 35.6771 12.6929 3.8
      vertex 29.3229 12.6929 3.8
      vertex 35.7528 12.5666 3.8
    endloop
  endfacet
  facet normal 0 0 1
    outer loop
      vertex 35.7528 8.23336 3.8
      vertex 29.4354 7.83543 3.8
      vertex 29.4712 7.69264 3.8
    endloop
  endfacet
  facet normal 0 0 1
    outer loop
      vertex 29.2472 12.5666 3.8
      vertex 35.7528 12.5666 3.8
      vertex 29.3229 12.6929 3.8
    endloop
  endfacet
  facet normal 0 0 1
    outer loop
      vertex 35.7528 8.23336 3.8
      vertex 29.3858 7.97403 3.8
      vertex 29.4354 7.83543 3.8
    endloop
  endfacet
  facet normal 0 0 1
    outer loop
      vertex 35.7528 12.5666 3.8
      vertex 29.2472 12.5666 3.8
      vertex 35.7528 8.23336 3.8
    endloop
  endfacet
  facet normal 0 0 1
    outer loop
      vertex 35.7528 8.23336 3.8
      vertex 29.3229 8.1071 3.8
      vertex 29.3858 7.97403 3.8
    endloop
  endfacet
  facet normal 0 0 1
    outer loop
      vertex 29.2472 8.23336 3.8
      vertex 35.7528 8.23336 3.8
      vertex 29.2472 12.5666 3.8
    endloop
  endfacet
  facet normal 0 0 1
    outer loop
      vertex 35.7528 8.23336 3.8
      vertex 29.2472 8.23336 3.8
      vertex 29.3229 8.1071 3.8
    endloop
  endfacet
  facet normal -0 0 1
    outer loop
      vertex 29.1595 12.4484 3.8
      vertex 29.2472 8.23336 3.8
      vertex 29.2472 12.5666 3.8
    endloop
  endfacet
  facet normal 0 0 1
    outer loop
      vertex 29.1595 12.4484 3.8
      vertex 29.1595 8.35159 3.8
      vertex 29.2472 8.23336 3.8
    endloop
  endfacet
  facet normal -0 0 1
    outer loop
      vertex 29.0607 12.3393 3.8
      vertex 29.1595 8.35159 3.8
      vertex 29.1595 12.4484 3.8
    endloop
  endfacet
  facet normal 0 0 1
    outer loop
      vertex 29.0607 12.3393 3.8
      vertex 29.0607 8.46066 3.8
      vertex 29.1595 8.35159 3.8
    endloop
  endfacet
  facet normal -0 0 1
    outer loop
      vertex 28.9516 12.2405 3.8
      vertex 29.0607 8.46066 3.8
      vertex 29.0607 12.3393 3.8
    endloop
  endfacet
  facet normal 0 0 1
    outer loop
      vertex 28.9516 12.2405 3.8
      vertex 28.9516 8.55952 3.8
      vertex 29.0607 8.46066 3.8
    endloop
  endfacet
  facet normal -0 0 1
    outer loop
      vertex 28.8334 12.1528 3.8
      vertex 28.9516 8.55952 3.8
      vertex 28.9516 12.2405 3.8
    endloop
  endfacet
  facet normal 0 0 1
    outer loop
      vertex 28.8334 12.1528 3.8
      vertex 28.8334 8.64721 3.8
      vertex 28.9516 8.55952 3.8
    endloop
  endfacet
  facet normal -0 0 1
    outer loop
      vertex 28.7071 12.0771 3.8
      vertex 28.8334 8.64721 3.8
      vertex 28.8334 12.1528 3.8
    endloop
  endfacet
  facet normal 0 0 1
    outer loop
      vertex 28.7071 12.0771 3.8
      vertex 28.7071 8.72288 3.8
      vertex 28.8334 8.64721 3.8
    endloop
  endfacet
  facet normal -0 0 1
    outer loop
      vertex 28.574 12.0142 3.8
      vertex 28.7071 8.72288 3.8
      vertex 28.7071 12.0771 3.8
    endloop
  endfacet
  facet normal 0 0 1
    outer loop
      vertex 28.574 12.0142 3.8
      vertex 28.574 8.78582 3.8
      vertex 28.7071 8.72288 3.8
    endloop
  endfacet
  facet normal -0 0 1
    outer loop
      vertex 28.4354 11.9646 3.8
      vertex 28.574 8.78582 3.8
      vertex 28.574 12.0142 3.8
    endloop
  endfacet
  facet normal 0 0 1
    outer loop
      vertex 28.4354 11.9646 3.8
      vertex 28.4354 8.83541 3.8
      vertex 28.574 8.78582 3.8
    endloop
  endfacet
  facet normal -0 0 1
    outer loop
      vertex 28.2926 11.9288 3.8
      vertex 28.4354 8.83541 3.8
      vertex 28.4354 11.9646 3.8
    endloop
  endfacet
  facet normal 0 0 1
    outer loop
      vertex 28.2926 11.9288 3.8
      vertex 28.2926 8.87118 3.8
      vertex 28.4354 8.83541 3.8
    endloop
  endfacet
  facet normal -0 0 1
    outer loop
      vertex 28.147 11.9072 3.8
      vertex 28.2926 8.87118 3.8
      vertex 28.2926 11.9288 3.8
    endloop
  endfacet
  facet normal 0 0 1
    outer loop
      vertex 28.147 11.9072 3.8
      vertex 28.147 8.89278 3.8
      vertex 28.2926 8.87118 3.8
    endloop
  endfacet
  facet normal -0 0 1
    outer loop
      vertex 28 11.9 3.8
      vertex 28.147 8.89278 3.8
      vertex 28.147 11.9072 3.8
    endloop
  endfacet
  facet normal 0 0 1
    outer loop
      vertex 28 11.9 3.8
      vertex 28 8.9 3.8
      vertex 28.147 8.89278 3.8
    endloop
  endfacet
  facet normal -0 0 1
    outer loop
      vertex 10.1846 11.9 3.8
      vertex 28 8.9 3.8
      vertex 28 11.9 3.8
    endloop
  endfacet
  facet normal 0 0 1
    outer loop
      vertex 10.1846 11.9 3.8
      vertex 10.1846 8.9 3.8
      vertex 28 8.9 3.8
    endloop
  endfacet
  facet normal 0 0 1
    outer loop
      vertex 10.0376 11.9072 3.8
      vertex 10.1846 8.9 3.8
      vertex 10.1846 11.9 3.8
    endloop
  endfacet
  facet normal 0 0 1
    outer loop
      vertex 10.0376 11.9072 3.8
      vertex 10.0376 8.89278 3.8
      vertex 10.1846 8.9 3.8
    endloop
  endfacet
  facet normal 0 0 1
    outer loop
      vertex 9.89196 11.9288 3.8
      vertex 10.0376 8.89278 3.8
      vertex 10.0376 11.9072 3.8
    endloop
  endfacet
  facet normal 0 0 1
    outer loop
      vertex 9.89196 11.9288 3.8
      vertex 9.89196 8.87118 3.8
      vertex 10.0376 8.89278 3.8
    endloop
  endfacet
  facet normal 0 0 1
    outer loop
      vertex 9.74917 11.9646 3.8
      vertex 9.89196 8.87118 3.8
      vertex 9.89196 11.9288 3.8
    endloop
  endfacet
  facet normal 0 0 1
    outer loop
      vertex 9.74917 11.9646 3.8
      vertex 9.74917 8.83541 3.8
      vertex 9.89196 8.87118 3.8
    endloop
  endfacet
  facet normal 0 0 1
    outer loop
      vertex 9.61057 12.0142 3.8
      vertex 9.74917 8.83541 3.8
      vertex 9.74917 11.9646 3.8
    endloop
  endfacet
  facet normal 0 0 1
    outer loop
      vertex 9.61057 12.0142 3.8
      vertex 9.61057 8.78582 3.8
      vertex 9.74917 8.83541 3.8
    endloop
  endfacet
  facet normal 0 0 1
    outer loop
      vertex 9.4775 12.0771 3.8
      vertex 9.61057 8.78582 3.8
      vertex 9.61057 12.0142 3.8
    endloop
  endfacet
  facet normal 0 0 1
    outer loop
      vertex 9.4775 12.0771 3.8
      vertex 9.4775 8.72288 3.8
      vertex 9.61057 8.78582 3.8
    endloop
  endfacet
  facet normal 0 0 1
    outer loop
      vertex 9.35124 12.1528 3.8
      vertex 9.4775 8.72288 3.8
      vertex 9.4775 12.0771 3.8
    endloop
  endfacet
  facet normal 0 0 1
    outer loop
      vertex 9.35124 12.1528 3.8
      vertex 9.35124 8.64721 3.8
      vertex 9.4775 8.72288 3.8
    endloop
  endfacet
  facet normal 0 0 1
    outer loop
      vertex 9.233 12.2405 3.8
      vertex 9.35124 8.64721 3.8
      vertex 9.35124 12.1528 3.8
    endloop
  endfacet
  facet normal 0 0 1
    outer loop
      vertex 9.233 12.2405 3.8
      vertex 9.233 8.55952 3.8
      vertex 9.35124 8.64721 3.8
    endloop
  endfacet
  facet normal 0 0 1
    outer loop
      vertex 9.12393 12.3393 3.8
      vertex 9.233 8.55952 3.8
      vertex 9.233 12.2405 3.8
    endloop
  endfacet
  facet normal 0 0 1
    outer loop
      vertex 9.12393 12.3393 3.8
      vertex 9.12393 8.46066 3.8
      vertex 9.233 8.55952 3.8
    endloop
  endfacet
  facet normal 0 0 1
    outer loop
      vertex 9.02508 12.4484 3.8
      vertex 9.12393 8.46066 3.8
      vertex 9.12393 12.3393 3.8
    endloop
  endfacet
  facet normal 0 0 1
    outer loop
      vertex 9.02508 12.4484 3.8
      vertex 9.02508 8.35159 3.8
      vertex 9.12393 8.46066 3.8
    endloop
  endfacet
  facet normal 0 0 1
    outer loop
      vertex 8.93739 12.5666 3.8
      vertex 9.02508 8.35159 3.8
      vertex 9.02508 12.4484 3.8
    endloop
  endfacet
  facet normal 0 0 1
    outer loop
      vertex 8.93739 12.5666 3.8
      vertex 8.93739 8.23336 3.8
      vertex 9.02508 8.35159 3.8
    endloop
  endfacet
  facet normal 0 0 1
    outer loop
      vertex 8.86171 12.6929 3.8
      vertex 8.93739 8.23336 3.8
      vertex 8.93739 12.5666 3.8
    endloop
  endfacet
  facet normal 0 0 1
    outer loop
      vertex 8.86171 12.6929 3.8
      vertex 8.86171 8.1071 3.8
      vertex 8.93739 8.23336 3.8
    endloop
  endfacet
  facet normal 0 0 1
    outer loop
      vertex 8.79877 12.826 3.8
      vertex 8.86171 8.1071 3.8
      vertex 8.86171 12.6929 3.8
    endloop
  endfacet
  facet normal 0 0 1
    outer loop
      vertex 8.79877 12.826 3.8
      vertex 8.79877 7.97403 3.8
      vertex 8.86171 8.1071 3.8
    endloop
  endfacet
  facet normal 0 0 1
    outer loop
      vertex 8.74918 12.9646 3.8
      vertex 8.79877 7.97403 3.8
      vertex 8.79877 12.826 3.8
    endloop
  endfacet
  facet normal 0 0 1
    outer loop
      vertex 8.74918 12.9646 3.8
      vertex 8.74918 7.83543 3.8
      vertex 8.79877 7.97403 3.8
    endloop
  endfacet
  facet normal 0 0 1
    outer loop
      vertex 8.71341 13.1074 3.8
      vertex 8.74918 7.83543 3.8
      vertex 8.74918 12.9646 3.8
    endloop
  endfacet
  facet normal 0 0 1
    outer loop
      vertex 8.71341 13.1074 3.8
      vertex 8.71341 7.69264 3.8
      vertex 8.74918 7.83543 3.8
    endloop
  endfacet
  facet normal 0 0 1
    outer loop
      vertex 6.5 3.5 3.8
      vertex 8.71341 13.1074 3.8
      vertex 8.69182 13.253 3.8
    endloop
  endfacet
  facet normal 0 0 1
    outer loop
      vertex 8.71341 13.1074 3.8
      vertex 6.5 3.5 3.8
      vertex 8.71341 7.69264 3.8
    endloop
  endfacet
  facet normal 0 0 1
    outer loop
      vertex 6.5 3.5 3.8
      vertex 8.69182 13.253 3.8
      vertex 8.68459 13.4 3.8
    endloop
  endfacet
  facet normal 0 0 1
    outer loop
      vertex 8.71341 7.69264 3.8
      vertex 6.5 3.5 3.8
      vertex 8.69182 7.54703 3.8
    endloop
  endfacet
  facet normal 0 0 1
    outer loop
      vertex 35.6142 18.826 3.8
      vertex 29.3858 18.826 3.8
      vertex 35.6771 18.6929 3.8
    endloop
  endfacet
  facet normal 0 0 1
    outer loop
      vertex 35.7528 14.2334 3.8
      vertex 29.4928 13.547 3.8
      vertex 29.5 13.4 3.8
    endloop
  endfacet
  facet normal 0 0 1
    outer loop
      vertex 29.3229 18.6929 3.8
      vertex 35.6771 18.6929 3.8
      vertex 29.3858 18.826 3.8
    endloop
  endfacet
  facet normal 0 0 1
    outer loop
      vertex 35.7528 14.2334 3.8
      vertex 29.4712 13.6926 3.8
      vertex 29.4928 13.547 3.8
    endloop
  endfacet
  facet normal 0 0 1
    outer loop
      vertex 35.6771 18.6929 3.8
      vertex 29.3229 18.6929 3.8
      vertex 35.7528 18.5666 3.8
    endloop
  endfacet
  facet normal 0 0 1
    outer loop
      vertex 35.7528 14.2334 3.8
      vertex 29.4354 13.8354 3.8
      vertex 29.4712 13.6926 3.8
    endloop
  endfacet
  facet normal 0 0 1
    outer loop
      vertex 29.2472 18.5666 3.8
      vertex 35.7528 18.5666 3.8
      vertex 29.3229 18.6929 3.8
    endloop
  endfacet
  facet normal 0 0 1
    outer loop
      vertex 35.7528 14.2334 3.8
      vertex 29.3858 13.974 3.8
      vertex 29.4354 13.8354 3.8
    endloop
  endfacet
  facet normal 0 0 1
    outer loop
      vertex 35.7528 18.5666 3.8
      vertex 29.2472 18.5666 3.8
      vertex 35.7528 14.2334 3.8
    endloop
  endfacet
  facet normal 0 0 1
    outer loop
      vertex 35.7528 14.2334 3.8
      vertex 29.3229 14.1071 3.8
      vertex 29.3858 13.974 3.8
    endloop
  endfacet
  facet normal 0 0 1
    outer loop
      vertex 29.2472 14.2334 3.8
      vertex 35.7528 14.2334 3.8
      vertex 29.2472 18.5666 3.8
    endloop
  endfacet
  facet normal 0 0 1
    outer loop
      vertex 35.7528 14.2334 3.8
      vertex 29.2472 14.2334 3.8
      vertex 29.3229 14.1071 3.8
    endloop
  endfacet
  facet normal -0 0 1
    outer loop
      vertex 29.1595 18.4484 3.8
      vertex 29.2472 14.2334 3.8
      vertex 29.2472 18.5666 3.8
    endloop
  endfacet
  facet normal 0 0 1
    outer loop
      vertex 29.1595 18.4484 3.8
      vertex 29.1595 14.3516 3.8
      vertex 29.2472 14.2334 3.8
    endloop
  endfacet
  facet normal -0 0 1
    outer loop
      vertex 29.0607 18.3393 3.8
      vertex 29.1595 14.3516 3.8
      vertex 29.1595 18.4484 3.8
    endloop
  endfacet
  facet normal 0 0 1
    outer loop
      vertex 29.0607 18.3393 3.8
      vertex 29.0607 14.4607 3.8
      vertex 29.1595 14.3516 3.8
    endloop
  endfacet
  facet normal -0 0 1
    outer loop
      vertex 28.9516 18.2405 3.8
      vertex 29.0607 14.4607 3.8
      vertex 29.0607 18.3393 3.8
    endloop
  endfacet
  facet normal 0 0 1
    outer loop
      vertex 28.9516 18.2405 3.8
      vertex 28.9516 14.5595 3.8
      vertex 29.0607 14.4607 3.8
    endloop
  endfacet
  facet normal -0 0 1
    outer loop
      vertex 28.8334 18.1528 3.8
      vertex 28.9516 14.5595 3.8
      vertex 28.9516 18.2405 3.8
    endloop
  endfacet
  facet normal 0 0 1
    outer loop
      vertex 28.8334 18.1528 3.8
      vertex 28.8334 14.6472 3.8
      vertex 28.9516 14.5595 3.8
    endloop
  endfacet
  facet normal -0 0 1
    outer loop
      vertex 28.7071 18.0771 3.8
      vertex 28.8334 14.6472 3.8
      vertex 28.8334 18.1528 3.8
    endloop
  endfacet
  facet normal 0 0 1
    outer loop
      vertex 28.7071 18.0771 3.8
      vertex 28.7071 14.7229 3.8
      vertex 28.8334 14.6472 3.8
    endloop
  endfacet
  facet normal -0 0 1
    outer loop
      vertex 28.574 18.0142 3.8
      vertex 28.7071 14.7229 3.8
      vertex 28.7071 18.0771 3.8
    endloop
  endfacet
  facet normal 0 0 1
    outer loop
      vertex 28.574 18.0142 3.8
      vertex 28.574 14.7858 3.8
      vertex 28.7071 14.7229 3.8
    endloop
  endfacet
  facet normal -0 0 1
    outer loop
      vertex 28.4354 17.9646 3.8
      vertex 28.574 14.7858 3.8
      vertex 28.574 18.0142 3.8
    endloop
  endfacet
  facet normal 0 0 1
    outer loop
      vertex 28.4354 17.9646 3.8
      vertex 28.4354 14.8354 3.8
      vertex 28.574 14.7858 3.8
    endloop
  endfacet
  facet normal -0 0 1
    outer loop
      vertex 28.2926 17.9288 3.8
      vertex 28.4354 14.8354 3.8
      vertex 28.4354 17.9646 3.8
    endloop
  endfacet
  facet normal 0 0 1
    outer loop
      vertex 28.2926 17.9288 3.8
      vertex 28.2926 14.8712 3.8
      vertex 28.4354 14.8354 3.8
    endloop
  endfacet
  facet normal -0 0 1
    outer loop
      vertex 28.147 17.9072 3.8
      vertex 28.2926 14.8712 3.8
      vertex 28.2926 17.9288 3.8
    endloop
  endfacet
  facet normal 0 0 1
    outer loop
      vertex 28.147 17.9072 3.8
      vertex 28.147 14.8928 3.8
      vertex 28.2926 14.8712 3.8
    endloop
  endfacet
  facet normal -0 0 1
    outer loop
      vertex 28 17.9 3.8
      vertex 28.147 14.8928 3.8
      vertex 28.147 17.9072 3.8
    endloop
  endfacet
  facet normal 0 0 1
    outer loop
      vertex 28 17.9 3.8
      vertex 28 14.9 3.8
      vertex 28.147 14.8928 3.8
    endloop
  endfacet
  facet normal -0 0 1
    outer loop
      vertex 10.1846 17.9 3.8
      vertex 28 14.9 3.8
      vertex 28 17.9 3.8
    endloop
  endfacet
  facet normal 0 0 1
    outer loop
      vertex 10.1846 17.9 3.8
      vertex 10.1846 14.9 3.8
      vertex 28 14.9 3.8
    endloop
  endfacet
  facet normal 0 0 1
    outer loop
      vertex 10.0376 17.9072 3.8
      vertex 10.1846 14.9 3.8
      vertex 10.1846 17.9 3.8
    endloop
  endfacet
  facet normal 0 0 1
    outer loop
      vertex 10.0376 17.9072 3.8
      vertex 10.0376 14.8928 3.8
      vertex 10.1846 14.9 3.8
    endloop
  endfacet
  facet normal 0 0 1
    outer loop
      vertex 9.89196 17.9288 3.8
      vertex 10.0376 14.8928 3.8
      vertex 10.0376 17.9072 3.8
    endloop
  endfacet
  facet normal 0 0 1
    outer loop
      vertex 9.89196 17.9288 3.8
      vertex 9.89196 14.8712 3.8
      vertex 10.0376 14.8928 3.8
    endloop
  endfacet
  facet normal 0 0 1
    outer loop
      vertex 9.74917 17.9646 3.8
      vertex 9.89196 14.8712 3.8
      vertex 9.89196 17.9288 3.8
    endloop
  endfacet
  facet normal 0 0 1
    outer loop
      vertex 9.74917 17.9646 3.8
      vertex 9.74917 14.8354 3.8
      vertex 9.89196 14.8712 3.8
    endloop
  endfacet
  facet normal 0 0 1
    outer loop
      vertex 9.61057 18.0142 3.8
      vertex 9.74917 14.8354 3.8
      vertex 9.74917 17.9646 3.8
    endloop
  endfacet
  facet normal 0 0 1
    outer loop
      vertex 9.61057 18.0142 3.8
      vertex 9.61057 14.7858 3.8
      vertex 9.74917 14.8354 3.8
    endloop
  endfacet
  facet normal 0 0 1
    outer loop
      vertex 9.4775 18.0771 3.8
      vertex 9.61057 14.7858 3.8
      vertex 9.61057 18.0142 3.8
    endloop
  endfacet
  facet normal 0 0 1
    outer loop
      vertex 9.4775 18.0771 3.8
      vertex 9.4775 14.7229 3.8
      vertex 9.61057 14.7858 3.8
    endloop
  endfacet
  facet normal 0 0 1
    outer loop
      vertex 9.35124 18.1528 3.8
      vertex 9.4775 14.7229 3.8
      vertex 9.4775 18.0771 3.8
    endloop
  endfacet
  facet normal 0 0 1
    outer loop
      vertex 9.35124 18.1528 3.8
      vertex 9.35124 14.6472 3.8
      vertex 9.4775 14.7229 3.8
    endloop
  endfacet
  facet normal 0 0 1
    outer loop
      vertex 9.233 18.2405 3.8
      vertex 9.35124 14.6472 3.8
      vertex 9.35124 18.1528 3.8
    endloop
  endfacet
  facet normal 0 0 1
    outer loop
      vertex 9.233 18.2405 3.8
      vertex 9.233 14.5595 3.8
      vertex 9.35124 14.6472 3.8
    endloop
  endfacet
  facet normal 0 0 1
    outer loop
      vertex 9.12393 18.3393 3.8
      vertex 9.233 14.5595 3.8
      vertex 9.233 18.2405 3.8
    endloop
  endfacet
  facet normal 0 0 1
    outer loop
      vertex 9.12393 18.3393 3.8
      vertex 9.12393 14.4607 3.8
      vertex 9.233 14.5595 3.8
    endloop
  endfacet
  facet normal 0 0 1
    outer loop
      vertex 9.02508 18.4484 3.8
      vertex 9.12393 14.4607 3.8
      vertex 9.12393 18.3393 3.8
    endloop
  endfacet
  facet normal 0 0 1
    outer loop
      vertex 9.02508 18.4484 3.8
      vertex 9.02508 14.3516 3.8
      vertex 9.12393 14.4607 3.8
    endloop
  endfacet
  facet normal 0 0 1
    outer loop
      vertex 8.93739 18.5666 3.8
      vertex 9.02508 14.3516 3.8
      vertex 9.02508 18.4484 3.8
    endloop
  endfacet
  facet normal 0 0 1
    outer loop
      vertex 8.93739 18.5666 3.8
      vertex 8.93739 14.2334 3.8
      vertex 9.02508 14.3516 3.8
    endloop
  endfacet
  facet normal 0 0 1
    outer loop
      vertex 8.86171 18.6929 3.8
      vertex 8.93739 14.2334 3.8
      vertex 8.93739 18.5666 3.8
    endloop
  endfacet
  facet normal 0 0 1
    outer loop
      vertex 8.86171 18.6929 3.8
      vertex 8.86171 14.1071 3.8
      vertex 8.93739 14.2334 3.8
    endloop
  endfacet
  facet normal 0 0 1
    outer loop
      vertex 8.79877 18.826 3.8
      vertex 8.86171 14.1071 3.8
      vertex 8.86171 18.6929 3.8
    endloop
  endfacet
  facet normal 0 0 1
    outer loop
      vertex 8.79877 18.826 3.8
      vertex 8.79877 13.974 3.8
      vertex 8.86171 14.1071 3.8
    endloop
  endfacet
  facet normal 0 0 1
    outer loop
      vertex 8.74918 18.9646 3.8
      vertex 8.79877 13.974 3.8
      vertex 8.79877 18.826 3.8
    endloop
  endfacet
  facet normal 0 0 1
    outer loop
      vertex 8.74918 18.9646 3.8
      vertex 8.74918 13.8354 3.8
      vertex 8.79877 13.974 3.8
    endloop
  endfacet
  facet normal 0 0 1
    outer loop
      vertex 8.71341 19.1074 3.8
      vertex 8.74918 13.8354 3.8
      vertex 8.74918 18.9646 3.8
    endloop
  endfacet
  facet normal 0 0 1
    outer loop
      vertex 8.71341 19.1074 3.8
      vertex 8.71341 13.6926 3.8
      vertex 8.74918 13.8354 3.8
    endloop
  endfacet
  facet normal 0 0 1
    outer loop
      vertex 8.69182 19.253 3.8
      vertex 8.71341 13.6926 3.8
      vertex 8.71341 19.1074 3.8
    endloop
  endfacet
  facet normal 0 0 1
    outer loop
      vertex 8.69182 19.253 3.8
      vertex 8.69182 13.547 3.8
      vertex 8.71341 13.6926 3.8
    endloop
  endfacet
  facet normal -0 0 1
    outer loop
      vertex 5.40318 24.181 3.8
      vertex 9.12393 20.4607 3.8
      vertex 5.62132 24.3787 3.8
    endloop
  endfacet
  facet normal 0 0 1
    outer loop
      vertex 9.12393 20.4607 3.8
      vertex 5.40318 24.181 3.8
      vertex 9.02508 20.3516 3.8
    endloop
  endfacet
  facet normal 0 0 1
    outer loop
      vertex 35.6142 24.826 3.8
      vertex 29.3858 24.826 3.8
      vertex 35.6771 24.6929 3.8
    endloop
  endfacet
  facet normal 0 0 1
    outer loop
      vertex 35.7528 20.2334 3.8
      vertex 29.4928 19.547 3.8
      vertex 29.5 19.4 3.8
    endloop
  endfacet
  facet normal 0 0 1
    outer loop
      vertex 29.3229 24.6929 3.8
      vertex 35.6771 24.6929 3.8
      vertex 29.3858 24.826 3.8
    endloop
  endfacet
  facet normal 0 0 1
    outer loop
      vertex 35.7528 20.2334 3.8
      vertex 29.4712 19.6926 3.8
      vertex 29.4928 19.547 3.8
    endloop
  endfacet
  facet normal 0 0 1
    outer loop
      vertex 35.6771 24.6929 3.8
      vertex 29.3229 24.6929 3.8
      vertex 35.7528 24.5666 3.8
    endloop
  endfacet
  facet normal 0 0 1
    outer loop
      vertex 35.7528 20.2334 3.8
      vertex 29.4354 19.8354 3.8
      vertex 29.4712 19.6926 3.8
    endloop
  endfacet
  facet normal 0 0 1
    outer loop
      vertex 29.2472 24.5666 3.8
      vertex 35.7528 24.5666 3.8
      vertex 29.3229 24.6929 3.8
    endloop
  endfacet
  facet normal 0 0 1
    outer loop
      vertex 35.7528 20.2334 3.8
      vertex 29.3858 19.974 3.8
      vertex 29.4354 19.8354 3.8
    endloop
  endfacet
  facet normal 0 0 1
    outer loop
      vertex 35.7528 24.5666 3.8
      vertex 29.2472 24.5666 3.8
      vertex 35.7528 20.2334 3.8
    endloop
  endfacet
  facet normal 0 0 1
    outer loop
      vertex 35.7528 20.2334 3.8
      vertex 29.3229 20.1071 3.8
      vertex 29.3858 19.974 3.8
    endloop
  endfacet
  facet normal 0 0 1
    outer loop
      vertex 29.2472 20.2334 3.8
      vertex 35.7528 20.2334 3.8
      vertex 29.2472 24.5666 3.8
    endloop
  endfacet
  facet normal 0 0 1
    outer loop
      vertex 35.7528 20.2334 3.8
      vertex 29.2472 20.2334 3.8
      vertex 29.3229 20.1071 3.8
    endloop
  endfacet
  facet normal -0 0 1
    outer loop
      vertex 29.1595 24.4484 3.8
      vertex 29.2472 20.2334 3.8
      vertex 29.2472 24.5666 3.8
    endloop
  endfacet
  facet normal 0 0 1
    outer loop
      vertex 29.1595 24.4484 3.8
      vertex 29.1595 20.3516 3.8
      vertex 29.2472 20.2334 3.8
    endloop
  endfacet
  facet normal -0 0 1
    outer loop
      vertex 29.0607 24.3393 3.8
      vertex 29.1595 20.3516 3.8
      vertex 29.1595 24.4484 3.8
    endloop
  endfacet
  facet normal 0 0 1
    outer loop
      vertex 29.0607 24.3393 3.8
      vertex 29.0607 20.4607 3.8
      vertex 29.1595 20.3516 3.8
    endloop
  endfacet
  facet normal -0 0 1
    outer loop
      vertex 28.9516 24.2405 3.8
      vertex 29.0607 20.4607 3.8
      vertex 29.0607 24.3393 3.8
    endloop
  endfacet
  facet normal 0 0 1
    outer loop
      vertex 28.9516 24.2405 3.8
      vertex 28.9516 20.5595 3.8
      vertex 29.0607 20.4607 3.8
    endloop
  endfacet
  facet normal -0 0 1
    outer loop
      vertex 28.8334 24.1528 3.8
      vertex 28.9516 20.5595 3.8
      vertex 28.9516 24.2405 3.8
    endloop
  endfacet
  facet normal 0 0 1
    outer loop
      vertex 28.8334 24.1528 3.8
      vertex 28.8334 20.6472 3.8
      vertex 28.9516 20.5595 3.8
    endloop
  endfacet
  facet normal -0 0 1
    outer loop
      vertex 28.7071 24.0771 3.8
      vertex 28.8334 20.6472 3.8
      vertex 28.8334 24.1528 3.8
    endloop
  endfacet
  facet normal 0 0 1
    outer loop
      vertex 28.7071 24.0771 3.8
      vertex 28.7071 20.7229 3.8
      vertex 28.8334 20.6472 3.8
    endloop
  endfacet
  facet normal -0 0 1
    outer loop
      vertex 28.574 24.0142 3.8
      vertex 28.7071 20.7229 3.8
      vertex 28.7071 24.0771 3.8
    endloop
  endfacet
  facet normal 0 0 1
    outer loop
      vertex 28.574 24.0142 3.8
      vertex 28.574 20.7858 3.8
      vertex 28.7071 20.7229 3.8
    endloop
  endfacet
  facet normal -0 0 1
    outer loop
      vertex 28.4354 23.9646 3.8
      vertex 28.574 20.7858 3.8
      vertex 28.574 24.0142 3.8
    endloop
  endfacet
  facet normal 0 0 1
    outer loop
      vertex 28.4354 23.9646 3.8
      vertex 28.4354 20.8354 3.8
      vertex 28.574 20.7858 3.8
    endloop
  endfacet
  facet normal -0 0 1
    outer loop
      vertex 28.2926 23.9288 3.8
      vertex 28.4354 20.8354 3.8
      vertex 28.4354 23.9646 3.8
    endloop
  endfacet
  facet normal 0 0 1
    outer loop
      vertex 28.2926 23.9288 3.8
      vertex 28.2926 20.8712 3.8
      vertex 28.4354 20.8354 3.8
    endloop
  endfacet
  facet normal -0 0 1
    outer loop
      vertex 28.147 23.9072 3.8
      vertex 28.2926 20.8712 3.8
      vertex 28.2926 23.9288 3.8
    endloop
  endfacet
  facet normal 0 0 1
    outer loop
      vertex 28.147 23.9072 3.8
      vertex 28.147 20.8928 3.8
      vertex 28.2926 20.8712 3.8
    endloop
  endfacet
  facet normal -0 0 1
    outer loop
      vertex 28 23.9 3.8
      vertex 28.147 20.8928 3.8
      vertex 28.147 23.9072 3.8
    endloop
  endfacet
  facet normal 0 0 1
    outer loop
      vertex 28 23.9 3.8
      vertex 28 20.9 3.8
      vertex 28.147 20.8928 3.8
    endloop
  endfacet
  facet normal -0 0 1
    outer loop
      vertex 10.1846 23.9 3.8
      vertex 28 20.9 3.8
      vertex 28 23.9 3.8
    endloop
  endfacet
  facet normal 0 0 1
    outer loop
      vertex 10.1846 23.9 3.8
      vertex 10.1846 20.9 3.8
      vertex 28 20.9 3.8
    endloop
  endfacet
  facet normal 0 0 1
    outer loop
      vertex 10.0376 23.9072 3.8
      vertex 10.1846 20.9 3.8
      vertex 10.1846 23.9 3.8
    endloop
  endfacet
  facet normal 0 0 1
    outer loop
      vertex 10.0376 23.9072 3.8
      vertex 10.0376 20.8928 3.8
      vertex 10.1846 20.9 3.8
    endloop
  endfacet
  facet normal 0 0 1
    outer loop
      vertex 9.89196 23.9288 3.8
      vertex 10.0376 20.8928 3.8
      vertex 10.0376 23.9072 3.8
    endloop
  endfacet
  facet normal 0 0 1
    outer loop
      vertex 9.89196 23.9288 3.8
      vertex 9.89196 20.8712 3.8
      vertex 10.0376 20.8928 3.8
    endloop
  endfacet
  facet normal 0 0 1
    outer loop
      vertex 9.74917 23.9646 3.8
      vertex 9.89196 20.8712 3.8
      vertex 9.89196 23.9288 3.8
    endloop
  endfacet
  facet normal 0 0 1
    outer loop
      vertex 9.74917 23.9646 3.8
      vertex 9.74917 20.8354 3.8
      vertex 9.89196 20.8712 3.8
    endloop
  endfacet
  facet normal 0 0 1
    outer loop
      vertex 9.61057 24.0142 3.8
      vertex 9.74917 20.8354 3.8
      vertex 9.74917 23.9646 3.8
    endloop
  endfacet
  facet normal 0 0 1
    outer loop
      vertex 9.61057 24.0142 3.8
      vertex 9.61057 20.7858 3.8
      vertex 9.74917 20.8354 3.8
    endloop
  endfacet
  facet normal 0 0 1
    outer loop
      vertex 9.4775 24.0771 3.8
      vertex 9.61057 20.7858 3.8
      vertex 9.61057 24.0142 3.8
    endloop
  endfacet
  facet normal 0 0 1
    outer loop
      vertex 9.4775 24.0771 3.8
      vertex 9.4775 20.7229 3.8
      vertex 9.61057 20.7858 3.8
    endloop
  endfacet
  facet normal 0 0 1
    outer loop
      vertex 9.35124 24.1528 3.8
      vertex 9.4775 20.7229 3.8
      vertex 9.4775 24.0771 3.8
    endloop
  endfacet
  facet normal 0 0 1
    outer loop
      vertex 9.35124 24.1528 3.8
      vertex 9.35124 20.6472 3.8
      vertex 9.4775 20.7229 3.8
    endloop
  endfacet
  facet normal 0 0 1
    outer loop
      vertex 9.233 24.2405 3.8
      vertex 9.35124 20.6472 3.8
      vertex 9.35124 24.1528 3.8
    endloop
  endfacet
  facet normal 0 0 1
    outer loop
      vertex 9.233 24.2405 3.8
      vertex 9.233 20.5595 3.8
      vertex 9.35124 20.6472 3.8
    endloop
  endfacet
  facet normal 0 0 1
    outer loop
      vertex 9.12393 24.3393 3.8
      vertex 9.233 20.5595 3.8
      vertex 9.233 24.2405 3.8
    endloop
  endfacet
  facet normal 0 0 1
    outer loop
      vertex 9.12393 24.3393 3.8
      vertex 9.12393 20.4607 3.8
      vertex 9.233 20.5595 3.8
    endloop
  endfacet
  facet normal -0 0 1
    outer loop
      vertex 5.81903 24.5968 3.8
      vertex 8.93739 24.5666 3.8
      vertex 5.99441 24.8333 3.8
    endloop
  endfacet
  facet normal 0 0 1
    outer loop
      vertex 8.93739 24.5666 3.8
      vertex 5.81903 24.5968 3.8
      vertex 9.02508 24.4484 3.8
    endloop
  endfacet
  facet normal -0 0 1
    outer loop
      vertex 5.99441 24.8333 3.8
      vertex 8.79877 24.826 3.8
      vertex 6.14576 25.0858 3.8
    endloop
  endfacet
  facet normal 0 0 1
    outer loop
      vertex 8.79877 24.826 3.8
      vertex 5.99441 24.8333 3.8
      vertex 8.86171 24.6929 3.8
    endloop
  endfacet
  facet normal 0 0 1
    outer loop
      vertex 8.71341 25.1074 3.8
      vertex 6.27164 25.3519 3.8
      vertex 8.74918 24.9646 3.8
    endloop
  endfacet
  facet normal -0 0 1
    outer loop
      vertex 6.14576 25.0858 3.8
      vertex 8.74918 24.9646 3.8
      vertex 6.27164 25.3519 3.8
    endloop
  endfacet
  facet normal -0 0 1
    outer loop
      vertex 6.27164 25.3519 3.8
      vertex 8.69182 25.253 3.8
      vertex 6.37082 25.6291 3.8
    endloop
  endfacet
  facet normal 0 0 1
    outer loop
      vertex 8.69182 25.253 3.8
      vertex 6.27164 25.3519 3.8
      vertex 8.71341 25.1074 3.8
    endloop
  endfacet
  facet normal 0 0 1
    outer loop
      vertex 8.68459 25.4 3.8
      vertex 6.37082 25.6291 3.8
      vertex 8.69182 25.253 3.8
    endloop
  endfacet
  facet normal 0 0 1
    outer loop
      vertex 8.74918 24.9646 3.8
      vertex 6.14576 25.0858 3.8
      vertex 8.79877 24.826 3.8
    endloop
  endfacet
  facet normal -0 0 1
    outer loop
      vertex 6.37082 25.6291 3.8
      vertex 8.68459 25.4 3.8
      vertex 6.44236 25.9147 3.8
    endloop
  endfacet
  facet normal 0 0 1
    outer loop
      vertex 8.86171 24.6929 3.8
      vertex 5.99441 24.8333 3.8
      vertex 8.93739 24.5666 3.8
    endloop
  endfacet
  facet normal 0 0 1
    outer loop
      vertex 8.69182 25.547 3.8
      vertex 6.44236 25.9147 3.8
      vertex 8.68459 25.4 3.8
    endloop
  endfacet
  facet normal 0 0 1
    outer loop
      vertex 5.62132 24.3787 3.8
      vertex 9.02508 24.4484 3.8
      vertex 5.81903 24.5968 3.8
    endloop
  endfacet
  facet normal 0 0 1
    outer loop
      vertex 8.71341 25.6926 3.8
      vertex 6.44236 25.9147 3.8
      vertex 8.69182 25.547 3.8
    endloop
  endfacet
  facet normal 0 0 1
    outer loop
      vertex 9.02508 24.4484 3.8
      vertex 5.62132 24.3787 3.8
      vertex 9.12393 24.3393 3.8
    endloop
  endfacet
  facet normal -0 0 1
    outer loop
      vertex 56.2012 12.826 3.8
      vertex 61.2059 6.48555 3.8
      vertex 56.2508 12.9646 3.8
    endloop
  endfacet
  facet normal 0 0 1
    outer loop
      vertex 60.6291 6.37082 3.8
      vertex 56.3082 7.54703 3.8
      vertex 56.3154 7.4 3.8
    endloop
  endfacet
  facet normal 0 0 1
    outer loop
      vertex 61.2059 6.48555 3.8
      vertex 56.2012 12.826 3.8
      vertex 60.9147 6.44236 3.8
    endloop
  endfacet
  facet normal 0 0 1
    outer loop
      vertex 60.6291 6.37082 3.8
      vertex 56.2866 7.69264 3.8
      vertex 56.3082 7.54703 3.8
    endloop
  endfacet
  facet normal -0 0 1
    outer loop
      vertex 56.1383 12.6929 3.8
      vertex 60.9147 6.44236 3.8
      vertex 56.2012 12.826 3.8
    endloop
  endfacet
  facet normal 0 0 1
    outer loop
      vertex 60.6291 6.37082 3.8
      vertex 56.2508 7.83543 3.8
      vertex 56.2866 7.69264 3.8
    endloop
  endfacet
  facet normal 0 0 1
    outer loop
      vertex 60.9147 6.44236 3.8
      vertex 56.1383 12.6929 3.8
      vertex 60.6291 6.37082 3.8
    endloop
  endfacet
  facet normal 0 0 1
    outer loop
      vertex 60.6291 6.37082 3.8
      vertex 56.2012 7.97403 3.8
      vertex 56.2508 7.83543 3.8
    endloop
  endfacet
  facet normal -0 0 1
    outer loop
      vertex 56.0626 12.5666 3.8
      vertex 60.6291 6.37082 3.8
      vertex 56.1383 12.6929 3.8
    endloop
  endfacet
  facet normal 0 0 1
    outer loop
      vertex 60.6291 6.37082 3.8
      vertex 56.1383 8.1071 3.8
      vertex 56.2012 7.97403 3.8
    endloop
  endfacet
  facet normal -0 0 1
    outer loop
      vertex 56.0626 8.23336 3.8
      vertex 60.6291 6.37082 3.8
      vertex 56.0626 12.5666 3.8
    endloop
  endfacet
  facet normal 0 0 1
    outer loop
      vertex 60.6291 6.37082 3.8
      vertex 56.0626 8.23336 3.8
      vertex 56.1383 8.1071 3.8
    endloop
  endfacet
  facet normal -0 0 1
    outer loop
      vertex 55.9749 12.4484 3.8
      vertex 56.0626 8.23336 3.8
      vertex 56.0626 12.5666 3.8
    endloop
  endfacet
  facet normal 0 0 1
    outer loop
      vertex 55.9749 12.4484 3.8
      vertex 55.9749 8.35159 3.8
      vertex 56.0626 8.23336 3.8
    endloop
  endfacet
  facet normal -0 0 1
    outer loop
      vertex 55.8761 12.3393 3.8
      vertex 55.9749 8.35159 3.8
      vertex 55.9749 12.4484 3.8
    endloop
  endfacet
  facet normal 0 0 1
    outer loop
      vertex 55.8761 12.3393 3.8
      vertex 55.8761 8.46066 3.8
      vertex 55.9749 8.35159 3.8
    endloop
  endfacet
  facet normal -0 0 1
    outer loop
      vertex 55.767 12.2405 3.8
      vertex 55.8761 8.46066 3.8
      vertex 55.8761 12.3393 3.8
    endloop
  endfacet
  facet normal 0 0 1
    outer loop
      vertex 55.767 12.2405 3.8
      vertex 55.767 8.55952 3.8
      vertex 55.8761 8.46066 3.8
    endloop
  endfacet
  facet normal -0 0 1
    outer loop
      vertex 55.6488 12.1528 3.8
      vertex 55.767 8.55952 3.8
      vertex 55.767 12.2405 3.8
    endloop
  endfacet
  facet normal 0 0 1
    outer loop
      vertex 55.6488 12.1528 3.8
      vertex 55.6488 8.64721 3.8
      vertex 55.767 8.55952 3.8
    endloop
  endfacet
  facet normal -0 0 1
    outer loop
      vertex 55.5225 12.0771 3.8
      vertex 55.6488 8.64721 3.8
      vertex 55.6488 12.1528 3.8
    endloop
  endfacet
  facet normal 0 0 1
    outer loop
      vertex 55.5225 12.0771 3.8
      vertex 55.5225 8.72288 3.8
      vertex 55.6488 8.64721 3.8
    endloop
  endfacet
  facet normal -0 0 1
    outer loop
      vertex 55.3894 12.0142 3.8
      vertex 55.5225 8.72288 3.8
      vertex 55.5225 12.0771 3.8
    endloop
  endfacet
  facet normal 0 0 1
    outer loop
      vertex 55.3894 12.0142 3.8
      vertex 55.3894 8.78582 3.8
      vertex 55.5225 8.72288 3.8
    endloop
  endfacet
  facet normal -0 0 1
    outer loop
      vertex 55.2508 11.9646 3.8
      vertex 55.3894 8.78582 3.8
      vertex 55.3894 12.0142 3.8
    endloop
  endfacet
  facet normal 0 0 1
    outer loop
      vertex 55.2508 11.9646 3.8
      vertex 55.2508 8.83541 3.8
      vertex 55.3894 8.78582 3.8
    endloop
  endfacet
  facet normal -0 0 1
    outer loop
      vertex 55.108 11.9288 3.8
      vertex 55.2508 8.83541 3.8
      vertex 55.2508 11.9646 3.8
    endloop
  endfacet
  facet normal 0 0 1
    outer loop
      vertex 55.108 11.9288 3.8
      vertex 55.108 8.87118 3.8
      vertex 55.2508 8.83541 3.8
    endloop
  endfacet
  facet normal -0 0 1
    outer loop
      vertex 54.9624 11.9072 3.8
      vertex 55.108 8.87118 3.8
      vertex 55.108 11.9288 3.8
    endloop
  endfacet
  facet normal 0 0 1
    outer loop
      vertex 54.9624 11.9072 3.8
      vertex 54.9624 8.89278 3.8
      vertex 55.108 8.87118 3.8
    endloop
  endfacet
  facet normal -0 0 1
    outer loop
      vertex 54.8154 11.9 3.8
      vertex 54.9624 8.89278 3.8
      vertex 54.9624 11.9072 3.8
    endloop
  endfacet
  facet normal 0 0 1
    outer loop
      vertex 54.8154 11.9 3.8
      vertex 54.8154 8.9 3.8
      vertex 54.9624 8.89278 3.8
    endloop
  endfacet
  facet normal -0 0 1
    outer loop
      vertex 37 11.9 3.8
      vertex 54.8154 8.9 3.8
      vertex 54.8154 11.9 3.8
    endloop
  endfacet
  facet normal 0 0 1
    outer loop
      vertex 37 11.9 3.8
      vertex 37 8.9 3.8
      vertex 54.8154 8.9 3.8
    endloop
  endfacet
  facet normal 0 0 1
    outer loop
      vertex 36.853 11.9072 3.8
      vertex 37 8.9 3.8
      vertex 37 11.9 3.8
    endloop
  endfacet
  facet normal 0 0 1
    outer loop
      vertex 36.853 11.9072 3.8
      vertex 36.853 8.89278 3.8
      vertex 37 8.9 3.8
    endloop
  endfacet
  facet normal 0 0 1
    outer loop
      vertex 36.7074 11.9288 3.8
      vertex 36.853 8.89278 3.8
      vertex 36.853 11.9072 3.8
    endloop
  endfacet
  facet normal 0 0 1
    outer loop
      vertex 36.7074 11.9288 3.8
      vertex 36.7074 8.87118 3.8
      vertex 36.853 8.89278 3.8
    endloop
  endfacet
  facet normal 0 0 1
    outer loop
      vertex 36.5646 11.9646 3.8
      vertex 36.7074 8.87118 3.8
      vertex 36.7074 11.9288 3.8
    endloop
  endfacet
  facet normal 0 0 1
    outer loop
      vertex 36.5646 11.9646 3.8
      vertex 36.5646 8.83541 3.8
      vertex 36.7074 8.87118 3.8
    endloop
  endfacet
  facet normal 0 0 1
    outer loop
      vertex 36.426 12.0142 3.8
      vertex 36.5646 8.83541 3.8
      vertex 36.5646 11.9646 3.8
    endloop
  endfacet
  facet normal 0 0 1
    outer loop
      vertex 36.426 12.0142 3.8
      vertex 36.426 8.78582 3.8
      vertex 36.5646 8.83541 3.8
    endloop
  endfacet
  facet normal 0 0 1
    outer loop
      vertex 36.2929 12.0771 3.8
      vertex 36.426 8.78582 3.8
      vertex 36.426 12.0142 3.8
    endloop
  endfacet
  facet normal 0 0 1
    outer loop
      vertex 36.2929 12.0771 3.8
      vertex 36.2929 8.72288 3.8
      vertex 36.426 8.78582 3.8
    endloop
  endfacet
  facet normal 0 0 1
    outer loop
      vertex 36.1666 12.1528 3.8
      vertex 36.2929 8.72288 3.8
      vertex 36.2929 12.0771 3.8
    endloop
  endfacet
  facet normal 0 0 1
    outer loop
      vertex 36.1666 12.1528 3.8
      vertex 36.1666 8.64721 3.8
      vertex 36.2929 8.72288 3.8
    endloop
  endfacet
  facet normal 0 0 1
    outer loop
      vertex 36.0484 12.2405 3.8
      vertex 36.1666 8.64721 3.8
      vertex 36.1666 12.1528 3.8
    endloop
  endfacet
  facet normal 0 0 1
    outer loop
      vertex 36.0484 12.2405 3.8
      vertex 36.0484 8.55952 3.8
      vertex 36.1666 8.64721 3.8
    endloop
  endfacet
  facet normal 0 0 1
    outer loop
      vertex 35.9393 12.3393 3.8
      vertex 36.0484 8.55952 3.8
      vertex 36.0484 12.2405 3.8
    endloop
  endfacet
  facet normal 0 0 1
    outer loop
      vertex 35.9393 12.3393 3.8
      vertex 35.9393 8.46066 3.8
      vertex 36.0484 8.55952 3.8
    endloop
  endfacet
  facet normal 0 0 1
    outer loop
      vertex 35.8405 12.4484 3.8
      vertex 35.9393 8.46066 3.8
      vertex 35.9393 12.3393 3.8
    endloop
  endfacet
  facet normal 0 0 1
    outer loop
      vertex 35.8405 12.4484 3.8
      vertex 35.8405 8.35159 3.8
      vertex 35.9393 8.46066 3.8
    endloop
  endfacet
  facet normal 0 0 1
    outer loop
      vertex 35.7528 12.5666 3.8
      vertex 35.8405 8.35159 3.8
      vertex 35.8405 12.4484 3.8
    endloop
  endfacet
  facet normal 0 0 1
    outer loop
      vertex 35.7528 12.5666 3.8
      vertex 35.7528 8.23336 3.8
      vertex 35.8405 8.35159 3.8
    endloop
  endfacet
  facet normal 0 0 1
    outer loop
      vertex 29.4354 12.9646 3.8
      vertex 35.5646 12.9646 3.8
      vertex 29.4712 13.1074 3.8
    endloop
  endfacet
  facet normal 0 0 1
    outer loop
      vertex 35.5646 12.9646 3.8
      vertex 29.4354 12.9646 3.8
      vertex 35.6142 12.826 3.8
    endloop
  endfacet
  facet normal 0 0 1
    outer loop
      vertex 35.5288 13.1074 3.8
      vertex 29.4712 13.1074 3.8
      vertex 35.5646 12.9646 3.8
    endloop
  endfacet
  facet normal 0 0 1
    outer loop
      vertex 29.3858 12.826 3.8
      vertex 35.6142 12.826 3.8
      vertex 29.4354 12.9646 3.8
    endloop
  endfacet
  facet normal 0 0 1
    outer loop
      vertex 29.4712 13.1074 3.8
      vertex 35.5288 13.1074 3.8
      vertex 29.4928 13.253 3.8
    endloop
  endfacet
  facet normal 0 0 1
    outer loop
      vertex 35.7528 8.23336 3.8
      vertex 29.5 7.4 3.8
      vertex 35.6771 8.1071 3.8
    endloop
  endfacet
  facet normal 0 0 1
    outer loop
      vertex 35.5072 13.253 3.8
      vertex 29.4928 13.253 3.8
      vertex 35.5288 13.1074 3.8
    endloop
  endfacet
  facet normal 0 0 1
    outer loop
      vertex 35.6771 8.1071 3.8
      vertex 29.5 7.4 3.8
      vertex 35.6142 7.97403 3.8
    endloop
  endfacet
  facet normal 0 0 1
    outer loop
      vertex 29.4928 13.253 3.8
      vertex 35.5072 13.253 3.8
      vertex 29.5 13.4 3.8
    endloop
  endfacet
  facet normal 0 0 1
    outer loop
      vertex 35.6142 7.97403 3.8
      vertex 29.5 7.4 3.8
      vertex 35.5646 7.83543 3.8
    endloop
  endfacet
  facet normal -0 0 1
    outer loop
      vertex 29.5 13.4 3.8
      vertex 35.5072 13.253 3.8
      vertex 35.5 13.4 3.8
    endloop
  endfacet
  facet normal 0 0 1
    outer loop
      vertex 35.5646 7.83543 3.8
      vertex 29.5 7.4 3.8
      vertex 35.5288 7.69264 3.8
    endloop
  endfacet
  facet normal -0 0 1
    outer loop
      vertex 61.5 23.5 3.8
      vertex 56.2866 19.1074 3.8
      vertex 61.7941 23.5144 3.8
    endloop
  endfacet
  facet normal 0 0 1
    outer loop
      vertex 61.7941 23.5144 3.8
      vertex 56.3082 13.547 3.8
      vertex 56.3154 13.4 3.8
    endloop
  endfacet
  facet normal 0 0 1
    outer loop
      vertex 56.2508 18.9646 3.8
      vertex 61.7941 23.5144 3.8
      vertex 56.2866 19.1074 3.8
    endloop
  endfacet
  facet normal 0 0 1
    outer loop
      vertex 61.7941 23.5144 3.8
      vertex 56.2866 13.6926 3.8
      vertex 56.3082 13.547 3.8
    endloop
  endfacet
  facet normal 0 0 1
    outer loop
      vertex 56.2508 13.8354 3.8
      vertex 61.7941 23.5144 3.8
      vertex 56.2508 18.9646 3.8
    endloop
  endfacet
  facet normal 0 0 1
    outer loop
      vertex 61.7941 23.5144 3.8
      vertex 56.2508 13.8354 3.8
      vertex 56.2866 13.6926 3.8
    endloop
  endfacet
  facet normal -0 0 1
    outer loop
      vertex 56.2012 18.826 3.8
      vertex 56.2508 13.8354 3.8
      vertex 56.2508 18.9646 3.8
    endloop
  endfacet
  facet normal 0 0 1
    outer loop
      vertex 56.2012 18.826 3.8
      vertex 56.2012 13.974 3.8
      vertex 56.2508 13.8354 3.8
    endloop
  endfacet
  facet normal -0 0 1
    outer loop
      vertex 56.1383 18.6929 3.8
      vertex 56.2012 13.974 3.8
      vertex 56.2012 18.826 3.8
    endloop
  endfacet
  facet normal 0 0 1
    outer loop
      vertex 56.1383 18.6929 3.8
      vertex 56.1383 14.1071 3.8
      vertex 56.2012 13.974 3.8
    endloop
  endfacet
  facet normal -0 0 1
    outer loop
      vertex 56.0626 18.5666 3.8
      vertex 56.1383 14.1071 3.8
      vertex 56.1383 18.6929 3.8
    endloop
  endfacet
  facet normal 0 0 1
    outer loop
      vertex 56.0626 18.5666 3.8
      vertex 56.0626 14.2334 3.8
      vertex 56.1383 14.1071 3.8
    endloop
  endfacet
  facet normal -0 0 1
    outer loop
      vertex 55.9749 18.4484 3.8
      vertex 56.0626 14.2334 3.8
      vertex 56.0626 18.5666 3.8
    endloop
  endfacet
  facet normal 0 0 1
    outer loop
      vertex 55.9749 18.4484 3.8
      vertex 55.9749 14.3516 3.8
      vertex 56.0626 14.2334 3.8
    endloop
  endfacet
  facet normal -0 0 1
    outer loop
      vertex 55.8761 18.3393 3.8
      vertex 55.9749 14.3516 3.8
      vertex 55.9749 18.4484 3.8
    endloop
  endfacet
  facet normal 0 0 1
    outer loop
      vertex 55.8761 18.3393 3.8
      vertex 55.8761 14.4607 3.8
      vertex 55.9749 14.3516 3.8
    endloop
  endfacet
  facet normal -0 0 1
    outer loop
      vertex 55.767 18.2405 3.8
      vertex 55.8761 14.4607 3.8
      vertex 55.8761 18.3393 3.8
    endloop
  endfacet
  facet normal 0 0 1
    outer loop
      vertex 55.767 18.2405 3.8
      vertex 55.767 14.5595 3.8
      vertex 55.8761 14.4607 3.8
    endloop
  endfacet
  facet normal -0 0 1
    outer loop
      vertex 55.6488 18.1528 3.8
      vertex 55.767 14.5595 3.8
      vertex 55.767 18.2405 3.8
    endloop
  endfacet
  facet normal 0 0 1
    outer loop
      vertex 55.6488 18.1528 3.8
      vertex 55.6488 14.6472 3.8
      vertex 55.767 14.5595 3.8
    endloop
  endfacet
  facet normal -0 0 1
    outer loop
      vertex 55.5225 18.0771 3.8
      vertex 55.6488 14.6472 3.8
      vertex 55.6488 18.1528 3.8
    endloop
  endfacet
  facet normal 0 0 1
    outer loop
      vertex 55.5225 18.0771 3.8
      vertex 55.5225 14.7229 3.8
      vertex 55.6488 14.6472 3.8
    endloop
  endfacet
  facet normal -0 0 1
    outer loop
      vertex 55.3894 18.0142 3.8
      vertex 55.5225 14.7229 3.8
      vertex 55.5225 18.0771 3.8
    endloop
  endfacet
  facet normal 0 0 1
    outer loop
      vertex 55.3894 18.0142 3.8
      vertex 55.3894 14.7858 3.8
      vertex 55.5225 14.7229 3.8
    endloop
  endfacet
  facet normal -0 0 1
    outer loop
      vertex 55.2508 17.9646 3.8
      vertex 55.3894 14.7858 3.8
      vertex 55.3894 18.0142 3.8
    endloop
  endfacet
  facet normal 0 0 1
    outer loop
      vertex 55.2508 17.9646 3.8
      vertex 55.2508 14.8354 3.8
      vertex 55.3894 14.7858 3.8
    endloop
  endfacet
  facet normal -0 0 1
    outer loop
      vertex 55.108 17.9288 3.8
      vertex 55.2508 14.8354 3.8
      vertex 55.2508 17.9646 3.8
    endloop
  endfacet
  facet normal 0 0 1
    outer loop
      vertex 55.108 17.9288 3.8
      vertex 55.108 14.8712 3.8
      vertex 55.2508 14.8354 3.8
    endloop
  endfacet
  facet normal -0 0 1
    outer loop
      vertex 54.9624 17.9072 3.8
      vertex 55.108 14.8712 3.8
      vertex 55.108 17.9288 3.8
    endloop
  endfacet
  facet normal 0 0 1
    outer loop
      vertex 54.9624 17.9072 3.8
      vertex 54.9624 14.8928 3.8
      vertex 55.108 14.8712 3.8
    endloop
  endfacet
  facet normal -0 0 1
    outer loop
      vertex 54.8154 17.9 3.8
      vertex 54.9624 14.8928 3.8
      vertex 54.9624 17.9072 3.8
    endloop
  endfacet
  facet normal 0 0 1
    outer loop
      vertex 54.8154 17.9 3.8
      vertex 54.8154 14.9 3.8
      vertex 54.9624 14.8928 3.8
    endloop
  endfacet
  facet normal -0 0 1
    outer loop
      vertex 37 17.9 3.8
      vertex 54.8154 14.9 3.8
      vertex 54.8154 17.9 3.8
    endloop
  endfacet
  facet normal 0 0 1
    outer loop
      vertex 37 17.9 3.8
      vertex 37 14.9 3.8
      vertex 54.8154 14.9 3.8
    endloop
  endfacet
  facet normal 0 0 1
    outer loop
      vertex 36.853 17.9072 3.8
      vertex 37 14.9 3.8
      vertex 37 17.9 3.8
    endloop
  endfacet
  facet normal 0 0 1
    outer loop
      vertex 36.853 17.9072 3.8
      vertex 36.853 14.8928 3.8
      vertex 37 14.9 3.8
    endloop
  endfacet
  facet normal 0 0 1
    outer loop
      vertex 36.7074 17.9288 3.8
      vertex 36.853 14.8928 3.8
      vertex 36.853 17.9072 3.8
    endloop
  endfacet
  facet normal 0 0 1
    outer loop
      vertex 36.7074 17.9288 3.8
      vertex 36.7074 14.8712 3.8
      vertex 36.853 14.8928 3.8
    endloop
  endfacet
  facet normal 0 0 1
    outer loop
      vertex 36.5646 17.9646 3.8
      vertex 36.7074 14.8712 3.8
      vertex 36.7074 17.9288 3.8
    endloop
  endfacet
  facet normal 0 0 1
    outer loop
      vertex 36.5646 17.9646 3.8
      vertex 36.5646 14.8354 3.8
      vertex 36.7074 14.8712 3.8
    endloop
  endfacet
  facet normal 0 0 1
    outer loop
      vertex 36.426 18.0142 3.8
      vertex 36.5646 14.8354 3.8
      vertex 36.5646 17.9646 3.8
    endloop
  endfacet
  facet normal 0 0 1
    outer loop
      vertex 36.426 18.0142 3.8
      vertex 36.426 14.7858 3.8
      vertex 36.5646 14.8354 3.8
    endloop
  endfacet
  facet normal 0 0 1
    outer loop
      vertex 36.2929 18.0771 3.8
      vertex 36.426 14.7858 3.8
      vertex 36.426 18.0142 3.8
    endloop
  endfacet
  facet normal 0 0 1
    outer loop
      vertex 36.2929 18.0771 3.8
      vertex 36.2929 14.7229 3.8
      vertex 36.426 14.7858 3.8
    endloop
  endfacet
  facet normal 0 0 1
    outer loop
      vertex 36.1666 18.1528 3.8
      vertex 36.2929 14.7229 3.8
      vertex 36.2929 18.0771 3.8
    endloop
  endfacet
  facet normal 0 0 1
    outer loop
      vertex 36.1666 18.1528 3.8
      vertex 36.1666 14.6472 3.8
      vertex 36.2929 14.7229 3.8
    endloop
  endfacet
  facet normal 0 0 1
    outer loop
      vertex 36.0484 18.2405 3.8
      vertex 36.1666 14.6472 3.8
      vertex 36.1666 18.1528 3.8
    endloop
  endfacet
  facet normal 0 0 1
    outer loop
      vertex 36.0484 18.2405 3.8
      vertex 36.0484 14.5595 3.8
      vertex 36.1666 14.6472 3.8
    endloop
  endfacet
  facet normal 0 0 1
    outer loop
      vertex 35.9393 18.3393 3.8
      vertex 36.0484 14.5595 3.8
      vertex 36.0484 18.2405 3.8
    endloop
  endfacet
  facet normal 0 0 1
    outer loop
      vertex 35.9393 18.3393 3.8
      vertex 35.9393 14.4607 3.8
      vertex 36.0484 14.5595 3.8
    endloop
  endfacet
  facet normal 0 0 1
    outer loop
      vertex 35.8405 18.4484 3.8
      vertex 35.9393 14.4607 3.8
      vertex 35.9393 18.3393 3.8
    endloop
  endfacet
  facet normal 0 0 1
    outer loop
      vertex 35.8405 18.4484 3.8
      vertex 35.8405 14.3516 3.8
      vertex 35.9393 14.4607 3.8
    endloop
  endfacet
  facet normal 0 0 1
    outer loop
      vertex 35.7528 18.5666 3.8
      vertex 35.8405 14.3516 3.8
      vertex 35.8405 18.4484 3.8
    endloop
  endfacet
  facet normal 0 0 1
    outer loop
      vertex 35.7528 18.5666 3.8
      vertex 35.7528 14.2334 3.8
      vertex 35.8405 14.3516 3.8
    endloop
  endfacet
  facet normal 0 0 1
    outer loop
      vertex 29.4354 18.9646 3.8
      vertex 35.5646 18.9646 3.8
      vertex 29.4712 19.1074 3.8
    endloop
  endfacet
  facet normal 0 0 1
    outer loop
      vertex 35.5646 18.9646 3.8
      vertex 29.4354 18.9646 3.8
      vertex 35.6142 18.826 3.8
    endloop
  endfacet
  facet normal 0 0 1
    outer loop
      vertex 35.5288 19.1074 3.8
      vertex 29.4712 19.1074 3.8
      vertex 35.5646 18.9646 3.8
    endloop
  endfacet
  facet normal 0 0 1
    outer loop
      vertex 29.3858 18.826 3.8
      vertex 35.6142 18.826 3.8
      vertex 29.4354 18.9646 3.8
    endloop
  endfacet
  facet normal 0 0 1
    outer loop
      vertex 29.4712 19.1074 3.8
      vertex 35.5288 19.1074 3.8
      vertex 29.4928 19.253 3.8
    endloop
  endfacet
  facet normal 0 0 1
    outer loop
      vertex 35.7528 14.2334 3.8
      vertex 29.5 13.4 3.8
      vertex 35.6771 14.1071 3.8
    endloop
  endfacet
  facet normal 0 0 1
    outer loop
      vertex 35.5072 19.253 3.8
      vertex 29.4928 19.253 3.8
      vertex 35.5288 19.1074 3.8
    endloop
  endfacet
  facet normal 0 0 1
    outer loop
      vertex 35.6771 14.1071 3.8
      vertex 29.5 13.4 3.8
      vertex 35.6142 13.974 3.8
    endloop
  endfacet
  facet normal 0 0 1
    outer loop
      vertex 29.4928 19.253 3.8
      vertex 35.5072 19.253 3.8
      vertex 29.5 19.4 3.8
    endloop
  endfacet
  facet normal 0 0 1
    outer loop
      vertex 35.6142 13.974 3.8
      vertex 29.5 13.4 3.8
      vertex 35.5646 13.8354 3.8
    endloop
  endfacet
  facet normal -0 0 1
    outer loop
      vertex 29.5 19.4 3.8
      vertex 35.5072 19.253 3.8
      vertex 35.5 19.4 3.8
    endloop
  endfacet
  facet normal 0 0 1
    outer loop
      vertex 35.5646 13.8354 3.8
      vertex 29.5 13.4 3.8
      vertex 35.5288 13.6926 3.8
    endloop
  endfacet
  facet normal 0 0 1
    outer loop
      vertex 58.8542 25.0858 3.8
      vertex 56.2012 24.826 3.8
      vertex 59.0056 24.8333 3.8
    endloop
  endfacet
  facet normal 0 0 1
    outer loop
      vertex 59.3787 24.3787 3.8
      vertex 56.3082 19.547 3.8
      vertex 56.3154 19.4 3.8
    endloop
  endfacet
  facet normal 0 0 1
    outer loop
      vertex 56.1383 24.6929 3.8
      vertex 59.0056 24.8333 3.8
      vertex 56.2012 24.826 3.8
    endloop
  endfacet
  facet normal 0 0 1
    outer loop
      vertex 59.3787 24.3787 3.8
      vertex 56.2866 19.6926 3.8
      vertex 56.3082 19.547 3.8
    endloop
  endfacet
  facet normal 0 0 1
    outer loop
      vertex 56.0626 24.5666 3.8
      vertex 59.0056 24.8333 3.8
      vertex 56.1383 24.6929 3.8
    endloop
  endfacet
  facet normal 0 0 1
    outer loop
      vertex 59.3787 24.3787 3.8
      vertex 56.2508 19.8354 3.8
      vertex 56.2866 19.6926 3.8
    endloop
  endfacet
  facet normal 0 0 1
    outer loop
      vertex 59.0056 24.8333 3.8
      vertex 56.0626 24.5666 3.8
      vertex 59.181 24.5968 3.8
    endloop
  endfacet
  facet normal 0 0 1
    outer loop
      vertex 59.3787 24.3787 3.8
      vertex 56.2012 19.974 3.8
      vertex 56.2508 19.8354 3.8
    endloop
  endfacet
  facet normal 0 0 1
    outer loop
      vertex 55.9749 24.4484 3.8
      vertex 59.181 24.5968 3.8
      vertex 56.0626 24.5666 3.8
    endloop
  endfacet
  facet normal 0 0 1
    outer loop
      vertex 59.3787 24.3787 3.8
      vertex 56.1383 20.1071 3.8
      vertex 56.2012 19.974 3.8
    endloop
  endfacet
  facet normal 0 0 1
    outer loop
      vertex 59.181 24.5968 3.8
      vertex 55.9749 24.4484 3.8
      vertex 59.3787 24.3787 3.8
    endloop
  endfacet
  facet normal 0 0 1
    outer loop
      vertex 59.3787 24.3787 3.8
      vertex 56.0626 20.2334 3.8
      vertex 56.1383 20.1071 3.8
    endloop
  endfacet
  facet normal 0 0 1
    outer loop
      vertex 55.8761 24.3393 3.8
      vertex 59.3787 24.3787 3.8
      vertex 55.9749 24.4484 3.8
    endloop
  endfacet
  facet normal 0 0 1
    outer loop
      vertex 59.3787 24.3787 3.8
      vertex 55.9749 20.3516 3.8
      vertex 56.0626 20.2334 3.8
    endloop
  endfacet
  facet normal 0 0 1
    outer loop
      vertex 55.8761 20.4607 3.8
      vertex 59.3787 24.3787 3.8
      vertex 55.8761 24.3393 3.8
    endloop
  endfacet
  facet normal 0 0 1
    outer loop
      vertex 59.3787 24.3787 3.8
      vertex 55.8761 20.4607 3.8
      vertex 55.9749 20.3516 3.8
    endloop
  endfacet
  facet normal -0 0 1
    outer loop
      vertex 55.767 24.2405 3.8
      vertex 55.8761 20.4607 3.8
      vertex 55.8761 24.3393 3.8
    endloop
  endfacet
  facet normal 0 0 1
    outer loop
      vertex 55.767 24.2405 3.8
      vertex 55.767 20.5595 3.8
      vertex 55.8761 20.4607 3.8
    endloop
  endfacet
  facet normal -0 0 1
    outer loop
      vertex 55.6488 24.1528 3.8
      vertex 55.767 20.5595 3.8
      vertex 55.767 24.2405 3.8
    endloop
  endfacet
  facet normal 0 0 1
    outer loop
      vertex 55.6488 24.1528 3.8
      vertex 55.6488 20.6472 3.8
      vertex 55.767 20.5595 3.8
    endloop
  endfacet
  facet normal -0 0 1
    outer loop
      vertex 55.5225 24.0771 3.8
      vertex 55.6488 20.6472 3.8
      vertex 55.6488 24.1528 3.8
    endloop
  endfacet
  facet normal 0 0 1
    outer loop
      vertex 55.5225 24.0771 3.8
      vertex 55.5225 20.7229 3.8
      vertex 55.6488 20.6472 3.8
    endloop
  endfacet
  facet normal -0 0 1
    outer loop
      vertex 55.3894 24.0142 3.8
      vertex 55.5225 20.7229 3.8
      vertex 55.5225 24.0771 3.8
    endloop
  endfacet
  facet normal 0 0 1
    outer loop
      vertex 55.3894 24.0142 3.8
      vertex 55.3894 20.7858 3.8
      vertex 55.5225 20.7229 3.8
    endloop
  endfacet
  facet normal -0 0 1
    outer loop
      vertex 55.2508 23.9646 3.8
      vertex 55.3894 20.7858 3.8
      vertex 55.3894 24.0142 3.8
    endloop
  endfacet
  facet normal 0 0 1
    outer loop
      vertex 55.2508 23.9646 3.8
      vertex 55.2508 20.8354 3.8
      vertex 55.3894 20.7858 3.8
    endloop
  endfacet
  facet normal -0 0 1
    outer loop
      vertex 55.108 23.9288 3.8
      vertex 55.2508 20.8354 3.8
      vertex 55.2508 23.9646 3.8
    endloop
  endfacet
  facet normal 0 0 1
    outer loop
      vertex 55.108 23.9288 3.8
      vertex 55.108 20.8712 3.8
      vertex 55.2508 20.8354 3.8
    endloop
  endfacet
  facet normal -0 0 1
    outer loop
      vertex 54.9624 23.9072 3.8
      vertex 55.108 20.8712 3.8
      vertex 55.108 23.9288 3.8
    endloop
  endfacet
  facet normal 0 0 1
    outer loop
      vertex 54.9624 23.9072 3.8
      vertex 54.9624 20.8928 3.8
      vertex 55.108 20.8712 3.8
    endloop
  endfacet
  facet normal -0 0 1
    outer loop
      vertex 54.8154 23.9 3.8
      vertex 54.9624 20.8928 3.8
      vertex 54.9624 23.9072 3.8
    endloop
  endfacet
  facet normal 0 0 1
    outer loop
      vertex 54.8154 23.9 3.8
      vertex 54.8154 20.9 3.8
      vertex 54.9624 20.8928 3.8
    endloop
  endfacet
  facet normal -0 0 1
    outer loop
      vertex 37 23.9 3.8
      vertex 54.8154 20.9 3.8
      vertex 54.8154 23.9 3.8
    endloop
  endfacet
  facet normal 0 0 1
    outer loop
      vertex 37 23.9 3.8
      vertex 37 20.9 3.8
      vertex 54.8154 20.9 3.8
    endloop
  endfacet
  facet normal 0 0 1
    outer loop
      vertex 36.853 23.9072 3.8
      vertex 37 20.9 3.8
      vertex 37 23.9 3.8
    endloop
  endfacet
  facet normal 0 0 1
    outer loop
      vertex 36.853 23.9072 3.8
      vertex 36.853 20.8928 3.8
      vertex 37 20.9 3.8
    endloop
  endfacet
  facet normal 0 0 1
    outer loop
      vertex 36.7074 23.9288 3.8
      vertex 36.853 20.8928 3.8
      vertex 36.853 23.9072 3.8
    endloop
  endfacet
  facet normal 0 0 1
    outer loop
      vertex 36.7074 23.9288 3.8
      vertex 36.7074 20.8712 3.8
      vertex 36.853 20.8928 3.8
    endloop
  endfacet
  facet normal 0 0 1
    outer loop
      vertex 36.5646 23.9646 3.8
      vertex 36.7074 20.8712 3.8
      vertex 36.7074 23.9288 3.8
    endloop
  endfacet
  facet normal 0 0 1
    outer loop
      vertex 36.5646 23.9646 3.8
      vertex 36.5646 20.8354 3.8
      vertex 36.7074 20.8712 3.8
    endloop
  endfacet
  facet normal 0 0 1
    outer loop
      vertex 36.426 24.0142 3.8
      vertex 36.5646 20.8354 3.8
      vertex 36.5646 23.9646 3.8
    endloop
  endfacet
  facet normal 0 0 1
    outer loop
      vertex 36.426 24.0142 3.8
      vertex 36.426 20.7858 3.8
      vertex 36.5646 20.8354 3.8
    endloop
  endfacet
  facet normal 0 0 1
    outer loop
      vertex 36.2929 24.0771 3.8
      vertex 36.426 20.7858 3.8
      vertex 36.426 24.0142 3.8
    endloop
  endfacet
  facet normal 0 0 1
    outer loop
      vertex 36.2929 24.0771 3.8
      vertex 36.2929 20.7229 3.8
      vertex 36.426 20.7858 3.8
    endloop
  endfacet
  facet normal 0 0 1
    outer loop
      vertex 36.1666 24.1528 3.8
      vertex 36.2929 20.7229 3.8
      vertex 36.2929 24.0771 3.8
    endloop
  endfacet
  facet normal 0 0 1
    outer loop
      vertex 36.1666 24.1528 3.8
      vertex 36.1666 20.6472 3.8
      vertex 36.2929 20.7229 3.8
    endloop
  endfacet
  facet normal 0 0 1
    outer loop
      vertex 36.0484 24.2405 3.8
      vertex 36.1666 20.6472 3.8
      vertex 36.1666 24.1528 3.8
    endloop
  endfacet
  facet normal 0 0 1
    outer loop
      vertex 36.0484 24.2405 3.8
      vertex 36.0484 20.5595 3.8
      vertex 36.1666 20.6472 3.8
    endloop
  endfacet
  facet normal 0 0 1
    outer loop
      vertex 35.9393 24.3393 3.8
      vertex 36.0484 20.5595 3.8
      vertex 36.0484 24.2405 3.8
    endloop
  endfacet
  facet normal 0 0 1
    outer loop
      vertex 35.9393 24.3393 3.8
      vertex 35.9393 20.4607 3.8
      vertex 36.0484 20.5595 3.8
    endloop
  endfacet
  facet normal 0 0 1
    outer loop
      vertex 35.8405 24.4484 3.8
      vertex 35.9393 20.4607 3.8
      vertex 35.9393 24.3393 3.8
    endloop
  endfacet
  facet normal 0 0 1
    outer loop
      vertex 35.8405 24.4484 3.8
      vertex 35.8405 20.3516 3.8
      vertex 35.9393 20.4607 3.8
    endloop
  endfacet
  facet normal 0 0 1
    outer loop
      vertex 35.7528 24.5666 3.8
      vertex 35.8405 20.3516 3.8
      vertex 35.8405 24.4484 3.8
    endloop
  endfacet
  facet normal 0 0 1
    outer loop
      vertex 35.7528 24.5666 3.8
      vertex 35.7528 20.2334 3.8
      vertex 35.8405 20.3516 3.8
    endloop
  endfacet
  facet normal 0 0 1
    outer loop
      vertex 29.4354 24.9646 3.8
      vertex 35.5646 24.9646 3.8
      vertex 29.4712 25.1074 3.8
    endloop
  endfacet
  facet normal 0 0 1
    outer loop
      vertex 35.5646 24.9646 3.8
      vertex 29.4354 24.9646 3.8
      vertex 35.6142 24.826 3.8
    endloop
  endfacet
  facet normal 0 0 1
    outer loop
      vertex 35.5288 25.1074 3.8
      vertex 29.4712 25.1074 3.8
      vertex 35.5646 24.9646 3.8
    endloop
  endfacet
  facet normal 0 0 1
    outer loop
      vertex 29.3858 24.826 3.8
      vertex 35.6142 24.826 3.8
      vertex 29.4354 24.9646 3.8
    endloop
  endfacet
  facet normal 0 0 1
    outer loop
      vertex 29.4712 25.1074 3.8
      vertex 35.5288 25.1074 3.8
      vertex 29.4928 25.253 3.8
    endloop
  endfacet
  facet normal 0 0 1
    outer loop
      vertex 35.7528 20.2334 3.8
      vertex 29.5 19.4 3.8
      vertex 35.6771 20.1071 3.8
    endloop
  endfacet
  facet normal 0 0 1
    outer loop
      vertex 35.5072 25.253 3.8
      vertex 29.4928 25.253 3.8
      vertex 35.5288 25.1074 3.8
    endloop
  endfacet
  facet normal 0 0 1
    outer loop
      vertex 35.6771 20.1071 3.8
      vertex 29.5 19.4 3.8
      vertex 35.6142 19.974 3.8
    endloop
  endfacet
  facet normal 0 0 1
    outer loop
      vertex 29.4928 25.253 3.8
      vertex 35.5072 25.253 3.8
      vertex 29.5 25.4 3.8
    endloop
  endfacet
  facet normal 0 0 1
    outer loop
      vertex 35.6142 19.974 3.8
      vertex 29.5 19.4 3.8
      vertex 35.5646 19.8354 3.8
    endloop
  endfacet
  facet normal -0 0 1
    outer loop
      vertex 29.5 25.4 3.8
      vertex 35.5072 25.253 3.8
      vertex 35.5 25.4 3.8
    endloop
  endfacet
  facet normal 0 0 1
    outer loop
      vertex 35.5646 19.8354 3.8
      vertex 29.5 19.4 3.8
      vertex 35.5288 19.6926 3.8
    endloop
  endfacet
  facet normal 0 0 1
    outer loop
      vertex 64.3708 25.6291 3.8
      vertex 65.4 28.4 3.8
      vertex 64.4424 25.9147 3.8
    endloop
  endfacet
  facet normal 0 0 1
    outer loop
      vertex 65.4 1.6 3.8
      vertex 64.4855 3.79405 3.8
      vertex 64.5 3.5 3.8
    endloop
  endfacet
  facet normal 0 0 1
    outer loop
      vertex 65.4 28.4 3.8
      vertex 64.3708 25.6291 3.8
      vertex 65.4 1.6 3.8
    endloop
  endfacet
  facet normal 0 0 1
    outer loop
      vertex 65.4 1.6 3.8
      vertex 64.4424 4.08527 3.8
      vertex 64.4855 3.79405 3.8
    endloop
  endfacet
  facet normal -0 0 1
    outer loop
      vertex 64.3708 4.37085 3.8
      vertex 65.4 1.6 3.8
      vertex 64.3708 25.6291 3.8
    endloop
  endfacet
  facet normal 0 0 1
    outer loop
      vertex 65.4 1.6 3.8
      vertex 64.3708 4.37085 3.8
      vertex 64.4424 4.08527 3.8
    endloop
  endfacet
  facet normal -0 0 1
    outer loop
      vertex 64.2716 25.3519 3.8
      vertex 64.3708 4.37085 3.8
      vertex 64.3708 25.6291 3.8
    endloop
  endfacet
  facet normal 0 0 1
    outer loop
      vertex 64.2716 25.3519 3.8
      vertex 64.2716 4.64805 3.8
      vertex 64.3708 4.37085 3.8
    endloop
  endfacet
  facet normal -0 0 1
    outer loop
      vertex 64.1458 25.0858 3.8
      vertex 64.2716 4.64805 3.8
      vertex 64.2716 25.3519 3.8
    endloop
  endfacet
  facet normal 0 0 1
    outer loop
      vertex 64.1458 25.0858 3.8
      vertex 64.1458 4.91419 3.8
      vertex 64.2716 4.64805 3.8
    endloop
  endfacet
  facet normal -0 0 1
    outer loop
      vertex 63.9944 24.8333 3.8
      vertex 64.1458 4.91419 3.8
      vertex 64.1458 25.0858 3.8
    endloop
  endfacet
  facet normal 0 0 1
    outer loop
      vertex 63.9944 24.8333 3.8
      vertex 63.9944 5.16671 3.8
      vertex 64.1458 4.91419 3.8
    endloop
  endfacet
  facet normal -0 0 1
    outer loop
      vertex 63.819 24.5968 3.8
      vertex 63.9944 5.16671 3.8
      vertex 63.9944 24.8333 3.8
    endloop
  endfacet
  facet normal 0 0 1
    outer loop
      vertex 63.819 24.5968 3.8
      vertex 63.819 5.40318 3.8
      vertex 63.9944 5.16671 3.8
    endloop
  endfacet
  facet normal -0 0 1
    outer loop
      vertex 63.6213 24.3787 3.8
      vertex 63.819 5.40318 3.8
      vertex 63.819 24.5968 3.8
    endloop
  endfacet
  facet normal 0 0 1
    outer loop
      vertex 63.6213 24.3787 3.8
      vertex 63.6213 5.62132 3.8
      vertex 63.819 5.40318 3.8
    endloop
  endfacet
  facet normal -0 0 1
    outer loop
      vertex 63.4032 24.181 3.8
      vertex 63.6213 5.62132 3.8
      vertex 63.6213 24.3787 3.8
    endloop
  endfacet
  facet normal 0 0 1
    outer loop
      vertex 63.4032 24.181 3.8
      vertex 63.4032 5.81903 3.8
      vertex 63.6213 5.62132 3.8
    endloop
  endfacet
  facet normal -0 0 1
    outer loop
      vertex 63.1667 24.0056 3.8
      vertex 63.4032 5.81903 3.8
      vertex 63.4032 24.181 3.8
    endloop
  endfacet
  facet normal 0 0 1
    outer loop
      vertex 63.1667 24.0056 3.8
      vertex 63.1667 5.99441 3.8
      vertex 63.4032 5.81903 3.8
    endloop
  endfacet
  facet normal -0 0 1
    outer loop
      vertex 62.9142 23.8542 3.8
      vertex 63.1667 5.99441 3.8
      vertex 63.1667 24.0056 3.8
    endloop
  endfacet
  facet normal 0 0 1
    outer loop
      vertex 62.9142 23.8542 3.8
      vertex 62.9142 6.14576 3.8
      vertex 63.1667 5.99441 3.8
    endloop
  endfacet
  facet normal -0 0 1
    outer loop
      vertex 62.648 23.7284 3.8
      vertex 62.9142 6.14576 3.8
      vertex 62.9142 23.8542 3.8
    endloop
  endfacet
  facet normal 0 0 1
    outer loop
      vertex 62.648 23.7284 3.8
      vertex 62.648 6.27164 3.8
      vertex 62.9142 6.14576 3.8
    endloop
  endfacet
  facet normal -0 0 1
    outer loop
      vertex 62.3709 23.6292 3.8
      vertex 62.648 6.27164 3.8
      vertex 62.648 23.7284 3.8
    endloop
  endfacet
  facet normal 0 0 1
    outer loop
      vertex 62.3709 23.6292 3.8
      vertex 62.3709 6.37082 3.8
      vertex 62.648 6.27164 3.8
    endloop
  endfacet
  facet normal 0 0 1
    outer loop
      vertex 56.3154 13.4 3.8
      vertex 62.3709 23.6292 3.8
      vertex 62.0853 23.5576 3.8
    endloop
  endfacet
  facet normal 0 0 1
    outer loop
      vertex 62.3709 23.6292 3.8
      vertex 56.3154 13.4 3.8
      vertex 62.3709 6.37082 3.8
    endloop
  endfacet
  facet normal 0 0 1
    outer loop
      vertex 56.3154 13.4 3.8
      vertex 62.0853 23.5576 3.8
      vertex 61.7941 23.5144 3.8
    endloop
  endfacet
  facet normal 0 0 1
    outer loop
      vertex 62.3709 6.37082 3.8
      vertex 56.3154 13.4 3.8
      vertex 62.0853 6.44236 3.8
    endloop
  endfacet
  facet normal 0 0 1
    outer loop
      vertex 61.2059 23.5144 3.8
      vertex 56.3082 19.253 3.8
      vertex 61.5 23.5 3.8
    endloop
  endfacet
  facet normal 0 0 1
    outer loop
      vertex 62.0853 6.44236 3.8
      vertex 56.3154 13.4 3.8
      vertex 61.7941 6.48555 3.8
    endloop
  endfacet
  facet normal 0 0 1
    outer loop
      vertex 56.3082 19.253 3.8
      vertex 61.2059 23.5144 3.8
      vertex 56.3154 19.4 3.8
    endloop
  endfacet
  facet normal -0 0 1
    outer loop
      vertex 56.3082 13.253 3.8
      vertex 61.7941 6.48555 3.8
      vertex 56.3154 13.4 3.8
    endloop
  endfacet
  facet normal 0 0 1
    outer loop
      vertex 56.3154 19.4 3.8
      vertex 61.2059 23.5144 3.8
      vertex 60.9147 23.5576 3.8
    endloop
  endfacet
  facet normal -0 0 1
    outer loop
      vertex 56.2866 13.1074 3.8
      vertex 61.7941 6.48555 3.8
      vertex 56.3082 13.253 3.8
    endloop
  endfacet
  facet normal 0 0 1
    outer loop
      vertex 56.3154 19.4 3.8
      vertex 60.9147 23.5576 3.8
      vertex 60.6291 23.6292 3.8
    endloop
  endfacet
  facet normal 0 0 1
    outer loop
      vertex 61.7941 6.48555 3.8
      vertex 56.2866 13.1074 3.8
      vertex 61.5 6.5 3.8
    endloop
  endfacet
  facet normal 0 0 1
    outer loop
      vertex 56.3154 19.4 3.8
      vertex 60.6291 23.6292 3.8
      vertex 60.352 23.7284 3.8
    endloop
  endfacet
  facet normal -0 0 1
    outer loop
      vertex 56.2508 12.9646 3.8
      vertex 61.5 6.5 3.8
      vertex 56.2866 13.1074 3.8
    endloop
  endfacet
  facet normal 0 0 1
    outer loop
      vertex 56.3154 19.4 3.8
      vertex 60.352 23.7284 3.8
      vertex 60.0858 23.8542 3.8
    endloop
  endfacet
  facet normal 0 0 1
    outer loop
      vertex 61.5 6.5 3.8
      vertex 56.2508 12.9646 3.8
      vertex 61.2059 6.48555 3.8
    endloop
  endfacet
  facet normal 0 0 1
    outer loop
      vertex 56.3154 19.4 3.8
      vertex 60.0858 23.8542 3.8
      vertex 59.8333 24.0056 3.8
    endloop
  endfacet
  facet normal 0 0 1
    outer loop
      vertex 60.6291 6.37082 3.8
      vertex 56.3154 7.4 3.8
      vertex 60.352 6.27164 3.8
    endloop
  endfacet
  facet normal 0 0 1
    outer loop
      vertex 56.3154 19.4 3.8
      vertex 59.8333 24.0056 3.8
      vertex 59.5968 24.181 3.8
    endloop
  endfacet
  facet normal 0 0 1
    outer loop
      vertex 60.352 6.27164 3.8
      vertex 56.3154 7.4 3.8
      vertex 60.0858 6.14576 3.8
    endloop
  endfacet
  facet normal 0 0 1
    outer loop
      vertex 56.3154 19.4 3.8
      vertex 59.5968 24.181 3.8
      vertex 59.3787 24.3787 3.8
    endloop
  endfacet
  facet normal 0 0 1
    outer loop
      vertex 60.0858 6.14576 3.8
      vertex 56.3154 7.4 3.8
      vertex 59.8333 5.99441 3.8
    endloop
  endfacet
  facet normal 0 0 1
    outer loop
      vertex 56.2012 24.826 3.8
      vertex 58.8542 25.0858 3.8
      vertex 56.2508 24.9646 3.8
    endloop
  endfacet
  facet normal 0 0 1
    outer loop
      vertex 59.8333 5.99441 3.8
      vertex 56.3154 7.4 3.8
      vertex 59.5968 5.81903 3.8
    endloop
  endfacet
  facet normal 0 0 1
    outer loop
      vertex 56.2508 24.9646 3.8
      vertex 58.7284 25.3519 3.8
      vertex 56.2866 25.1074 3.8
    endloop
  endfacet
  facet normal -0 0 1
    outer loop
      vertex 56.3082 7.25297 3.8
      vertex 59.5968 5.81903 3.8
      vertex 56.3154 7.4 3.8
    endloop
  endfacet
  facet normal 0 0 1
    outer loop
      vertex 56.2866 25.1074 3.8
      vertex 58.7284 25.3519 3.8
      vertex 56.3082 25.253 3.8
    endloop
  endfacet
  facet normal 0 0 1
    outer loop
      vertex 59.5968 5.81903 3.8
      vertex 56.3082 7.25297 3.8
      vertex 59.3787 5.62132 3.8
    endloop
  endfacet
  facet normal 0 0 1
    outer loop
      vertex 58.6292 25.6291 3.8
      vertex 56.3082 25.253 3.8
      vertex 58.7284 25.3519 3.8
    endloop
  endfacet
  facet normal -0 0 1
    outer loop
      vertex 56.2866 7.10736 3.8
      vertex 59.3787 5.62132 3.8
      vertex 56.3082 7.25297 3.8
    endloop
  endfacet
  facet normal 0 0 1
    outer loop
      vertex 56.3082 25.253 3.8
      vertex 58.6292 25.6291 3.8
      vertex 56.3154 25.4 3.8
    endloop
  endfacet
  facet normal 0 0 1
    outer loop
      vertex 59.3787 5.62132 3.8
      vertex 56.2866 7.10736 3.8
      vertex 59.181 5.40318 3.8
    endloop
  endfacet
  facet normal 0 0 1
    outer loop
      vertex 56.3154 25.4 3.8
      vertex 58.6292 25.6291 3.8
      vertex 58.5576 25.9147 3.8
    endloop
  endfacet
  facet normal -0 0 1
    outer loop
      vertex 56.2508 6.96457 3.8
      vertex 59.181 5.40318 3.8
      vertex 56.2866 7.10736 3.8
    endloop
  endfacet
  facet normal 0 0 1
    outer loop
      vertex 56.2866 25.6926 3.8
      vertex 58.5576 25.9147 3.8
      vertex 58.5144 26.2059 3.8
    endloop
  endfacet
  facet normal -0 0 1
    outer loop
      vertex 56.2012 6.82598 3.8
      vertex 59.181 5.40318 3.8
      vertex 56.2508 6.96457 3.8
    endloop
  endfacet
  facet normal 0 0 1
    outer loop
      vertex 56.2508 25.8354 3.8
      vertex 58.5144 26.2059 3.8
      vertex 58.5 26.5 3.8
    endloop
  endfacet
  facet normal 0 0 1
    outer loop
      vertex 59.181 5.40318 3.8
      vertex 56.2012 6.82598 3.8
      vertex 59.0056 5.16671 3.8
    endloop
  endfacet
  facet normal 0 0 1
    outer loop
      vertex 63.9944 28.1667 3.8
      vertex 65.4 28.4 3.8
      vertex 65.3904 28.596 3.8
    endloop
  endfacet
  facet normal 0 0 1
    outer loop
      vertex 64.4855 26.2059 3.8
      vertex 65.4 28.4 3.8
      vertex 64.5 26.5 3.8
    endloop
  endfacet
  facet normal 0 0 1
    outer loop
      vertex 63.9944 28.1667 3.8
      vertex 65.3904 28.596 3.8
      vertex 65.3616 28.7902 3.8
    endloop
  endfacet
  facet normal 0 0 1
    outer loop
      vertex 64.4424 25.9147 3.8
      vertex 65.4 28.4 3.8
      vertex 64.4855 26.2059 3.8
    endloop
  endfacet
  facet normal 0 0 1
    outer loop
      vertex 63.9944 28.1667 3.8
      vertex 65.3616 28.7902 3.8
      vertex 65.3139 28.9806 3.8
    endloop
  endfacet
  facet normal -0 0 1
    outer loop
      vertex 64.4855 3.20595 3.8
      vertex 65.4 1.6 3.8
      vertex 64.5 3.5 3.8
    endloop
  endfacet
  facet normal 0 0 1
    outer loop
      vertex 63.819 28.4032 3.8
      vertex 65.3139 28.9806 3.8
      vertex 65.2478 29.1654 3.8
    endloop
  endfacet
  facet normal -0 0 1
    outer loop
      vertex 64.4424 2.91473 3.8
      vertex 65.4 1.6 3.8
      vertex 64.4855 3.20595 3.8
    endloop
  endfacet
  facet normal 0 0 1
    outer loop
      vertex 63.819 28.4032 3.8
      vertex 65.2478 29.1654 3.8
      vertex 65.1638 29.3428 3.8
    endloop
  endfacet
  facet normal -0 0 1
    outer loop
      vertex 64.3708 2.62915 3.8
      vertex 65.4 1.6 3.8
      vertex 64.4424 2.91473 3.8
    endloop
  endfacet
  facet normal 0 0 1
    outer loop
      vertex 63.819 28.4032 3.8
      vertex 65.1638 29.3428 3.8
      vertex 65.0629 29.5111 3.8
    endloop
  endfacet
  facet normal -0 0 1
    outer loop
      vertex 64.2716 2.35195 3.8
      vertex 65.4 1.6 3.8
      vertex 64.3708 2.62915 3.8
    endloop
  endfacet
  facet normal 0 0 1
    outer loop
      vertex 63.6213 28.6213 3.8
      vertex 65.0629 29.5111 3.8
      vertex 64.946 29.6688 3.8
    endloop
  endfacet
  facet normal -0 0 1
    outer loop
      vertex 64.1458 2.08581 3.8
      vertex 65.4 1.6 3.8
      vertex 64.2716 2.35195 3.8
    endloop
  endfacet
  facet normal 0 0 1
    outer loop
      vertex 63.6213 28.6213 3.8
      vertex 64.946 29.6688 3.8
      vertex 64.8142 29.8142 3.8
    endloop
  endfacet
  facet normal -0 0 1
    outer loop
      vertex 63.9944 1.83329 3.8
      vertex 65.4 1.6 3.8
      vertex 64.1458 2.08581 3.8
    endloop
  endfacet
  facet normal 0 0 1
    outer loop
      vertex 63.6213 28.6213 3.8
      vertex 64.8142 29.8142 3.8
      vertex 64.6688 29.946 3.8
    endloop
  endfacet
  facet normal 0 0 1
    outer loop
      vertex 65.4 1.6 3.8
      vertex 63.9944 1.83329 3.8
      vertex 65.3904 1.40397 3.8
    endloop
  endfacet
  facet normal 0 0 1
    outer loop
      vertex 63.6213 28.6213 3.8
      vertex 64.6688 29.946 3.8
      vertex 64.5111 30.0629 3.8
    endloop
  endfacet
  facet normal 0 0 1
    outer loop
      vertex 65.3904 1.40397 3.8
      vertex 63.9944 1.83329 3.8
      vertex 65.3616 1.20982 3.8
    endloop
  endfacet
  facet normal 0 0 1
    outer loop
      vertex 65.3616 1.20982 3.8
      vertex 63.9944 1.83329 3.8
      vertex 65.3139 1.01943 3.8
    endloop
  endfacet
  facet normal 0 0 1
    outer loop
      vertex 65.4 28.4 3.8
      vertex 64.4855 26.7941 3.8
      vertex 64.5 26.5 3.8
    endloop
  endfacet
  facet normal 0 0 1
    outer loop
      vertex 65.4 28.4 3.8
      vertex 64.4424 27.0853 3.8
      vertex 64.4855 26.7941 3.8
    endloop
  endfacet
  facet normal 0 0 1
    outer loop
      vertex 65.4 28.4 3.8
      vertex 64.3708 27.3709 3.8
      vertex 64.4424 27.0853 3.8
    endloop
  endfacet
  facet normal 0 0 1
    outer loop
      vertex 63.4032 28.819 3.8
      vertex 64.5111 30.0629 3.8
      vertex 64.3428 30.1638 3.8
    endloop
  endfacet
  facet normal 0 0 1
    outer loop
      vertex 65.4 28.4 3.8
      vertex 64.2716 27.6481 3.8
      vertex 64.3708 27.3709 3.8
    endloop
  endfacet
  facet normal 0 0 1
    outer loop
      vertex 63.4032 28.819 3.8
      vertex 64.3428 30.1638 3.8
      vertex 64.1654 30.2478 3.8
    endloop
  endfacet
  facet normal 0 0 1
    outer loop
      vertex 65.4 28.4 3.8
      vertex 64.1458 27.9142 3.8
      vertex 64.2716 27.6481 3.8
    endloop
  endfacet
  facet normal 0 0 1
    outer loop
      vertex 65.4 28.4 3.8
      vertex 63.9944 28.1667 3.8
      vertex 64.1458 27.9142 3.8
    endloop
  endfacet
  facet normal 0 0 1
    outer loop
      vertex 63.4032 28.819 3.8
      vertex 64.1654 30.2478 3.8
      vertex 63.9806 30.3139 3.8
    endloop
  endfacet
  facet normal 0 0 1
    outer loop
      vertex 65.3139 28.9806 3.8
      vertex 63.819 28.4032 3.8
      vertex 63.9944 28.1667 3.8
    endloop
  endfacet
  facet normal 0 0 1
    outer loop
      vertex 63.1667 28.9944 3.8
      vertex 63.9806 30.3139 3.8
      vertex 63.7902 30.3616 3.8
    endloop
  endfacet
  facet normal 0 0 1
    outer loop
      vertex 65.0629 29.5111 3.8
      vertex 63.6213 28.6213 3.8
      vertex 63.819 28.4032 3.8
    endloop
  endfacet
  facet normal 0 0 1
    outer loop
      vertex 63.1667 28.9944 3.8
      vertex 63.7902 30.3616 3.8
      vertex 63.596 30.3904 3.8
    endloop
  endfacet
  facet normal 0 0 1
    outer loop
      vertex 64.5111 30.0629 3.8
      vertex 63.4032 28.819 3.8
      vertex 63.6213 28.6213 3.8
    endloop
  endfacet
  facet normal 0 0 1
    outer loop
      vertex 63.1667 28.9944 3.8
      vertex 63.596 30.3904 3.8
      vertex 63.4 30.4 3.8
    endloop
  endfacet
  facet normal 0 0 1
    outer loop
      vertex 63.9806 30.3139 3.8
      vertex 63.1667 28.9944 3.8
      vertex 63.4032 28.819 3.8
    endloop
  endfacet
  facet normal 0 0 1
    outer loop
      vertex 63.4 30.4 3.8
      vertex 62.9142 29.1458 3.8
      vertex 63.1667 28.9944 3.8
    endloop
  endfacet
  facet normal 0 0 1
    outer loop
      vertex 63.4 30.4 3.8
      vertex 62.648 29.2716 3.8
      vertex 62.9142 29.1458 3.8
    endloop
  endfacet
  facet normal 0 0 1
    outer loop
      vertex 63.4 30.4 3.8
      vertex 62.3709 29.3708 3.8
      vertex 62.648 29.2716 3.8
    endloop
  endfacet
  facet normal 0 0 1
    outer loop
      vertex 63.4 30.4 3.8
      vertex 62.0853 29.4424 3.8
      vertex 62.3709 29.3708 3.8
    endloop
  endfacet
  facet normal 0 0 1
    outer loop
      vertex 63.4 30.4 3.8
      vertex 61.7941 29.4856 3.8
      vertex 62.0853 29.4424 3.8
    endloop
  endfacet
  facet normal 0 0 1
    outer loop
      vertex 63.4 30.4 3.8
      vertex 61.5 29.5 3.8
      vertex 61.7941 29.4856 3.8
    endloop
  endfacet
  facet normal 0 0 1
    outer loop
      vertex 63.4 30.4 3.8
      vertex 61.2059 29.4856 3.8
      vertex 61.5 29.5 3.8
    endloop
  endfacet
  facet normal 0 0 1
    outer loop
      vertex 63.4 30.4 3.8
      vertex 60.9147 29.4424 3.8
      vertex 61.2059 29.4856 3.8
    endloop
  endfacet
  facet normal 0 0 1
    outer loop
      vertex 63.4 30.4 3.8
      vertex 60.6291 29.3708 3.8
      vertex 60.9147 29.4424 3.8
    endloop
  endfacet
  facet normal 0 0 1
    outer loop
      vertex 37 26.9 3.8
      vertex 60.6291 29.3708 3.8
      vertex 63.4 30.4 3.8
    endloop
  endfacet
  facet normal 0 0 1
    outer loop
      vertex 58.7284 25.3519 3.8
      vertex 56.2508 24.9646 3.8
      vertex 58.8542 25.0858 3.8
    endloop
  endfacet
  facet normal 0 0 1
    outer loop
      vertex 56.1383 26.1071 3.8
      vertex 58.5 26.5 3.8
      vertex 58.5144 26.7941 3.8
    endloop
  endfacet
  facet normal 0 0 1
    outer loop
      vertex 55.9749 26.3516 3.8
      vertex 58.5144 26.7941 3.8
      vertex 58.5576 27.0853 3.8
    endloop
  endfacet
  facet normal 0 0 1
    outer loop
      vertex 55.8761 26.4607 3.8
      vertex 58.5576 27.0853 3.8
      vertex 58.6292 27.3709 3.8
    endloop
  endfacet
  facet normal 0 0 1
    outer loop
      vertex 55.767 26.5595 3.8
      vertex 58.6292 27.3709 3.8
      vertex 58.7284 27.6481 3.8
    endloop
  endfacet
  facet normal 0 0 1
    outer loop
      vertex 55.5225 26.7229 3.8
      vertex 58.7284 27.6481 3.8
      vertex 58.8542 27.9142 3.8
    endloop
  endfacet
  facet normal 0 0 1
    outer loop
      vertex 55.3894 26.7858 3.8
      vertex 58.8542 27.9142 3.8
      vertex 59.0056 28.1667 3.8
    endloop
  endfacet
  facet normal 0 0 1
    outer loop
      vertex 55.108 26.8712 3.8
      vertex 59.0056 28.1667 3.8
      vertex 59.181 28.4032 3.8
    endloop
  endfacet
  facet normal 0 0 1
    outer loop
      vertex 54.9624 26.8928 3.8
      vertex 59.181 28.4032 3.8
      vertex 59.3787 28.6213 3.8
    endloop
  endfacet
  facet normal 0 0 1
    outer loop
      vertex 58.5576 25.9147 3.8
      vertex 56.3082 25.547 3.8
      vertex 56.3154 25.4 3.8
    endloop
  endfacet
  facet normal 0 0 1
    outer loop
      vertex 58.5576 25.9147 3.8
      vertex 56.2866 25.6926 3.8
      vertex 56.3082 25.547 3.8
    endloop
  endfacet
  facet normal 0 0 1
    outer loop
      vertex 58.5144 26.2059 3.8
      vertex 56.2508 25.8354 3.8
      vertex 56.2866 25.6926 3.8
    endloop
  endfacet
  facet normal 0 0 1
    outer loop
      vertex 54.8154 26.9 3.8
      vertex 59.3787 28.6213 3.8
      vertex 59.5968 28.819 3.8
    endloop
  endfacet
  facet normal 0 0 1
    outer loop
      vertex 58.5 26.5 3.8
      vertex 56.2012 25.974 3.8
      vertex 56.2508 25.8354 3.8
    endloop
  endfacet
  facet normal 0 0 1
    outer loop
      vertex 58.5 26.5 3.8
      vertex 56.1383 26.1071 3.8
      vertex 56.2012 25.974 3.8
    endloop
  endfacet
  facet normal 0 0 1
    outer loop
      vertex 58.5144 26.7941 3.8
      vertex 56.0626 26.2334 3.8
      vertex 56.1383 26.1071 3.8
    endloop
  endfacet
  facet normal 0 0 1
    outer loop
      vertex 54.8154 26.9 3.8
      vertex 59.5968 28.819 3.8
      vertex 59.8333 28.9944 3.8
    endloop
  endfacet
  facet normal 0 0 1
    outer loop
      vertex 58.5144 26.7941 3.8
      vertex 55.9749 26.3516 3.8
      vertex 56.0626 26.2334 3.8
    endloop
  endfacet
  facet normal 0 0 1
    outer loop
      vertex 58.5576 27.0853 3.8
      vertex 55.8761 26.4607 3.8
      vertex 55.9749 26.3516 3.8
    endloop
  endfacet
  facet normal 0 0 1
    outer loop
      vertex 58.6292 27.3709 3.8
      vertex 55.767 26.5595 3.8
      vertex 55.8761 26.4607 3.8
    endloop
  endfacet
  facet normal 0 0 1
    outer loop
      vertex 54.8154 26.9 3.8
      vertex 59.8333 28.9944 3.8
      vertex 60.0858 29.1458 3.8
    endloop
  endfacet
  facet normal 0 0 1
    outer loop
      vertex 58.7284 27.6481 3.8
      vertex 55.6488 26.6472 3.8
      vertex 55.767 26.5595 3.8
    endloop
  endfacet
  facet normal 0 0 1
    outer loop
      vertex 58.7284 27.6481 3.8
      vertex 55.5225 26.7229 3.8
      vertex 55.6488 26.6472 3.8
    endloop
  endfacet
  facet normal 0 0 1
    outer loop
      vertex 58.8542 27.9142 3.8
      vertex 55.3894 26.7858 3.8
      vertex 55.5225 26.7229 3.8
    endloop
  endfacet
  facet normal 0 0 1
    outer loop
      vertex 59.0056 28.1667 3.8
      vertex 55.2508 26.8354 3.8
      vertex 55.3894 26.7858 3.8
    endloop
  endfacet
  facet normal 0 0 1
    outer loop
      vertex 59.0056 28.1667 3.8
      vertex 55.108 26.8712 3.8
      vertex 55.2508 26.8354 3.8
    endloop
  endfacet
  facet normal 0 0 1
    outer loop
      vertex 37 26.9 3.8
      vertex 60.0858 29.1458 3.8
      vertex 60.352 29.2716 3.8
    endloop
  endfacet
  facet normal 0 0 1
    outer loop
      vertex 59.181 28.4032 3.8
      vertex 54.9624 26.8928 3.8
      vertex 55.108 26.8712 3.8
    endloop
  endfacet
  facet normal 0 0 1
    outer loop
      vertex 59.3787 28.6213 3.8
      vertex 54.8154 26.9 3.8
      vertex 54.9624 26.8928 3.8
    endloop
  endfacet
  facet normal 0 0 1
    outer loop
      vertex 60.0858 29.1458 3.8
      vertex 37 26.9 3.8
      vertex 54.8154 26.9 3.8
    endloop
  endfacet
  facet normal 0 0 1
    outer loop
      vertex 60.6291 29.3708 3.8
      vertex 37 26.9 3.8
      vertex 60.352 29.2716 3.8
    endloop
  endfacet
  facet normal 0 0 1
    outer loop
      vertex 28 26.9 3.8
      vertex 37 26.9 3.8
      vertex 63.4 30.4 3.8
    endloop
  endfacet
  facet normal 0 0 1
    outer loop
      vertex 35.5072 19.547 3.8
      vertex 29.5 19.4 3.8
      vertex 35.5 19.4 3.8
    endloop
  endfacet
  facet normal 0 0 1
    outer loop
      vertex 35.5288 13.6926 3.8
      vertex 29.5 13.4 3.8
      vertex 35.5072 13.547 3.8
    endloop
  endfacet
  facet normal 0 0 1
    outer loop
      vertex 35.5288 19.6926 3.8
      vertex 29.5 19.4 3.8
      vertex 35.5072 19.547 3.8
    endloop
  endfacet
  facet normal 0 0 1
    outer loop
      vertex 35.5072 25.547 3.8
      vertex 29.5 25.4 3.8
      vertex 35.5 25.4 3.8
    endloop
  endfacet
  facet normal 0 0 1
    outer loop
      vertex 29.4928 25.547 3.8
      vertex 35.5072 25.547 3.8
      vertex 35.5288 25.6926 3.8
    endloop
  endfacet
  facet normal 0 0 1
    outer loop
      vertex 29.4712 25.6926 3.8
      vertex 35.5288 25.6926 3.8
      vertex 35.5646 25.8354 3.8
    endloop
  endfacet
  facet normal 0 0 1
    outer loop
      vertex 29.4354 25.8354 3.8
      vertex 35.5646 25.8354 3.8
      vertex 35.6142 25.974 3.8
    endloop
  endfacet
  facet normal 0 0 1
    outer loop
      vertex 29.3858 25.974 3.8
      vertex 35.6142 25.974 3.8
      vertex 35.6771 26.1071 3.8
    endloop
  endfacet
  facet normal 0 0 1
    outer loop
      vertex 29.3229 26.1071 3.8
      vertex 35.6771 26.1071 3.8
      vertex 35.7528 26.2334 3.8
    endloop
  endfacet
  facet normal 0 0 1
    outer loop
      vertex 29.2472 26.2334 3.8
      vertex 35.7528 26.2334 3.8
      vertex 35.8405 26.3516 3.8
    endloop
  endfacet
  facet normal 0 0 1
    outer loop
      vertex 29.1595 26.3516 3.8
      vertex 35.8405 26.3516 3.8
      vertex 35.9393 26.4607 3.8
    endloop
  endfacet
  facet normal 0 0 1
    outer loop
      vertex 29.0607 26.4607 3.8
      vertex 35.9393 26.4607 3.8
      vertex 36.0484 26.5595 3.8
    endloop
  endfacet
  facet normal 0 0 1
    outer loop
      vertex 28.9516 26.5595 3.8
      vertex 36.0484 26.5595 3.8
      vertex 36.1666 26.6472 3.8
    endloop
  endfacet
  facet normal 0 0 1
    outer loop
      vertex 28.8334 26.6472 3.8
      vertex 36.1666 26.6472 3.8
      vertex 36.2929 26.7229 3.8
    endloop
  endfacet
  facet normal 0 0 1
    outer loop
      vertex 28.7071 26.7229 3.8
      vertex 36.2929 26.7229 3.8
      vertex 36.426 26.7858 3.8
    endloop
  endfacet
  facet normal 0 0 1
    outer loop
      vertex 28.574 26.7858 3.8
      vertex 36.426 26.7858 3.8
      vertex 36.5646 26.8354 3.8
    endloop
  endfacet
  facet normal 0 0 1
    outer loop
      vertex 28.4354 26.8354 3.8
      vertex 36.5646 26.8354 3.8
      vertex 36.7074 26.8712 3.8
    endloop
  endfacet
  facet normal 0 0 1
    outer loop
      vertex 35.5072 25.547 3.8
      vertex 29.4928 25.547 3.8
      vertex 29.5 25.4 3.8
    endloop
  endfacet
  facet normal 0 0 1
    outer loop
      vertex 35.5288 25.6926 3.8
      vertex 29.4712 25.6926 3.8
      vertex 29.4928 25.547 3.8
    endloop
  endfacet
  facet normal 0 0 1
    outer loop
      vertex 35.5646 25.8354 3.8
      vertex 29.4354 25.8354 3.8
      vertex 29.4712 25.6926 3.8
    endloop
  endfacet
  facet normal 0 0 1
    outer loop
      vertex 28.2926 26.8712 3.8
      vertex 36.7074 26.8712 3.8
      vertex 36.853 26.8928 3.8
    endloop
  endfacet
  facet normal 0 0 1
    outer loop
      vertex 35.6142 25.974 3.8
      vertex 29.3858 25.974 3.8
      vertex 29.4354 25.8354 3.8
    endloop
  endfacet
  facet normal 0 0 1
    outer loop
      vertex 37 26.9 3.8
      vertex 28 26.9 3.8
      vertex 36.853 26.8928 3.8
    endloop
  endfacet
  facet normal 0 0 1
    outer loop
      vertex 35.6771 26.1071 3.8
      vertex 29.3229 26.1071 3.8
      vertex 29.3858 25.974 3.8
    endloop
  endfacet
  facet normal 0 0 1
    outer loop
      vertex 35.7528 26.2334 3.8
      vertex 29.2472 26.2334 3.8
      vertex 29.3229 26.1071 3.8
    endloop
  endfacet
  facet normal 0 0 1
    outer loop
      vertex 35.8405 26.3516 3.8
      vertex 29.1595 26.3516 3.8
      vertex 29.2472 26.2334 3.8
    endloop
  endfacet
  facet normal 0 0 1
    outer loop
      vertex 35.9393 26.4607 3.8
      vertex 29.0607 26.4607 3.8
      vertex 29.1595 26.3516 3.8
    endloop
  endfacet
  facet normal 0 0 1
    outer loop
      vertex 36.0484 26.5595 3.8
      vertex 28.9516 26.5595 3.8
      vertex 29.0607 26.4607 3.8
    endloop
  endfacet
  facet normal 0 0 1
    outer loop
      vertex 36.1666 26.6472 3.8
      vertex 28.8334 26.6472 3.8
      vertex 28.9516 26.5595 3.8
    endloop
  endfacet
  facet normal 0 0 1
    outer loop
      vertex 36.2929 26.7229 3.8
      vertex 28.7071 26.7229 3.8
      vertex 28.8334 26.6472 3.8
    endloop
  endfacet
  facet normal 0 0 1
    outer loop
      vertex 36.426 26.7858 3.8
      vertex 28.574 26.7858 3.8
      vertex 28.7071 26.7229 3.8
    endloop
  endfacet
  facet normal 0 0 1
    outer loop
      vertex 36.5646 26.8354 3.8
      vertex 28.4354 26.8354 3.8
      vertex 28.574 26.7858 3.8
    endloop
  endfacet
  facet normal 0 0 1
    outer loop
      vertex 36.7074 26.8712 3.8
      vertex 28.2926 26.8712 3.8
      vertex 28.4354 26.8354 3.8
    endloop
  endfacet
  facet normal 0 0 1
    outer loop
      vertex 36.853 26.8928 3.8
      vertex 28.147 26.8928 3.8
      vertex 28.2926 26.8712 3.8
    endloop
  endfacet
  facet normal 0 0 1
    outer loop
      vertex 36.853 26.8928 3.8
      vertex 28 26.9 3.8
      vertex 28.147 26.8928 3.8
    endloop
  endfacet
  facet normal -0 0 1
    outer loop
      vertex 1.6 30.4 3.8
      vertex 28 26.9 3.8
      vertex 63.4 30.4 3.8
    endloop
  endfacet
  facet normal 0 0 1
    outer loop
      vertex 28 26.9 3.8
      vertex 4.91419 29.1458 3.8
      vertex 10.1846 26.9 3.8
    endloop
  endfacet
  facet normal 0 0 1
    outer loop
      vertex 9.12393 24.3393 3.8
      vertex 5.62132 24.3787 3.8
      vertex 9.12393 20.4607 3.8
    endloop
  endfacet
  facet normal -0 0 1
    outer loop
      vertex 5.16671 24.0056 3.8
      vertex 9.02508 20.3516 3.8
      vertex 5.40318 24.181 3.8
    endloop
  endfacet
  facet normal 0 0 1
    outer loop
      vertex 9.02508 20.3516 3.8
      vertex 5.16671 24.0056 3.8
      vertex 8.93739 20.2334 3.8
    endloop
  endfacet
  facet normal -0 0 1
    outer loop
      vertex 6.44236 25.9147 3.8
      vertex 8.71341 25.6926 3.8
      vertex 6.48555 26.2059 3.8
    endloop
  endfacet
  facet normal 0 0 1
    outer loop
      vertex 8.74918 25.8354 3.8
      vertex 6.48555 26.2059 3.8
      vertex 8.71341 25.6926 3.8
    endloop
  endfacet
  facet normal -0 0 1
    outer loop
      vertex 6.48555 26.2059 3.8
      vertex 8.74918 25.8354 3.8
      vertex 6.5 26.5 3.8
    endloop
  endfacet
  facet normal 0 0 1
    outer loop
      vertex 8.79877 25.974 3.8
      vertex 6.5 26.5 3.8
      vertex 8.74918 25.8354 3.8
    endloop
  endfacet
  facet normal 0 0 1
    outer loop
      vertex 8.86171 26.1071 3.8
      vertex 6.5 26.5 3.8
      vertex 8.79877 25.974 3.8
    endloop
  endfacet
  facet normal 0 0 1
    outer loop
      vertex 6.48555 26.7941 3.8
      vertex 8.86171 26.1071 3.8
      vertex 8.93739 26.2334 3.8
    endloop
  endfacet
  facet normal 0 0 1
    outer loop
      vertex 6.48555 26.7941 3.8
      vertex 8.93739 26.2334 3.8
      vertex 9.02508 26.3516 3.8
    endloop
  endfacet
  facet normal 0 0 1
    outer loop
      vertex 6.44236 27.0853 3.8
      vertex 9.02508 26.3516 3.8
      vertex 9.12393 26.4607 3.8
    endloop
  endfacet
  facet normal 0 0 1
    outer loop
      vertex 6.37082 27.3709 3.8
      vertex 9.12393 26.4607 3.8
      vertex 9.233 26.5595 3.8
    endloop
  endfacet
  facet normal 0 0 1
    outer loop
      vertex 6.37082 27.3709 3.8
      vertex 9.233 26.5595 3.8
      vertex 9.35124 26.6472 3.8
    endloop
  endfacet
  facet normal 0 0 1
    outer loop
      vertex 6.27164 27.6481 3.8
      vertex 9.35124 26.6472 3.8
      vertex 9.4775 26.7229 3.8
    endloop
  endfacet
  facet normal 0 0 1
    outer loop
      vertex 6.14576 27.9142 3.8
      vertex 9.4775 26.7229 3.8
      vertex 9.61057 26.7858 3.8
    endloop
  endfacet
  facet normal 0 0 1
    outer loop
      vertex 5.99441 28.1667 3.8
      vertex 9.61057 26.7858 3.8
      vertex 9.74917 26.8354 3.8
    endloop
  endfacet
  facet normal 0 0 1
    outer loop
      vertex 5.99441 28.1667 3.8
      vertex 9.74917 26.8354 3.8
      vertex 9.89196 26.8712 3.8
    endloop
  endfacet
  facet normal 0 0 1
    outer loop
      vertex 5.81903 28.4032 3.8
      vertex 9.89196 26.8712 3.8
      vertex 10.0376 26.8928 3.8
    endloop
  endfacet
  facet normal 0 0 1
    outer loop
      vertex 8.86171 26.1071 3.8
      vertex 6.48555 26.7941 3.8
      vertex 6.5 26.5 3.8
    endloop
  endfacet
  facet normal -0 -0 1
    outer loop
      vertex 5.16671 28.9944 3.8
      vertex 10.1846 26.9 3.8
      vertex 4.91419 29.1458 3.8
    endloop
  endfacet
  facet normal 0 0 1
    outer loop
      vertex 9.02508 26.3516 3.8
      vertex 6.44236 27.0853 3.8
      vertex 6.48555 26.7941 3.8
    endloop
  endfacet
  facet normal 0 0 1
    outer loop
      vertex 9.12393 26.4607 3.8
      vertex 6.37082 27.3709 3.8
      vertex 6.44236 27.0853 3.8
    endloop
  endfacet
  facet normal 0 0 1
    outer loop
      vertex 9.35124 26.6472 3.8
      vertex 6.27164 27.6481 3.8
      vertex 6.37082 27.3709 3.8
    endloop
  endfacet
  facet normal 0 0 1
    outer loop
      vertex 9.4775 26.7229 3.8
      vertex 6.14576 27.9142 3.8
      vertex 6.27164 27.6481 3.8
    endloop
  endfacet
  facet normal 0 0 1
    outer loop
      vertex 9.61057 26.7858 3.8
      vertex 5.99441 28.1667 3.8
      vertex 6.14576 27.9142 3.8
    endloop
  endfacet
  facet normal 0 0 1
    outer loop
      vertex 9.89196 26.8712 3.8
      vertex 5.81903 28.4032 3.8
      vertex 5.99441 28.1667 3.8
    endloop
  endfacet
  facet normal 0 0 1
    outer loop
      vertex 10.0376 26.8928 3.8
      vertex 5.62132 28.6213 3.8
      vertex 5.81903 28.4032 3.8
    endloop
  endfacet
  facet normal 0 0 1
    outer loop
      vertex 10.1846 26.9 3.8
      vertex 5.62132 28.6213 3.8
      vertex 10.0376 26.8928 3.8
    endloop
  endfacet
  facet normal -0 -0 1
    outer loop
      vertex 5.62132 28.6213 3.8
      vertex 10.1846 26.9 3.8
      vertex 5.40318 28.819 3.8
    endloop
  endfacet
  facet normal -0 -0 1
    outer loop
      vertex 5.40318 28.819 3.8
      vertex 10.1846 26.9 3.8
      vertex 5.16671 28.9944 3.8
    endloop
  endfacet
  facet normal 0 0 1
    outer loop
      vertex 28 26.9 3.8
      vertex 4.64805 29.2716 3.8
      vertex 4.91419 29.1458 3.8
    endloop
  endfacet
  facet normal 0 0 1
    outer loop
      vertex 28 26.9 3.8
      vertex 4.37085 29.3708 3.8
      vertex 4.64805 29.2716 3.8
    endloop
  endfacet
  facet normal 0 0 1
    outer loop
      vertex 28 26.9 3.8
      vertex 1.6 30.4 3.8
      vertex 4.37085 29.3708 3.8
    endloop
  endfacet
  facet normal 0 0 1
    outer loop
      vertex 4.37085 29.3708 3.8
      vertex 1.6 30.4 3.8
      vertex 4.08527 29.4424 3.8
    endloop
  endfacet
  facet normal 0 0 1
    outer loop
      vertex 4.08527 29.4424 3.8
      vertex 1.6 30.4 3.8
      vertex 3.79405 29.4856 3.8
    endloop
  endfacet
  facet normal 0 0 1
    outer loop
      vertex 3.79405 29.4856 3.8
      vertex 1.6 30.4 3.8
      vertex 3.5 29.5 3.8
    endloop
  endfacet
  facet normal 0 0 1
    outer loop
      vertex 1.6 30.4 3.8
      vertex 3.20595 29.4856 3.8
      vertex 3.5 29.5 3.8
    endloop
  endfacet
  facet normal 0 0 1
    outer loop
      vertex 1.6 30.4 3.8
      vertex 2.91473 29.4424 3.8
      vertex 3.20595 29.4856 3.8
    endloop
  endfacet
  facet normal 0 0 1
    outer loop
      vertex 1.6 30.4 3.8
      vertex 2.62915 29.3708 3.8
      vertex 2.91473 29.4424 3.8
    endloop
  endfacet
  facet normal 0 0 1
    outer loop
      vertex 1.6 30.4 3.8
      vertex 2.35195 29.2716 3.8
      vertex 2.62915 29.3708 3.8
    endloop
  endfacet
  facet normal 0 0 1
    outer loop
      vertex 1.6 30.4 3.8
      vertex 2.08581 29.1458 3.8
      vertex 2.35195 29.2716 3.8
    endloop
  endfacet
  facet normal 0 0 1
    outer loop
      vertex 1.6 30.4 3.8
      vertex 1.83329 28.9944 3.8
      vertex 2.08581 29.1458 3.8
    endloop
  endfacet
  facet normal -0 0 1
    outer loop
      vertex 1.40396 30.3904 3.8
      vertex 1.83329 28.9944 3.8
      vertex 1.6 30.4 3.8
    endloop
  endfacet
  facet normal -0 0 1
    outer loop
      vertex 1.20982 30.3616 3.8
      vertex 1.83329 28.9944 3.8
      vertex 1.40396 30.3904 3.8
    endloop
  endfacet
  facet normal -0 0 1
    outer loop
      vertex 1.01943 30.3139 3.8
      vertex 1.83329 28.9944 3.8
      vertex 1.20982 30.3616 3.8
    endloop
  endfacet
  facet normal 0 0 1
    outer loop
      vertex 1.83329 28.9944 3.8
      vertex 1.01943 30.3139 3.8
      vertex 1.59682 28.819 3.8
    endloop
  endfacet
  facet normal -0 0 1
    outer loop
      vertex 0.834633 30.2478 3.8
      vertex 1.59682 28.819 3.8
      vertex 1.01943 30.3139 3.8
    endloop
  endfacet
  facet normal -0 0 1
    outer loop
      vertex 0.657206 30.1638 3.8
      vertex 1.59682 28.819 3.8
      vertex 0.834633 30.2478 3.8
    endloop
  endfacet
  facet normal -0 0 1
    outer loop
      vertex 0.488859 30.0629 3.8
      vertex 1.59682 28.819 3.8
      vertex 0.657206 30.1638 3.8
    endloop
  endfacet
  facet normal 0 0 1
    outer loop
      vertex 1.59682 28.819 3.8
      vertex 0.488859 30.0629 3.8
      vertex 1.37868 28.6213 3.8
    endloop
  endfacet
  facet normal -0 0 1
    outer loop
      vertex 0.331213 29.946 3.8
      vertex 1.37868 28.6213 3.8
      vertex 0.488859 30.0629 3.8
    endloop
  endfacet
  facet normal -0 0 1
    outer loop
      vertex 0.185786 29.8142 3.8
      vertex 1.37868 28.6213 3.8
      vertex 0.331213 29.946 3.8
    endloop
  endfacet
  facet normal -0 0 1
    outer loop
      vertex 0.0539789 29.6688 3.8
      vertex 1.37868 28.6213 3.8
      vertex 0.185786 29.8142 3.8
    endloop
  endfacet
  facet normal -0 0 1
    outer loop
      vertex -0.0629387 29.5111 3.8
      vertex 1.37868 28.6213 3.8
      vertex 0.0539789 29.6688 3.8
    endloop
  endfacet
  facet normal 0 0 1
    outer loop
      vertex 1.37868 28.6213 3.8
      vertex -0.0629387 29.5111 3.8
      vertex 1.18097 28.4032 3.8
    endloop
  endfacet
  facet normal -0 0 1
    outer loop
      vertex -0.163842 29.3428 3.8
      vertex 1.18097 28.4032 3.8
      vertex -0.0629387 29.5111 3.8
    endloop
  endfacet
  facet normal -0 0 1
    outer loop
      vertex -0.247759 29.1654 3.8
      vertex 1.18097 28.4032 3.8
      vertex -0.163842 29.3428 3.8
    endloop
  endfacet
  facet normal 0 0 1
    outer loop
      vertex 0.514445 26.7941 3.8
      vertex -0.4 28.4 3.8
      vertex 0.5 26.5 3.8
    endloop
  endfacet
  facet normal -0 0 1
    outer loop
      vertex -0.31388 28.9806 3.8
      vertex 1.18097 28.4032 3.8
      vertex -0.247759 29.1654 3.8
    endloop
  endfacet
  facet normal -0 0 1
    outer loop
      vertex 63.819 1.59682 3.8
      vertex 65.3139 1.01943 3.8
      vertex 63.9944 1.83329 3.8
    endloop
  endfacet
  facet normal 0 0 1
    outer loop
      vertex 65.3139 1.01943 3.8
      vertex 63.819 1.59682 3.8
      vertex 65.2478 0.834634 3.8
    endloop
  endfacet
  facet normal 0 0 1
    outer loop
      vertex 65.2478 0.834634 3.8
      vertex 63.819 1.59682 3.8
      vertex 65.1638 0.657207 3.8
    endloop
  endfacet
  facet normal 0 0 1
    outer loop
      vertex 65.1638 0.657207 3.8
      vertex 63.819 1.59682 3.8
      vertex 65.0629 0.48886 3.8
    endloop
  endfacet
  facet normal -0 0 1
    outer loop
      vertex 63.6213 1.37868 3.8
      vertex 65.0629 0.48886 3.8
      vertex 63.819 1.59682 3.8
    endloop
  endfacet
  facet normal 0 0 1
    outer loop
      vertex 65.0629 0.48886 3.8
      vertex 63.6213 1.37868 3.8
      vertex 64.946 0.331214 3.8
    endloop
  endfacet
  facet normal 0 0 1
    outer loop
      vertex 64.946 0.331214 3.8
      vertex 63.6213 1.37868 3.8
      vertex 64.8142 0.185787 3.8
    endloop
  endfacet
  facet normal 0 0 1
    outer loop
      vertex 64.8142 0.185787 3.8
      vertex 63.6213 1.37868 3.8
      vertex 64.6688 0.0539799 3.8
    endloop
  endfacet
  facet normal 0 0 1
    outer loop
      vertex 64.6688 0.0539799 3.8
      vertex 63.6213 1.37868 3.8
      vertex 64.5111 -0.0629387 3.8
    endloop
  endfacet
  facet normal -0 0 1
    outer loop
      vertex 63.4032 1.18097 3.8
      vertex 64.5111 -0.0629387 3.8
      vertex 63.6213 1.37868 3.8
    endloop
  endfacet
  facet normal 0 0 1
    outer loop
      vertex 64.5111 -0.0629387 3.8
      vertex 63.4032 1.18097 3.8
      vertex 64.3428 -0.163842 3.8
    endloop
  endfacet
  facet normal 0 0 1
    outer loop
      vertex 64.3428 -0.163842 3.8
      vertex 63.4032 1.18097 3.8
      vertex 64.1654 -0.247759 3.8
    endloop
  endfacet
  facet normal 0 0 1
    outer loop
      vertex 64.1654 -0.247759 3.8
      vertex 63.4032 1.18097 3.8
      vertex 63.9806 -0.31388 3.8
    endloop
  endfacet
  facet normal -0 0 1
    outer loop
      vertex 63.1667 1.00559 3.8
      vertex 63.9806 -0.31388 3.8
      vertex 63.4032 1.18097 3.8
    endloop
  endfacet
  facet normal 0 0 1
    outer loop
      vertex 63.9806 -0.31388 3.8
      vertex 63.1667 1.00559 3.8
      vertex 63.7902 -0.36157 3.8
    endloop
  endfacet
  facet normal 0 0 1
    outer loop
      vertex 63.7902 -0.36157 3.8
      vertex 63.1667 1.00559 3.8
      vertex 63.596 -0.390369 3.8
    endloop
  endfacet
  facet normal 0 0 1
    outer loop
      vertex 63.596 -0.390369 3.8
      vertex 63.1667 1.00559 3.8
      vertex 63.4 -0.4 3.8
    endloop
  endfacet
  facet normal -0 0 1
    outer loop
      vertex 62.9142 0.854237 3.8
      vertex 63.4 -0.4 3.8
      vertex 63.1667 1.00559 3.8
    endloop
  endfacet
  facet normal -0 0 1
    outer loop
      vertex 62.648 0.728362 3.8
      vertex 63.4 -0.4 3.8
      vertex 62.9142 0.854237 3.8
    endloop
  endfacet
  facet normal -0 0 1
    outer loop
      vertex 62.3709 0.629179 3.8
      vertex 63.4 -0.4 3.8
      vertex 62.648 0.728362 3.8
    endloop
  endfacet
  facet normal -0 0 1
    outer loop
      vertex 62.0853 0.557645 3.8
      vertex 63.4 -0.4 3.8
      vertex 62.3709 0.629179 3.8
    endloop
  endfacet
  facet normal -0 0 1
    outer loop
      vertex 61.7941 0.514446 3.8
      vertex 63.4 -0.4 3.8
      vertex 62.0853 0.557645 3.8
    endloop
  endfacet
  facet normal -0 0 1
    outer loop
      vertex 61.5 0.5 3.8
      vertex 63.4 -0.4 3.8
      vertex 61.7941 0.514446 3.8
    endloop
  endfacet
  facet normal 0 0 1
    outer loop
      vertex 61.2059 0.514446 3.8
      vertex 63.4 -0.4 3.8
      vertex 61.5 0.5 3.8
    endloop
  endfacet
  facet normal 0 0 1
    outer loop
      vertex 60.9147 0.557645 3.8
      vertex 63.4 -0.4 3.8
      vertex 61.2059 0.514446 3.8
    endloop
  endfacet
  facet normal 0 0 1
    outer loop
      vertex 60.6291 0.629179 3.8
      vertex 63.4 -0.4 3.8
      vertex 60.9147 0.557645 3.8
    endloop
  endfacet
  facet normal 0 0 1
    outer loop
      vertex 60.352 0.728362 3.8
      vertex 63.4 -0.4 3.8
      vertex 60.6291 0.629179 3.8
    endloop
  endfacet
  facet normal 0 0 1
    outer loop
      vertex 56.2866 19.1074 3.8
      vertex 61.5 23.5 3.8
      vertex 56.3082 19.253 3.8
    endloop
  endfacet
  facet normal -0 0 1
    outer loop
      vertex 56.1383 6.69291 3.8
      vertex 59.0056 5.16671 3.8
      vertex 56.2012 6.82598 3.8
    endloop
  endfacet
  facet normal 0 0 1
    outer loop
      vertex 59.0056 5.16671 3.8
      vertex 56.1383 6.69291 3.8
      vertex 58.8542 4.91419 3.8
    endloop
  endfacet
  facet normal -0 0 1
    outer loop
      vertex 56.0626 6.56664 3.8
      vertex 58.8542 4.91419 3.8
      vertex 56.1383 6.69291 3.8
    endloop
  endfacet
  facet normal -0 0 1
    outer loop
      vertex 55.9749 6.44841 3.8
      vertex 58.8542 4.91419 3.8
      vertex 56.0626 6.56664 3.8
    endloop
  endfacet
  facet normal 0 0 1
    outer loop
      vertex 58.8542 4.91419 3.8
      vertex 55.9749 6.44841 3.8
      vertex 58.7284 4.64805 3.8
    endloop
  endfacet
  facet normal -0 0 1
    outer loop
      vertex 55.8761 6.33934 3.8
      vertex 58.7284 4.64805 3.8
      vertex 55.9749 6.44841 3.8
    endloop
  endfacet
  facet normal 0 0 1
    outer loop
      vertex 58.7284 4.64805 3.8
      vertex 55.8761 6.33934 3.8
      vertex 58.6292 4.37085 3.8
    endloop
  endfacet
  facet normal -0 0 1
    outer loop
      vertex 55.767 6.24049 3.8
      vertex 58.6292 4.37085 3.8
      vertex 55.8761 6.33934 3.8
    endloop
  endfacet
  facet normal -0 0 1
    outer loop
      vertex 55.6488 6.1528 3.8
      vertex 58.6292 4.37085 3.8
      vertex 55.767 6.24049 3.8
    endloop
  endfacet
  facet normal 0 0 1
    outer loop
      vertex 58.6292 4.37085 3.8
      vertex 55.6488 6.1528 3.8
      vertex 58.5576 4.08527 3.8
    endloop
  endfacet
  facet normal -0 0 1
    outer loop
      vertex 55.5225 6.07712 3.8
      vertex 58.5576 4.08527 3.8
      vertex 55.6488 6.1528 3.8
    endloop
  endfacet
  facet normal 0 0 1
    outer loop
      vertex 58.5576 4.08527 3.8
      vertex 55.5225 6.07712 3.8
      vertex 58.5144 3.79405 3.8
    endloop
  endfacet
  facet normal -0 0 1
    outer loop
      vertex 55.3894 6.01418 3.8
      vertex 58.5144 3.79405 3.8
      vertex 55.5225 6.07712 3.8
    endloop
  endfacet
  facet normal 0 0 1
    outer loop
      vertex 58.5144 3.79405 3.8
      vertex 55.3894 6.01418 3.8
      vertex 58.5 3.5 3.8
    endloop
  endfacet
  facet normal -0 0 1
    outer loop
      vertex 55.2508 5.96459 3.8
      vertex 58.5 3.5 3.8
      vertex 55.3894 6.01418 3.8
    endloop
  endfacet
  facet normal -0 0 1
    outer loop
      vertex 55.108 5.92882 3.8
      vertex 58.5 3.5 3.8
      vertex 55.2508 5.96459 3.8
    endloop
  endfacet
  facet normal 0 0 1
    outer loop
      vertex 58.5 3.5 3.8
      vertex 55.108 5.92882 3.8
      vertex 58.5144 3.20595 3.8
    endloop
  endfacet
  facet normal -0 0 1
    outer loop
      vertex 54.9624 5.90722 3.8
      vertex 58.5144 3.20595 3.8
      vertex 55.108 5.92882 3.8
    endloop
  endfacet
  facet normal 0 0 1
    outer loop
      vertex 58.5144 3.20595 3.8
      vertex 54.9624 5.90722 3.8
      vertex 58.5576 2.91473 3.8
    endloop
  endfacet
  facet normal -0 0 1
    outer loop
      vertex 54.8154 5.9 3.8
      vertex 58.5576 2.91473 3.8
      vertex 54.9624 5.90722 3.8
    endloop
  endfacet
  facet normal 0 0 1
    outer loop
      vertex 58.5576 2.91473 3.8
      vertex 54.8154 5.9 3.8
      vertex 58.6292 2.62915 3.8
    endloop
  endfacet
  facet normal 0 0 1
    outer loop
      vertex 58.6292 2.62915 3.8
      vertex 54.8154 5.9 3.8
      vertex 58.7284 2.35195 3.8
    endloop
  endfacet
  facet normal 0 0 1
    outer loop
      vertex 58.7284 2.35195 3.8
      vertex 54.8154 5.9 3.8
      vertex 58.8542 2.08581 3.8
    endloop
  endfacet
  facet normal 0 0 1
    outer loop
      vertex 58.8542 2.08581 3.8
      vertex 54.8154 5.9 3.8
      vertex 59.0056 1.83329 3.8
    endloop
  endfacet
  facet normal -0 0 1
    outer loop
      vertex 37 5.9 3.8
      vertex 59.0056 1.83329 3.8
      vertex 54.8154 5.9 3.8
    endloop
  endfacet
  facet normal 0 0 1
    outer loop
      vertex 59.0056 1.83329 3.8
      vertex 37 5.9 3.8
      vertex 59.181 1.59682 3.8
    endloop
  endfacet
  facet normal 0 0 1
    outer loop
      vertex 59.181 1.59682 3.8
      vertex 37 5.9 3.8
      vertex 59.3787 1.37868 3.8
    endloop
  endfacet
  facet normal 0 0 1
    outer loop
      vertex 37 5.9 3.8
      vertex 59.5968 1.18097 3.8
      vertex 59.3787 1.37868 3.8
    endloop
  endfacet
  facet normal 0 0 1
    outer loop
      vertex 37 5.9 3.8
      vertex 59.8333 1.00559 3.8
      vertex 59.5968 1.18097 3.8
    endloop
  endfacet
  facet normal 0 0 1
    outer loop
      vertex 37 5.9 3.8
      vertex 60.0858 0.854237 3.8
      vertex 59.8333 1.00559 3.8
    endloop
  endfacet
  facet normal 0 0 1
    outer loop
      vertex 37 5.9 3.8
      vertex 60.352 0.728362 3.8
      vertex 60.0858 0.854237 3.8
    endloop
  endfacet
  facet normal 0 0 1
    outer loop
      vertex 36.853 5.90722 3.8
      vertex 60.352 0.728362 3.8
      vertex 37 5.9 3.8
    endloop
  endfacet
  facet normal -0 0 1
    outer loop
      vertex 28.147 5.90722 3.8
      vertex 60.352 0.728362 3.8
      vertex 36.853 5.90722 3.8
    endloop
  endfacet
  facet normal 0 0 1
    outer loop
      vertex 28.147 5.90722 3.8
      vertex 36.853 5.90722 3.8
      vertex 36.7074 5.92882 3.8
    endloop
  endfacet
  facet normal 0 0 1
    outer loop
      vertex 35.5072 13.547 3.8
      vertex 29.5 13.4 3.8
      vertex 35.5 13.4 3.8
    endloop
  endfacet
  facet normal 0 0 1
    outer loop
      vertex 35.5288 7.69264 3.8
      vertex 29.5 7.4 3.8
      vertex 35.5072 7.54703 3.8
    endloop
  endfacet
  facet normal 0 0 1
    outer loop
      vertex 35.5072 7.54703 3.8
      vertex 29.5 7.4 3.8
      vertex 35.5 7.4 3.8
    endloop
  endfacet
  facet normal 0 0 1
    outer loop
      vertex 35.5 7.4 3.8
      vertex 29.5 7.4 3.8
      vertex 35.5072 7.25297 3.8
    endloop
  endfacet
  facet normal 0 0 1
    outer loop
      vertex 29.4928 7.25297 3.8
      vertex 35.5072 7.25297 3.8
      vertex 29.5 7.4 3.8
    endloop
  endfacet
  facet normal 0 0 1
    outer loop
      vertex 35.5072 7.25297 3.8
      vertex 29.4928 7.25297 3.8
      vertex 35.5288 7.10736 3.8
    endloop
  endfacet
  facet normal 0 0 1
    outer loop
      vertex 29.4712 7.10736 3.8
      vertex 35.5288 7.10736 3.8
      vertex 29.4928 7.25297 3.8
    endloop
  endfacet
  facet normal 0 0 1
    outer loop
      vertex 35.5288 7.10736 3.8
      vertex 29.4712 7.10736 3.8
      vertex 35.5646 6.96457 3.8
    endloop
  endfacet
  facet normal 0 0 1
    outer loop
      vertex 29.4354 6.96457 3.8
      vertex 35.5646 6.96457 3.8
      vertex 29.4712 7.10736 3.8
    endloop
  endfacet
  facet normal 0 0 1
    outer loop
      vertex 35.5646 6.96457 3.8
      vertex 29.4354 6.96457 3.8
      vertex 35.6142 6.82598 3.8
    endloop
  endfacet
  facet normal 0 0 1
    outer loop
      vertex 29.3858 6.82598 3.8
      vertex 35.6142 6.82598 3.8
      vertex 29.4354 6.96457 3.8
    endloop
  endfacet
  facet normal 0 0 1
    outer loop
      vertex 35.6142 6.82598 3.8
      vertex 29.3858 6.82598 3.8
      vertex 35.6771 6.69291 3.8
    endloop
  endfacet
  facet normal 0 0 1
    outer loop
      vertex 29.3229 6.69291 3.8
      vertex 35.6771 6.69291 3.8
      vertex 29.3858 6.82598 3.8
    endloop
  endfacet
  facet normal 0 0 1
    outer loop
      vertex 35.6771 6.69291 3.8
      vertex 29.3229 6.69291 3.8
      vertex 35.7528 6.56664 3.8
    endloop
  endfacet
  facet normal 0 0 1
    outer loop
      vertex 29.2472 6.56664 3.8
      vertex 35.7528 6.56664 3.8
      vertex 29.3229 6.69291 3.8
    endloop
  endfacet
  facet normal 0 0 1
    outer loop
      vertex 35.7528 6.56664 3.8
      vertex 29.2472 6.56664 3.8
      vertex 35.8405 6.44841 3.8
    endloop
  endfacet
  facet normal 0 0 1
    outer loop
      vertex 29.1595 6.44841 3.8
      vertex 35.8405 6.44841 3.8
      vertex 29.2472 6.56664 3.8
    endloop
  endfacet
  facet normal 0 0 1
    outer loop
      vertex 35.8405 6.44841 3.8
      vertex 29.1595 6.44841 3.8
      vertex 35.9393 6.33934 3.8
    endloop
  endfacet
  facet normal 0 0 1
    outer loop
      vertex 29.0607 6.33934 3.8
      vertex 35.9393 6.33934 3.8
      vertex 29.1595 6.44841 3.8
    endloop
  endfacet
  facet normal 0 0 1
    outer loop
      vertex 35.9393 6.33934 3.8
      vertex 29.0607 6.33934 3.8
      vertex 36.0484 6.24049 3.8
    endloop
  endfacet
  facet normal 0 0 1
    outer loop
      vertex 28.9516 6.24049 3.8
      vertex 36.0484 6.24049 3.8
      vertex 29.0607 6.33934 3.8
    endloop
  endfacet
  facet normal 0 0 1
    outer loop
      vertex 36.0484 6.24049 3.8
      vertex 28.9516 6.24049 3.8
      vertex 36.1666 6.1528 3.8
    endloop
  endfacet
  facet normal 0 0 1
    outer loop
      vertex 28.8334 6.1528 3.8
      vertex 36.1666 6.1528 3.8
      vertex 28.9516 6.24049 3.8
    endloop
  endfacet
  facet normal 0 0 1
    outer loop
      vertex 36.1666 6.1528 3.8
      vertex 28.8334 6.1528 3.8
      vertex 36.2929 6.07712 3.8
    endloop
  endfacet
  facet normal 0 0 1
    outer loop
      vertex 28.7071 6.07712 3.8
      vertex 36.2929 6.07712 3.8
      vertex 28.8334 6.1528 3.8
    endloop
  endfacet
  facet normal 0 0 1
    outer loop
      vertex 36.2929 6.07712 3.8
      vertex 28.7071 6.07712 3.8
      vertex 36.426 6.01418 3.8
    endloop
  endfacet
  facet normal 0 0 1
    outer loop
      vertex 28.574 6.01418 3.8
      vertex 36.426 6.01418 3.8
      vertex 28.7071 6.07712 3.8
    endloop
  endfacet
  facet normal 0 0 1
    outer loop
      vertex 36.426 6.01418 3.8
      vertex 28.574 6.01418 3.8
      vertex 36.5646 5.96459 3.8
    endloop
  endfacet
  facet normal 0 0 1
    outer loop
      vertex 28.4354 5.96459 3.8
      vertex 36.5646 5.96459 3.8
      vertex 28.574 6.01418 3.8
    endloop
  endfacet
  facet normal 0 0 1
    outer loop
      vertex 36.5646 5.96459 3.8
      vertex 28.4354 5.96459 3.8
      vertex 36.7074 5.92882 3.8
    endloop
  endfacet
  facet normal 0 0 1
    outer loop
      vertex 28.2926 5.92882 3.8
      vertex 36.7074 5.92882 3.8
      vertex 28.4354 5.96459 3.8
    endloop
  endfacet
  facet normal 0 0 1
    outer loop
      vertex 28.147 5.90722 3.8
      vertex 36.7074 5.92882 3.8
      vertex 28.2926 5.92882 3.8
    endloop
  endfacet
  facet normal 0 0 1
    outer loop
      vertex 4.64805 0.728362 3.8
      vertex 60.352 0.728362 3.8
      vertex 28.147 5.90722 3.8
    endloop
  endfacet
  facet normal 0 0 1
    outer loop
      vertex 4.64805 0.728362 3.8
      vertex 28.147 5.90722 3.8
      vertex 28 5.9 3.8
    endloop
  endfacet
  facet normal 0 0 1
    outer loop
      vertex 5.99441 1.83329 3.8
      vertex 28 5.9 3.8
      vertex 10.1846 5.9 3.8
    endloop
  endfacet
  facet normal 0 0 1
    outer loop
      vertex 6.44236 2.91473 3.8
      vertex 10.1846 5.9 3.8
      vertex 10.0376 5.90722 3.8
    endloop
  endfacet
  facet normal 0 0 1
    outer loop
      vertex 8.69182 7.54703 3.8
      vertex 6.5 3.5 3.8
      vertex 8.68459 7.4 3.8
    endloop
  endfacet
  facet normal 0 0 1
    outer loop
      vertex 8.68459 7.4 3.8
      vertex 6.5 3.5 3.8
      vertex 8.69182 7.25297 3.8
    endloop
  endfacet
  facet normal 0 0 1
    outer loop
      vertex 6.5 3.5 3.8
      vertex 8.71341 7.10736 3.8
      vertex 8.69182 7.25297 3.8
    endloop
  endfacet
  facet normal 0 0 1
    outer loop
      vertex 6.5 3.5 3.8
      vertex 8.74918 6.96457 3.8
      vertex 8.71341 7.10736 3.8
    endloop
  endfacet
  facet normal 0 0 1
    outer loop
      vertex 6.5 3.5 3.8
      vertex 8.79877 6.82598 3.8
      vertex 8.74918 6.96457 3.8
    endloop
  endfacet
  facet normal 0 0 1
    outer loop
      vertex 6.5 3.5 3.8
      vertex 8.86171 6.69291 3.8
      vertex 8.79877 6.82598 3.8
    endloop
  endfacet
  facet normal 0 0 1
    outer loop
      vertex 6.5 3.5 3.8
      vertex 8.93739 6.56664 3.8
      vertex 8.86171 6.69291 3.8
    endloop
  endfacet
  facet normal 0 0 1
    outer loop
      vertex 6.5 3.5 3.8
      vertex 9.02508 6.44841 3.8
      vertex 8.93739 6.56664 3.8
    endloop
  endfacet
  facet normal 0 0 1
    outer loop
      vertex 6.5 3.5 3.8
      vertex 9.12393 6.33934 3.8
      vertex 9.02508 6.44841 3.8
    endloop
  endfacet
  facet normal 0 0 1
    outer loop
      vertex 6.5 3.5 3.8
      vertex 9.233 6.24049 3.8
      vertex 9.12393 6.33934 3.8
    endloop
  endfacet
  facet normal 0 0 1
    outer loop
      vertex 6.5 3.5 3.8
      vertex 9.35124 6.1528 3.8
      vertex 9.233 6.24049 3.8
    endloop
  endfacet
  facet normal 0 0 1
    outer loop
      vertex 6.5 3.5 3.8
      vertex 9.4775 6.07712 3.8
      vertex 9.35124 6.1528 3.8
    endloop
  endfacet
  facet normal 0 0 1
    outer loop
      vertex 6.5 3.5 3.8
      vertex 9.61057 6.01418 3.8
      vertex 9.4775 6.07712 3.8
    endloop
  endfacet
  facet normal 0 0 1
    outer loop
      vertex 6.5 3.5 3.8
      vertex 9.74917 5.96459 3.8
      vertex 9.61057 6.01418 3.8
    endloop
  endfacet
  facet normal 0 0 1
    outer loop
      vertex 6.5 3.5 3.8
      vertex 9.89196 5.92882 3.8
      vertex 9.74917 5.96459 3.8
    endloop
  endfacet
  facet normal 0 0 1
    outer loop
      vertex 6.48555 3.20595 3.8
      vertex 9.89196 5.92882 3.8
      vertex 6.5 3.5 3.8
    endloop
  endfacet
  facet normal 0 0 1
    outer loop
      vertex 9.89196 5.92882 3.8
      vertex 6.48555 3.20595 3.8
      vertex 10.0376 5.90722 3.8
    endloop
  endfacet
  facet normal 0 0 1
    outer loop
      vertex 6.44236 2.91473 3.8
      vertex 10.0376 5.90722 3.8
      vertex 6.48555 3.20595 3.8
    endloop
  endfacet
  facet normal 0 0 1
    outer loop
      vertex 10.1846 5.9 3.8
      vertex 6.44236 2.91473 3.8
      vertex 6.37082 2.62915 3.8
    endloop
  endfacet
  facet normal 0 0 1
    outer loop
      vertex 10.1846 5.9 3.8
      vertex 6.37082 2.62915 3.8
      vertex 6.27164 2.35195 3.8
    endloop
  endfacet
  facet normal 0 0 1
    outer loop
      vertex 10.1846 5.9 3.8
      vertex 6.27164 2.35195 3.8
      vertex 6.14576 2.08581 3.8
    endloop
  endfacet
  facet normal 0 0 1
    outer loop
      vertex 10.1846 5.9 3.8
      vertex 6.14576 2.08581 3.8
      vertex 5.99441 1.83329 3.8
    endloop
  endfacet
  facet normal 0 0 1
    outer loop
      vertex 28 5.9 3.8
      vertex 5.99441 1.83329 3.8
      vertex 5.81903 1.59682 3.8
    endloop
  endfacet
  facet normal 0 0 1
    outer loop
      vertex 5.62132 1.37868 3.8
      vertex 28 5.9 3.8
      vertex 5.81903 1.59682 3.8
    endloop
  endfacet
  facet normal 0 0 1
    outer loop
      vertex 5.40318 1.18097 3.8
      vertex 28 5.9 3.8
      vertex 5.62132 1.37868 3.8
    endloop
  endfacet
  facet normal 0 0 1
    outer loop
      vertex 5.16671 1.00559 3.8
      vertex 28 5.9 3.8
      vertex 5.40318 1.18097 3.8
    endloop
  endfacet
  facet normal 0 0 1
    outer loop
      vertex 4.91419 0.854237 3.8
      vertex 28 5.9 3.8
      vertex 5.16671 1.00559 3.8
    endloop
  endfacet
  facet normal 0 0 1
    outer loop
      vertex 4.64805 0.728362 3.8
      vertex 28 5.9 3.8
      vertex 4.91419 0.854237 3.8
    endloop
  endfacet
  facet normal 0 0 1
    outer loop
      vertex 60.352 0.728362 3.8
      vertex 4.64805 0.728362 3.8
      vertex 63.4 -0.4 3.8
    endloop
  endfacet
  facet normal -0 0 1
    outer loop
      vertex 4.37085 0.629179 3.8
      vertex 63.4 -0.4 3.8
      vertex 4.64805 0.728362 3.8
    endloop
  endfacet
  facet normal 0 0 1
    outer loop
      vertex 1.6 -0.4 3.8
      vertex 4.37085 0.629179 3.8
      vertex 4.08527 0.557645 3.8
    endloop
  endfacet
  facet normal 0 0 1
    outer loop
      vertex 1.6 -0.4 3.8
      vertex 4.08527 0.557645 3.8
      vertex 3.79405 0.514446 3.8
    endloop
  endfacet
  facet normal 0 0 1
    outer loop
      vertex 1.6 -0.4 3.8
      vertex 3.79405 0.514446 3.8
      vertex 3.5 0.5 3.8
    endloop
  endfacet
  facet normal 0 0 1
    outer loop
      vertex 4.37085 0.629179 3.8
      vertex 1.6 -0.4 3.8
      vertex 63.4 -0.4 3.8
    endloop
  endfacet
  facet normal 0 0 1
    outer loop
      vertex 3.20595 0.514446 3.8
      vertex 1.6 -0.4 3.8
      vertex 3.5 0.5 3.8
    endloop
  endfacet
  facet normal 0 0 1
    outer loop
      vertex 2.91473 0.557645 3.8
      vertex 1.6 -0.4 3.8
      vertex 3.20595 0.514446 3.8
    endloop
  endfacet
  facet normal 0 0 1
    outer loop
      vertex 2.62915 0.629179 3.8
      vertex 1.6 -0.4 3.8
      vertex 2.91473 0.557645 3.8
    endloop
  endfacet
  facet normal 0 0 1
    outer loop
      vertex 2.35195 0.728362 3.8
      vertex 1.6 -0.4 3.8
      vertex 2.62915 0.629179 3.8
    endloop
  endfacet
  facet normal 0 0 1
    outer loop
      vertex 2.08581 0.854237 3.8
      vertex 1.6 -0.4 3.8
      vertex 2.35195 0.728362 3.8
    endloop
  endfacet
  facet normal 0 0 1
    outer loop
      vertex 1.83329 1.00559 3.8
      vertex 1.6 -0.4 3.8
      vertex 2.08581 0.854237 3.8
    endloop
  endfacet
  facet normal 0 0 1
    outer loop
      vertex 1.01943 -0.31388 3.8
      vertex 1.83329 1.00559 3.8
      vertex 1.59682 1.18097 3.8
    endloop
  endfacet
  facet normal 0 0 1
    outer loop
      vertex 1.83329 1.00559 3.8
      vertex 1.40396 -0.390369 3.8
      vertex 1.6 -0.4 3.8
    endloop
  endfacet
  facet normal 0 0 1
    outer loop
      vertex 0.488859 -0.0629387 3.8
      vertex 1.59682 1.18097 3.8
      vertex 1.37868 1.37868 3.8
    endloop
  endfacet
  facet normal 0 0 1
    outer loop
      vertex 1.83329 1.00559 3.8
      vertex 1.20982 -0.36157 3.8
      vertex 1.40396 -0.390369 3.8
    endloop
  endfacet
  facet normal 0 0 1
    outer loop
      vertex -0.0629387 0.48886 3.8
      vertex 1.37868 1.37868 3.8
      vertex 1.18097 1.59682 3.8
    endloop
  endfacet
  facet normal 0 0 1
    outer loop
      vertex 1.83329 1.00559 3.8
      vertex 1.01943 -0.31388 3.8
      vertex 1.20982 -0.36157 3.8
    endloop
  endfacet
  facet normal 0 0 1
    outer loop
      vertex -0.31388 1.01943 3.8
      vertex 1.18097 1.59682 3.8
      vertex 1.00559 1.83329 3.8
    endloop
  endfacet
  facet normal 0 0 1
    outer loop
      vertex -0.4 1.6 3.8
      vertex 1.00559 1.83329 3.8
      vertex 0.854236 2.08581 3.8
    endloop
  endfacet
  facet normal 0 0 1
    outer loop
      vertex 1.59682 1.18097 3.8
      vertex 0.834633 -0.247759 3.8
      vertex 1.01943 -0.31388 3.8
    endloop
  endfacet
  facet normal 0 0 1
    outer loop
      vertex -0.4 1.6 3.8
      vertex 0.854236 2.08581 3.8
      vertex 0.728361 2.35195 3.8
    endloop
  endfacet
  facet normal 0 0 1
    outer loop
      vertex 1.59682 1.18097 3.8
      vertex 0.657206 -0.163842 3.8
      vertex 0.834633 -0.247759 3.8
    endloop
  endfacet
  facet normal 0 0 1
    outer loop
      vertex -0.4 1.6 3.8
      vertex 0.728361 2.35195 3.8
      vertex 0.629178 2.62915 3.8
    endloop
  endfacet
  facet normal 0 0 1
    outer loop
      vertex -0.4 1.6 3.8
      vertex 0.629178 2.62915 3.8
      vertex 0.557644 2.91473 3.8
    endloop
  endfacet
  facet normal 0 0 1
    outer loop
      vertex -0.4 1.6 3.8
      vertex 0.557644 2.91473 3.8
      vertex 0.514445 3.20595 3.8
    endloop
  endfacet
  facet normal 0 0 1
    outer loop
      vertex -0.4 1.6 3.8
      vertex 0.514445 3.20595 3.8
      vertex 0.5 3.5 3.8
    endloop
  endfacet
  facet normal 0 0 1
    outer loop
      vertex 1.00559 1.83329 3.8
      vertex -0.4 1.6 3.8
      vertex -0.390369 1.40397 3.8
    endloop
  endfacet
  facet normal 0 0 1
    outer loop
      vertex 0.557644 4.08527 3.8
      vertex -0.4 1.6 3.8
      vertex 0.514445 3.79405 3.8
    endloop
  endfacet
  facet normal 0 0 1
    outer loop
      vertex 1.18097 28.4032 3.8
      vertex -0.31388 28.9806 3.8
      vertex 1.00559 28.1667 3.8
    endloop
  endfacet
  facet normal 0 0 1
    outer loop
      vertex 0.514445 3.79405 3.8
      vertex -0.4 1.6 3.8
      vertex 0.5 3.5 3.8
    endloop
  endfacet
  facet normal -0 0 1
    outer loop
      vertex -0.36157 28.7902 3.8
      vertex 1.00559 28.1667 3.8
      vertex -0.31388 28.9806 3.8
    endloop
  endfacet
  facet normal 0 0 1
    outer loop
      vertex 1.59682 1.18097 3.8
      vertex 0.488859 -0.0629387 3.8
      vertex 0.657206 -0.163842 3.8
    endloop
  endfacet
  facet normal -0 0 1
    outer loop
      vertex -0.390369 28.596 3.8
      vertex 1.00559 28.1667 3.8
      vertex -0.36157 28.7902 3.8
    endloop
  endfacet
  facet normal 0 0 1
    outer loop
      vertex 1.37868 1.37868 3.8
      vertex 0.331213 0.0539799 3.8
      vertex 0.488859 -0.0629387 3.8
    endloop
  endfacet
  facet normal -0 0 1
    outer loop
      vertex -0.4 28.4 3.8
      vertex 1.00559 28.1667 3.8
      vertex -0.390369 28.596 3.8
    endloop
  endfacet
  facet normal 0 0 1
    outer loop
      vertex 1.37868 1.37868 3.8
      vertex 0.185786 0.185787 3.8
      vertex 0.331213 0.0539799 3.8
    endloop
  endfacet
  facet normal 0 0 1
    outer loop
      vertex 1.00559 28.1667 3.8
      vertex -0.4 28.4 3.8
      vertex 0.854236 27.9142 3.8
    endloop
  endfacet
  facet normal 0 0 1
    outer loop
      vertex 1.37868 1.37868 3.8
      vertex 0.0539789 0.331214 3.8
      vertex 0.185786 0.185787 3.8
    endloop
  endfacet
  facet normal 0 0 1
    outer loop
      vertex 0.854236 27.9142 3.8
      vertex -0.4 28.4 3.8
      vertex 0.728361 27.6481 3.8
    endloop
  endfacet
  facet normal 0 0 1
    outer loop
      vertex 1.37868 1.37868 3.8
      vertex -0.0629387 0.48886 3.8
      vertex 0.0539789 0.331214 3.8
    endloop
  endfacet
  facet normal 0 0 1
    outer loop
      vertex 0.557644 27.0853 3.8
      vertex -0.4 28.4 3.8
      vertex 0.514445 26.7941 3.8
    endloop
  endfacet
  facet normal 0 0 1
    outer loop
      vertex 1.18097 1.59682 3.8
      vertex -0.163842 0.657207 3.8
      vertex -0.0629387 0.48886 3.8
    endloop
  endfacet
  facet normal 0 0 1
    outer loop
      vertex 0.728361 27.6481 3.8
      vertex -0.4 28.4 3.8
      vertex 0.629178 27.3709 3.8
    endloop
  endfacet
  facet normal 0 0 1
    outer loop
      vertex 1.18097 1.59682 3.8
      vertex -0.247759 0.834634 3.8
      vertex -0.163842 0.657207 3.8
    endloop
  endfacet
  facet normal 0 0 1
    outer loop
      vertex 0.629178 27.3709 3.8
      vertex -0.4 28.4 3.8
      vertex 0.557644 27.0853 3.8
    endloop
  endfacet
  facet normal 0 0 1
    outer loop
      vertex 1.18097 1.59682 3.8
      vertex -0.31388 1.01943 3.8
      vertex -0.247759 0.834634 3.8
    endloop
  endfacet
  facet normal 0 0 1
    outer loop
      vertex 1.00559 1.83329 3.8
      vertex -0.36157 1.20982 3.8
      vertex -0.31388 1.01943 3.8
    endloop
  endfacet
  facet normal 0 0 1
    outer loop
      vertex 1.00559 1.83329 3.8
      vertex -0.390369 1.40397 3.8
      vertex -0.36157 1.20982 3.8
    endloop
  endfacet
  facet normal -0.336939 0.941527 0
    outer loop
      vertex 2.62915 29.3708 3.8
      vertex 2.35195 29.2716 15.8
      vertex 2.62915 29.3708 15.8
    endloop
  endfacet
  facet normal -0.336939 0.941527 0
    outer loop
      vertex 2.35195 29.2716 15.8
      vertex 2.62915 29.3708 3.8
      vertex 2.35195 29.2716 3.8
    endloop
  endfacet
  facet normal 0.989179 -0.146712 0
    outer loop
      vertex 6.44236 25.9147 15.8
      vertex 6.48555 26.2059 3.8
      vertex 6.48555 26.2059 15.8
    endloop
  endfacet
  facet normal 0.989179 -0.146712 0
    outer loop
      vertex 6.48555 26.2059 3.8
      vertex 6.44236 25.9147 15.8
      vertex 6.44236 25.9147 3.8
    endloop
  endfacet
  facet normal 0.998795 -0.0490738 0
    outer loop
      vertex 6.48555 26.2059 15.8
      vertex 6.5 26.5 3.8
      vertex 6.5 26.5 15.8
    endloop
  endfacet
  facet normal 0.998795 -0.0490738 0
    outer loop
      vertex 6.5 26.5 3.8
      vertex 6.48555 26.2059 15.8
      vertex 6.48555 26.2059 3.8
    endloop
  endfacet
  facet normal 0.970031 -0.242983 0
    outer loop
      vertex 6.37082 25.6291 15.8
      vertex 6.44236 25.9147 3.8
      vertex 6.44236 25.9147 15.8
    endloop
  endfacet
  facet normal 0.970031 -0.242983 0
    outer loop
      vertex 6.44236 25.9147 3.8
      vertex 6.37082 25.6291 15.8
      vertex 6.37082 25.6291 3.8
    endloop
  endfacet
  facet normal -0.989175 -0.146742 0
    outer loop
      vertex 0.557644 25.9147 3.8
      vertex 0.514445 26.2059 15.8
      vertex 0.514445 26.2059 3.8
    endloop
  endfacet
  facet normal -0.989175 -0.146742 0
    outer loop
      vertex 0.514445 26.2059 15.8
      vertex 0.557644 25.9147 3.8
      vertex 0.557644 25.9147 15.8
    endloop
  endfacet
  facet normal -0.243191 0.969978 0
    outer loop
      vertex 2.91473 29.4424 3.8
      vertex 2.62915 29.3708 15.8
      vertex 2.91473 29.4424 15.8
    endloop
  endfacet
  facet normal -0.243191 0.969978 0
    outer loop
      vertex 2.62915 29.3708 15.8
      vertex 2.91473 29.4424 3.8
      vertex 2.62915 29.3708 3.8
    endloop
  endfacet
  facet normal 0.336939 -0.941527 0
    outer loop
      vertex 4.37085 23.6292 3.8
      vertex 4.64805 23.7284 15.8
      vertex 4.37085 23.6292 15.8
    endloop
  endfacet
  facet normal 0.336939 -0.941527 0
    outer loop
      vertex 4.64805 23.7284 15.8
      vertex 4.37085 23.6292 3.8
      vertex 4.64805 23.7284 3.8
    endloop
  endfacet
  facet normal -0.514216 -0.857661 0
    outer loop
      vertex 1.83329 24.0056 3.8
      vertex 2.08581 23.8542 15.8
      vertex 1.83329 24.0056 15.8
    endloop
  endfacet
  facet normal -0.514216 -0.857661 -0
    outer loop
      vertex 2.08581 23.8542 15.8
      vertex 1.83329 24.0056 3.8
      vertex 2.08581 23.8542 3.8
    endloop
  endfacet
  facet normal -0.903964 0.427608 0
    outer loop
      vertex 0.728361 27.6481 3.8
      vertex 0.854236 27.9142 15.8
      vertex 0.854236 27.9142 3.8
    endloop
  endfacet
  facet normal -0.903964 0.427608 0
    outer loop
      vertex 0.854236 27.9142 15.8
      vertex 0.728361 27.6481 3.8
      vertex 0.728361 27.6481 15.8
    endloop
  endfacet
  facet normal -0.243191 -0.969978 0
    outer loop
      vertex 2.62915 23.6292 3.8
      vertex 2.91473 23.5576 15.8
      vertex 2.62915 23.6292 15.8
    endloop
  endfacet
  facet normal -0.243191 -0.969978 -0
    outer loop
      vertex 2.91473 23.5576 15.8
      vertex 2.62915 23.6292 3.8
      vertex 2.91473 23.5576 3.8
    endloop
  endfacet
  facet normal -0.857712 0.514131 0
    outer loop
      vertex 0.854236 27.9142 3.8
      vertex 1.00559 28.1667 15.8
      vertex 1.00559 28.1667 3.8
    endloop
  endfacet
  facet normal -0.857712 0.514131 0
    outer loop
      vertex 1.00559 28.1667 15.8
      vertex 0.854236 27.9142 3.8
      vertex 0.854236 27.9142 15.8
    endloop
  endfacet
  facet normal 0.243191 0.969978 -0
    outer loop
      vertex 4.37085 29.3708 3.8
      vertex 4.08527 29.4424 15.8
      vertex 4.37085 29.3708 15.8
    endloop
  endfacet
  facet normal 0.243191 0.969978 0
    outer loop
      vertex 4.08527 29.4424 15.8
      vertex 4.37085 29.3708 3.8
      vertex 4.08527 29.4424 3.8
    endloop
  endfacet
  facet normal -0.595747 0.803172 0
    outer loop
      vertex 1.83329 28.9944 3.8
      vertex 1.59682 28.819 15.8
      vertex 1.83329 28.9944 15.8
    endloop
  endfacet
  facet normal -0.595747 0.803172 0
    outer loop
      vertex 1.59682 28.819 15.8
      vertex 1.83329 28.9944 3.8
      vertex 1.59682 28.819 3.8
    endloop
  endfacet
  facet normal 0.514216 0.857661 -0
    outer loop
      vertex 5.16671 28.9944 3.8
      vertex 4.91419 29.1458 15.8
      vertex 5.16671 28.9944 15.8
    endloop
  endfacet
  facet normal 0.514216 0.857661 0
    outer loop
      vertex 4.91419 29.1458 15.8
      vertex 5.16671 28.9944 3.8
      vertex 4.91419 29.1458 3.8
    endloop
  endfacet
  facet normal 0.803241 0.595655 0
    outer loop
      vertex 5.99441 28.1667 15.8
      vertex 5.81903 28.4032 3.8
      vertex 5.81903 28.4032 15.8
    endloop
  endfacet
  facet normal 0.803241 0.595655 0
    outer loop
      vertex 5.81903 28.4032 3.8
      vertex 5.99441 28.1667 15.8
      vertex 5.99441 28.1667 3.8
    endloop
  endfacet
  facet normal 0.146736 -0.989176 0
    outer loop
      vertex 3.79405 23.5144 3.8
      vertex 4.08527 23.5576 15.8
      vertex 3.79405 23.5144 15.8
    endloop
  endfacet
  facet normal 0.146736 -0.989176 0
    outer loop
      vertex 4.08527 23.5576 15.8
      vertex 3.79405 23.5144 3.8
      vertex 4.08527 23.5576 3.8
    endloop
  endfacet
  facet normal -0.595747 -0.803172 0
    outer loop
      vertex 1.59682 24.181 3.8
      vertex 1.83329 24.0056 15.8
      vertex 1.59682 24.181 15.8
    endloop
  endfacet
  facet normal -0.595747 -0.803172 -0
    outer loop
      vertex 1.83329 24.0056 15.8
      vertex 1.59682 24.181 3.8
      vertex 1.83329 24.0056 3.8
    endloop
  endfacet
  facet normal 0.427347 0.904088 -0
    outer loop
      vertex 4.91419 29.1458 3.8
      vertex 4.64805 29.2716 15.8
      vertex 4.91419 29.1458 15.8
    endloop
  endfacet
  facet normal 0.427347 0.904088 0
    outer loop
      vertex 4.64805 29.2716 15.8
      vertex 4.91419 29.1458 3.8
      vertex 4.64805 29.2716 3.8
    endloop
  endfacet
  facet normal -0.803241 -0.595655 0
    outer loop
      vertex 1.18097 24.5968 3.8
      vertex 1.00559 24.8333 15.8
      vertex 1.00559 24.8333 3.8
    endloop
  endfacet
  facet normal -0.803241 -0.595655 0
    outer loop
      vertex 1.00559 24.8333 15.8
      vertex 1.18097 24.5968 3.8
      vertex 1.18097 24.5968 15.8
    endloop
  endfacet
  facet normal 0.989179 0.146712 0
    outer loop
      vertex 6.48555 26.7941 15.8
      vertex 6.44236 27.0853 3.8
      vertex 6.44236 27.0853 15.8
    endloop
  endfacet
  facet normal 0.989179 0.146712 0
    outer loop
      vertex 6.44236 27.0853 3.8
      vertex 6.48555 26.7941 15.8
      vertex 6.48555 26.7941 3.8
    endloop
  endfacet
  facet normal -0.941545 -0.336888 0
    outer loop
      vertex 0.728361 25.3519 3.8
      vertex 0.629178 25.6291 15.8
      vertex 0.629178 25.6291 3.8
    endloop
  endfacet
  facet normal -0.941545 -0.336888 0
    outer loop
      vertex 0.629178 25.6291 15.8
      vertex 0.728361 25.3519 3.8
      vertex 0.728361 25.3519 15.8
    endloop
  endfacet
  facet normal 0.427347 -0.904088 0
    outer loop
      vertex 4.64805 23.7284 3.8
      vertex 4.91419 23.8542 15.8
      vertex 4.64805 23.7284 15.8
    endloop
  endfacet
  facet normal 0.427347 -0.904088 0
    outer loop
      vertex 4.91419 23.8542 15.8
      vertex 4.64805 23.7284 3.8
      vertex 4.91419 23.8542 3.8
    endloop
  endfacet
  facet normal -0.941545 0.336888 0
    outer loop
      vertex 0.629178 27.3709 3.8
      vertex 0.728361 27.6481 15.8
      vertex 0.728361 27.6481 3.8
    endloop
  endfacet
  facet normal -0.941545 0.336888 0
    outer loop
      vertex 0.728361 27.6481 15.8
      vertex 0.629178 27.3709 3.8
      vertex 0.629178 27.3709 15.8
    endloop
  endfacet
  facet normal 0.970031 0.242983 0
    outer loop
      vertex 6.44236 27.0853 15.8
      vertex 6.37082 27.3709 3.8
      vertex 6.37082 27.3709 15.8
    endloop
  endfacet
  facet normal 0.970031 0.242983 0
    outer loop
      vertex 6.37082 27.3709 3.8
      vertex 6.44236 27.0853 15.8
      vertex 6.44236 27.0853 3.8
    endloop
  endfacet
  facet normal -0.0489126 -0.998803 0
    outer loop
      vertex 3.20595 23.5144 3.8
      vertex 3.5 23.5 15.8
      vertex 3.20595 23.5144 15.8
    endloop
  endfacet
  facet normal -0.0489126 -0.998803 -0
    outer loop
      vertex 3.5 23.5 15.8
      vertex 3.20595 23.5144 3.8
      vertex 3.5 23.5 3.8
    endloop
  endfacet
  facet normal 0.671539 -0.740969 0
    outer loop
      vertex 5.40318 24.181 3.8
      vertex 5.62132 24.3787 15.8
      vertex 5.40318 24.181 15.8
    endloop
  endfacet
  facet normal 0.671539 -0.740969 0
    outer loop
      vertex 5.62132 24.3787 15.8
      vertex 5.40318 24.181 3.8
      vertex 5.62132 24.3787 3.8
    endloop
  endfacet
  facet normal -0.427347 -0.904088 0
    outer loop
      vertex 2.08581 23.8542 3.8
      vertex 2.35195 23.7284 15.8
      vertex 2.08581 23.8542 15.8
    endloop
  endfacet
  facet normal -0.427347 -0.904088 -0
    outer loop
      vertex 2.35195 23.7284 15.8
      vertex 2.08581 23.8542 3.8
      vertex 2.35195 23.7284 3.8
    endloop
  endfacet
  facet normal -0.671539 -0.740969 0
    outer loop
      vertex 1.37868 24.3787 3.8
      vertex 1.59682 24.181 15.8
      vertex 1.37868 24.3787 15.8
    endloop
  endfacet
  facet normal -0.671539 -0.740969 -0
    outer loop
      vertex 1.59682 24.181 15.8
      vertex 1.37868 24.3787 3.8
      vertex 1.59682 24.181 3.8
    endloop
  endfacet
  facet normal 0.336939 0.941527 -0
    outer loop
      vertex 4.64805 29.2716 3.8
      vertex 4.37085 29.3708 15.8
      vertex 4.64805 29.2716 15.8
    endloop
  endfacet
  facet normal 0.336939 0.941527 0
    outer loop
      vertex 4.37085 29.3708 15.8
      vertex 4.64805 29.2716 3.8
      vertex 4.37085 29.3708 3.8
    endloop
  endfacet
  facet normal -0.336939 -0.941527 0
    outer loop
      vertex 2.35195 23.7284 3.8
      vertex 2.62915 23.6292 15.8
      vertex 2.35195 23.7284 15.8
    endloop
  endfacet
  facet normal -0.336939 -0.941527 -0
    outer loop
      vertex 2.62915 23.6292 15.8
      vertex 2.35195 23.7284 3.8
      vertex 2.62915 23.6292 3.8
    endloop
  endfacet
  facet normal 0.803241 -0.595655 0
    outer loop
      vertex 5.81903 24.5968 15.8
      vertex 5.99441 24.8333 3.8
      vertex 5.99441 24.8333 15.8
    endloop
  endfacet
  facet normal 0.803241 -0.595655 0
    outer loop
      vertex 5.99441 24.8333 3.8
      vertex 5.81903 24.5968 15.8
      vertex 5.81903 24.5968 3.8
    endloop
  endfacet
  facet normal -0.857712 -0.514131 0
    outer loop
      vertex 1.00559 24.8333 3.8
      vertex 0.854236 25.0858 15.8
      vertex 0.854236 25.0858 3.8
    endloop
  endfacet
  facet normal -0.857712 -0.514131 0
    outer loop
      vertex 0.854236 25.0858 15.8
      vertex 1.00559 24.8333 3.8
      vertex 1.00559 24.8333 15.8
    endloop
  endfacet
  facet normal 0.998795 0.0490738 0
    outer loop
      vertex 6.5 26.5 15.8
      vertex 6.48555 26.7941 3.8
      vertex 6.48555 26.7941 15.8
    endloop
  endfacet
  facet normal 0.998795 0.0490738 0
    outer loop
      vertex 6.48555 26.7941 3.8
      vertex 6.5 26.5 15.8
      vertex 6.5 26.5 3.8
    endloop
  endfacet
  facet normal 0.903958 0.427622 0
    outer loop
      vertex 6.27164 27.6481 15.8
      vertex 6.14576 27.9142 3.8
      vertex 6.14576 27.9142 15.8
    endloop
  endfacet
  facet normal 0.903958 0.427622 0
    outer loop
      vertex 6.14576 27.9142 3.8
      vertex 6.27164 27.6481 15.8
      vertex 6.27164 27.6481 3.8
    endloop
  endfacet
  facet normal 0.857718 -0.514121 0
    outer loop
      vertex 5.99441 24.8333 15.8
      vertex 6.14576 25.0858 3.8
      vertex 6.14576 25.0858 15.8
    endloop
  endfacet
  facet normal 0.857718 -0.514121 0
    outer loop
      vertex 6.14576 25.0858 3.8
      vertex 5.99441 24.8333 15.8
      vertex 5.99441 24.8333 3.8
    endloop
  endfacet
  facet normal -0.671539 0.740969 0
    outer loop
      vertex 1.59682 28.819 3.8
      vertex 1.37868 28.6213 15.8
      vertex 1.59682 28.819 15.8
    endloop
  endfacet
  facet normal -0.671539 0.740969 0
    outer loop
      vertex 1.37868 28.6213 15.8
      vertex 1.59682 28.819 3.8
      vertex 1.37868 28.6213 3.8
    endloop
  endfacet
  facet normal 0.595747 -0.803172 0
    outer loop
      vertex 5.16671 24.0056 3.8
      vertex 5.40318 24.181 15.8
      vertex 5.16671 24.0056 15.8
    endloop
  endfacet
  facet normal 0.595747 -0.803172 0
    outer loop
      vertex 5.40318 24.181 15.8
      vertex 5.16671 24.0056 3.8
      vertex 5.40318 24.181 3.8
    endloop
  endfacet
  facet normal -0.514216 0.857661 0
    outer loop
      vertex 2.08581 29.1458 3.8
      vertex 1.83329 28.9944 15.8
      vertex 2.08581 29.1458 15.8
    endloop
  endfacet
  facet normal -0.514216 0.857661 0
    outer loop
      vertex 1.83329 28.9944 15.8
      vertex 2.08581 29.1458 3.8
      vertex 1.83329 28.9944 3.8
    endloop
  endfacet
  facet normal 0.514216 -0.857661 0
    outer loop
      vertex 4.91419 23.8542 3.8
      vertex 5.16671 24.0056 15.8
      vertex 4.91419 23.8542 15.8
    endloop
  endfacet
  facet normal 0.514216 -0.857661 0
    outer loop
      vertex 5.16671 24.0056 15.8
      vertex 4.91419 23.8542 3.8
      vertex 5.16671 24.0056 3.8
    endloop
  endfacet
  facet normal 0.146736 0.989176 -0
    outer loop
      vertex 4.08527 29.4424 3.8
      vertex 3.79405 29.4856 15.8
      vertex 4.08527 29.4424 15.8
    endloop
  endfacet
  facet normal 0.146736 0.989176 0
    outer loop
      vertex 3.79405 29.4856 15.8
      vertex 4.08527 29.4424 3.8
      vertex 3.79405 29.4856 3.8
    endloop
  endfacet
  facet normal 0.941548 -0.336879 0
    outer loop
      vertex 6.27164 25.3519 15.8
      vertex 6.37082 25.6291 3.8
      vertex 6.37082 25.6291 15.8
    endloop
  endfacet
  facet normal 0.941548 -0.336879 0
    outer loop
      vertex 6.37082 25.6291 3.8
      vertex 6.27164 25.3519 15.8
      vertex 6.27164 25.3519 3.8
    endloop
  endfacet
  facet normal 0.857718 0.514121 0
    outer loop
      vertex 6.14576 27.9142 15.8
      vertex 5.99441 28.1667 3.8
      vertex 5.99441 28.1667 15.8
    endloop
  endfacet
  facet normal 0.857718 0.514121 0
    outer loop
      vertex 5.99441 28.1667 3.8
      vertex 6.14576 27.9142 15.8
      vertex 6.14576 27.9142 3.8
    endloop
  endfacet
  facet normal -0.998796 0.0490568 0
    outer loop
      vertex 0.5 26.5 3.8
      vertex 0.514445 26.7941 15.8
      vertex 0.514445 26.7941 3.8
    endloop
  endfacet
  facet normal -0.998796 0.0490568 0
    outer loop
      vertex 0.514445 26.7941 15.8
      vertex 0.5 26.5 3.8
      vertex 0.5 26.5 15.8
    endloop
  endfacet
  facet normal 0.941548 0.336879 0
    outer loop
      vertex 6.37082 27.3709 15.8
      vertex 6.27164 27.6481 3.8
      vertex 6.27164 27.6481 15.8
    endloop
  endfacet
  facet normal 0.941548 0.336879 0
    outer loop
      vertex 6.27164 27.6481 3.8
      vertex 6.37082 27.3709 15.8
      vertex 6.37082 27.3709 3.8
    endloop
  endfacet
  facet normal 0.740891 -0.671625 0
    outer loop
      vertex 5.62132 24.3787 15.8
      vertex 5.81903 24.5968 3.8
      vertex 5.81903 24.5968 15.8
    endloop
  endfacet
  facet normal 0.740891 -0.671625 0
    outer loop
      vertex 5.81903 24.5968 3.8
      vertex 5.62132 24.3787 15.8
      vertex 5.62132 24.3787 3.8
    endloop
  endfacet
  facet normal 0.0489126 -0.998803 0
    outer loop
      vertex 3.5 23.5 3.8
      vertex 3.79405 23.5144 15.8
      vertex 3.5 23.5 15.8
    endloop
  endfacet
  facet normal 0.0489126 -0.998803 0
    outer loop
      vertex 3.79405 23.5144 15.8
      vertex 3.5 23.5 3.8
      vertex 3.79405 23.5144 3.8
    endloop
  endfacet
  facet normal 0.903958 -0.427622 0
    outer loop
      vertex 6.14576 25.0858 15.8
      vertex 6.27164 25.3519 3.8
      vertex 6.27164 25.3519 15.8
    endloop
  endfacet
  facet normal 0.903958 -0.427622 0
    outer loop
      vertex 6.27164 25.3519 3.8
      vertex 6.14576 25.0858 15.8
      vertex 6.14576 25.0858 3.8
    endloop
  endfacet
  facet normal -0.146736 0.989176 0
    outer loop
      vertex 3.20595 29.4856 3.8
      vertex 2.91473 29.4424 15.8
      vertex 3.20595 29.4856 15.8
    endloop
  endfacet
  facet normal -0.146736 0.989176 0
    outer loop
      vertex 2.91473 29.4424 15.8
      vertex 3.20595 29.4856 3.8
      vertex 2.91473 29.4424 3.8
    endloop
  endfacet
  facet normal 0.671539 0.740969 -0
    outer loop
      vertex 5.62132 28.6213 3.8
      vertex 5.40318 28.819 15.8
      vertex 5.62132 28.6213 15.8
    endloop
  endfacet
  facet normal 0.671539 0.740969 0
    outer loop
      vertex 5.40318 28.819 15.8
      vertex 5.62132 28.6213 3.8
      vertex 5.40318 28.819 3.8
    endloop
  endfacet
  facet normal -0.0489126 0.998803 0
    outer loop
      vertex 3.5 29.5 3.8
      vertex 3.20595 29.4856 15.8
      vertex 3.5 29.5 15.8
    endloop
  endfacet
  facet normal -0.0489126 0.998803 0
    outer loop
      vertex 3.20595 29.4856 15.8
      vertex 3.5 29.5 3.8
      vertex 3.20595 29.4856 3.8
    endloop
  endfacet
  facet normal -0.740891 -0.671625 0
    outer loop
      vertex 1.37868 24.3787 3.8
      vertex 1.18097 24.5968 15.8
      vertex 1.18097 24.5968 3.8
    endloop
  endfacet
  facet normal -0.740891 -0.671625 0
    outer loop
      vertex 1.18097 24.5968 15.8
      vertex 1.37868 24.3787 3.8
      vertex 1.37868 24.3787 15.8
    endloop
  endfacet
  facet normal -0.146736 -0.989176 0
    outer loop
      vertex 2.91473 23.5576 3.8
      vertex 3.20595 23.5144 15.8
      vertex 2.91473 23.5576 15.8
    endloop
  endfacet
  facet normal -0.146736 -0.989176 -0
    outer loop
      vertex 3.20595 23.5144 15.8
      vertex 2.91473 23.5576 3.8
      vertex 3.20595 23.5144 3.8
    endloop
  endfacet
  facet normal -0.903964 -0.427608 0
    outer loop
      vertex 0.854236 25.0858 3.8
      vertex 0.728361 25.3519 15.8
      vertex 0.728361 25.3519 3.8
    endloop
  endfacet
  facet normal -0.903964 -0.427608 0
    outer loop
      vertex 0.728361 25.3519 15.8
      vertex 0.854236 25.0858 3.8
      vertex 0.854236 25.0858 15.8
    endloop
  endfacet
  facet normal -0.970035 -0.242964 0
    outer loop
      vertex 0.629178 25.6291 3.8
      vertex 0.557644 25.9147 15.8
      vertex 0.557644 25.9147 3.8
    endloop
  endfacet
  facet normal -0.970035 -0.242964 0
    outer loop
      vertex 0.557644 25.9147 15.8
      vertex 0.629178 25.6291 3.8
      vertex 0.629178 25.6291 15.8
    endloop
  endfacet
  facet normal 0.243191 -0.969978 0
    outer loop
      vertex 4.08527 23.5576 3.8
      vertex 4.37085 23.6292 15.8
      vertex 4.08527 23.5576 15.8
    endloop
  endfacet
  facet normal 0.243191 -0.969978 0
    outer loop
      vertex 4.37085 23.6292 15.8
      vertex 4.08527 23.5576 3.8
      vertex 4.37085 23.6292 3.8
    endloop
  endfacet
  facet normal -0.970035 0.242964 0
    outer loop
      vertex 0.557644 27.0853 3.8
      vertex 0.629178 27.3709 15.8
      vertex 0.629178 27.3709 3.8
    endloop
  endfacet
  facet normal -0.970035 0.242964 0
    outer loop
      vertex 0.629178 27.3709 15.8
      vertex 0.557644 27.0853 3.8
      vertex 0.557644 27.0853 15.8
    endloop
  endfacet
  facet normal -0.427347 0.904088 0
    outer loop
      vertex 2.35195 29.2716 3.8
      vertex 2.08581 29.1458 15.8
      vertex 2.35195 29.2716 15.8
    endloop
  endfacet
  facet normal -0.427347 0.904088 0
    outer loop
      vertex 2.08581 29.1458 15.8
      vertex 2.35195 29.2716 3.8
      vertex 2.08581 29.1458 3.8
    endloop
  endfacet
  facet normal -0.740891 0.671625 0
    outer loop
      vertex 1.18097 28.4032 3.8
      vertex 1.37868 28.6213 15.8
      vertex 1.37868 28.6213 3.8
    endloop
  endfacet
  facet normal -0.740891 0.671625 0
    outer loop
      vertex 1.37868 28.6213 15.8
      vertex 1.18097 28.4032 3.8
      vertex 1.18097 28.4032 15.8
    endloop
  endfacet
  facet normal 0.0489126 0.998803 -0
    outer loop
      vertex 3.79405 29.4856 3.8
      vertex 3.5 29.5 15.8
      vertex 3.79405 29.4856 15.8
    endloop
  endfacet
  facet normal 0.0489126 0.998803 0
    outer loop
      vertex 3.5 29.5 15.8
      vertex 3.79405 29.4856 3.8
      vertex 3.5 29.5 3.8
    endloop
  endfacet
  facet normal -0.989175 0.146742 0
    outer loop
      vertex 0.514445 26.7941 3.8
      vertex 0.557644 27.0853 15.8
      vertex 0.557644 27.0853 3.8
    endloop
  endfacet
  facet normal -0.989175 0.146742 0
    outer loop
      vertex 0.557644 27.0853 15.8
      vertex 0.514445 26.7941 3.8
      vertex 0.514445 26.7941 15.8
    endloop
  endfacet
  facet normal 0.595747 0.803172 -0
    outer loop
      vertex 5.40318 28.819 3.8
      vertex 5.16671 28.9944 15.8
      vertex 5.40318 28.819 15.8
    endloop
  endfacet
  facet normal 0.595747 0.803172 0
    outer loop
      vertex 5.16671 28.9944 15.8
      vertex 5.40318 28.819 3.8
      vertex 5.16671 28.9944 3.8
    endloop
  endfacet
  facet normal 0 0 1
    outer loop
      vertex 4.55 26.5 15.8
      vertex 6.5 26.5 15.8
      vertex 6.48555 26.7941 15.8
    endloop
  endfacet
  facet normal 0 0 1
    outer loop
      vertex 4.54494 26.6029 15.8
      vertex 6.48555 26.7941 15.8
      vertex 6.44236 27.0853 15.8
    endloop
  endfacet
  facet normal 0 0 1
    outer loop
      vertex 6.5 26.5 15.8
      vertex 4.55 26.5 15.8
      vertex 6.48555 26.2059 15.8
    endloop
  endfacet
  facet normal 0 0 1
    outer loop
      vertex 4.52982 26.7048 15.8
      vertex 6.44236 27.0853 15.8
      vertex 6.37082 27.3709 15.8
    endloop
  endfacet
  facet normal -0 0 1
    outer loop
      vertex 4.54494 26.3971 15.8
      vertex 6.48555 26.2059 15.8
      vertex 4.55 26.5 15.8
    endloop
  endfacet
  facet normal 0 0 1
    outer loop
      vertex 4.50479 26.8048 15.8
      vertex 6.37082 27.3709 15.8
      vertex 6.27164 27.6481 15.8
    endloop
  endfacet
  facet normal 0 0 1
    outer loop
      vertex 6.48555 26.2059 15.8
      vertex 4.54494 26.3971 15.8
      vertex 6.44236 25.9147 15.8
    endloop
  endfacet
  facet normal 0 0 1
    outer loop
      vertex 4.47007 26.9018 15.8
      vertex 6.27164 27.6481 15.8
      vertex 6.14576 27.9142 15.8
    endloop
  endfacet
  facet normal -0 0 1
    outer loop
      vertex 4.52982 26.2952 15.8
      vertex 6.44236 25.9147 15.8
      vertex 4.54494 26.3971 15.8
    endloop
  endfacet
  facet normal 0 0 1
    outer loop
      vertex 4.42602 26.995 15.8
      vertex 6.14576 27.9142 15.8
      vertex 5.99441 28.1667 15.8
    endloop
  endfacet
  facet normal 0 0 1
    outer loop
      vertex 6.44236 25.9147 15.8
      vertex 4.52982 26.2952 15.8
      vertex 6.37082 25.6291 15.8
    endloop
  endfacet
  facet normal 0 0 1
    outer loop
      vertex 4.37304 27.0833 15.8
      vertex 5.99441 28.1667 15.8
      vertex 5.81903 28.4032 15.8
    endloop
  endfacet
  facet normal -0 0 1
    outer loop
      vertex 4.50479 26.1952 15.8
      vertex 6.37082 25.6291 15.8
      vertex 4.52982 26.2952 15.8
    endloop
  endfacet
  facet normal 0 0 1
    outer loop
      vertex 4.31166 27.1661 15.8
      vertex 5.81903 28.4032 15.8
      vertex 5.62132 28.6213 15.8
    endloop
  endfacet
  facet normal 0 0 1
    outer loop
      vertex 6.37082 25.6291 15.8
      vertex 4.50479 26.1952 15.8
      vertex 6.27164 25.3519 15.8
    endloop
  endfacet
  facet normal 0 0 1
    outer loop
      vertex 4.24246 27.2425 15.8
      vertex 5.62132 28.6213 15.8
      vertex 5.40318 28.819 15.8
    endloop
  endfacet
  facet normal -0 0 1
    outer loop
      vertex 4.47007 26.0982 15.8
      vertex 6.27164 25.3519 15.8
      vertex 4.50479 26.1952 15.8
    endloop
  endfacet
  facet normal 0 0 1
    outer loop
      vertex 4.16611 27.3117 15.8
      vertex 5.40318 28.819 15.8
      vertex 5.16671 28.9944 15.8
    endloop
  endfacet
  facet normal 0 0 1
    outer loop
      vertex 6.27164 25.3519 15.8
      vertex 4.47007 26.0982 15.8
      vertex 6.14576 25.0858 15.8
    endloop
  endfacet
  facet normal 0 0 1
    outer loop
      vertex 4.08335 27.373 15.8
      vertex 5.16671 28.9944 15.8
      vertex 4.91419 29.1458 15.8
    endloop
  endfacet
  facet normal -0 0 1
    outer loop
      vertex 4.42602 26.005 15.8
      vertex 6.14576 25.0858 15.8
      vertex 4.47007 26.0982 15.8
    endloop
  endfacet
  facet normal 0 0 1
    outer loop
      vertex 3.99497 27.426 15.8
      vertex 4.91419 29.1458 15.8
      vertex 4.64805 29.2716 15.8
    endloop
  endfacet
  facet normal 0 0 1
    outer loop
      vertex 6.14576 25.0858 15.8
      vertex 4.42602 26.005 15.8
      vertex 5.99441 24.8333 15.8
    endloop
  endfacet
  facet normal -0 0 1
    outer loop
      vertex 4.37304 25.9167 15.8
      vertex 5.99441 24.8333 15.8
      vertex 4.42602 26.005 15.8
    endloop
  endfacet
  facet normal 0 0 1
    outer loop
      vertex 6.48555 26.7941 15.8
      vertex 4.54494 26.6029 15.8
      vertex 4.55 26.5 15.8
    endloop
  endfacet
  facet normal 0 0 1
    outer loop
      vertex 6.44236 27.0853 15.8
      vertex 4.52982 26.7048 15.8
      vertex 4.54494 26.6029 15.8
    endloop
  endfacet
  facet normal 0 0 1
    outer loop
      vertex 6.37082 27.3709 15.8
      vertex 4.50479 26.8048 15.8
      vertex 4.52982 26.7048 15.8
    endloop
  endfacet
  facet normal 0 0 1
    outer loop
      vertex 6.27164 27.6481 15.8
      vertex 4.47007 26.9018 15.8
      vertex 4.50479 26.8048 15.8
    endloop
  endfacet
  facet normal 0 0 1
    outer loop
      vertex 6.14576 27.9142 15.8
      vertex 4.42602 26.995 15.8
      vertex 4.47007 26.9018 15.8
    endloop
  endfacet
  facet normal 0 0 1
    outer loop
      vertex 5.99441 28.1667 15.8
      vertex 4.37304 27.0833 15.8
      vertex 4.42602 26.995 15.8
    endloop
  endfacet
  facet normal 0 0 1
    outer loop
      vertex 3.90182 27.4701 15.8
      vertex 4.64805 29.2716 15.8
      vertex 4.37085 29.3708 15.8
    endloop
  endfacet
  facet normal 0 0 1
    outer loop
      vertex 5.81903 28.4032 15.8
      vertex 4.31166 27.1661 15.8
      vertex 4.37304 27.0833 15.8
    endloop
  endfacet
  facet normal 0 0 1
    outer loop
      vertex 5.62132 28.6213 15.8
      vertex 4.24246 27.2425 15.8
      vertex 4.31166 27.1661 15.8
    endloop
  endfacet
  facet normal 0 0 1
    outer loop
      vertex 5.40318 28.819 15.8
      vertex 4.16611 27.3117 15.8
      vertex 4.24246 27.2425 15.8
    endloop
  endfacet
  facet normal 0 0 1
    outer loop
      vertex 3.8048 27.5048 15.8
      vertex 4.37085 29.3708 15.8
      vertex 4.08527 29.4424 15.8
    endloop
  endfacet
  facet normal 0 0 1
    outer loop
      vertex 5.16671 28.9944 15.8
      vertex 4.08335 27.373 15.8
      vertex 4.16611 27.3117 15.8
    endloop
  endfacet
  facet normal 0 0 1
    outer loop
      vertex 4.91419 29.1458 15.8
      vertex 3.99497 27.426 15.8
      vertex 4.08335 27.373 15.8
    endloop
  endfacet
  facet normal 0 0 1
    outer loop
      vertex 4.64805 29.2716 15.8
      vertex 3.90182 27.4701 15.8
      vertex 3.99497 27.426 15.8
    endloop
  endfacet
  facet normal 0 0 1
    outer loop
      vertex 4.37085 29.3708 15.8
      vertex 3.8048 27.5048 15.8
      vertex 3.90182 27.4701 15.8
    endloop
  endfacet
  facet normal 0 0 1
    outer loop
      vertex 3.70484 27.5298 15.8
      vertex 4.08527 29.4424 15.8
      vertex 3.79405 29.4856 15.8
    endloop
  endfacet
  facet normal 0 0 1
    outer loop
      vertex 4.08527 29.4424 15.8
      vertex 3.70484 27.5298 15.8
      vertex 3.8048 27.5048 15.8
    endloop
  endfacet
  facet normal 0 0 1
    outer loop
      vertex 3.79405 29.4856 15.8
      vertex 3.60292 27.5449 15.8
      vertex 3.70484 27.5298 15.8
    endloop
  endfacet
  facet normal 0 0 1
    outer loop
      vertex 3.5 29.5 15.8
      vertex 3.60292 27.5449 15.8
      vertex 3.79405 29.4856 15.8
    endloop
  endfacet
  facet normal 0 0 1
    outer loop
      vertex 3.5 29.5 15.8
      vertex 3.5 27.55 15.8
      vertex 3.60292 27.5449 15.8
    endloop
  endfacet
  facet normal 0 0 1
    outer loop
      vertex 3.5 29.5 15.8
      vertex 3.39708 27.5449 15.8
      vertex 3.5 27.55 15.8
    endloop
  endfacet
  facet normal -0 0 1
    outer loop
      vertex 3.20595 29.4856 15.8
      vertex 3.39708 27.5449 15.8
      vertex 3.5 29.5 15.8
    endloop
  endfacet
  facet normal 0 0 1
    outer loop
      vertex 3.39708 27.5449 15.8
      vertex 3.20595 29.4856 15.8
      vertex 3.29515 27.5298 15.8
    endloop
  endfacet
  facet normal -0 0 1
    outer loop
      vertex 2.91473 29.4424 15.8
      vertex 3.29515 27.5298 15.8
      vertex 3.20595 29.4856 15.8
    endloop
  endfacet
  facet normal 0 0 1
    outer loop
      vertex 3.29515 27.5298 15.8
      vertex 2.91473 29.4424 15.8
      vertex 3.1952 27.5048 15.8
    endloop
  endfacet
  facet normal -0 0 1
    outer loop
      vertex 2.62915 29.3708 15.8
      vertex 3.1952 27.5048 15.8
      vertex 2.91473 29.4424 15.8
    endloop
  endfacet
  facet normal 0 0 1
    outer loop
      vertex 3.1952 27.5048 15.8
      vertex 2.62915 29.3708 15.8
      vertex 3.09818 27.4701 15.8
    endloop
  endfacet
  facet normal -0 0 1
    outer loop
      vertex 2.35195 29.2716 15.8
      vertex 3.09818 27.4701 15.8
      vertex 2.62915 29.3708 15.8
    endloop
  endfacet
  facet normal 0 0 1
    outer loop
      vertex 3.09818 27.4701 15.8
      vertex 2.35195 29.2716 15.8
      vertex 3.00503 27.426 15.8
    endloop
  endfacet
  facet normal -0 0 1
    outer loop
      vertex 2.08581 29.1458 15.8
      vertex 3.00503 27.426 15.8
      vertex 2.35195 29.2716 15.8
    endloop
  endfacet
  facet normal 0 0 1
    outer loop
      vertex 3.00503 27.426 15.8
      vertex 2.08581 29.1458 15.8
      vertex 2.91665 27.373 15.8
    endloop
  endfacet
  facet normal -0 0 1
    outer loop
      vertex 1.83329 28.9944 15.8
      vertex 2.91665 27.373 15.8
      vertex 2.08581 29.1458 15.8
    endloop
  endfacet
  facet normal 0 0 1
    outer loop
      vertex 2.91665 27.373 15.8
      vertex 1.83329 28.9944 15.8
      vertex 2.83389 27.3117 15.8
    endloop
  endfacet
  facet normal -0 0 1
    outer loop
      vertex 1.59682 28.819 15.8
      vertex 2.83389 27.3117 15.8
      vertex 1.83329 28.9944 15.8
    endloop
  endfacet
  facet normal 0 0 1
    outer loop
      vertex 2.83389 27.3117 15.8
      vertex 1.59682 28.819 15.8
      vertex 2.75754 27.2425 15.8
    endloop
  endfacet
  facet normal -0 0 1
    outer loop
      vertex 1.37868 28.6213 15.8
      vertex 2.75754 27.2425 15.8
      vertex 1.59682 28.819 15.8
    endloop
  endfacet
  facet normal 0 0 1
    outer loop
      vertex 2.75754 27.2425 15.8
      vertex 1.37868 28.6213 15.8
      vertex 2.68834 27.1661 15.8
    endloop
  endfacet
  facet normal -0 0 1
    outer loop
      vertex 1.18097 28.4032 15.8
      vertex 2.68834 27.1661 15.8
      vertex 1.37868 28.6213 15.8
    endloop
  endfacet
  facet normal -0 0 1
    outer loop
      vertex 1.00559 28.1667 15.8
      vertex 2.62696 27.0833 15.8
      vertex 1.18097 28.4032 15.8
    endloop
  endfacet
  facet normal 0 0 1
    outer loop
      vertex 2.68834 27.1661 15.8
      vertex 1.18097 28.4032 15.8
      vertex 2.62696 27.0833 15.8
    endloop
  endfacet
  facet normal 0 0 1
    outer loop
      vertex 5.99441 24.8333 15.8
      vertex 4.37304 25.9167 15.8
      vertex 5.81903 24.5968 15.8
    endloop
  endfacet
  facet normal -0 0 1
    outer loop
      vertex 4.31166 25.8339 15.8
      vertex 5.81903 24.5968 15.8
      vertex 4.37304 25.9167 15.8
    endloop
  endfacet
  facet normal 0 0 1
    outer loop
      vertex 5.81903 24.5968 15.8
      vertex 4.31166 25.8339 15.8
      vertex 5.62132 24.3787 15.8
    endloop
  endfacet
  facet normal -0 0 1
    outer loop
      vertex 4.24246 25.7575 15.8
      vertex 5.62132 24.3787 15.8
      vertex 4.31166 25.8339 15.8
    endloop
  endfacet
  facet normal 0 0 1
    outer loop
      vertex 5.62132 24.3787 15.8
      vertex 4.24246 25.7575 15.8
      vertex 5.40318 24.181 15.8
    endloop
  endfacet
  facet normal -0 0 1
    outer loop
      vertex 4.16611 25.6883 15.8
      vertex 5.40318 24.181 15.8
      vertex 4.24246 25.7575 15.8
    endloop
  endfacet
  facet normal 0 0 1
    outer loop
      vertex 5.40318 24.181 15.8
      vertex 4.16611 25.6883 15.8
      vertex 5.16671 24.0056 15.8
    endloop
  endfacet
  facet normal -0 0 1
    outer loop
      vertex 4.08335 25.627 15.8
      vertex 5.16671 24.0056 15.8
      vertex 4.16611 25.6883 15.8
    endloop
  endfacet
  facet normal 0 0 1
    outer loop
      vertex 5.16671 24.0056 15.8
      vertex 4.08335 25.627 15.8
      vertex 4.91419 23.8542 15.8
    endloop
  endfacet
  facet normal -0 0 1
    outer loop
      vertex 3.99497 25.574 15.8
      vertex 4.91419 23.8542 15.8
      vertex 4.08335 25.627 15.8
    endloop
  endfacet
  facet normal 0 0 1
    outer loop
      vertex 4.91419 23.8542 15.8
      vertex 3.99497 25.574 15.8
      vertex 4.64805 23.7284 15.8
    endloop
  endfacet
  facet normal -0 0 1
    outer loop
      vertex 3.90182 25.5299 15.8
      vertex 4.64805 23.7284 15.8
      vertex 3.99497 25.574 15.8
    endloop
  endfacet
  facet normal 0 0 1
    outer loop
      vertex 4.64805 23.7284 15.8
      vertex 3.90182 25.5299 15.8
      vertex 4.37085 23.6292 15.8
    endloop
  endfacet
  facet normal -0 0 1
    outer loop
      vertex 3.8048 25.4952 15.8
      vertex 4.37085 23.6292 15.8
      vertex 3.90182 25.5299 15.8
    endloop
  endfacet
  facet normal 0 0 1
    outer loop
      vertex 4.37085 23.6292 15.8
      vertex 3.8048 25.4952 15.8
      vertex 4.08527 23.5576 15.8
    endloop
  endfacet
  facet normal -0 0 1
    outer loop
      vertex 3.70484 25.4702 15.8
      vertex 4.08527 23.5576 15.8
      vertex 3.8048 25.4952 15.8
    endloop
  endfacet
  facet normal 0 0 1
    outer loop
      vertex 4.08527 23.5576 15.8
      vertex 3.70484 25.4702 15.8
      vertex 3.79405 23.5144 15.8
    endloop
  endfacet
  facet normal -0 0 1
    outer loop
      vertex 3.60292 25.4551 15.8
      vertex 3.79405 23.5144 15.8
      vertex 3.70484 25.4702 15.8
    endloop
  endfacet
  facet normal -0 0 1
    outer loop
      vertex 3.5 25.45 15.8
      vertex 3.79405 23.5144 15.8
      vertex 3.60292 25.4551 15.8
    endloop
  endfacet
  facet normal 0 0 1
    outer loop
      vertex 3.5 25.45 15.8
      vertex 3.5 23.5 15.8
      vertex 3.79405 23.5144 15.8
    endloop
  endfacet
  facet normal 0 0 1
    outer loop
      vertex 3.39708 25.4551 15.8
      vertex 3.5 23.5 15.8
      vertex 3.5 25.45 15.8
    endloop
  endfacet
  facet normal 0 0 1
    outer loop
      vertex 3.20595 23.5144 15.8
      vertex 3.39708 25.4551 15.8
      vertex 3.29515 25.4702 15.8
    endloop
  endfacet
  facet normal 0 0 1
    outer loop
      vertex 3.39708 25.4551 15.8
      vertex 3.20595 23.5144 15.8
      vertex 3.5 23.5 15.8
    endloop
  endfacet
  facet normal 0 0 1
    outer loop
      vertex 2.91473 23.5576 15.8
      vertex 3.29515 25.4702 15.8
      vertex 3.1952 25.4952 15.8
    endloop
  endfacet
  facet normal 0 0 1
    outer loop
      vertex 2.62915 23.6292 15.8
      vertex 3.1952 25.4952 15.8
      vertex 3.09818 25.5299 15.8
    endloop
  endfacet
  facet normal 0 0 1
    outer loop
      vertex 2.35195 23.7284 15.8
      vertex 3.09818 25.5299 15.8
      vertex 3.00503 25.574 15.8
    endloop
  endfacet
  facet normal 0 0 1
    outer loop
      vertex 2.08581 23.8542 15.8
      vertex 3.00503 25.574 15.8
      vertex 2.91665 25.627 15.8
    endloop
  endfacet
  facet normal 0 0 1
    outer loop
      vertex 3.29515 25.4702 15.8
      vertex 2.91473 23.5576 15.8
      vertex 3.20595 23.5144 15.8
    endloop
  endfacet
  facet normal 0 0 1
    outer loop
      vertex 1.83329 24.0056 15.8
      vertex 2.91665 25.627 15.8
      vertex 2.83389 25.6883 15.8
    endloop
  endfacet
  facet normal 0 0 1
    outer loop
      vertex 1.59682 24.181 15.8
      vertex 2.83389 25.6883 15.8
      vertex 2.75754 25.7575 15.8
    endloop
  endfacet
  facet normal 0 0 1
    outer loop
      vertex 1.37868 24.3787 15.8
      vertex 2.75754 25.7575 15.8
      vertex 2.68834 25.8339 15.8
    endloop
  endfacet
  facet normal 0 0 1
    outer loop
      vertex 3.1952 25.4952 15.8
      vertex 2.62915 23.6292 15.8
      vertex 2.91473 23.5576 15.8
    endloop
  endfacet
  facet normal 0 0 1
    outer loop
      vertex 1.18097 24.5968 15.8
      vertex 2.68834 25.8339 15.8
      vertex 2.62696 25.9167 15.8
    endloop
  endfacet
  facet normal 0 0 1
    outer loop
      vertex 1.00559 24.8333 15.8
      vertex 2.62696 25.9167 15.8
      vertex 2.57398 26.005 15.8
    endloop
  endfacet
  facet normal 0 0 1
    outer loop
      vertex 0.854236 25.0858 15.8
      vertex 2.57398 26.005 15.8
      vertex 2.52993 26.0982 15.8
    endloop
  endfacet
  facet normal 0 0 1
    outer loop
      vertex 0.728361 25.3519 15.8
      vertex 2.52993 26.0982 15.8
      vertex 2.49521 26.1952 15.8
    endloop
  endfacet
  facet normal 0 0 1
    outer loop
      vertex 0.629178 25.6291 15.8
      vertex 2.49521 26.1952 15.8
      vertex 2.47017 26.2952 15.8
    endloop
  endfacet
  facet normal 0 0 1
    outer loop
      vertex 0.557644 25.9147 15.8
      vertex 2.47017 26.2952 15.8
      vertex 2.45506 26.3971 15.8
    endloop
  endfacet
  facet normal 0 0 1
    outer loop
      vertex 3.09818 25.5299 15.8
      vertex 2.35195 23.7284 15.8
      vertex 2.62915 23.6292 15.8
    endloop
  endfacet
  facet normal 0 0 1
    outer loop
      vertex 0.514445 26.2059 15.8
      vertex 2.45506 26.3971 15.8
      vertex 2.45 26.5 15.8
    endloop
  endfacet
  facet normal 0 0 1
    outer loop
      vertex 2.62696 27.0833 15.8
      vertex 1.00559 28.1667 15.8
      vertex 2.57398 26.995 15.8
    endloop
  endfacet
  facet normal -0 0 1
    outer loop
      vertex 0.854236 27.9142 15.8
      vertex 2.57398 26.995 15.8
      vertex 1.00559 28.1667 15.8
    endloop
  endfacet
  facet normal 0 0 1
    outer loop
      vertex 3.00503 25.574 15.8
      vertex 2.08581 23.8542 15.8
      vertex 2.35195 23.7284 15.8
    endloop
  endfacet
  facet normal 0 0 1
    outer loop
      vertex 2.57398 26.995 15.8
      vertex 0.854236 27.9142 15.8
      vertex 2.52993 26.9018 15.8
    endloop
  endfacet
  facet normal 0 0 1
    outer loop
      vertex 2.91665 25.627 15.8
      vertex 1.83329 24.0056 15.8
      vertex 2.08581 23.8542 15.8
    endloop
  endfacet
  facet normal -0 0 1
    outer loop
      vertex 0.728361 27.6481 15.8
      vertex 2.52993 26.9018 15.8
      vertex 0.854236 27.9142 15.8
    endloop
  endfacet
  facet normal 0 0 1
    outer loop
      vertex 2.83389 25.6883 15.8
      vertex 1.59682 24.181 15.8
      vertex 1.83329 24.0056 15.8
    endloop
  endfacet
  facet normal 0 0 1
    outer loop
      vertex 2.52993 26.9018 15.8
      vertex 0.728361 27.6481 15.8
      vertex 2.49521 26.8048 15.8
    endloop
  endfacet
  facet normal 0 0 1
    outer loop
      vertex 2.75754 25.7575 15.8
      vertex 1.37868 24.3787 15.8
      vertex 1.59682 24.181 15.8
    endloop
  endfacet
  facet normal -0 0 1
    outer loop
      vertex 0.629178 27.3709 15.8
      vertex 2.49521 26.8048 15.8
      vertex 0.728361 27.6481 15.8
    endloop
  endfacet
  facet normal 0 0 1
    outer loop
      vertex 2.68834 25.8339 15.8
      vertex 1.18097 24.5968 15.8
      vertex 1.37868 24.3787 15.8
    endloop
  endfacet
  facet normal 0 0 1
    outer loop
      vertex 2.49521 26.8048 15.8
      vertex 0.629178 27.3709 15.8
      vertex 2.47017 26.7048 15.8
    endloop
  endfacet
  facet normal 0 0 1
    outer loop
      vertex 2.62696 25.9167 15.8
      vertex 1.00559 24.8333 15.8
      vertex 1.18097 24.5968 15.8
    endloop
  endfacet
  facet normal -0 0 1
    outer loop
      vertex 0.557644 27.0853 15.8
      vertex 2.47017 26.7048 15.8
      vertex 0.629178 27.3709 15.8
    endloop
  endfacet
  facet normal 0 0 1
    outer loop
      vertex 2.57398 26.005 15.8
      vertex 0.854236 25.0858 15.8
      vertex 1.00559 24.8333 15.8
    endloop
  endfacet
  facet normal 0 0 1
    outer loop
      vertex 2.47017 26.7048 15.8
      vertex 0.557644 27.0853 15.8
      vertex 2.45506 26.6029 15.8
    endloop
  endfacet
  facet normal 0 0 1
    outer loop
      vertex 2.52993 26.0982 15.8
      vertex 0.728361 25.3519 15.8
      vertex 0.854236 25.0858 15.8
    endloop
  endfacet
  facet normal -0 0 1
    outer loop
      vertex 0.514445 26.7941 15.8
      vertex 2.45506 26.6029 15.8
      vertex 0.557644 27.0853 15.8
    endloop
  endfacet
  facet normal 0 0 1
    outer loop
      vertex 2.49521 26.1952 15.8
      vertex 0.629178 25.6291 15.8
      vertex 0.728361 25.3519 15.8
    endloop
  endfacet
  facet normal 0 0 1
    outer loop
      vertex 2.45506 26.6029 15.8
      vertex 0.514445 26.7941 15.8
      vertex 2.45 26.5 15.8
    endloop
  endfacet
  facet normal 0 0 1
    outer loop
      vertex 2.47017 26.2952 15.8
      vertex 0.557644 25.9147 15.8
      vertex 0.629178 25.6291 15.8
    endloop
  endfacet
  facet normal 0 0 1
    outer loop
      vertex 0.5 26.5 15.8
      vertex 2.45 26.5 15.8
      vertex 0.514445 26.7941 15.8
    endloop
  endfacet
  facet normal 0 0 1
    outer loop
      vertex 2.45506 26.3971 15.8
      vertex 0.514445 26.2059 15.8
      vertex 0.557644 25.9147 15.8
    endloop
  endfacet
  facet normal 0 0 1
    outer loop
      vertex 2.45 26.5 15.8
      vertex 0.5 26.5 15.8
      vertex 0.514445 26.2059 15.8
    endloop
  endfacet
  facet normal -0.803241 0.595655 0
    outer loop
      vertex 1.00559 28.1667 3.8
      vertex 1.18097 28.4032 15.8
      vertex 1.18097 28.4032 3.8
    endloop
  endfacet
  facet normal -0.803241 0.595655 0
    outer loop
      vertex 1.18097 28.4032 15.8
      vertex 1.00559 28.1667 3.8
      vertex 1.00559 28.1667 15.8
    endloop
  endfacet
  facet normal -0.998796 -0.0490568 0
    outer loop
      vertex 0.514445 26.2059 3.8
      vertex 0.5 26.5 15.8
      vertex 0.5 26.5 3.8
    endloop
  endfacet
  facet normal -0.998796 -0.0490568 0
    outer loop
      vertex 0.5 26.5 15.8
      vertex 0.514445 26.2059 3.8
      vertex 0.514445 26.2059 15.8
    endloop
  endfacet
  facet normal 0.740891 0.671625 0
    outer loop
      vertex 5.81903 28.4032 15.8
      vertex 5.62132 28.6213 3.8
      vertex 5.62132 28.6213 15.8
    endloop
  endfacet
  facet normal 0.740891 0.671625 0
    outer loop
      vertex 5.62132 28.6213 3.8
      vertex 5.81903 28.4032 15.8
      vertex 5.81903 28.4032 3.8
    endloop
  endfacet
  facet normal -0.336879 0.941548 0
    outer loop
      vertex 2.62915 6.37082 3.8
      vertex 2.35195 6.27164 15.8
      vertex 2.62915 6.37082 15.8
    endloop
  endfacet
  facet normal -0.336879 0.941548 0
    outer loop
      vertex 2.35195 6.27164 15.8
      vertex 2.62915 6.37082 3.8
      vertex 2.35195 6.27164 3.8
    endloop
  endfacet
  facet normal 0.989181 -0.146703 0
    outer loop
      vertex 6.44236 2.91473 15.8
      vertex 6.48555 3.20595 3.8
      vertex 6.48555 3.20595 15.8
    endloop
  endfacet
  facet normal 0.989181 -0.146703 0
    outer loop
      vertex 6.48555 3.20595 3.8
      vertex 6.44236 2.91473 15.8
      vertex 6.44236 2.91473 3.8
    endloop
  endfacet
  facet normal 0.998795 -0.0490821 0
    outer loop
      vertex 6.48555 3.20595 15.8
      vertex 6.5 3.5 3.8
      vertex 6.5 3.5 15.8
    endloop
  endfacet
  facet normal 0.998795 -0.0490821 0
    outer loop
      vertex 6.5 3.5 3.8
      vertex 6.48555 3.20595 15.8
      vertex 6.48555 3.20595 3.8
    endloop
  endfacet
  facet normal 0.970027 -0.242999 0
    outer loop
      vertex 6.37082 2.62915 15.8
      vertex 6.44236 2.91473 3.8
      vertex 6.44236 2.91473 15.8
    endloop
  endfacet
  facet normal 0.970027 -0.242999 0
    outer loop
      vertex 6.44236 2.91473 3.8
      vertex 6.37082 2.62915 15.8
      vertex 6.37082 2.62915 3.8
    endloop
  endfacet
  facet normal -0.989176 -0.146732 0
    outer loop
      vertex 0.557644 2.91473 3.8
      vertex 0.514445 3.20595 15.8
      vertex 0.514445 3.20595 3.8
    endloop
  endfacet
  facet normal -0.989176 -0.146732 0
    outer loop
      vertex 0.514445 3.20595 15.8
      vertex 0.557644 2.91473 3.8
      vertex 0.557644 2.91473 15.8
    endloop
  endfacet
  facet normal -0.242999 0.970027 0
    outer loop
      vertex 2.91473 6.44236 3.8
      vertex 2.62915 6.37082 15.8
      vertex 2.91473 6.44236 15.8
    endloop
  endfacet
  facet normal -0.242999 0.970027 0
    outer loop
      vertex 2.62915 6.37082 15.8
      vertex 2.91473 6.44236 3.8
      vertex 2.62915 6.37082 3.8
    endloop
  endfacet
  facet normal 0.336888 -0.941545 0
    outer loop
      vertex 4.37085 0.629179 3.8
      vertex 4.64805 0.728362 15.8
      vertex 4.37085 0.629179 15.8
    endloop
  endfacet
  facet normal 0.336888 -0.941545 0
    outer loop
      vertex 4.64805 0.728362 15.8
      vertex 4.37085 0.629179 3.8
      vertex 4.64805 0.728362 3.8
    endloop
  endfacet
  facet normal -0.514099 -0.857731 0
    outer loop
      vertex 1.83329 1.00559 3.8
      vertex 2.08581 0.854237 15.8
      vertex 1.83329 1.00559 15.8
    endloop
  endfacet
  facet normal -0.514099 -0.857731 -0
    outer loop
      vertex 2.08581 0.854237 15.8
      vertex 1.83329 1.00559 3.8
      vertex 2.08581 0.854237 3.8
    endloop
  endfacet
  facet normal -0.903989 0.427556 0
    outer loop
      vertex 0.728361 4.64805 3.8
      vertex 0.854236 4.91419 15.8
      vertex 0.854236 4.91419 3.8
    endloop
  endfacet
  facet normal -0.903989 0.427556 0
    outer loop
      vertex 0.854236 4.91419 15.8
      vertex 0.728361 4.64805 3.8
      vertex 0.728361 4.64805 15.8
    endloop
  endfacet
  facet normal -0.24298 -0.970031 0
    outer loop
      vertex 2.62915 0.629179 3.8
      vertex 2.91473 0.557645 15.8
      vertex 2.62915 0.629179 15.8
    endloop
  endfacet
  facet normal -0.24298 -0.970031 -0
    outer loop
      vertex 2.91473 0.557645 15.8
      vertex 2.62915 0.629179 3.8
      vertex 2.91473 0.557645 3.8
    endloop
  endfacet
  facet normal -0.85773 0.514101 0
    outer loop
      vertex 0.854236 4.91419 3.8
      vertex 1.00559 5.16671 15.8
      vertex 1.00559 5.16671 3.8
    endloop
  endfacet
  facet normal -0.85773 0.514101 0
    outer loop
      vertex 1.00559 5.16671 15.8
      vertex 0.854236 4.91419 3.8
      vertex 0.854236 4.91419 15.8
    endloop
  endfacet
  facet normal 0.242999 0.970027 -0
    outer loop
      vertex 4.37085 6.37082 3.8
      vertex 4.08527 6.44236 15.8
      vertex 4.37085 6.37082 15.8
    endloop
  endfacet
  facet normal 0.242999 0.970027 0
    outer loop
      vertex 4.08527 6.44236 15.8
      vertex 4.37085 6.37082 3.8
      vertex 4.08527 6.44236 3.8
    endloop
  endfacet
  facet normal -0.595703 0.803204 0
    outer loop
      vertex 1.83329 5.99441 3.8
      vertex 1.59682 5.81903 15.8
      vertex 1.83329 5.99441 15.8
    endloop
  endfacet
  facet normal -0.595703 0.803204 0
    outer loop
      vertex 1.59682 5.81903 15.8
      vertex 1.83329 5.99441 3.8
      vertex 1.59682 5.81903 3.8
    endloop
  endfacet
  facet normal 0.514091 0.857736 -0
    outer loop
      vertex 5.16671 5.99441 3.8
      vertex 4.91419 6.14576 15.8
      vertex 5.16671 5.99441 15.8
    endloop
  endfacet
  facet normal 0.514091 0.857736 0
    outer loop
      vertex 4.91419 6.14576 15.8
      vertex 5.16671 5.99441 3.8
      vertex 4.91419 6.14576 3.8
    endloop
  endfacet
  facet normal 0.803204 0.595703 0
    outer loop
      vertex 5.99441 5.16671 15.8
      vertex 5.81903 5.40318 3.8
      vertex 5.81903 5.40318 15.8
    endloop
  endfacet
  facet normal 0.803204 0.595703 0
    outer loop
      vertex 5.81903 5.40318 3.8
      vertex 5.99441 5.16671 15.8
      vertex 5.99441 5.16671 3.8
    endloop
  endfacet
  facet normal 0.146732 -0.989176 0
    outer loop
      vertex 3.79405 0.514446 3.8
      vertex 4.08527 0.557645 15.8
      vertex 3.79405 0.514446 15.8
    endloop
  endfacet
  facet normal 0.146732 -0.989176 0
    outer loop
      vertex 4.08527 0.557645 15.8
      vertex 3.79405 0.514446 3.8
      vertex 4.08527 0.557645 3.8
    endloop
  endfacet
  facet normal -0.595703 -0.803204 0
    outer loop
      vertex 1.59682 1.18097 3.8
      vertex 1.83329 1.00559 15.8
      vertex 1.59682 1.18097 15.8
    endloop
  endfacet
  facet normal -0.595703 -0.803204 -0
    outer loop
      vertex 1.83329 1.00559 15.8
      vertex 1.59682 1.18097 3.8
      vertex 1.83329 1.00559 3.8
    endloop
  endfacet
  facet normal -0.803204 -0.595703 0
    outer loop
      vertex 1.18097 1.59682 3.8
      vertex 1.00559 1.83329 15.8
      vertex 1.00559 1.83329 3.8
    endloop
  endfacet
  facet normal -0.803204 -0.595703 0
    outer loop
      vertex 1.00559 1.83329 15.8
      vertex 1.18097 1.59682 3.8
      vertex 1.18097 1.59682 15.8
    endloop
  endfacet
  facet normal 0.989181 0.146703 0
    outer loop
      vertex 6.48555 3.79405 15.8
      vertex 6.44236 4.08527 3.8
      vertex 6.44236 4.08527 15.8
    endloop
  endfacet
  facet normal 0.989181 0.146703 0
    outer loop
      vertex 6.44236 4.08527 3.8
      vertex 6.48555 3.79405 15.8
      vertex 6.48555 3.79405 3.8
    endloop
  endfacet
  facet normal -0.941545 -0.336888 0
    outer loop
      vertex 0.728361 2.35195 3.8
      vertex 0.629178 2.62915 15.8
      vertex 0.629178 2.62915 3.8
    endloop
  endfacet
  facet normal -0.941545 -0.336888 0
    outer loop
      vertex 0.629178 2.62915 15.8
      vertex 0.728361 2.35195 3.8
      vertex 0.728361 2.35195 15.8
    endloop
  endfacet
  facet normal 0.427556 -0.903989 0
    outer loop
      vertex 4.64805 0.728362 3.8
      vertex 4.91419 0.854237 15.8
      vertex 4.64805 0.728362 15.8
    endloop
  endfacet
  facet normal 0.427556 -0.903989 0
    outer loop
      vertex 4.91419 0.854237 15.8
      vertex 4.64805 0.728362 3.8
      vertex 4.91419 0.854237 3.8
    endloop
  endfacet
  facet normal -0.941545 0.336888 0
    outer loop
      vertex 0.629178 4.37085 3.8
      vertex 0.728361 4.64805 15.8
      vertex 0.728361 4.64805 3.8
    endloop
  endfacet
  facet normal -0.941545 0.336888 0
    outer loop
      vertex 0.728361 4.64805 15.8
      vertex 0.629178 4.37085 3.8
      vertex 0.629178 4.37085 15.8
    endloop
  endfacet
  facet normal 0.970027 0.242999 0
    outer loop
      vertex 6.44236 4.08527 15.8
      vertex 6.37082 4.37085 3.8
      vertex 6.37082 4.37085 15.8
    endloop
  endfacet
  facet normal 0.970027 0.242999 0
    outer loop
      vertex 6.37082 4.37085 3.8
      vertex 6.44236 4.08527 15.8
      vertex 6.44236 4.08527 3.8
    endloop
  endfacet
  facet normal -0.0490685 -0.998795 0
    outer loop
      vertex 3.20595 0.514446 3.8
      vertex 3.5 0.5 15.8
      vertex 3.20595 0.514446 15.8
    endloop
  endfacet
  facet normal -0.0490685 -0.998795 -0
    outer loop
      vertex 3.5 0.5 15.8
      vertex 3.20595 0.514446 3.8
      vertex 3.5 0.5 3.8
    endloop
  endfacet
  facet normal 0.671558 -0.740952 0
    outer loop
      vertex 5.40318 1.18097 3.8
      vertex 5.62132 1.37868 15.8
      vertex 5.40318 1.18097 15.8
    endloop
  endfacet
  facet normal 0.671558 -0.740952 0
    outer loop
      vertex 5.62132 1.37868 15.8
      vertex 5.40318 1.18097 3.8
      vertex 5.62132 1.37868 3.8
    endloop
  endfacet
  facet normal -0.427556 -0.903989 0
    outer loop
      vertex 2.08581 0.854237 3.8
      vertex 2.35195 0.728362 15.8
      vertex 2.08581 0.854237 15.8
    endloop
  endfacet
  facet normal -0.427556 -0.903989 -0
    outer loop
      vertex 2.35195 0.728362 15.8
      vertex 2.08581 0.854237 3.8
      vertex 2.35195 0.728362 3.8
    endloop
  endfacet
  facet normal -0.671558 -0.740952 0
    outer loop
      vertex 1.37868 1.37868 3.8
      vertex 1.59682 1.18097 15.8
      vertex 1.37868 1.37868 15.8
    endloop
  endfacet
  facet normal -0.671558 -0.740952 -0
    outer loop
      vertex 1.59682 1.18097 15.8
      vertex 1.37868 1.37868 3.8
      vertex 1.59682 1.18097 3.8
    endloop
  endfacet
  facet normal 0.336879 0.941548 -0
    outer loop
      vertex 4.64805 6.27164 3.8
      vertex 4.37085 6.37082 15.8
      vertex 4.64805 6.27164 15.8
    endloop
  endfacet
  facet normal 0.336879 0.941548 0
    outer loop
      vertex 4.37085 6.37082 15.8
      vertex 4.64805 6.27164 3.8
      vertex 4.37085 6.37082 3.8
    endloop
  endfacet
  facet normal -0.336888 -0.941545 0
    outer loop
      vertex 2.35195 0.728362 3.8
      vertex 2.62915 0.629179 15.8
      vertex 2.35195 0.728362 15.8
    endloop
  endfacet
  facet normal -0.336888 -0.941545 -0
    outer loop
      vertex 2.62915 0.629179 15.8
      vertex 2.35195 0.728362 3.8
      vertex 2.62915 0.629179 3.8
    endloop
  endfacet
  facet normal 0.803204 -0.595703 0
    outer loop
      vertex 5.81903 1.59682 15.8
      vertex 5.99441 1.83329 3.8
      vertex 5.99441 1.83329 15.8
    endloop
  endfacet
  facet normal 0.803204 -0.595703 0
    outer loop
      vertex 5.99441 1.83329 3.8
      vertex 5.81903 1.59682 15.8
      vertex 5.81903 1.59682 3.8
    endloop
  endfacet
  facet normal -0.85773 -0.514101 0
    outer loop
      vertex 1.00559 1.83329 3.8
      vertex 0.854236 2.08581 15.8
      vertex 0.854236 2.08581 3.8
    endloop
  endfacet
  facet normal -0.85773 -0.514101 0
    outer loop
      vertex 0.854236 2.08581 15.8
      vertex 1.00559 1.83329 3.8
      vertex 1.00559 1.83329 15.8
    endloop
  endfacet
  facet normal 0.998795 0.0490821 0
    outer loop
      vertex 6.5 3.5 15.8
      vertex 6.48555 3.79405 3.8
      vertex 6.48555 3.79405 15.8
    endloop
  endfacet
  facet normal 0.998795 0.0490821 0
    outer loop
      vertex 6.48555 3.79405 3.8
      vertex 6.5 3.5 15.8
      vertex 6.5 3.5 3.8
    endloop
  endfacet
  facet normal 0.903983 0.427569 0
    outer loop
      vertex 6.27164 4.64805 15.8
      vertex 6.14576 4.91419 3.8
      vertex 6.14576 4.91419 15.8
    endloop
  endfacet
  facet normal 0.903983 0.427569 0
    outer loop
      vertex 6.14576 4.91419 3.8
      vertex 6.27164 4.64805 15.8
      vertex 6.27164 4.64805 3.8
    endloop
  endfacet
  facet normal -0.671558 0.740952 0
    outer loop
      vertex 1.59682 5.81903 3.8
      vertex 1.37868 5.62132 15.8
      vertex 1.59682 5.81903 15.8
    endloop
  endfacet
  facet normal -0.671558 0.740952 0
    outer loop
      vertex 1.37868 5.62132 15.8
      vertex 1.59682 5.81903 3.8
      vertex 1.37868 5.62132 3.8
    endloop
  endfacet
  facet normal 0.595703 -0.803204 0
    outer loop
      vertex 5.16671 1.00559 3.8
      vertex 5.40318 1.18097 15.8
      vertex 5.16671 1.00559 15.8
    endloop
  endfacet
  facet normal 0.595703 -0.803204 0
    outer loop
      vertex 5.40318 1.18097 15.8
      vertex 5.16671 1.00559 3.8
      vertex 5.40318 1.18097 3.8
    endloop
  endfacet
  facet normal -0.514091 0.857736 0
    outer loop
      vertex 2.08581 6.14576 3.8
      vertex 1.83329 5.99441 15.8
      vertex 2.08581 6.14576 15.8
    endloop
  endfacet
  facet normal -0.514091 0.857736 0
    outer loop
      vertex 1.83329 5.99441 15.8
      vertex 2.08581 6.14576 3.8
      vertex 1.83329 5.99441 3.8
    endloop
  endfacet
  facet normal 0.514099 -0.857731 0
    outer loop
      vertex 4.91419 0.854237 3.8
      vertex 5.16671 1.00559 15.8
      vertex 4.91419 0.854237 15.8
    endloop
  endfacet
  facet normal 0.514099 -0.857731 0
    outer loop
      vertex 5.16671 1.00559 15.8
      vertex 4.91419 0.854237 3.8
      vertex 5.16671 1.00559 3.8
    endloop
  endfacet
  facet normal 0.146703 0.989181 -0
    outer loop
      vertex 4.08527 6.44236 3.8
      vertex 3.79405 6.48555 15.8
      vertex 4.08527 6.44236 15.8
    endloop
  endfacet
  facet normal 0.146703 0.989181 0
    outer loop
      vertex 3.79405 6.48555 15.8
      vertex 4.08527 6.44236 3.8
      vertex 3.79405 6.48555 3.8
    endloop
  endfacet
  facet normal 0.941548 -0.336879 0
    outer loop
      vertex 6.27164 2.35195 15.8
      vertex 6.37082 2.62915 3.8
      vertex 6.37082 2.62915 15.8
    endloop
  endfacet
  facet normal 0.941548 -0.336879 0
    outer loop
      vertex 6.37082 2.62915 3.8
      vertex 6.27164 2.35195 15.8
      vertex 6.27164 2.35195 3.8
    endloop
  endfacet
  facet normal 0.857736 0.514091 0
    outer loop
      vertex 6.14576 4.91419 15.8
      vertex 5.99441 5.16671 3.8
      vertex 5.99441 5.16671 15.8
    endloop
  endfacet
  facet normal 0.857736 0.514091 0
    outer loop
      vertex 5.99441 5.16671 3.8
      vertex 6.14576 4.91419 15.8
      vertex 6.14576 4.91419 3.8
    endloop
  endfacet
  facet normal -0.998796 0.0490651 0
    outer loop
      vertex 0.5 3.5 3.8
      vertex 0.514445 3.79405 15.8
      vertex 0.514445 3.79405 3.8
    endloop
  endfacet
  facet normal -0.998796 0.0490651 0
    outer loop
      vertex 0.514445 3.79405 15.8
      vertex 0.5 3.5 3.8
      vertex 0.5 3.5 15.8
    endloop
  endfacet
  facet normal 0.941548 0.336879 0
    outer loop
      vertex 6.37082 4.37085 15.8
      vertex 6.27164 4.64805 3.8
      vertex 6.27164 4.64805 15.8
    endloop
  endfacet
  facet normal 0.941548 0.336879 0
    outer loop
      vertex 6.27164 4.64805 3.8
      vertex 6.37082 4.37085 15.8
      vertex 6.37082 4.37085 3.8
    endloop
  endfacet
  facet normal 0.740952 -0.671558 0
    outer loop
      vertex 5.62132 1.37868 15.8
      vertex 5.81903 1.59682 3.8
      vertex 5.81903 1.59682 15.8
    endloop
  endfacet
  facet normal 0.740952 -0.671558 0
    outer loop
      vertex 5.81903 1.59682 3.8
      vertex 5.62132 1.37868 15.8
      vertex 5.62132 1.37868 3.8
    endloop
  endfacet
  facet normal 0.0490685 -0.998795 0
    outer loop
      vertex 3.5 0.5 3.8
      vertex 3.79405 0.514446 15.8
      vertex 3.5 0.5 15.8
    endloop
  endfacet
  facet normal 0.0490685 -0.998795 0
    outer loop
      vertex 3.79405 0.514446 15.8
      vertex 3.5 0.5 3.8
      vertex 3.79405 0.514446 3.8
    endloop
  endfacet
  facet normal 0.903983 -0.427569 0
    outer loop
      vertex 6.14576 2.08581 15.8
      vertex 6.27164 2.35195 3.8
      vertex 6.27164 2.35195 15.8
    endloop
  endfacet
  facet normal 0.903983 -0.427569 0
    outer loop
      vertex 6.27164 2.35195 3.8
      vertex 6.14576 2.08581 15.8
      vertex 6.14576 2.08581 3.8
    endloop
  endfacet
  facet normal -0.146703 0.989181 0
    outer loop
      vertex 3.20595 6.48555 3.8
      vertex 2.91473 6.44236 15.8
      vertex 3.20595 6.48555 15.8
    endloop
  endfacet
  facet normal -0.146703 0.989181 0
    outer loop
      vertex 2.91473 6.44236 15.8
      vertex 3.20595 6.48555 3.8
      vertex 2.91473 6.44236 3.8
    endloop
  endfacet
  facet normal 0.671558 0.740952 -0
    outer loop
      vertex 5.62132 5.62132 3.8
      vertex 5.40318 5.81903 15.8
      vertex 5.62132 5.62132 15.8
    endloop
  endfacet
  facet normal 0.671558 0.740952 0
    outer loop
      vertex 5.40318 5.81903 15.8
      vertex 5.62132 5.62132 3.8
      vertex 5.40318 5.81903 3.8
    endloop
  endfacet
  facet normal 0.857736 -0.514091 0
    outer loop
      vertex 5.99441 1.83329 15.8
      vertex 6.14576 2.08581 3.8
      vertex 6.14576 2.08581 15.8
    endloop
  endfacet
  facet normal 0.857736 -0.514091 0
    outer loop
      vertex 6.14576 2.08581 3.8
      vertex 5.99441 1.83329 15.8
      vertex 5.99441 1.83329 3.8
    endloop
  endfacet
  facet normal -0.0490821 0.998795 0
    outer loop
      vertex 3.5 6.5 3.8
      vertex 3.20595 6.48555 15.8
      vertex 3.5 6.5 15.8
    endloop
  endfacet
  facet normal -0.0490821 0.998795 0
    outer loop
      vertex 3.20595 6.48555 15.8
      vertex 3.5 6.5 3.8
      vertex 3.20595 6.48555 3.8
    endloop
  endfacet
  facet normal -0.740952 -0.671558 0
    outer loop
      vertex 1.37868 1.37868 3.8
      vertex 1.18097 1.59682 15.8
      vertex 1.18097 1.59682 3.8
    endloop
  endfacet
  facet normal -0.740952 -0.671558 0
    outer loop
      vertex 1.18097 1.59682 15.8
      vertex 1.37868 1.37868 3.8
      vertex 1.37868 1.37868 15.8
    endloop
  endfacet
  facet normal -0.146732 -0.989176 0
    outer loop
      vertex 2.91473 0.557645 3.8
      vertex 3.20595 0.514446 15.8
      vertex 2.91473 0.557645 15.8
    endloop
  endfacet
  facet normal -0.146732 -0.989176 -0
    outer loop
      vertex 3.20595 0.514446 15.8
      vertex 2.91473 0.557645 3.8
      vertex 3.20595 0.514446 3.8
    endloop
  endfacet
  facet normal -0.903989 -0.427556 0
    outer loop
      vertex 0.854236 2.08581 3.8
      vertex 0.728361 2.35195 15.8
      vertex 0.728361 2.35195 3.8
    endloop
  endfacet
  facet normal -0.903989 -0.427556 0
    outer loop
      vertex 0.728361 2.35195 15.8
      vertex 0.854236 2.08581 3.8
      vertex 0.854236 2.08581 15.8
    endloop
  endfacet
  facet normal -0.970031 -0.24298 0
    outer loop
      vertex 0.629178 2.62915 3.8
      vertex 0.557644 2.91473 15.8
      vertex 0.557644 2.91473 3.8
    endloop
  endfacet
  facet normal -0.970031 -0.24298 0
    outer loop
      vertex 0.557644 2.91473 15.8
      vertex 0.629178 2.62915 3.8
      vertex 0.629178 2.62915 15.8
    endloop
  endfacet
  facet normal 0.24298 -0.970031 0
    outer loop
      vertex 4.08527 0.557645 3.8
      vertex 4.37085 0.629179 15.8
      vertex 4.08527 0.557645 15.8
    endloop
  endfacet
  facet normal 0.24298 -0.970031 0
    outer loop
      vertex 4.37085 0.629179 15.8
      vertex 4.08527 0.557645 3.8
      vertex 4.37085 0.629179 3.8
    endloop
  endfacet
  facet normal -0.970031 0.24298 0
    outer loop
      vertex 0.557644 4.08527 3.8
      vertex 0.629178 4.37085 15.8
      vertex 0.629178 4.37085 3.8
    endloop
  endfacet
  facet normal -0.970031 0.24298 0
    outer loop
      vertex 0.629178 4.37085 15.8
      vertex 0.557644 4.08527 3.8
      vertex 0.557644 4.08527 15.8
    endloop
  endfacet
  facet normal -0.427569 0.903983 0
    outer loop
      vertex 2.35195 6.27164 3.8
      vertex 2.08581 6.14576 15.8
      vertex 2.35195 6.27164 15.8
    endloop
  endfacet
  facet normal -0.427569 0.903983 0
    outer loop
      vertex 2.08581 6.14576 15.8
      vertex 2.35195 6.27164 3.8
      vertex 2.08581 6.14576 3.8
    endloop
  endfacet
  facet normal -0.740952 0.671558 0
    outer loop
      vertex 1.18097 5.40318 3.8
      vertex 1.37868 5.62132 15.8
      vertex 1.37868 5.62132 3.8
    endloop
  endfacet
  facet normal -0.740952 0.671558 0
    outer loop
      vertex 1.37868 5.62132 15.8
      vertex 1.18097 5.40318 3.8
      vertex 1.18097 5.40318 15.8
    endloop
  endfacet
  facet normal 0.427569 0.903983 -0
    outer loop
      vertex 4.91419 6.14576 3.8
      vertex 4.64805 6.27164 15.8
      vertex 4.91419 6.14576 15.8
    endloop
  endfacet
  facet normal 0.427569 0.903983 0
    outer loop
      vertex 4.64805 6.27164 15.8
      vertex 4.91419 6.14576 3.8
      vertex 4.64805 6.27164 3.8
    endloop
  endfacet
  facet normal 0.0490821 0.998795 -0
    outer loop
      vertex 3.79405 6.48555 3.8
      vertex 3.5 6.5 15.8
      vertex 3.79405 6.48555 15.8
    endloop
  endfacet
  facet normal 0.0490821 0.998795 0
    outer loop
      vertex 3.5 6.5 15.8
      vertex 3.79405 6.48555 3.8
      vertex 3.5 6.5 3.8
    endloop
  endfacet
  facet normal -0.989176 0.146732 0
    outer loop
      vertex 0.514445 3.79405 3.8
      vertex 0.557644 4.08527 15.8
      vertex 0.557644 4.08527 3.8
    endloop
  endfacet
  facet normal -0.989176 0.146732 0
    outer loop
      vertex 0.557644 4.08527 15.8
      vertex 0.514445 3.79405 3.8
      vertex 0.514445 3.79405 15.8
    endloop
  endfacet
  facet normal 0.595703 0.803204 -0
    outer loop
      vertex 5.40318 5.81903 3.8
      vertex 5.16671 5.99441 15.8
      vertex 5.40318 5.81903 15.8
    endloop
  endfacet
  facet normal 0.595703 0.803204 0
    outer loop
      vertex 5.16671 5.99441 15.8
      vertex 5.40318 5.81903 3.8
      vertex 5.16671 5.99441 3.8
    endloop
  endfacet
  facet normal 0 0 1
    outer loop
      vertex 4.55 3.5 15.8
      vertex 6.5 3.5 15.8
      vertex 6.48555 3.79405 15.8
    endloop
  endfacet
  facet normal 0 0 1
    outer loop
      vertex 4.54494 3.60292 15.8
      vertex 6.48555 3.79405 15.8
      vertex 6.44236 4.08527 15.8
    endloop
  endfacet
  facet normal 0 0 1
    outer loop
      vertex 6.5 3.5 15.8
      vertex 4.55 3.5 15.8
      vertex 6.48555 3.20595 15.8
    endloop
  endfacet
  facet normal 0 0 1
    outer loop
      vertex 4.52982 3.70485 15.8
      vertex 6.44236 4.08527 15.8
      vertex 6.37082 4.37085 15.8
    endloop
  endfacet
  facet normal -0 0 1
    outer loop
      vertex 4.54494 3.39708 15.8
      vertex 6.48555 3.20595 15.8
      vertex 4.55 3.5 15.8
    endloop
  endfacet
  facet normal 0 0 1
    outer loop
      vertex 4.50479 3.8048 15.8
      vertex 6.37082 4.37085 15.8
      vertex 6.27164 4.64805 15.8
    endloop
  endfacet
  facet normal 0 0 1
    outer loop
      vertex 6.48555 3.20595 15.8
      vertex 4.54494 3.39708 15.8
      vertex 6.44236 2.91473 15.8
    endloop
  endfacet
  facet normal 0 0 1
    outer loop
      vertex 4.47007 3.90182 15.8
      vertex 6.27164 4.64805 15.8
      vertex 6.14576 4.91419 15.8
    endloop
  endfacet
  facet normal -0 0 1
    outer loop
      vertex 4.52982 3.29516 15.8
      vertex 6.44236 2.91473 15.8
      vertex 4.54494 3.39708 15.8
    endloop
  endfacet
  facet normal 0 0 1
    outer loop
      vertex 4.42602 3.99497 15.8
      vertex 6.14576 4.91419 15.8
      vertex 5.99441 5.16671 15.8
    endloop
  endfacet
  facet normal 0 0 1
    outer loop
      vertex 6.44236 2.91473 15.8
      vertex 4.52982 3.29516 15.8
      vertex 6.37082 2.62915 15.8
    endloop
  endfacet
  facet normal 0 0 1
    outer loop
      vertex 4.37304 4.08335 15.8
      vertex 5.99441 5.16671 15.8
      vertex 5.81903 5.40318 15.8
    endloop
  endfacet
  facet normal -0 0 1
    outer loop
      vertex 4.50479 3.1952 15.8
      vertex 6.37082 2.62915 15.8
      vertex 4.52982 3.29516 15.8
    endloop
  endfacet
  facet normal 0 0 1
    outer loop
      vertex 4.31166 4.16611 15.8
      vertex 5.81903 5.40318 15.8
      vertex 5.62132 5.62132 15.8
    endloop
  endfacet
  facet normal 0 0 1
    outer loop
      vertex 6.37082 2.62915 15.8
      vertex 4.50479 3.1952 15.8
      vertex 6.27164 2.35195 15.8
    endloop
  endfacet
  facet normal 0 0 1
    outer loop
      vertex 4.24246 4.24246 15.8
      vertex 5.62132 5.62132 15.8
      vertex 5.40318 5.81903 15.8
    endloop
  endfacet
  facet normal -0 0 1
    outer loop
      vertex 4.47007 3.09818 15.8
      vertex 6.27164 2.35195 15.8
      vertex 4.50479 3.1952 15.8
    endloop
  endfacet
  facet normal 0 0 1
    outer loop
      vertex 4.16611 4.31166 15.8
      vertex 5.40318 5.81903 15.8
      vertex 5.16671 5.99441 15.8
    endloop
  endfacet
  facet normal 0 0 1
    outer loop
      vertex 6.27164 2.35195 15.8
      vertex 4.47007 3.09818 15.8
      vertex 6.14576 2.08581 15.8
    endloop
  endfacet
  facet normal 0 0 1
    outer loop
      vertex 4.08335 4.37304 15.8
      vertex 5.16671 5.99441 15.8
      vertex 4.91419 6.14576 15.8
    endloop
  endfacet
  facet normal -0 0 1
    outer loop
      vertex 4.42602 3.00503 15.8
      vertex 6.14576 2.08581 15.8
      vertex 4.47007 3.09818 15.8
    endloop
  endfacet
  facet normal 0 0 1
    outer loop
      vertex 3.99497 4.42602 15.8
      vertex 4.91419 6.14576 15.8
      vertex 4.64805 6.27164 15.8
    endloop
  endfacet
  facet normal 0 0 1
    outer loop
      vertex 6.14576 2.08581 15.8
      vertex 4.42602 3.00503 15.8
      vertex 5.99441 1.83329 15.8
    endloop
  endfacet
  facet normal -0 0 1
    outer loop
      vertex 4.37304 2.91665 15.8
      vertex 5.99441 1.83329 15.8
      vertex 4.42602 3.00503 15.8
    endloop
  endfacet
  facet normal 0 0 1
    outer loop
      vertex 6.48555 3.79405 15.8
      vertex 4.54494 3.60292 15.8
      vertex 4.55 3.5 15.8
    endloop
  endfacet
  facet normal 0 0 1
    outer loop
      vertex 6.44236 4.08527 15.8
      vertex 4.52982 3.70485 15.8
      vertex 4.54494 3.60292 15.8
    endloop
  endfacet
  facet normal 0 0 1
    outer loop
      vertex 6.37082 4.37085 15.8
      vertex 4.50479 3.8048 15.8
      vertex 4.52982 3.70485 15.8
    endloop
  endfacet
  facet normal 0 0 1
    outer loop
      vertex 6.27164 4.64805 15.8
      vertex 4.47007 3.90182 15.8
      vertex 4.50479 3.8048 15.8
    endloop
  endfacet
  facet normal 0 0 1
    outer loop
      vertex 6.14576 4.91419 15.8
      vertex 4.42602 3.99497 15.8
      vertex 4.47007 3.90182 15.8
    endloop
  endfacet
  facet normal 0 0 1
    outer loop
      vertex 5.99441 5.16671 15.8
      vertex 4.37304 4.08335 15.8
      vertex 4.42602 3.99497 15.8
    endloop
  endfacet
  facet normal 0 0 1
    outer loop
      vertex 3.90182 4.47007 15.8
      vertex 4.64805 6.27164 15.8
      vertex 4.37085 6.37082 15.8
    endloop
  endfacet
  facet normal 0 0 1
    outer loop
      vertex 5.81903 5.40318 15.8
      vertex 4.31166 4.16611 15.8
      vertex 4.37304 4.08335 15.8
    endloop
  endfacet
  facet normal 0 0 1
    outer loop
      vertex 5.62132 5.62132 15.8
      vertex 4.24246 4.24246 15.8
      vertex 4.31166 4.16611 15.8
    endloop
  endfacet
  facet normal 0 0 1
    outer loop
      vertex 5.40318 5.81903 15.8
      vertex 4.16611 4.31166 15.8
      vertex 4.24246 4.24246 15.8
    endloop
  endfacet
  facet normal 0 0 1
    outer loop
      vertex 3.8048 4.50479 15.8
      vertex 4.37085 6.37082 15.8
      vertex 4.08527 6.44236 15.8
    endloop
  endfacet
  facet normal 0 0 1
    outer loop
      vertex 5.16671 5.99441 15.8
      vertex 4.08335 4.37304 15.8
      vertex 4.16611 4.31166 15.8
    endloop
  endfacet
  facet normal 0 0 1
    outer loop
      vertex 4.91419 6.14576 15.8
      vertex 3.99497 4.42602 15.8
      vertex 4.08335 4.37304 15.8
    endloop
  endfacet
  facet normal 0 0 1
    outer loop
      vertex 4.64805 6.27164 15.8
      vertex 3.90182 4.47007 15.8
      vertex 3.99497 4.42602 15.8
    endloop
  endfacet
  facet normal 0 0 1
    outer loop
      vertex 4.37085 6.37082 15.8
      vertex 3.8048 4.50479 15.8
      vertex 3.90182 4.47007 15.8
    endloop
  endfacet
  facet normal 0 0 1
    outer loop
      vertex 3.70484 4.52983 15.8
      vertex 4.08527 6.44236 15.8
      vertex 3.79405 6.48555 15.8
    endloop
  endfacet
  facet normal 0 0 1
    outer loop
      vertex 4.08527 6.44236 15.8
      vertex 3.70484 4.52983 15.8
      vertex 3.8048 4.50479 15.8
    endloop
  endfacet
  facet normal 0 0 1
    outer loop
      vertex 3.79405 6.48555 15.8
      vertex 3.60292 4.54494 15.8
      vertex 3.70484 4.52983 15.8
    endloop
  endfacet
  facet normal 0 0 1
    outer loop
      vertex 3.5 6.5 15.8
      vertex 3.60292 4.54494 15.8
      vertex 3.79405 6.48555 15.8
    endloop
  endfacet
  facet normal 0 0 1
    outer loop
      vertex 3.5 6.5 15.8
      vertex 3.5 4.55 15.8
      vertex 3.60292 4.54494 15.8
    endloop
  endfacet
  facet normal 0 0 1
    outer loop
      vertex 3.5 6.5 15.8
      vertex 3.39708 4.54494 15.8
      vertex 3.5 4.55 15.8
    endloop
  endfacet
  facet normal -0 0 1
    outer loop
      vertex 3.20595 6.48555 15.8
      vertex 3.39708 4.54494 15.8
      vertex 3.5 6.5 15.8
    endloop
  endfacet
  facet normal 0 0 1
    outer loop
      vertex 3.39708 4.54494 15.8
      vertex 3.20595 6.48555 15.8
      vertex 3.29515 4.52983 15.8
    endloop
  endfacet
  facet normal -0 0 1
    outer loop
      vertex 2.91473 6.44236 15.8
      vertex 3.29515 4.52983 15.8
      vertex 3.20595 6.48555 15.8
    endloop
  endfacet
  facet normal 0 0 1
    outer loop
      vertex 3.29515 4.52983 15.8
      vertex 2.91473 6.44236 15.8
      vertex 3.1952 4.50479 15.8
    endloop
  endfacet
  facet normal -0 0 1
    outer loop
      vertex 2.62915 6.37082 15.8
      vertex 3.1952 4.50479 15.8
      vertex 2.91473 6.44236 15.8
    endloop
  endfacet
  facet normal 0 0 1
    outer loop
      vertex 3.1952 4.50479 15.8
      vertex 2.62915 6.37082 15.8
      vertex 3.09818 4.47007 15.8
    endloop
  endfacet
  facet normal -0 0 1
    outer loop
      vertex 2.35195 6.27164 15.8
      vertex 3.09818 4.47007 15.8
      vertex 2.62915 6.37082 15.8
    endloop
  endfacet
  facet normal 0 0 1
    outer loop
      vertex 3.09818 4.47007 15.8
      vertex 2.35195 6.27164 15.8
      vertex 3.00503 4.42602 15.8
    endloop
  endfacet
  facet normal -0 0 1
    outer loop
      vertex 2.08581 6.14576 15.8
      vertex 3.00503 4.42602 15.8
      vertex 2.35195 6.27164 15.8
    endloop
  endfacet
  facet normal 0 0 1
    outer loop
      vertex 3.00503 4.42602 15.8
      vertex 2.08581 6.14576 15.8
      vertex 2.91665 4.37304 15.8
    endloop
  endfacet
  facet normal -0 0 1
    outer loop
      vertex 1.83329 5.99441 15.8
      vertex 2.91665 4.37304 15.8
      vertex 2.08581 6.14576 15.8
    endloop
  endfacet
  facet normal 0 0 1
    outer loop
      vertex 2.91665 4.37304 15.8
      vertex 1.83329 5.99441 15.8
      vertex 2.83389 4.31166 15.8
    endloop
  endfacet
  facet normal -0 0 1
    outer loop
      vertex 1.59682 5.81903 15.8
      vertex 2.83389 4.31166 15.8
      vertex 1.83329 5.99441 15.8
    endloop
  endfacet
  facet normal 0 0 1
    outer loop
      vertex 2.83389 4.31166 15.8
      vertex 1.59682 5.81903 15.8
      vertex 2.75754 4.24246 15.8
    endloop
  endfacet
  facet normal -0 0 1
    outer loop
      vertex 1.37868 5.62132 15.8
      vertex 2.75754 4.24246 15.8
      vertex 1.59682 5.81903 15.8
    endloop
  endfacet
  facet normal 0 0 1
    outer loop
      vertex 2.75754 4.24246 15.8
      vertex 1.37868 5.62132 15.8
      vertex 2.68834 4.16611 15.8
    endloop
  endfacet
  facet normal -0 0 1
    outer loop
      vertex 1.18097 5.40318 15.8
      vertex 2.68834 4.16611 15.8
      vertex 1.37868 5.62132 15.8
    endloop
  endfacet
  facet normal -0 0 1
    outer loop
      vertex 1.00559 5.16671 15.8
      vertex 2.62696 4.08335 15.8
      vertex 1.18097 5.40318 15.8
    endloop
  endfacet
  facet normal 0 0 1
    outer loop
      vertex 2.68834 4.16611 15.8
      vertex 1.18097 5.40318 15.8
      vertex 2.62696 4.08335 15.8
    endloop
  endfacet
  facet normal 0 0 1
    outer loop
      vertex 5.99441 1.83329 15.8
      vertex 4.37304 2.91665 15.8
      vertex 5.81903 1.59682 15.8
    endloop
  endfacet
  facet normal -0 0 1
    outer loop
      vertex 4.31166 2.83389 15.8
      vertex 5.81903 1.59682 15.8
      vertex 4.37304 2.91665 15.8
    endloop
  endfacet
  facet normal 0 0 1
    outer loop
      vertex 5.81903 1.59682 15.8
      vertex 4.31166 2.83389 15.8
      vertex 5.62132 1.37868 15.8
    endloop
  endfacet
  facet normal -0 0 1
    outer loop
      vertex 4.24246 2.75754 15.8
      vertex 5.62132 1.37868 15.8
      vertex 4.31166 2.83389 15.8
    endloop
  endfacet
  facet normal 0 0 1
    outer loop
      vertex 5.62132 1.37868 15.8
      vertex 4.24246 2.75754 15.8
      vertex 5.40318 1.18097 15.8
    endloop
  endfacet
  facet normal -0 0 1
    outer loop
      vertex 4.16611 2.68834 15.8
      vertex 5.40318 1.18097 15.8
      vertex 4.24246 2.75754 15.8
    endloop
  endfacet
  facet normal 0 0 1
    outer loop
      vertex 5.40318 1.18097 15.8
      vertex 4.16611 2.68834 15.8
      vertex 5.16671 1.00559 15.8
    endloop
  endfacet
  facet normal -0 0 1
    outer loop
      vertex 4.08335 2.62696 15.8
      vertex 5.16671 1.00559 15.8
      vertex 4.16611 2.68834 15.8
    endloop
  endfacet
  facet normal 0 0 1
    outer loop
      vertex 5.16671 1.00559 15.8
      vertex 4.08335 2.62696 15.8
      vertex 4.91419 0.854237 15.8
    endloop
  endfacet
  facet normal -0 0 1
    outer loop
      vertex 3.99497 2.57398 15.8
      vertex 4.91419 0.854237 15.8
      vertex 4.08335 2.62696 15.8
    endloop
  endfacet
  facet normal 0 0 1
    outer loop
      vertex 4.91419 0.854237 15.8
      vertex 3.99497 2.57398 15.8
      vertex 4.64805 0.728362 15.8
    endloop
  endfacet
  facet normal -0 0 1
    outer loop
      vertex 3.90182 2.52993 15.8
      vertex 4.64805 0.728362 15.8
      vertex 3.99497 2.57398 15.8
    endloop
  endfacet
  facet normal 0 0 1
    outer loop
      vertex 4.64805 0.728362 15.8
      vertex 3.90182 2.52993 15.8
      vertex 4.37085 0.629179 15.8
    endloop
  endfacet
  facet normal -0 0 1
    outer loop
      vertex 3.8048 2.49521 15.8
      vertex 4.37085 0.629179 15.8
      vertex 3.90182 2.52993 15.8
    endloop
  endfacet
  facet normal 0 0 1
    outer loop
      vertex 4.37085 0.629179 15.8
      vertex 3.8048 2.49521 15.8
      vertex 4.08527 0.557645 15.8
    endloop
  endfacet
  facet normal -0 0 1
    outer loop
      vertex 3.70484 2.47018 15.8
      vertex 4.08527 0.557645 15.8
      vertex 3.8048 2.49521 15.8
    endloop
  endfacet
  facet normal 0 0 1
    outer loop
      vertex 4.08527 0.557645 15.8
      vertex 3.70484 2.47018 15.8
      vertex 3.79405 0.514446 15.8
    endloop
  endfacet
  facet normal -0 0 1
    outer loop
      vertex 3.60292 2.45506 15.8
      vertex 3.79405 0.514446 15.8
      vertex 3.70484 2.47018 15.8
    endloop
  endfacet
  facet normal -0 0 1
    outer loop
      vertex 3.5 2.45 15.8
      vertex 3.79405 0.514446 15.8
      vertex 3.60292 2.45506 15.8
    endloop
  endfacet
  facet normal 0 0 1
    outer loop
      vertex 3.5 2.45 15.8
      vertex 3.5 0.5 15.8
      vertex 3.79405 0.514446 15.8
    endloop
  endfacet
  facet normal 0 0 1
    outer loop
      vertex 3.39708 2.45506 15.8
      vertex 3.5 0.5 15.8
      vertex 3.5 2.45 15.8
    endloop
  endfacet
  facet normal 0 0 1
    outer loop
      vertex 3.20595 0.514446 15.8
      vertex 3.39708 2.45506 15.8
      vertex 3.29515 2.47018 15.8
    endloop
  endfacet
  facet normal 0 0 1
    outer loop
      vertex 3.39708 2.45506 15.8
      vertex 3.20595 0.514446 15.8
      vertex 3.5 0.5 15.8
    endloop
  endfacet
  facet normal 0 0 1
    outer loop
      vertex 2.91473 0.557645 15.8
      vertex 3.29515 2.47018 15.8
      vertex 3.1952 2.49521 15.8
    endloop
  endfacet
  facet normal 0 0 1
    outer loop
      vertex 2.62915 0.629179 15.8
      vertex 3.1952 2.49521 15.8
      vertex 3.09818 2.52993 15.8
    endloop
  endfacet
  facet normal 0 0 1
    outer loop
      vertex 2.35195 0.728362 15.8
      vertex 3.09818 2.52993 15.8
      vertex 3.00503 2.57398 15.8
    endloop
  endfacet
  facet normal 0 0 1
    outer loop
      vertex 2.08581 0.854237 15.8
      vertex 3.00503 2.57398 15.8
      vertex 2.91665 2.62696 15.8
    endloop
  endfacet
  facet normal 0 0 1
    outer loop
      vertex 3.29515 2.47018 15.8
      vertex 2.91473 0.557645 15.8
      vertex 3.20595 0.514446 15.8
    endloop
  endfacet
  facet normal 0 0 1
    outer loop
      vertex 1.83329 1.00559 15.8
      vertex 2.91665 2.62696 15.8
      vertex 2.83389 2.68834 15.8
    endloop
  endfacet
  facet normal 0 0 1
    outer loop
      vertex 1.59682 1.18097 15.8
      vertex 2.83389 2.68834 15.8
      vertex 2.75754 2.75754 15.8
    endloop
  endfacet
  facet normal 0 0 1
    outer loop
      vertex 1.37868 1.37868 15.8
      vertex 2.75754 2.75754 15.8
      vertex 2.68834 2.83389 15.8
    endloop
  endfacet
  facet normal 0 0 1
    outer loop
      vertex 3.1952 2.49521 15.8
      vertex 2.62915 0.629179 15.8
      vertex 2.91473 0.557645 15.8
    endloop
  endfacet
  facet normal 0 0 1
    outer loop
      vertex 1.18097 1.59682 15.8
      vertex 2.68834 2.83389 15.8
      vertex 2.62696 2.91665 15.8
    endloop
  endfacet
  facet normal 0 0 1
    outer loop
      vertex 1.00559 1.83329 15.8
      vertex 2.62696 2.91665 15.8
      vertex 2.57398 3.00503 15.8
    endloop
  endfacet
  facet normal 0 0 1
    outer loop
      vertex 0.854236 2.08581 15.8
      vertex 2.57398 3.00503 15.8
      vertex 2.52993 3.09818 15.8
    endloop
  endfacet
  facet normal 0 0 1
    outer loop
      vertex 0.728361 2.35195 15.8
      vertex 2.52993 3.09818 15.8
      vertex 2.49521 3.1952 15.8
    endloop
  endfacet
  facet normal 0 0 1
    outer loop
      vertex 0.629178 2.62915 15.8
      vertex 2.49521 3.1952 15.8
      vertex 2.47017 3.29516 15.8
    endloop
  endfacet
  facet normal 0 0 1
    outer loop
      vertex 0.557644 2.91473 15.8
      vertex 2.47017 3.29516 15.8
      vertex 2.45506 3.39708 15.8
    endloop
  endfacet
  facet normal 0 0 1
    outer loop
      vertex 3.09818 2.52993 15.8
      vertex 2.35195 0.728362 15.8
      vertex 2.62915 0.629179 15.8
    endloop
  endfacet
  facet normal 0 0 1
    outer loop
      vertex 0.514445 3.20595 15.8
      vertex 2.45506 3.39708 15.8
      vertex 2.45 3.5 15.8
    endloop
  endfacet
  facet normal 0 0 1
    outer loop
      vertex 2.62696 4.08335 15.8
      vertex 1.00559 5.16671 15.8
      vertex 2.57398 3.99497 15.8
    endloop
  endfacet
  facet normal -0 0 1
    outer loop
      vertex 0.854236 4.91419 15.8
      vertex 2.57398 3.99497 15.8
      vertex 1.00559 5.16671 15.8
    endloop
  endfacet
  facet normal 0 0 1
    outer loop
      vertex 3.00503 2.57398 15.8
      vertex 2.08581 0.854237 15.8
      vertex 2.35195 0.728362 15.8
    endloop
  endfacet
  facet normal 0 0 1
    outer loop
      vertex 2.57398 3.99497 15.8
      vertex 0.854236 4.91419 15.8
      vertex 2.52993 3.90182 15.8
    endloop
  endfacet
  facet normal 0 0 1
    outer loop
      vertex 2.91665 2.62696 15.8
      vertex 1.83329 1.00559 15.8
      vertex 2.08581 0.854237 15.8
    endloop
  endfacet
  facet normal -0 0 1
    outer loop
      vertex 0.728361 4.64805 15.8
      vertex 2.52993 3.90182 15.8
      vertex 0.854236 4.91419 15.8
    endloop
  endfacet
  facet normal 0 0 1
    outer loop
      vertex 2.83389 2.68834 15.8
      vertex 1.59682 1.18097 15.8
      vertex 1.83329 1.00559 15.8
    endloop
  endfacet
  facet normal 0 0 1
    outer loop
      vertex 2.52993 3.90182 15.8
      vertex 0.728361 4.64805 15.8
      vertex 2.49521 3.8048 15.8
    endloop
  endfacet
  facet normal 0 0 1
    outer loop
      vertex 2.75754 2.75754 15.8
      vertex 1.37868 1.37868 15.8
      vertex 1.59682 1.18097 15.8
    endloop
  endfacet
  facet normal -0 0 1
    outer loop
      vertex 0.629178 4.37085 15.8
      vertex 2.49521 3.8048 15.8
      vertex 0.728361 4.64805 15.8
    endloop
  endfacet
  facet normal 0 0 1
    outer loop
      vertex 2.68834 2.83389 15.8
      vertex 1.18097 1.59682 15.8
      vertex 1.37868 1.37868 15.8
    endloop
  endfacet
  facet normal 0 0 1
    outer loop
      vertex 2.49521 3.8048 15.8
      vertex 0.629178 4.37085 15.8
      vertex 2.47017 3.70485 15.8
    endloop
  endfacet
  facet normal 0 0 1
    outer loop
      vertex 2.62696 2.91665 15.8
      vertex 1.00559 1.83329 15.8
      vertex 1.18097 1.59682 15.8
    endloop
  endfacet
  facet normal -0 0 1
    outer loop
      vertex 0.557644 4.08527 15.8
      vertex 2.47017 3.70485 15.8
      vertex 0.629178 4.37085 15.8
    endloop
  endfacet
  facet normal 0 0 1
    outer loop
      vertex 2.57398 3.00503 15.8
      vertex 0.854236 2.08581 15.8
      vertex 1.00559 1.83329 15.8
    endloop
  endfacet
  facet normal 0 0 1
    outer loop
      vertex 2.47017 3.70485 15.8
      vertex 0.557644 4.08527 15.8
      vertex 2.45506 3.60292 15.8
    endloop
  endfacet
  facet normal 0 0 1
    outer loop
      vertex 2.52993 3.09818 15.8
      vertex 0.728361 2.35195 15.8
      vertex 0.854236 2.08581 15.8
    endloop
  endfacet
  facet normal -0 0 1
    outer loop
      vertex 0.514445 3.79405 15.8
      vertex 2.45506 3.60292 15.8
      vertex 0.557644 4.08527 15.8
    endloop
  endfacet
  facet normal 0 0 1
    outer loop
      vertex 2.49521 3.1952 15.8
      vertex 0.629178 2.62915 15.8
      vertex 0.728361 2.35195 15.8
    endloop
  endfacet
  facet normal 0 0 1
    outer loop
      vertex 2.45506 3.60292 15.8
      vertex 0.514445 3.79405 15.8
      vertex 2.45 3.5 15.8
    endloop
  endfacet
  facet normal 0 0 1
    outer loop
      vertex 2.47017 3.29516 15.8
      vertex 0.557644 2.91473 15.8
      vertex 0.629178 2.62915 15.8
    endloop
  endfacet
  facet normal 0 0 1
    outer loop
      vertex 0.5 3.5 15.8
      vertex 2.45 3.5 15.8
      vertex 0.514445 3.79405 15.8
    endloop
  endfacet
  facet normal 0 0 1
    outer loop
      vertex 2.45506 3.39708 15.8
      vertex 0.514445 3.20595 15.8
      vertex 0.557644 2.91473 15.8
    endloop
  endfacet
  facet normal 0 0 1
    outer loop
      vertex 2.45 3.5 15.8
      vertex 0.5 3.5 15.8
      vertex 0.514445 3.20595 15.8
    endloop
  endfacet
  facet normal -0.803204 0.595703 0
    outer loop
      vertex 1.00559 5.16671 3.8
      vertex 1.18097 5.40318 15.8
      vertex 1.18097 5.40318 3.8
    endloop
  endfacet
  facet normal -0.803204 0.595703 0
    outer loop
      vertex 1.18097 5.40318 15.8
      vertex 1.00559 5.16671 3.8
      vertex 1.00559 5.16671 15.8
    endloop
  endfacet
  facet normal -0.998796 -0.0490651 0
    outer loop
      vertex 0.514445 3.20595 3.8
      vertex 0.5 3.5 15.8
      vertex 0.5 3.5 3.8
    endloop
  endfacet
  facet normal -0.998796 -0.0490651 0
    outer loop
      vertex 0.5 3.5 15.8
      vertex 0.514445 3.20595 3.8
      vertex 0.514445 3.20595 15.8
    endloop
  endfacet
  facet normal 0.740952 0.671558 0
    outer loop
      vertex 5.81903 5.40318 15.8
      vertex 5.62132 5.62132 3.8
      vertex 5.62132 5.62132 15.8
    endloop
  endfacet
  facet normal 0.740952 0.671558 0
    outer loop
      vertex 5.62132 5.62132 3.8
      vertex 5.81903 5.40318 15.8
      vertex 5.81903 5.40318 3.8
    endloop
  endfacet
  facet normal -0.337047 0.941488 0
    outer loop
      vertex 60.6291 29.3708 3.8
      vertex 60.352 29.2716 15.8
      vertex 60.6291 29.3708 15.8
    endloop
  endfacet
  facet normal -0.337047 0.941488 0
    outer loop
      vertex 60.352 29.2716 15.8
      vertex 60.6291 29.3708 3.8
      vertex 60.352 29.2716 3.8
    endloop
  endfacet
  facet normal 0.989224 -0.146413 0
    outer loop
      vertex 64.4424 25.9147 15.8
      vertex 64.4855 26.2059 3.8
      vertex 64.4855 26.2059 15.8
    endloop
  endfacet
  facet normal 0.989224 -0.146413 0
    outer loop
      vertex 64.4855 26.2059 3.8
      vertex 64.4424 25.9147 15.8
      vertex 64.4424 25.9147 3.8
    endloop
  endfacet
  facet normal 0.998787 -0.0492431 0
    outer loop
      vertex 64.4855 26.2059 15.8
      vertex 64.5 26.5 3.8
      vertex 64.5 26.5 15.8
    endloop
  endfacet
  facet normal 0.998787 -0.0492431 0
    outer loop
      vertex 64.5 26.5 3.8
      vertex 64.4855 26.2059 15.8
      vertex 64.4855 26.2059 3.8
    endloop
  endfacet
  facet normal 0.969982 -0.243175 0
    outer loop
      vertex 64.3708 25.6291 15.8
      vertex 64.4424 25.9147 3.8
      vertex 64.4424 25.9147 15.8
    endloop
  endfacet
  facet normal 0.969982 -0.243175 0
    outer loop
      vertex 64.4424 25.9147 3.8
      vertex 64.3708 25.6291 15.8
      vertex 64.3708 25.6291 3.8
    endloop
  endfacet
  facet normal -0.989174 -0.146746 0
    outer loop
      vertex 58.5576 25.9147 3.8
      vertex 58.5144 26.2059 15.8
      vertex 58.5144 26.2059 3.8
    endloop
  endfacet
  facet normal -0.989174 -0.146746 0
    outer loop
      vertex 58.5144 26.2059 15.8
      vertex 58.5576 25.9147 3.8
      vertex 58.5576 25.9147 15.8
    endloop
  endfacet
  facet normal -0.243175 0.969982 0
    outer loop
      vertex 60.9147 29.4424 3.8
      vertex 60.6291 29.3708 15.8
      vertex 60.9147 29.4424 15.8
    endloop
  endfacet
  facet normal -0.243175 0.969982 0
    outer loop
      vertex 60.6291 29.3708 15.8
      vertex 60.9147 29.4424 3.8
      vertex 60.6291 29.3708 3.8
    endloop
  endfacet
  facet normal 0.337047 -0.941488 0
    outer loop
      vertex 62.3709 23.6292 3.8
      vertex 62.648 23.7284 15.8
      vertex 62.3709 23.6292 15.8
    endloop
  endfacet
  facet normal 0.337047 -0.941488 0
    outer loop
      vertex 62.648 23.7284 15.8
      vertex 62.3709 23.6292 3.8
      vertex 62.648 23.7284 3.8
    endloop
  endfacet
  facet normal -0.514246 -0.857643 0
    outer loop
      vertex 59.8333 24.0056 3.8
      vertex 60.0858 23.8542 15.8
      vertex 59.8333 24.0056 15.8
    endloop
  endfacet
  facet normal -0.514246 -0.857643 -0
    outer loop
      vertex 60.0858 23.8542 15.8
      vertex 59.8333 24.0056 3.8
      vertex 60.0858 23.8542 3.8
    endloop
  endfacet
  facet normal -0.904063 0.4274 0
    outer loop
      vertex 58.7284 27.6481 3.8
      vertex 58.8542 27.9142 15.8
      vertex 58.8542 27.9142 3.8
    endloop
  endfacet
  facet normal -0.904063 0.4274 0
    outer loop
      vertex 58.8542 27.9142 15.8
      vertex 58.7284 27.6481 3.8
      vertex 58.7284 27.6481 15.8
    endloop
  endfacet
  facet normal -0.243175 -0.969982 0
    outer loop
      vertex 60.6291 23.6292 3.8
      vertex 60.9147 23.5576 15.8
      vertex 60.6291 23.6292 15.8
    endloop
  endfacet
  facet normal -0.243175 -0.969982 -0
    outer loop
      vertex 60.9147 23.5576 15.8
      vertex 60.6291 23.6292 3.8
      vertex 60.9147 23.5576 3.8
    endloop
  endfacet
  facet normal -0.857643 0.514246 0
    outer loop
      vertex 58.8542 27.9142 3.8
      vertex 59.0056 28.1667 15.8
      vertex 59.0056 28.1667 3.8
    endloop
  endfacet
  facet normal -0.857643 0.514246 0
    outer loop
      vertex 59.0056 28.1667 15.8
      vertex 58.8542 27.9142 3.8
      vertex 58.8542 27.9142 15.8
    endloop
  endfacet
  facet normal 0.243175 0.969982 -0
    outer loop
      vertex 62.3709 29.3708 3.8
      vertex 62.0853 29.4424 15.8
      vertex 62.3709 29.3708 15.8
    endloop
  endfacet
  facet normal 0.243175 0.969982 0
    outer loop
      vertex 62.0853 29.4424 15.8
      vertex 62.3709 29.3708 3.8
      vertex 62.0853 29.4424 3.8
    endloop
  endfacet
  facet normal -0.595699 0.803208 0
    outer loop
      vertex 59.8333 28.9944 3.8
      vertex 59.5968 28.819 15.8
      vertex 59.8333 28.9944 15.8
    endloop
  endfacet
  facet normal -0.595699 0.803208 0
    outer loop
      vertex 59.5968 28.819 15.8
      vertex 59.8333 28.9944 3.8
      vertex 59.5968 28.819 3.8
    endloop
  endfacet
  facet normal 0.514246 0.857643 -0
    outer loop
      vertex 63.1667 28.9944 3.8
      vertex 62.9142 29.1458 15.8
      vertex 63.1667 28.9944 15.8
    endloop
  endfacet
  facet normal 0.514246 0.857643 0
    outer loop
      vertex 62.9142 29.1458 15.8
      vertex 63.1667 28.9944 3.8
      vertex 62.9142 29.1458 3.8
    endloop
  endfacet
  facet normal 0.803208 0.595699 0
    outer loop
      vertex 63.9944 28.1667 15.8
      vertex 63.819 28.4032 3.8
      vertex 63.819 28.4032 15.8
    endloop
  endfacet
  facet normal 0.803208 0.595699 0
    outer loop
      vertex 63.819 28.4032 3.8
      vertex 63.9944 28.1667 15.8
      vertex 63.9944 28.1667 3.8
    endloop
  endfacet
  facet normal 0.146746 -0.989174 0
    outer loop
      vertex 61.7941 23.5144 3.8
      vertex 62.0853 23.5576 15.8
      vertex 61.7941 23.5144 15.8
    endloop
  endfacet
  facet normal 0.146746 -0.989174 0
    outer loop
      vertex 62.0853 23.5576 15.8
      vertex 61.7941 23.5144 3.8
      vertex 62.0853 23.5576 3.8
    endloop
  endfacet
  facet normal -0.595699 -0.803208 0
    outer loop
      vertex 59.5968 24.181 3.8
      vertex 59.8333 24.0056 15.8
      vertex 59.5968 24.181 15.8
    endloop
  endfacet
  facet normal -0.595699 -0.803208 -0
    outer loop
      vertex 59.8333 24.0056 15.8
      vertex 59.5968 24.181 3.8
      vertex 59.8333 24.0056 3.8
    endloop
  endfacet
  facet normal 0.427269 0.904125 -0
    outer loop
      vertex 62.9142 29.1458 3.8
      vertex 62.648 29.2716 15.8
      vertex 62.9142 29.1458 15.8
    endloop
  endfacet
  facet normal 0.427269 0.904125 0
    outer loop
      vertex 62.648 29.2716 15.8
      vertex 62.9142 29.1458 3.8
      vertex 62.648 29.2716 3.8
    endloop
  endfacet
  facet normal -0.803208 -0.595699 0
    outer loop
      vertex 59.181 24.5968 3.8
      vertex 59.0056 24.8333 15.8
      vertex 59.0056 24.8333 3.8
    endloop
  endfacet
  facet normal -0.803208 -0.595699 0
    outer loop
      vertex 59.0056 24.8333 15.8
      vertex 59.181 24.5968 3.8
      vertex 59.181 24.5968 15.8
    endloop
  endfacet
  facet normal 0.989224 0.146413 0
    outer loop
      vertex 64.4855 26.7941 15.8
      vertex 64.4424 27.0853 3.8
      vertex 64.4424 27.0853 15.8
    endloop
  endfacet
  facet normal 0.989224 0.146413 0
    outer loop
      vertex 64.4424 27.0853 3.8
      vertex 64.4855 26.7941 15.8
      vertex 64.4855 26.7941 3.8
    endloop
  endfacet
  facet normal -0.941527 -0.336939 0
    outer loop
      vertex 58.7284 25.3519 3.8
      vertex 58.6292 25.6291 15.8
      vertex 58.6292 25.6291 3.8
    endloop
  endfacet
  facet normal -0.941527 -0.336939 0
    outer loop
      vertex 58.6292 25.6291 15.8
      vertex 58.7284 25.3519 3.8
      vertex 58.7284 25.3519 15.8
    endloop
  endfacet
  facet normal 0.427269 -0.904125 0
    outer loop
      vertex 62.648 23.7284 3.8
      vertex 62.9142 23.8542 15.8
      vertex 62.648 23.7284 15.8
    endloop
  endfacet
  facet normal 0.427269 -0.904125 0
    outer loop
      vertex 62.9142 23.8542 15.8
      vertex 62.648 23.7284 3.8
      vertex 62.9142 23.8542 3.8
    endloop
  endfacet
  facet normal -0.941527 0.336939 0
    outer loop
      vertex 58.6292 27.3709 3.8
      vertex 58.7284 27.6481 15.8
      vertex 58.7284 27.6481 3.8
    endloop
  endfacet
  facet normal -0.941527 0.336939 0
    outer loop
      vertex 58.7284 27.6481 15.8
      vertex 58.6292 27.3709 3.8
      vertex 58.6292 27.3709 15.8
    endloop
  endfacet
  facet normal 0.969982 0.243175 0
    outer loop
      vertex 64.4424 27.0853 15.8
      vertex 64.3708 27.3709 3.8
      vertex 64.3708 27.3709 15.8
    endloop
  endfacet
  facet normal 0.969982 0.243175 0
    outer loop
      vertex 64.3708 27.3709 3.8
      vertex 64.4424 27.0853 15.8
      vertex 64.4424 27.0853 3.8
    endloop
  endfacet
  facet normal -0.0489044 -0.998803 0
    outer loop
      vertex 61.2059 23.5144 3.8
      vertex 61.5 23.5 15.8
      vertex 61.2059 23.5144 15.8
    endloop
  endfacet
  facet normal -0.0489044 -0.998803 -0
    outer loop
      vertex 61.5 23.5 15.8
      vertex 61.2059 23.5144 3.8
      vertex 61.5 23.5 3.8
    endloop
  endfacet
  facet normal -0.427269 -0.904125 0
    outer loop
      vertex 60.0858 23.8542 3.8
      vertex 60.352 23.7284 15.8
      vertex 60.0858 23.8542 15.8
    endloop
  endfacet
  facet normal -0.427269 -0.904125 -0
    outer loop
      vertex 60.352 23.7284 15.8
      vertex 60.0858 23.8542 3.8
      vertex 60.352 23.7284 3.8
    endloop
  endfacet
  facet normal -0.671607 -0.740908 0
    outer loop
      vertex 59.3787 24.3787 3.8
      vertex 59.5968 24.181 15.8
      vertex 59.3787 24.3787 15.8
    endloop
  endfacet
  facet normal -0.671607 -0.740908 -0
    outer loop
      vertex 59.5968 24.181 15.8
      vertex 59.3787 24.3787 3.8
      vertex 59.5968 24.181 3.8
    endloop
  endfacet
  facet normal 0.337047 0.941488 -0
    outer loop
      vertex 62.648 29.2716 3.8
      vertex 62.3709 29.3708 15.8
      vertex 62.648 29.2716 15.8
    endloop
  endfacet
  facet normal 0.337047 0.941488 0
    outer loop
      vertex 62.3709 29.3708 15.8
      vertex 62.648 29.2716 3.8
      vertex 62.3709 29.3708 3.8
    endloop
  endfacet
  facet normal -0.337047 -0.941488 0
    outer loop
      vertex 60.352 23.7284 3.8
      vertex 60.6291 23.6292 15.8
      vertex 60.352 23.7284 15.8
    endloop
  endfacet
  facet normal -0.337047 -0.941488 -0
    outer loop
      vertex 60.6291 23.6292 15.8
      vertex 60.352 23.7284 3.8
      vertex 60.6291 23.6292 3.8
    endloop
  endfacet
  facet normal 0.803208 -0.595699 0
    outer loop
      vertex 63.819 24.5968 15.8
      vertex 63.9944 24.8333 3.8
      vertex 63.9944 24.8333 15.8
    endloop
  endfacet
  facet normal 0.803208 -0.595699 0
    outer loop
      vertex 63.9944 24.8333 3.8
      vertex 63.819 24.5968 15.8
      vertex 63.819 24.5968 3.8
    endloop
  endfacet
  facet normal -0.857643 -0.514246 0
    outer loop
      vertex 59.0056 24.8333 3.8
      vertex 58.8542 25.0858 15.8
      vertex 58.8542 25.0858 3.8
    endloop
  endfacet
  facet normal -0.857643 -0.514246 0
    outer loop
      vertex 58.8542 25.0858 15.8
      vertex 59.0056 24.8333 3.8
      vertex 59.0056 24.8333 15.8
    endloop
  endfacet
  facet normal 0.998787 0.0492431 0
    outer loop
      vertex 64.5 26.5 15.8
      vertex 64.4855 26.7941 3.8
      vertex 64.4855 26.7941 15.8
    endloop
  endfacet
  facet normal 0.998787 0.0492431 0
    outer loop
      vertex 64.4855 26.7941 3.8
      vertex 64.5 26.5 15.8
      vertex 64.5 26.5 3.8
    endloop
  endfacet
  facet normal 0.904063 0.4274 0
    outer loop
      vertex 64.2716 27.6481 15.8
      vertex 64.1458 27.9142 3.8
      vertex 64.1458 27.9142 15.8
    endloop
  endfacet
  facet normal 0.904063 0.4274 0
    outer loop
      vertex 64.1458 27.9142 3.8
      vertex 64.2716 27.6481 15.8
      vertex 64.2716 27.6481 3.8
    endloop
  endfacet
  facet normal -0.671607 0.740908 0
    outer loop
      vertex 59.5968 28.819 3.8
      vertex 59.3787 28.6213 15.8
      vertex 59.5968 28.819 15.8
    endloop
  endfacet
  facet normal -0.671607 0.740908 0
    outer loop
      vertex 59.3787 28.6213 15.8
      vertex 59.5968 28.819 3.8
      vertex 59.3787 28.6213 3.8
    endloop
  endfacet
  facet normal 0.595699 -0.803208 0
    outer loop
      vertex 63.1667 24.0056 3.8
      vertex 63.4032 24.181 15.8
      vertex 63.1667 24.0056 15.8
    endloop
  endfacet
  facet normal 0.595699 -0.803208 0
    outer loop
      vertex 63.4032 24.181 15.8
      vertex 63.1667 24.0056 3.8
      vertex 63.4032 24.181 3.8
    endloop
  endfacet
  facet normal -0.514246 0.857643 0
    outer loop
      vertex 60.0858 29.1458 3.8
      vertex 59.8333 28.9944 15.8
      vertex 60.0858 29.1458 15.8
    endloop
  endfacet
  facet normal -0.514246 0.857643 0
    outer loop
      vertex 59.8333 28.9944 15.8
      vertex 60.0858 29.1458 3.8
      vertex 59.8333 28.9944 3.8
    endloop
  endfacet
  facet normal 0.514246 -0.857643 0
    outer loop
      vertex 62.9142 23.8542 3.8
      vertex 63.1667 24.0056 15.8
      vertex 62.9142 23.8542 15.8
    endloop
  endfacet
  facet normal 0.514246 -0.857643 0
    outer loop
      vertex 63.1667 24.0056 15.8
      vertex 62.9142 23.8542 3.8
      vertex 63.1667 24.0056 3.8
    endloop
  endfacet
  facet normal 0.146746 0.989174 -0
    outer loop
      vertex 62.0853 29.4424 3.8
      vertex 61.7941 29.4856 15.8
      vertex 62.0853 29.4424 15.8
    endloop
  endfacet
  facet normal 0.146746 0.989174 0
    outer loop
      vertex 61.7941 29.4856 15.8
      vertex 62.0853 29.4424 3.8
      vertex 61.7941 29.4856 3.8
    endloop
  endfacet
  facet normal 0.941527 -0.336939 0
    outer loop
      vertex 64.2716 25.3519 15.8
      vertex 64.3708 25.6291 3.8
      vertex 64.3708 25.6291 15.8
    endloop
  endfacet
  facet normal 0.941527 -0.336939 0
    outer loop
      vertex 64.3708 25.6291 3.8
      vertex 64.2716 25.3519 15.8
      vertex 64.2716 25.3519 3.8
    endloop
  endfacet
  facet normal 0.857643 0.514246 0
    outer loop
      vertex 64.1458 27.9142 15.8
      vertex 63.9944 28.1667 3.8
      vertex 63.9944 28.1667 15.8
    endloop
  endfacet
  facet normal 0.857643 0.514246 0
    outer loop
      vertex 63.9944 28.1667 3.8
      vertex 64.1458 27.9142 15.8
      vertex 64.1458 27.9142 3.8
    endloop
  endfacet
  facet normal -0.998803 0.0489044 0
    outer loop
      vertex 58.5 26.5 3.8
      vertex 58.5144 26.7941 15.8
      vertex 58.5144 26.7941 3.8
    endloop
  endfacet
  facet normal -0.998803 0.0489044 0
    outer loop
      vertex 58.5144 26.7941 15.8
      vertex 58.5 26.5 3.8
      vertex 58.5 26.5 15.8
    endloop
  endfacet
  facet normal 0.941527 0.336939 0
    outer loop
      vertex 64.3708 27.3709 15.8
      vertex 64.2716 27.6481 3.8
      vertex 64.2716 27.6481 15.8
    endloop
  endfacet
  facet normal 0.941527 0.336939 0
    outer loop
      vertex 64.2716 27.6481 3.8
      vertex 64.3708 27.3709 15.8
      vertex 64.3708 27.3709 3.8
    endloop
  endfacet
  facet normal 0.740908 -0.671607 0
    outer loop
      vertex 63.6213 24.3787 15.8
      vertex 63.819 24.5968 3.8
      vertex 63.819 24.5968 15.8
    endloop
  endfacet
  facet normal 0.740908 -0.671607 0
    outer loop
      vertex 63.819 24.5968 3.8
      vertex 63.6213 24.3787 15.8
      vertex 63.6213 24.3787 3.8
    endloop
  endfacet
  facet normal 0.0489044 -0.998803 0
    outer loop
      vertex 61.5 23.5 3.8
      vertex 61.7941 23.5144 15.8
      vertex 61.5 23.5 15.8
    endloop
  endfacet
  facet normal 0.0489044 -0.998803 0
    outer loop
      vertex 61.7941 23.5144 15.8
      vertex 61.5 23.5 3.8
      vertex 61.7941 23.5144 3.8
    endloop
  endfacet
  facet normal 0.904063 -0.4274 0
    outer loop
      vertex 64.1458 25.0858 15.8
      vertex 64.2716 25.3519 3.8
      vertex 64.2716 25.3519 15.8
    endloop
  endfacet
  facet normal 0.904063 -0.4274 0
    outer loop
      vertex 64.2716 25.3519 3.8
      vertex 64.1458 25.0858 15.8
      vertex 64.1458 25.0858 3.8
    endloop
  endfacet
  facet normal -0.146746 0.989174 0
    outer loop
      vertex 61.2059 29.4856 3.8
      vertex 60.9147 29.4424 15.8
      vertex 61.2059 29.4856 15.8
    endloop
  endfacet
  facet normal -0.146746 0.989174 0
    outer loop
      vertex 60.9147 29.4424 15.8
      vertex 61.2059 29.4856 3.8
      vertex 60.9147 29.4424 3.8
    endloop
  endfacet
  facet normal 0.671607 0.740908 -0
    outer loop
      vertex 63.6213 28.6213 3.8
      vertex 63.4032 28.819 15.8
      vertex 63.6213 28.6213 15.8
    endloop
  endfacet
  facet normal 0.671607 0.740908 0
    outer loop
      vertex 63.4032 28.819 15.8
      vertex 63.6213 28.6213 3.8
      vertex 63.4032 28.819 3.8
    endloop
  endfacet
  facet normal 0.857643 -0.514246 0
    outer loop
      vertex 63.9944 24.8333 15.8
      vertex 64.1458 25.0858 3.8
      vertex 64.1458 25.0858 15.8
    endloop
  endfacet
  facet normal 0.857643 -0.514246 0
    outer loop
      vertex 64.1458 25.0858 3.8
      vertex 63.9944 24.8333 15.8
      vertex 63.9944 24.8333 3.8
    endloop
  endfacet
  facet normal -0.0489044 0.998803 0
    outer loop
      vertex 61.5 29.5 3.8
      vertex 61.2059 29.4856 15.8
      vertex 61.5 29.5 15.8
    endloop
  endfacet
  facet normal -0.0489044 0.998803 0
    outer loop
      vertex 61.2059 29.4856 15.8
      vertex 61.5 29.5 3.8
      vertex 61.2059 29.4856 3.8
    endloop
  endfacet
  facet normal -0.740908 -0.671607 0
    outer loop
      vertex 59.3787 24.3787 3.8
      vertex 59.181 24.5968 15.8
      vertex 59.181 24.5968 3.8
    endloop
  endfacet
  facet normal -0.740908 -0.671607 0
    outer loop
      vertex 59.181 24.5968 15.8
      vertex 59.3787 24.3787 3.8
      vertex 59.3787 24.3787 15.8
    endloop
  endfacet
  facet normal 0.671607 -0.740908 0
    outer loop
      vertex 63.4032 24.181 3.8
      vertex 63.6213 24.3787 15.8
      vertex 63.4032 24.181 15.8
    endloop
  endfacet
  facet normal 0.671607 -0.740908 0
    outer loop
      vertex 63.6213 24.3787 15.8
      vertex 63.4032 24.181 3.8
      vertex 63.6213 24.3787 3.8
    endloop
  endfacet
  facet normal -0.146746 -0.989174 0
    outer loop
      vertex 60.9147 23.5576 3.8
      vertex 61.2059 23.5144 15.8
      vertex 60.9147 23.5576 15.8
    endloop
  endfacet
  facet normal -0.146746 -0.989174 -0
    outer loop
      vertex 61.2059 23.5144 15.8
      vertex 60.9147 23.5576 3.8
      vertex 61.2059 23.5144 3.8
    endloop
  endfacet
  facet normal -0.904063 -0.4274 0
    outer loop
      vertex 58.8542 25.0858 3.8
      vertex 58.7284 25.3519 15.8
      vertex 58.7284 25.3519 3.8
    endloop
  endfacet
  facet normal -0.904063 -0.4274 0
    outer loop
      vertex 58.7284 25.3519 15.8
      vertex 58.8542 25.0858 3.8
      vertex 58.8542 25.0858 15.8
    endloop
  endfacet
  facet normal -0.969982 -0.243175 0
    outer loop
      vertex 58.6292 25.6291 3.8
      vertex 58.5576 25.9147 15.8
      vertex 58.5576 25.9147 3.8
    endloop
  endfacet
  facet normal -0.969982 -0.243175 0
    outer loop
      vertex 58.5576 25.9147 15.8
      vertex 58.6292 25.6291 3.8
      vertex 58.6292 25.6291 15.8
    endloop
  endfacet
  facet normal 0.243175 -0.969982 0
    outer loop
      vertex 62.0853 23.5576 3.8
      vertex 62.3709 23.6292 15.8
      vertex 62.0853 23.5576 15.8
    endloop
  endfacet
  facet normal 0.243175 -0.969982 0
    outer loop
      vertex 62.3709 23.6292 15.8
      vertex 62.0853 23.5576 3.8
      vertex 62.3709 23.6292 3.8
    endloop
  endfacet
  facet normal -0.969982 0.243175 0
    outer loop
      vertex 58.5576 27.0853 3.8
      vertex 58.6292 27.3709 15.8
      vertex 58.6292 27.3709 3.8
    endloop
  endfacet
  facet normal -0.969982 0.243175 0
    outer loop
      vertex 58.6292 27.3709 15.8
      vertex 58.5576 27.0853 3.8
      vertex 58.5576 27.0853 15.8
    endloop
  endfacet
  facet normal -0.427269 0.904125 0
    outer loop
      vertex 60.352 29.2716 3.8
      vertex 60.0858 29.1458 15.8
      vertex 60.352 29.2716 15.8
    endloop
  endfacet
  facet normal -0.427269 0.904125 0
    outer loop
      vertex 60.0858 29.1458 15.8
      vertex 60.352 29.2716 3.8
      vertex 60.0858 29.1458 3.8
    endloop
  endfacet
  facet normal -0.740908 0.671607 0
    outer loop
      vertex 59.181 28.4032 3.8
      vertex 59.3787 28.6213 15.8
      vertex 59.3787 28.6213 3.8
    endloop
  endfacet
  facet normal -0.740908 0.671607 0
    outer loop
      vertex 59.3787 28.6213 15.8
      vertex 59.181 28.4032 3.8
      vertex 59.181 28.4032 15.8
    endloop
  endfacet
  facet normal 0.0489044 0.998803 -0
    outer loop
      vertex 61.7941 29.4856 3.8
      vertex 61.5 29.5 15.8
      vertex 61.7941 29.4856 15.8
    endloop
  endfacet
  facet normal 0.0489044 0.998803 0
    outer loop
      vertex 61.5 29.5 15.8
      vertex 61.7941 29.4856 3.8
      vertex 61.5 29.5 3.8
    endloop
  endfacet
  facet normal -0.989174 0.146746 0
    outer loop
      vertex 58.5144 26.7941 3.8
      vertex 58.5576 27.0853 15.8
      vertex 58.5576 27.0853 3.8
    endloop
  endfacet
  facet normal -0.989174 0.146746 0
    outer loop
      vertex 58.5576 27.0853 15.8
      vertex 58.5144 26.7941 3.8
      vertex 58.5144 26.7941 15.8
    endloop
  endfacet
  facet normal 0.595699 0.803208 -0
    outer loop
      vertex 63.4032 28.819 3.8
      vertex 63.1667 28.9944 15.8
      vertex 63.4032 28.819 15.8
    endloop
  endfacet
  facet normal 0.595699 0.803208 0
    outer loop
      vertex 63.1667 28.9944 15.8
      vertex 63.4032 28.819 3.8
      vertex 63.1667 28.9944 3.8
    endloop
  endfacet
  facet normal -0.803208 0.595699 0
    outer loop
      vertex 59.0056 28.1667 3.8
      vertex 59.181 28.4032 15.8
      vertex 59.181 28.4032 3.8
    endloop
  endfacet
  facet normal -0.803208 0.595699 0
    outer loop
      vertex 59.181 28.4032 15.8
      vertex 59.0056 28.1667 3.8
      vertex 59.0056 28.1667 15.8
    endloop
  endfacet
  facet normal -0.998803 -0.0489044 0
    outer loop
      vertex 58.5144 26.2059 3.8
      vertex 58.5 26.5 15.8
      vertex 58.5 26.5 3.8
    endloop
  endfacet
  facet normal -0.998803 -0.0489044 0
    outer loop
      vertex 58.5 26.5 15.8
      vertex 58.5144 26.2059 3.8
      vertex 58.5144 26.2059 15.8
    endloop
  endfacet
  facet normal 0 0 1
    outer loop
      vertex 62.55 26.5 15.8
      vertex 64.5 26.5 15.8
      vertex 64.4855 26.7941 15.8
    endloop
  endfacet
  facet normal 0 0 1
    outer loop
      vertex 62.5449 26.6029 15.8
      vertex 64.4855 26.7941 15.8
      vertex 64.4424 27.0853 15.8
    endloop
  endfacet
  facet normal 0 0 1
    outer loop
      vertex 64.5 26.5 15.8
      vertex 62.55 26.5 15.8
      vertex 64.4855 26.2059 15.8
    endloop
  endfacet
  facet normal 0 0 1
    outer loop
      vertex 62.5298 26.7048 15.8
      vertex 64.4424 27.0853 15.8
      vertex 64.3708 27.3709 15.8
    endloop
  endfacet
  facet normal -0 0 1
    outer loop
      vertex 62.5449 26.3971 15.8
      vertex 64.4855 26.2059 15.8
      vertex 62.55 26.5 15.8
    endloop
  endfacet
  facet normal 0 0 1
    outer loop
      vertex 62.5048 26.8048 15.8
      vertex 64.3708 27.3709 15.8
      vertex 64.2716 27.6481 15.8
    endloop
  endfacet
  facet normal 0 0 1
    outer loop
      vertex 64.4855 26.2059 15.8
      vertex 62.5449 26.3971 15.8
      vertex 64.4424 25.9147 15.8
    endloop
  endfacet
  facet normal 0 0 1
    outer loop
      vertex 62.4701 26.9018 15.8
      vertex 64.2716 27.6481 15.8
      vertex 64.1458 27.9142 15.8
    endloop
  endfacet
  facet normal -0 0 1
    outer loop
      vertex 62.5298 26.2952 15.8
      vertex 64.4424 25.9147 15.8
      vertex 62.5449 26.3971 15.8
    endloop
  endfacet
  facet normal 0 0 1
    outer loop
      vertex 62.426 26.995 15.8
      vertex 64.1458 27.9142 15.8
      vertex 63.9944 28.1667 15.8
    endloop
  endfacet
  facet normal 0 0 1
    outer loop
      vertex 64.4424 25.9147 15.8
      vertex 62.5298 26.2952 15.8
      vertex 64.3708 25.6291 15.8
    endloop
  endfacet
  facet normal 0 0 1
    outer loop
      vertex 62.373 27.0833 15.8
      vertex 63.9944 28.1667 15.8
      vertex 63.819 28.4032 15.8
    endloop
  endfacet
  facet normal -0 0 1
    outer loop
      vertex 62.5048 26.1952 15.8
      vertex 64.3708 25.6291 15.8
      vertex 62.5298 26.2952 15.8
    endloop
  endfacet
  facet normal 0 0 1
    outer loop
      vertex 62.3117 27.1661 15.8
      vertex 63.819 28.4032 15.8
      vertex 63.6213 28.6213 15.8
    endloop
  endfacet
  facet normal 0 0 1
    outer loop
      vertex 64.3708 25.6291 15.8
      vertex 62.5048 26.1952 15.8
      vertex 64.2716 25.3519 15.8
    endloop
  endfacet
  facet normal 0 0 1
    outer loop
      vertex 62.2425 27.2425 15.8
      vertex 63.6213 28.6213 15.8
      vertex 63.4032 28.819 15.8
    endloop
  endfacet
  facet normal -0 0 1
    outer loop
      vertex 62.4701 26.0982 15.8
      vertex 64.2716 25.3519 15.8
      vertex 62.5048 26.1952 15.8
    endloop
  endfacet
  facet normal 0 0 1
    outer loop
      vertex 62.1661 27.3117 15.8
      vertex 63.4032 28.819 15.8
      vertex 63.1667 28.9944 15.8
    endloop
  endfacet
  facet normal 0 0 1
    outer loop
      vertex 64.2716 25.3519 15.8
      vertex 62.4701 26.0982 15.8
      vertex 64.1458 25.0858 15.8
    endloop
  endfacet
  facet normal 0 0 1
    outer loop
      vertex 62.0833 27.373 15.8
      vertex 63.1667 28.9944 15.8
      vertex 62.9142 29.1458 15.8
    endloop
  endfacet
  facet normal -0 0 1
    outer loop
      vertex 62.426 26.005 15.8
      vertex 64.1458 25.0858 15.8
      vertex 62.4701 26.0982 15.8
    endloop
  endfacet
  facet normal 0 0 1
    outer loop
      vertex 61.995 27.426 15.8
      vertex 62.9142 29.1458 15.8
      vertex 62.648 29.2716 15.8
    endloop
  endfacet
  facet normal 0 0 1
    outer loop
      vertex 64.1458 25.0858 15.8
      vertex 62.426 26.005 15.8
      vertex 63.9944 24.8333 15.8
    endloop
  endfacet
  facet normal -0 0 1
    outer loop
      vertex 62.373 25.9167 15.8
      vertex 63.9944 24.8333 15.8
      vertex 62.426 26.005 15.8
    endloop
  endfacet
  facet normal 0 0 1
    outer loop
      vertex 64.4855 26.7941 15.8
      vertex 62.5449 26.6029 15.8
      vertex 62.55 26.5 15.8
    endloop
  endfacet
  facet normal 0 0 1
    outer loop
      vertex 64.4424 27.0853 15.8
      vertex 62.5298 26.7048 15.8
      vertex 62.5449 26.6029 15.8
    endloop
  endfacet
  facet normal 0 0 1
    outer loop
      vertex 64.3708 27.3709 15.8
      vertex 62.5048 26.8048 15.8
      vertex 62.5298 26.7048 15.8
    endloop
  endfacet
  facet normal 0 0 1
    outer loop
      vertex 64.2716 27.6481 15.8
      vertex 62.4701 26.9018 15.8
      vertex 62.5048 26.8048 15.8
    endloop
  endfacet
  facet normal 0 0 1
    outer loop
      vertex 64.1458 27.9142 15.8
      vertex 62.426 26.995 15.8
      vertex 62.4701 26.9018 15.8
    endloop
  endfacet
  facet normal 0 0 1
    outer loop
      vertex 63.9944 28.1667 15.8
      vertex 62.373 27.0833 15.8
      vertex 62.426 26.995 15.8
    endloop
  endfacet
  facet normal 0 0 1
    outer loop
      vertex 61.9018 27.4701 15.8
      vertex 62.648 29.2716 15.8
      vertex 62.3709 29.3708 15.8
    endloop
  endfacet
  facet normal 0 0 1
    outer loop
      vertex 63.819 28.4032 15.8
      vertex 62.3117 27.1661 15.8
      vertex 62.373 27.0833 15.8
    endloop
  endfacet
  facet normal 0 0 1
    outer loop
      vertex 63.6213 28.6213 15.8
      vertex 62.2425 27.2425 15.8
      vertex 62.3117 27.1661 15.8
    endloop
  endfacet
  facet normal 0 0 1
    outer loop
      vertex 63.4032 28.819 15.8
      vertex 62.1661 27.3117 15.8
      vertex 62.2425 27.2425 15.8
    endloop
  endfacet
  facet normal 0 0 1
    outer loop
      vertex 61.8048 27.5048 15.8
      vertex 62.3709 29.3708 15.8
      vertex 62.0853 29.4424 15.8
    endloop
  endfacet
  facet normal 0 0 1
    outer loop
      vertex 63.1667 28.9944 15.8
      vertex 62.0833 27.373 15.8
      vertex 62.1661 27.3117 15.8
    endloop
  endfacet
  facet normal 0 0 1
    outer loop
      vertex 62.9142 29.1458 15.8
      vertex 61.995 27.426 15.8
      vertex 62.0833 27.373 15.8
    endloop
  endfacet
  facet normal 0 0 1
    outer loop
      vertex 62.648 29.2716 15.8
      vertex 61.9018 27.4701 15.8
      vertex 61.995 27.426 15.8
    endloop
  endfacet
  facet normal 0 0 1
    outer loop
      vertex 62.3709 29.3708 15.8
      vertex 61.8048 27.5048 15.8
      vertex 61.9018 27.4701 15.8
    endloop
  endfacet
  facet normal 0 0 1
    outer loop
      vertex 61.7048 27.5298 15.8
      vertex 62.0853 29.4424 15.8
      vertex 61.7941 29.4856 15.8
    endloop
  endfacet
  facet normal 0 0 1
    outer loop
      vertex 62.0853 29.4424 15.8
      vertex 61.7048 27.5298 15.8
      vertex 61.8048 27.5048 15.8
    endloop
  endfacet
  facet normal 0 0 1
    outer loop
      vertex 61.7941 29.4856 15.8
      vertex 61.6029 27.5449 15.8
      vertex 61.7048 27.5298 15.8
    endloop
  endfacet
  facet normal 0 0 1
    outer loop
      vertex 61.5 29.5 15.8
      vertex 61.6029 27.5449 15.8
      vertex 61.7941 29.4856 15.8
    endloop
  endfacet
  facet normal 0 0 1
    outer loop
      vertex 61.5 29.5 15.8
      vertex 61.5 27.55 15.8
      vertex 61.6029 27.5449 15.8
    endloop
  endfacet
  facet normal 0 0 1
    outer loop
      vertex 61.5 29.5 15.8
      vertex 61.3971 27.5449 15.8
      vertex 61.5 27.55 15.8
    endloop
  endfacet
  facet normal -0 0 1
    outer loop
      vertex 61.2059 29.4856 15.8
      vertex 61.3971 27.5449 15.8
      vertex 61.5 29.5 15.8
    endloop
  endfacet
  facet normal 0 0 1
    outer loop
      vertex 61.3971 27.5449 15.8
      vertex 61.2059 29.4856 15.8
      vertex 61.2952 27.5298 15.8
    endloop
  endfacet
  facet normal -0 0 1
    outer loop
      vertex 60.9147 29.4424 15.8
      vertex 61.2952 27.5298 15.8
      vertex 61.2059 29.4856 15.8
    endloop
  endfacet
  facet normal 0 0 1
    outer loop
      vertex 61.2952 27.5298 15.8
      vertex 60.9147 29.4424 15.8
      vertex 61.1952 27.5048 15.8
    endloop
  endfacet
  facet normal -0 0 1
    outer loop
      vertex 60.6291 29.3708 15.8
      vertex 61.1952 27.5048 15.8
      vertex 60.9147 29.4424 15.8
    endloop
  endfacet
  facet normal 0 0 1
    outer loop
      vertex 61.1952 27.5048 15.8
      vertex 60.6291 29.3708 15.8
      vertex 61.0982 27.4701 15.8
    endloop
  endfacet
  facet normal -0 0 1
    outer loop
      vertex 60.352 29.2716 15.8
      vertex 61.0982 27.4701 15.8
      vertex 60.6291 29.3708 15.8
    endloop
  endfacet
  facet normal 0 0 1
    outer loop
      vertex 61.0982 27.4701 15.8
      vertex 60.352 29.2716 15.8
      vertex 61.005 27.426 15.8
    endloop
  endfacet
  facet normal -0 0 1
    outer loop
      vertex 60.0858 29.1458 15.8
      vertex 61.005 27.426 15.8
      vertex 60.352 29.2716 15.8
    endloop
  endfacet
  facet normal 0 0 1
    outer loop
      vertex 61.005 27.426 15.8
      vertex 60.0858 29.1458 15.8
      vertex 60.9166 27.373 15.8
    endloop
  endfacet
  facet normal -0 0 1
    outer loop
      vertex 59.8333 28.9944 15.8
      vertex 60.9166 27.373 15.8
      vertex 60.0858 29.1458 15.8
    endloop
  endfacet
  facet normal 0 0 1
    outer loop
      vertex 60.9166 27.373 15.8
      vertex 59.8333 28.9944 15.8
      vertex 60.8339 27.3117 15.8
    endloop
  endfacet
  facet normal -0 0 1
    outer loop
      vertex 59.5968 28.819 15.8
      vertex 60.8339 27.3117 15.8
      vertex 59.8333 28.9944 15.8
    endloop
  endfacet
  facet normal 0 0 1
    outer loop
      vertex 60.8339 27.3117 15.8
      vertex 59.5968 28.819 15.8
      vertex 60.7575 27.2425 15.8
    endloop
  endfacet
  facet normal -0 0 1
    outer loop
      vertex 59.3787 28.6213 15.8
      vertex 60.7575 27.2425 15.8
      vertex 59.5968 28.819 15.8
    endloop
  endfacet
  facet normal 0 0 1
    outer loop
      vertex 60.7575 27.2425 15.8
      vertex 59.3787 28.6213 15.8
      vertex 60.6883 27.1661 15.8
    endloop
  endfacet
  facet normal -0 0 1
    outer loop
      vertex 59.181 28.4032 15.8
      vertex 60.6883 27.1661 15.8
      vertex 59.3787 28.6213 15.8
    endloop
  endfacet
  facet normal -0 0 1
    outer loop
      vertex 59.0056 28.1667 15.8
      vertex 60.627 27.0833 15.8
      vertex 59.181 28.4032 15.8
    endloop
  endfacet
  facet normal 0 0 1
    outer loop
      vertex 60.6883 27.1661 15.8
      vertex 59.181 28.4032 15.8
      vertex 60.627 27.0833 15.8
    endloop
  endfacet
  facet normal 0 0 1
    outer loop
      vertex 63.9944 24.8333 15.8
      vertex 62.373 25.9167 15.8
      vertex 63.819 24.5968 15.8
    endloop
  endfacet
  facet normal -0 0 1
    outer loop
      vertex 62.3117 25.8339 15.8
      vertex 63.819 24.5968 15.8
      vertex 62.373 25.9167 15.8
    endloop
  endfacet
  facet normal 0 0 1
    outer loop
      vertex 63.819 24.5968 15.8
      vertex 62.3117 25.8339 15.8
      vertex 63.6213 24.3787 15.8
    endloop
  endfacet
  facet normal -0 0 1
    outer loop
      vertex 62.2425 25.7575 15.8
      vertex 63.6213 24.3787 15.8
      vertex 62.3117 25.8339 15.8
    endloop
  endfacet
  facet normal 0 0 1
    outer loop
      vertex 63.6213 24.3787 15.8
      vertex 62.2425 25.7575 15.8
      vertex 63.4032 24.181 15.8
    endloop
  endfacet
  facet normal -0 0 1
    outer loop
      vertex 62.1661 25.6883 15.8
      vertex 63.4032 24.181 15.8
      vertex 62.2425 25.7575 15.8
    endloop
  endfacet
  facet normal 0 0 1
    outer loop
      vertex 63.4032 24.181 15.8
      vertex 62.1661 25.6883 15.8
      vertex 63.1667 24.0056 15.8
    endloop
  endfacet
  facet normal -0 0 1
    outer loop
      vertex 62.0833 25.627 15.8
      vertex 63.1667 24.0056 15.8
      vertex 62.1661 25.6883 15.8
    endloop
  endfacet
  facet normal 0 0 1
    outer loop
      vertex 63.1667 24.0056 15.8
      vertex 62.0833 25.627 15.8
      vertex 62.9142 23.8542 15.8
    endloop
  endfacet
  facet normal -0 0 1
    outer loop
      vertex 61.995 25.574 15.8
      vertex 62.9142 23.8542 15.8
      vertex 62.0833 25.627 15.8
    endloop
  endfacet
  facet normal 0 0 1
    outer loop
      vertex 62.9142 23.8542 15.8
      vertex 61.995 25.574 15.8
      vertex 62.648 23.7284 15.8
    endloop
  endfacet
  facet normal -0 0 1
    outer loop
      vertex 61.9018 25.5299 15.8
      vertex 62.648 23.7284 15.8
      vertex 61.995 25.574 15.8
    endloop
  endfacet
  facet normal 0 0 1
    outer loop
      vertex 62.648 23.7284 15.8
      vertex 61.9018 25.5299 15.8
      vertex 62.3709 23.6292 15.8
    endloop
  endfacet
  facet normal -0 0 1
    outer loop
      vertex 61.8048 25.4952 15.8
      vertex 62.3709 23.6292 15.8
      vertex 61.9018 25.5299 15.8
    endloop
  endfacet
  facet normal 0 0 1
    outer loop
      vertex 62.3709 23.6292 15.8
      vertex 61.8048 25.4952 15.8
      vertex 62.0853 23.5576 15.8
    endloop
  endfacet
  facet normal -0 0 1
    outer loop
      vertex 61.7048 25.4702 15.8
      vertex 62.0853 23.5576 15.8
      vertex 61.8048 25.4952 15.8
    endloop
  endfacet
  facet normal 0 0 1
    outer loop
      vertex 62.0853 23.5576 15.8
      vertex 61.7048 25.4702 15.8
      vertex 61.7941 23.5144 15.8
    endloop
  endfacet
  facet normal -0 0 1
    outer loop
      vertex 61.6029 25.4551 15.8
      vertex 61.7941 23.5144 15.8
      vertex 61.7048 25.4702 15.8
    endloop
  endfacet
  facet normal -0 0 1
    outer loop
      vertex 61.5 25.45 15.8
      vertex 61.7941 23.5144 15.8
      vertex 61.6029 25.4551 15.8
    endloop
  endfacet
  facet normal 0 0 1
    outer loop
      vertex 61.5 25.45 15.8
      vertex 61.5 23.5 15.8
      vertex 61.7941 23.5144 15.8
    endloop
  endfacet
  facet normal 0 0 1
    outer loop
      vertex 61.3971 25.4551 15.8
      vertex 61.5 23.5 15.8
      vertex 61.5 25.45 15.8
    endloop
  endfacet
  facet normal 0 0 1
    outer loop
      vertex 61.2059 23.5144 15.8
      vertex 61.3971 25.4551 15.8
      vertex 61.2952 25.4702 15.8
    endloop
  endfacet
  facet normal 0 0 1
    outer loop
      vertex 61.3971 25.4551 15.8
      vertex 61.2059 23.5144 15.8
      vertex 61.5 23.5 15.8
    endloop
  endfacet
  facet normal 0 0 1
    outer loop
      vertex 60.9147 23.5576 15.8
      vertex 61.2952 25.4702 15.8
      vertex 61.1952 25.4952 15.8
    endloop
  endfacet
  facet normal 0 0 1
    outer loop
      vertex 60.6291 23.6292 15.8
      vertex 61.1952 25.4952 15.8
      vertex 61.0982 25.5299 15.8
    endloop
  endfacet
  facet normal 0 0 1
    outer loop
      vertex 60.352 23.7284 15.8
      vertex 61.0982 25.5299 15.8
      vertex 61.005 25.574 15.8
    endloop
  endfacet
  facet normal 0 0 1
    outer loop
      vertex 60.0858 23.8542 15.8
      vertex 61.005 25.574 15.8
      vertex 60.9166 25.627 15.8
    endloop
  endfacet
  facet normal 0 0 1
    outer loop
      vertex 61.2952 25.4702 15.8
      vertex 60.9147 23.5576 15.8
      vertex 61.2059 23.5144 15.8
    endloop
  endfacet
  facet normal 0 0 1
    outer loop
      vertex 59.8333 24.0056 15.8
      vertex 60.9166 25.627 15.8
      vertex 60.8339 25.6883 15.8
    endloop
  endfacet
  facet normal 0 0 1
    outer loop
      vertex 59.5968 24.181 15.8
      vertex 60.8339 25.6883 15.8
      vertex 60.7575 25.7575 15.8
    endloop
  endfacet
  facet normal 0 0 1
    outer loop
      vertex 59.3787 24.3787 15.8
      vertex 60.7575 25.7575 15.8
      vertex 60.6883 25.8339 15.8
    endloop
  endfacet
  facet normal 0 0 1
    outer loop
      vertex 61.1952 25.4952 15.8
      vertex 60.6291 23.6292 15.8
      vertex 60.9147 23.5576 15.8
    endloop
  endfacet
  facet normal 0 0 1
    outer loop
      vertex 59.181 24.5968 15.8
      vertex 60.6883 25.8339 15.8
      vertex 60.627 25.9167 15.8
    endloop
  endfacet
  facet normal 0 0 1
    outer loop
      vertex 59.0056 24.8333 15.8
      vertex 60.627 25.9167 15.8
      vertex 60.574 26.005 15.8
    endloop
  endfacet
  facet normal 0 0 1
    outer loop
      vertex 58.8542 25.0858 15.8
      vertex 60.574 26.005 15.8
      vertex 60.5299 26.0982 15.8
    endloop
  endfacet
  facet normal 0 0 1
    outer loop
      vertex 58.7284 25.3519 15.8
      vertex 60.5299 26.0982 15.8
      vertex 60.4952 26.1952 15.8
    endloop
  endfacet
  facet normal 0 0 1
    outer loop
      vertex 58.6292 25.6291 15.8
      vertex 60.4952 26.1952 15.8
      vertex 60.4702 26.2952 15.8
    endloop
  endfacet
  facet normal 0 0 1
    outer loop
      vertex 58.5576 25.9147 15.8
      vertex 60.4702 26.2952 15.8
      vertex 60.4551 26.3971 15.8
    endloop
  endfacet
  facet normal 0 0 1
    outer loop
      vertex 61.0982 25.5299 15.8
      vertex 60.352 23.7284 15.8
      vertex 60.6291 23.6292 15.8
    endloop
  endfacet
  facet normal 0 0 1
    outer loop
      vertex 58.5144 26.2059 15.8
      vertex 60.4551 26.3971 15.8
      vertex 60.45 26.5 15.8
    endloop
  endfacet
  facet normal 0 0 1
    outer loop
      vertex 60.627 27.0833 15.8
      vertex 59.0056 28.1667 15.8
      vertex 60.574 26.995 15.8
    endloop
  endfacet
  facet normal -0 0 1
    outer loop
      vertex 58.8542 27.9142 15.8
      vertex 60.574 26.995 15.8
      vertex 59.0056 28.1667 15.8
    endloop
  endfacet
  facet normal 0 0 1
    outer loop
      vertex 61.005 25.574 15.8
      vertex 60.0858 23.8542 15.8
      vertex 60.352 23.7284 15.8
    endloop
  endfacet
  facet normal 0 0 1
    outer loop
      vertex 60.574 26.995 15.8
      vertex 58.8542 27.9142 15.8
      vertex 60.5299 26.9018 15.8
    endloop
  endfacet
  facet normal 0 0 1
    outer loop
      vertex 60.9166 25.627 15.8
      vertex 59.8333 24.0056 15.8
      vertex 60.0858 23.8542 15.8
    endloop
  endfacet
  facet normal -0 0 1
    outer loop
      vertex 58.7284 27.6481 15.8
      vertex 60.5299 26.9018 15.8
      vertex 58.8542 27.9142 15.8
    endloop
  endfacet
  facet normal 0 0 1
    outer loop
      vertex 60.8339 25.6883 15.8
      vertex 59.5968 24.181 15.8
      vertex 59.8333 24.0056 15.8
    endloop
  endfacet
  facet normal 0 0 1
    outer loop
      vertex 60.5299 26.9018 15.8
      vertex 58.7284 27.6481 15.8
      vertex 60.4952 26.8048 15.8
    endloop
  endfacet
  facet normal 0 0 1
    outer loop
      vertex 60.7575 25.7575 15.8
      vertex 59.3787 24.3787 15.8
      vertex 59.5968 24.181 15.8
    endloop
  endfacet
  facet normal -0 0 1
    outer loop
      vertex 58.6292 27.3709 15.8
      vertex 60.4952 26.8048 15.8
      vertex 58.7284 27.6481 15.8
    endloop
  endfacet
  facet normal 0 0 1
    outer loop
      vertex 60.6883 25.8339 15.8
      vertex 59.181 24.5968 15.8
      vertex 59.3787 24.3787 15.8
    endloop
  endfacet
  facet normal 0 0 1
    outer loop
      vertex 60.4952 26.8048 15.8
      vertex 58.6292 27.3709 15.8
      vertex 60.4702 26.7048 15.8
    endloop
  endfacet
  facet normal 0 0 1
    outer loop
      vertex 60.627 25.9167 15.8
      vertex 59.0056 24.8333 15.8
      vertex 59.181 24.5968 15.8
    endloop
  endfacet
  facet normal -0 0 1
    outer loop
      vertex 58.5576 27.0853 15.8
      vertex 60.4702 26.7048 15.8
      vertex 58.6292 27.3709 15.8
    endloop
  endfacet
  facet normal 0 0 1
    outer loop
      vertex 60.574 26.005 15.8
      vertex 58.8542 25.0858 15.8
      vertex 59.0056 24.8333 15.8
    endloop
  endfacet
  facet normal 0 0 1
    outer loop
      vertex 60.4702 26.7048 15.8
      vertex 58.5576 27.0853 15.8
      vertex 60.4551 26.6029 15.8
    endloop
  endfacet
  facet normal 0 0 1
    outer loop
      vertex 60.5299 26.0982 15.8
      vertex 58.7284 25.3519 15.8
      vertex 58.8542 25.0858 15.8
    endloop
  endfacet
  facet normal -0 0 1
    outer loop
      vertex 58.5144 26.7941 15.8
      vertex 60.4551 26.6029 15.8
      vertex 58.5576 27.0853 15.8
    endloop
  endfacet
  facet normal 0 0 1
    outer loop
      vertex 60.4952 26.1952 15.8
      vertex 58.6292 25.6291 15.8
      vertex 58.7284 25.3519 15.8
    endloop
  endfacet
  facet normal 0 0 1
    outer loop
      vertex 60.4551 26.6029 15.8
      vertex 58.5144 26.7941 15.8
      vertex 60.45 26.5 15.8
    endloop
  endfacet
  facet normal 0 0 1
    outer loop
      vertex 60.4702 26.2952 15.8
      vertex 58.5576 25.9147 15.8
      vertex 58.6292 25.6291 15.8
    endloop
  endfacet
  facet normal 0 0 1
    outer loop
      vertex 58.5 26.5 15.8
      vertex 60.45 26.5 15.8
      vertex 58.5144 26.7941 15.8
    endloop
  endfacet
  facet normal 0 0 1
    outer loop
      vertex 60.4551 26.3971 15.8
      vertex 58.5144 26.2059 15.8
      vertex 58.5576 25.9147 15.8
    endloop
  endfacet
  facet normal 0 0 1
    outer loop
      vertex 60.45 26.5 15.8
      vertex 58.5 26.5 15.8
      vertex 58.5144 26.2059 15.8
    endloop
  endfacet
  facet normal 0.740908 0.671607 0
    outer loop
      vertex 63.819 28.4032 15.8
      vertex 63.6213 28.6213 3.8
      vertex 63.6213 28.6213 15.8
    endloop
  endfacet
  facet normal 0.740908 0.671607 0
    outer loop
      vertex 63.6213 28.6213 3.8
      vertex 63.819 28.4032 15.8
      vertex 63.819 28.4032 3.8
    endloop
  endfacet
  facet normal -0.336986 0.94151 0
    outer loop
      vertex 60.6291 6.37082 3.8
      vertex 60.352 6.27164 15.8
      vertex 60.6291 6.37082 15.8
    endloop
  endfacet
  facet normal -0.336986 0.94151 0
    outer loop
      vertex 60.352 6.27164 15.8
      vertex 60.6291 6.37082 3.8
      vertex 60.352 6.27164 3.8
    endloop
  endfacet
  facet normal 0.989225 -0.146403 0
    outer loop
      vertex 64.4424 2.91473 15.8
      vertex 64.4855 3.20595 3.8
      vertex 64.4855 3.20595 15.8
    endloop
  endfacet
  facet normal 0.989225 -0.146403 0
    outer loop
      vertex 64.4855 3.20595 3.8
      vertex 64.4424 2.91473 15.8
      vertex 64.4424 2.91473 3.8
    endloop
  endfacet
  facet normal 0.998786 -0.0492515 0
    outer loop
      vertex 64.4855 3.20595 15.8
      vertex 64.5 3.5 3.8
      vertex 64.5 3.5 15.8
    endloop
  endfacet
  facet normal 0.998786 -0.0492515 0
    outer loop
      vertex 64.5 3.5 3.8
      vertex 64.4855 3.20595 15.8
      vertex 64.4855 3.20595 3.8
    endloop
  endfacet
  facet normal 0.969978 -0.243191 0
    outer loop
      vertex 64.3708 2.62915 15.8
      vertex 64.4424 2.91473 3.8
      vertex 64.4424 2.91473 15.8
    endloop
  endfacet
  facet normal 0.969978 -0.243191 0
    outer loop
      vertex 64.4424 2.91473 3.8
      vertex 64.3708 2.62915 15.8
      vertex 64.3708 2.62915 3.8
    endloop
  endfacet
  facet normal -0.989176 -0.146736 0
    outer loop
      vertex 58.5576 2.91473 3.8
      vertex 58.5144 3.20595 15.8
      vertex 58.5144 3.20595 3.8
    endloop
  endfacet
  facet normal -0.989176 -0.146736 0
    outer loop
      vertex 58.5144 3.20595 15.8
      vertex 58.5576 2.91473 3.8
      vertex 58.5576 2.91473 15.8
    endloop
  endfacet
  facet normal -0.242983 0.970031 0
    outer loop
      vertex 60.9147 6.44236 3.8
      vertex 60.6291 6.37082 15.8
      vertex 60.9147 6.44236 15.8
    endloop
  endfacet
  facet normal -0.242983 0.970031 0
    outer loop
      vertex 60.6291 6.37082 15.8
      vertex 60.9147 6.44236 3.8
      vertex 60.6291 6.37082 3.8
    endloop
  endfacet
  facet normal 0.336995 -0.941506 0
    outer loop
      vertex 62.3709 0.629179 3.8
      vertex 62.648 0.728362 15.8
      vertex 62.3709 0.629179 15.8
    endloop
  endfacet
  facet normal 0.336995 -0.941506 0
    outer loop
      vertex 62.648 0.728362 15.8
      vertex 62.3709 0.629179 3.8
      vertex 62.648 0.728362 3.8
    endloop
  endfacet
  facet normal -0.514129 -0.857713 0
    outer loop
      vertex 59.8333 1.00559 3.8
      vertex 60.0858 0.854237 15.8
      vertex 59.8333 1.00559 15.8
    endloop
  endfacet
  facet normal -0.514129 -0.857713 -0
    outer loop
      vertex 60.0858 0.854237 15.8
      vertex 59.8333 1.00559 3.8
      vertex 60.0858 0.854237 3.8
    endloop
  endfacet
  facet normal -0.904088 0.427347 0
    outer loop
      vertex 58.7284 4.64805 3.8
      vertex 58.8542 4.91419 15.8
      vertex 58.8542 4.91419 3.8
    endloop
  endfacet
  facet normal -0.904088 0.427347 0
    outer loop
      vertex 58.8542 4.91419 15.8
      vertex 58.7284 4.64805 3.8
      vertex 58.7284 4.64805 15.8
    endloop
  endfacet
  facet normal -0.242964 -0.970035 0
    outer loop
      vertex 60.6291 0.629179 3.8
      vertex 60.9147 0.557645 15.8
      vertex 60.6291 0.629179 15.8
    endloop
  endfacet
  facet normal -0.242964 -0.970035 -0
    outer loop
      vertex 60.9147 0.557645 15.8
      vertex 60.6291 0.629179 3.8
      vertex 60.9147 0.557645 3.8
    endloop
  endfacet
  facet normal -0.857661 0.514216 0
    outer loop
      vertex 58.8542 4.91419 3.8
      vertex 59.0056 5.16671 15.8
      vertex 59.0056 5.16671 3.8
    endloop
  endfacet
  facet normal -0.857661 0.514216 0
    outer loop
      vertex 59.0056 5.16671 15.8
      vertex 58.8542 4.91419 3.8
      vertex 58.8542 4.91419 15.8
    endloop
  endfacet
  facet normal 0.242983 0.970031 -0
    outer loop
      vertex 62.3709 6.37082 3.8
      vertex 62.0853 6.44236 15.8
      vertex 62.3709 6.37082 15.8
    endloop
  endfacet
  facet normal 0.242983 0.970031 0
    outer loop
      vertex 62.0853 6.44236 15.8
      vertex 62.3709 6.37082 3.8
      vertex 62.0853 6.44236 3.8
    endloop
  endfacet
  facet normal -0.595655 0.803241 0
    outer loop
      vertex 59.8333 5.99441 3.8
      vertex 59.5968 5.81903 15.8
      vertex 59.8333 5.99441 15.8
    endloop
  endfacet
  facet normal -0.595655 0.803241 0
    outer loop
      vertex 59.5968 5.81903 15.8
      vertex 59.8333 5.99441 3.8
      vertex 59.5968 5.81903 3.8
    endloop
  endfacet
  facet normal 0.514121 0.857718 -0
    outer loop
      vertex 63.1667 5.99441 3.8
      vertex 62.9142 6.14576 15.8
      vertex 63.1667 5.99441 15.8
    endloop
  endfacet
  facet normal 0.514121 0.857718 0
    outer loop
      vertex 62.9142 6.14576 15.8
      vertex 63.1667 5.99441 3.8
      vertex 62.9142 6.14576 3.8
    endloop
  endfacet
  facet normal 0.803172 0.595747 0
    outer loop
      vertex 63.9944 5.16671 15.8
      vertex 63.819 5.40318 3.8
      vertex 63.819 5.40318 15.8
    endloop
  endfacet
  facet normal 0.803172 0.595747 0
    outer loop
      vertex 63.819 5.40318 3.8
      vertex 63.9944 5.16671 15.8
      vertex 63.9944 5.16671 3.8
    endloop
  endfacet
  facet normal 0.146742 -0.989175 0
    outer loop
      vertex 61.7941 0.514446 3.8
      vertex 62.0853 0.557645 15.8
      vertex 61.7941 0.514446 15.8
    endloop
  endfacet
  facet normal 0.146742 -0.989175 0
    outer loop
      vertex 62.0853 0.557645 15.8
      vertex 61.7941 0.514446 3.8
      vertex 62.0853 0.557645 3.8
    endloop
  endfacet
  facet normal -0.595655 -0.803241 0
    outer loop
      vertex 59.5968 1.18097 3.8
      vertex 59.8333 1.00559 15.8
      vertex 59.5968 1.18097 15.8
    endloop
  endfacet
  facet normal -0.595655 -0.803241 -0
    outer loop
      vertex 59.8333 1.00559 15.8
      vertex 59.5968 1.18097 3.8
      vertex 59.8333 1.00559 3.8
    endloop
  endfacet
  facet normal -0.803172 -0.595747 0
    outer loop
      vertex 59.181 1.59682 3.8
      vertex 59.0056 1.83329 15.8
      vertex 59.0056 1.83329 3.8
    endloop
  endfacet
  facet normal -0.803172 -0.595747 0
    outer loop
      vertex 59.0056 1.83329 15.8
      vertex 59.181 1.59682 3.8
      vertex 59.181 1.59682 15.8
    endloop
  endfacet
  facet normal 0.989225 0.146403 0
    outer loop
      vertex 64.4855 3.79405 15.8
      vertex 64.4424 4.08527 3.8
      vertex 64.4424 4.08527 15.8
    endloop
  endfacet
  facet normal 0.989225 0.146403 0
    outer loop
      vertex 64.4424 4.08527 3.8
      vertex 64.4855 3.79405 15.8
      vertex 64.4855 3.79405 3.8
    endloop
  endfacet
  facet normal -0.941527 -0.336939 0
    outer loop
      vertex 58.7284 2.35195 3.8
      vertex 58.6292 2.62915 15.8
      vertex 58.6292 2.62915 3.8
    endloop
  endfacet
  facet normal -0.941527 -0.336939 0
    outer loop
      vertex 58.6292 2.62915 15.8
      vertex 58.7284 2.35195 3.8
      vertex 58.7284 2.35195 15.8
    endloop
  endfacet
  facet normal 0.427477 -0.904026 0
    outer loop
      vertex 62.648 0.728362 3.8
      vertex 62.9142 0.854237 15.8
      vertex 62.648 0.728362 15.8
    endloop
  endfacet
  facet normal 0.427477 -0.904026 0
    outer loop
      vertex 62.9142 0.854237 15.8
      vertex 62.648 0.728362 3.8
      vertex 62.9142 0.854237 3.8
    endloop
  endfacet
  facet normal -0.941527 0.336939 0
    outer loop
      vertex 58.6292 4.37085 3.8
      vertex 58.7284 4.64805 15.8
      vertex 58.7284 4.64805 3.8
    endloop
  endfacet
  facet normal -0.941527 0.336939 0
    outer loop
      vertex 58.7284 4.64805 15.8
      vertex 58.6292 4.37085 3.8
      vertex 58.6292 4.37085 15.8
    endloop
  endfacet
  facet normal 0.969978 0.243191 0
    outer loop
      vertex 64.4424 4.08527 15.8
      vertex 64.3708 4.37085 3.8
      vertex 64.3708 4.37085 15.8
    endloop
  endfacet
  facet normal 0.969978 0.243191 0
    outer loop
      vertex 64.3708 4.37085 3.8
      vertex 64.4424 4.08527 15.8
      vertex 64.4424 4.08527 3.8
    endloop
  endfacet
  facet normal -0.0490602 -0.998796 0
    outer loop
      vertex 61.2059 0.514446 3.8
      vertex 61.5 0.5 15.8
      vertex 61.2059 0.514446 15.8
    endloop
  endfacet
  facet normal -0.0490602 -0.998796 -0
    outer loop
      vertex 61.5 0.5 15.8
      vertex 61.2059 0.514446 3.8
      vertex 61.5 0.5 3.8
    endloop
  endfacet
  facet normal 0.671625 -0.740891 0
    outer loop
      vertex 63.4032 1.18097 3.8
      vertex 63.6213 1.37868 15.8
      vertex 63.4032 1.18097 15.8
    endloop
  endfacet
  facet normal 0.671625 -0.740891 0
    outer loop
      vertex 63.6213 1.37868 15.8
      vertex 63.4032 1.18097 3.8
      vertex 63.6213 1.37868 3.8
    endloop
  endfacet
  facet normal -0.427477 -0.904026 0
    outer loop
      vertex 60.0858 0.854237 3.8
      vertex 60.352 0.728362 15.8
      vertex 60.0858 0.854237 15.8
    endloop
  endfacet
  facet normal -0.427477 -0.904026 -0
    outer loop
      vertex 60.352 0.728362 15.8
      vertex 60.0858 0.854237 3.8
      vertex 60.352 0.728362 3.8
    endloop
  endfacet
  facet normal -0.671625 -0.740891 0
    outer loop
      vertex 59.3787 1.37868 3.8
      vertex 59.5968 1.18097 15.8
      vertex 59.3787 1.37868 15.8
    endloop
  endfacet
  facet normal -0.671625 -0.740891 -0
    outer loop
      vertex 59.5968 1.18097 15.8
      vertex 59.3787 1.37868 3.8
      vertex 59.5968 1.18097 3.8
    endloop
  endfacet
  facet normal 0.336986 0.94151 -0
    outer loop
      vertex 62.648 6.27164 3.8
      vertex 62.3709 6.37082 15.8
      vertex 62.648 6.27164 15.8
    endloop
  endfacet
  facet normal 0.336986 0.94151 0
    outer loop
      vertex 62.3709 6.37082 15.8
      vertex 62.648 6.27164 3.8
      vertex 62.3709 6.37082 3.8
    endloop
  endfacet
  facet normal -0.336995 -0.941506 0
    outer loop
      vertex 60.352 0.728362 3.8
      vertex 60.6291 0.629179 15.8
      vertex 60.352 0.728362 15.8
    endloop
  endfacet
  facet normal -0.336995 -0.941506 -0
    outer loop
      vertex 60.6291 0.629179 15.8
      vertex 60.352 0.728362 3.8
      vertex 60.6291 0.629179 3.8
    endloop
  endfacet
  facet normal 0.803172 -0.595747 0
    outer loop
      vertex 63.819 1.59682 15.8
      vertex 63.9944 1.83329 3.8
      vertex 63.9944 1.83329 15.8
    endloop
  endfacet
  facet normal 0.803172 -0.595747 0
    outer loop
      vertex 63.9944 1.83329 3.8
      vertex 63.819 1.59682 15.8
      vertex 63.819 1.59682 3.8
    endloop
  endfacet
  facet normal -0.857661 -0.514216 0
    outer loop
      vertex 59.0056 1.83329 3.8
      vertex 58.8542 2.08581 15.8
      vertex 58.8542 2.08581 3.8
    endloop
  endfacet
  facet normal -0.857661 -0.514216 0
    outer loop
      vertex 58.8542 2.08581 15.8
      vertex 59.0056 1.83329 3.8
      vertex 59.0056 1.83329 15.8
    endloop
  endfacet
  facet normal 0.998786 0.0492515 0
    outer loop
      vertex 64.5 3.5 15.8
      vertex 64.4855 3.79405 3.8
      vertex 64.4855 3.79405 15.8
    endloop
  endfacet
  facet normal 0.998786 0.0492515 0
    outer loop
      vertex 64.4855 3.79405 3.8
      vertex 64.5 3.5 15.8
      vertex 64.5 3.5 3.8
    endloop
  endfacet
  facet normal 0.904088 0.427347 0
    outer loop
      vertex 64.2716 4.64805 15.8
      vertex 64.1458 4.91419 3.8
      vertex 64.1458 4.91419 15.8
    endloop
  endfacet
  facet normal 0.904088 0.427347 0
    outer loop
      vertex 64.1458 4.91419 3.8
      vertex 64.2716 4.64805 15.8
      vertex 64.2716 4.64805 3.8
    endloop
  endfacet
  facet normal 0.595655 -0.803241 0
    outer loop
      vertex 63.1667 1.00559 3.8
      vertex 63.4032 1.18097 15.8
      vertex 63.1667 1.00559 15.8
    endloop
  endfacet
  facet normal 0.595655 -0.803241 0
    outer loop
      vertex 63.4032 1.18097 15.8
      vertex 63.1667 1.00559 3.8
      vertex 63.4032 1.18097 3.8
    endloop
  endfacet
  facet normal -0.514121 0.857718 0
    outer loop
      vertex 60.0858 6.14576 3.8
      vertex 59.8333 5.99441 15.8
      vertex 60.0858 6.14576 15.8
    endloop
  endfacet
  facet normal -0.514121 0.857718 0
    outer loop
      vertex 59.8333 5.99441 15.8
      vertex 60.0858 6.14576 3.8
      vertex 59.8333 5.99441 3.8
    endloop
  endfacet
  facet normal 0.514129 -0.857713 0
    outer loop
      vertex 62.9142 0.854237 3.8
      vertex 63.1667 1.00559 15.8
      vertex 62.9142 0.854237 15.8
    endloop
  endfacet
  facet normal 0.514129 -0.857713 0
    outer loop
      vertex 63.1667 1.00559 15.8
      vertex 62.9142 0.854237 3.8
      vertex 63.1667 1.00559 3.8
    endloop
  endfacet
  facet normal 0.146712 0.989179 -0
    outer loop
      vertex 62.0853 6.44236 3.8
      vertex 61.7941 6.48555 15.8
      vertex 62.0853 6.44236 15.8
    endloop
  endfacet
  facet normal 0.146712 0.989179 0
    outer loop
      vertex 61.7941 6.48555 15.8
      vertex 62.0853 6.44236 3.8
      vertex 61.7941 6.48555 3.8
    endloop
  endfacet
  facet normal 0.941527 -0.336939 0
    outer loop
      vertex 64.2716 2.35195 15.8
      vertex 64.3708 2.62915 3.8
      vertex 64.3708 2.62915 15.8
    endloop
  endfacet
  facet normal 0.941527 -0.336939 0
    outer loop
      vertex 64.3708 2.62915 3.8
      vertex 64.2716 2.35195 15.8
      vertex 64.2716 2.35195 3.8
    endloop
  endfacet
  facet normal 0.857661 0.514216 0
    outer loop
      vertex 64.1458 4.91419 15.8
      vertex 63.9944 5.16671 3.8
      vertex 63.9944 5.16671 15.8
    endloop
  endfacet
  facet normal 0.857661 0.514216 0
    outer loop
      vertex 63.9944 5.16671 3.8
      vertex 64.1458 4.91419 15.8
      vertex 64.1458 4.91419 3.8
    endloop
  endfacet
  facet normal -0.998803 0.0489126 0
    outer loop
      vertex 58.5 3.5 3.8
      vertex 58.5144 3.79405 15.8
      vertex 58.5144 3.79405 3.8
    endloop
  endfacet
  facet normal -0.998803 0.0489126 0
    outer loop
      vertex 58.5144 3.79405 15.8
      vertex 58.5 3.5 3.8
      vertex 58.5 3.5 15.8
    endloop
  endfacet
  facet normal 0.941527 0.336939 0
    outer loop
      vertex 64.3708 4.37085 15.8
      vertex 64.2716 4.64805 3.8
      vertex 64.2716 4.64805 15.8
    endloop
  endfacet
  facet normal 0.941527 0.336939 0
    outer loop
      vertex 64.2716 4.64805 3.8
      vertex 64.3708 4.37085 15.8
      vertex 64.3708 4.37085 3.8
    endloop
  endfacet
  facet normal 0.740969 -0.671539 0
    outer loop
      vertex 63.6213 1.37868 15.8
      vertex 63.819 1.59682 3.8
      vertex 63.819 1.59682 15.8
    endloop
  endfacet
  facet normal 0.740969 -0.671539 0
    outer loop
      vertex 63.819 1.59682 3.8
      vertex 63.6213 1.37868 15.8
      vertex 63.6213 1.37868 3.8
    endloop
  endfacet
  facet normal 0.0490602 -0.998796 0
    outer loop
      vertex 61.5 0.5 3.8
      vertex 61.7941 0.514446 15.8
      vertex 61.5 0.5 15.8
    endloop
  endfacet
  facet normal 0.0490602 -0.998796 0
    outer loop
      vertex 61.7941 0.514446 15.8
      vertex 61.5 0.5 3.8
      vertex 61.7941 0.514446 3.8
    endloop
  endfacet
  facet normal 0.904088 -0.427347 0
    outer loop
      vertex 64.1458 2.08581 15.8
      vertex 64.2716 2.35195 3.8
      vertex 64.2716 2.35195 15.8
    endloop
  endfacet
  facet normal 0.904088 -0.427347 0
    outer loop
      vertex 64.2716 2.35195 3.8
      vertex 64.1458 2.08581 15.8
      vertex 64.1458 2.08581 3.8
    endloop
  endfacet
  facet normal -0.146712 0.989179 0
    outer loop
      vertex 61.2059 6.48555 3.8
      vertex 60.9147 6.44236 15.8
      vertex 61.2059 6.48555 15.8
    endloop
  endfacet
  facet normal -0.146712 0.989179 0
    outer loop
      vertex 60.9147 6.44236 15.8
      vertex 61.2059 6.48555 3.8
      vertex 60.9147 6.44236 3.8
    endloop
  endfacet
  facet normal 0.671625 0.740891 -0
    outer loop
      vertex 63.6213 5.62132 3.8
      vertex 63.4032 5.81903 15.8
      vertex 63.6213 5.62132 15.8
    endloop
  endfacet
  facet normal 0.671625 0.740891 0
    outer loop
      vertex 63.4032 5.81903 15.8
      vertex 63.6213 5.62132 3.8
      vertex 63.4032 5.81903 3.8
    endloop
  endfacet
  facet normal 0.857661 -0.514216 0
    outer loop
      vertex 63.9944 1.83329 15.8
      vertex 64.1458 2.08581 3.8
      vertex 64.1458 2.08581 15.8
    endloop
  endfacet
  facet normal 0.857661 -0.514216 0
    outer loop
      vertex 64.1458 2.08581 3.8
      vertex 63.9944 1.83329 15.8
      vertex 63.9944 1.83329 3.8
    endloop
  endfacet
  facet normal -0.0490738 0.998795 0
    outer loop
      vertex 61.5 6.5 3.8
      vertex 61.2059 6.48555 15.8
      vertex 61.5 6.5 15.8
    endloop
  endfacet
  facet normal -0.0490738 0.998795 0
    outer loop
      vertex 61.2059 6.48555 15.8
      vertex 61.5 6.5 3.8
      vertex 61.2059 6.48555 3.8
    endloop
  endfacet
  facet normal -0.740969 -0.671539 0
    outer loop
      vertex 59.3787 1.37868 3.8
      vertex 59.181 1.59682 15.8
      vertex 59.181 1.59682 3.8
    endloop
  endfacet
  facet normal -0.740969 -0.671539 0
    outer loop
      vertex 59.181 1.59682 15.8
      vertex 59.3787 1.37868 3.8
      vertex 59.3787 1.37868 15.8
    endloop
  endfacet
  facet normal -0.146742 -0.989175 0
    outer loop
      vertex 60.9147 0.557645 3.8
      vertex 61.2059 0.514446 15.8
      vertex 60.9147 0.557645 15.8
    endloop
  endfacet
  facet normal -0.146742 -0.989175 -0
    outer loop
      vertex 61.2059 0.514446 15.8
      vertex 60.9147 0.557645 3.8
      vertex 61.2059 0.514446 3.8
    endloop
  endfacet
  facet normal -0.904088 -0.427347 0
    outer loop
      vertex 58.8542 2.08581 3.8
      vertex 58.7284 2.35195 15.8
      vertex 58.7284 2.35195 3.8
    endloop
  endfacet
  facet normal -0.904088 -0.427347 0
    outer loop
      vertex 58.7284 2.35195 15.8
      vertex 58.8542 2.08581 3.8
      vertex 58.8542 2.08581 15.8
    endloop
  endfacet
  facet normal -0.671625 0.740891 0
    outer loop
      vertex 59.5968 5.81903 3.8
      vertex 59.3787 5.62132 15.8
      vertex 59.5968 5.81903 15.8
    endloop
  endfacet
  facet normal -0.671625 0.740891 0
    outer loop
      vertex 59.3787 5.62132 15.8
      vertex 59.5968 5.81903 3.8
      vertex 59.3787 5.62132 3.8
    endloop
  endfacet
  facet normal -0.969978 -0.243191 0
    outer loop
      vertex 58.6292 2.62915 3.8
      vertex 58.5576 2.91473 15.8
      vertex 58.5576 2.91473 3.8
    endloop
  endfacet
  facet normal -0.969978 -0.243191 0
    outer loop
      vertex 58.5576 2.91473 15.8
      vertex 58.6292 2.62915 3.8
      vertex 58.6292 2.62915 15.8
    endloop
  endfacet
  facet normal 0.242964 -0.970035 0
    outer loop
      vertex 62.0853 0.557645 3.8
      vertex 62.3709 0.629179 15.8
      vertex 62.0853 0.557645 15.8
    endloop
  endfacet
  facet normal 0.242964 -0.970035 0
    outer loop
      vertex 62.3709 0.629179 15.8
      vertex 62.0853 0.557645 3.8
      vertex 62.3709 0.629179 3.8
    endloop
  endfacet
  facet normal -0.969978 0.243191 0
    outer loop
      vertex 58.5576 4.08527 3.8
      vertex 58.6292 4.37085 15.8
      vertex 58.6292 4.37085 3.8
    endloop
  endfacet
  facet normal -0.969978 0.243191 0
    outer loop
      vertex 58.6292 4.37085 15.8
      vertex 58.5576 4.08527 3.8
      vertex 58.5576 4.08527 15.8
    endloop
  endfacet
  facet normal -0.427491 0.90402 0
    outer loop
      vertex 60.352 6.27164 3.8
      vertex 60.0858 6.14576 15.8
      vertex 60.352 6.27164 15.8
    endloop
  endfacet
  facet normal -0.427491 0.90402 0
    outer loop
      vertex 60.0858 6.14576 15.8
      vertex 60.352 6.27164 3.8
      vertex 60.0858 6.14576 3.8
    endloop
  endfacet
  facet normal -0.740969 0.671539 0
    outer loop
      vertex 59.181 5.40318 3.8
      vertex 59.3787 5.62132 15.8
      vertex 59.3787 5.62132 3.8
    endloop
  endfacet
  facet normal -0.740969 0.671539 0
    outer loop
      vertex 59.3787 5.62132 15.8
      vertex 59.181 5.40318 3.8
      vertex 59.181 5.40318 15.8
    endloop
  endfacet
  facet normal 0.427491 0.90402 -0
    outer loop
      vertex 62.9142 6.14576 3.8
      vertex 62.648 6.27164 15.8
      vertex 62.9142 6.14576 15.8
    endloop
  endfacet
  facet normal 0.427491 0.90402 0
    outer loop
      vertex 62.648 6.27164 15.8
      vertex 62.9142 6.14576 3.8
      vertex 62.648 6.27164 3.8
    endloop
  endfacet
  facet normal 0.0490738 0.998795 -0
    outer loop
      vertex 61.7941 6.48555 3.8
      vertex 61.5 6.5 15.8
      vertex 61.7941 6.48555 15.8
    endloop
  endfacet
  facet normal 0.0490738 0.998795 0
    outer loop
      vertex 61.5 6.5 15.8
      vertex 61.7941 6.48555 3.8
      vertex 61.5 6.5 3.8
    endloop
  endfacet
  facet normal -0.989176 0.146736 0
    outer loop
      vertex 58.5144 3.79405 3.8
      vertex 58.5576 4.08527 15.8
      vertex 58.5576 4.08527 3.8
    endloop
  endfacet
  facet normal -0.989176 0.146736 0
    outer loop
      vertex 58.5576 4.08527 15.8
      vertex 58.5144 3.79405 3.8
      vertex 58.5144 3.79405 15.8
    endloop
  endfacet
  facet normal 0.595655 0.803241 -0
    outer loop
      vertex 63.4032 5.81903 3.8
      vertex 63.1667 5.99441 15.8
      vertex 63.4032 5.81903 15.8
    endloop
  endfacet
  facet normal 0.595655 0.803241 0
    outer loop
      vertex 63.1667 5.99441 15.8
      vertex 63.4032 5.81903 3.8
      vertex 63.1667 5.99441 3.8
    endloop
  endfacet
  facet normal 0 0 1
    outer loop
      vertex 62.55 3.5 15.8
      vertex 64.5 3.5 15.8
      vertex 64.4855 3.79405 15.8
    endloop
  endfacet
  facet normal 0 0 1
    outer loop
      vertex 62.5449 3.60292 15.8
      vertex 64.4855 3.79405 15.8
      vertex 64.4424 4.08527 15.8
    endloop
  endfacet
  facet normal 0 0 1
    outer loop
      vertex 64.5 3.5 15.8
      vertex 62.55 3.5 15.8
      vertex 64.4855 3.20595 15.8
    endloop
  endfacet
  facet normal 0 0 1
    outer loop
      vertex 62.5298 3.70485 15.8
      vertex 64.4424 4.08527 15.8
      vertex 64.3708 4.37085 15.8
    endloop
  endfacet
  facet normal -0 0 1
    outer loop
      vertex 62.5449 3.39708 15.8
      vertex 64.4855 3.20595 15.8
      vertex 62.55 3.5 15.8
    endloop
  endfacet
  facet normal 0 0 1
    outer loop
      vertex 62.5048 3.8048 15.8
      vertex 64.3708 4.37085 15.8
      vertex 64.2716 4.64805 15.8
    endloop
  endfacet
  facet normal 0 0 1
    outer loop
      vertex 64.4855 3.20595 15.8
      vertex 62.5449 3.39708 15.8
      vertex 64.4424 2.91473 15.8
    endloop
  endfacet
  facet normal 0 0 1
    outer loop
      vertex 62.4701 3.90182 15.8
      vertex 64.2716 4.64805 15.8
      vertex 64.1458 4.91419 15.8
    endloop
  endfacet
  facet normal -0 0 1
    outer loop
      vertex 62.5298 3.29516 15.8
      vertex 64.4424 2.91473 15.8
      vertex 62.5449 3.39708 15.8
    endloop
  endfacet
  facet normal 0 0 1
    outer loop
      vertex 62.426 3.99497 15.8
      vertex 64.1458 4.91419 15.8
      vertex 63.9944 5.16671 15.8
    endloop
  endfacet
  facet normal 0 0 1
    outer loop
      vertex 64.4424 2.91473 15.8
      vertex 62.5298 3.29516 15.8
      vertex 64.3708 2.62915 15.8
    endloop
  endfacet
  facet normal 0 0 1
    outer loop
      vertex 62.373 4.08335 15.8
      vertex 63.9944 5.16671 15.8
      vertex 63.819 5.40318 15.8
    endloop
  endfacet
  facet normal -0 0 1
    outer loop
      vertex 62.5048 3.1952 15.8
      vertex 64.3708 2.62915 15.8
      vertex 62.5298 3.29516 15.8
    endloop
  endfacet
  facet normal 0 0 1
    outer loop
      vertex 62.3117 4.16611 15.8
      vertex 63.819 5.40318 15.8
      vertex 63.6213 5.62132 15.8
    endloop
  endfacet
  facet normal 0 0 1
    outer loop
      vertex 64.3708 2.62915 15.8
      vertex 62.5048 3.1952 15.8
      vertex 64.2716 2.35195 15.8
    endloop
  endfacet
  facet normal 0 0 1
    outer loop
      vertex 62.2425 4.24246 15.8
      vertex 63.6213 5.62132 15.8
      vertex 63.4032 5.81903 15.8
    endloop
  endfacet
  facet normal -0 0 1
    outer loop
      vertex 62.4701 3.09818 15.8
      vertex 64.2716 2.35195 15.8
      vertex 62.5048 3.1952 15.8
    endloop
  endfacet
  facet normal 0 0 1
    outer loop
      vertex 62.1661 4.31166 15.8
      vertex 63.4032 5.81903 15.8
      vertex 63.1667 5.99441 15.8
    endloop
  endfacet
  facet normal 0 0 1
    outer loop
      vertex 64.2716 2.35195 15.8
      vertex 62.4701 3.09818 15.8
      vertex 64.1458 2.08581 15.8
    endloop
  endfacet
  facet normal 0 0 1
    outer loop
      vertex 62.0833 4.37304 15.8
      vertex 63.1667 5.99441 15.8
      vertex 62.9142 6.14576 15.8
    endloop
  endfacet
  facet normal -0 0 1
    outer loop
      vertex 62.426 3.00503 15.8
      vertex 64.1458 2.08581 15.8
      vertex 62.4701 3.09818 15.8
    endloop
  endfacet
  facet normal 0 0 1
    outer loop
      vertex 61.995 4.42602 15.8
      vertex 62.9142 6.14576 15.8
      vertex 62.648 6.27164 15.8
    endloop
  endfacet
  facet normal 0 0 1
    outer loop
      vertex 64.1458 2.08581 15.8
      vertex 62.426 3.00503 15.8
      vertex 63.9944 1.83329 15.8
    endloop
  endfacet
  facet normal -0 0 1
    outer loop
      vertex 62.373 2.91665 15.8
      vertex 63.9944 1.83329 15.8
      vertex 62.426 3.00503 15.8
    endloop
  endfacet
  facet normal 0 0 1
    outer loop
      vertex 64.4855 3.79405 15.8
      vertex 62.5449 3.60292 15.8
      vertex 62.55 3.5 15.8
    endloop
  endfacet
  facet normal 0 0 1
    outer loop
      vertex 64.4424 4.08527 15.8
      vertex 62.5298 3.70485 15.8
      vertex 62.5449 3.60292 15.8
    endloop
  endfacet
  facet normal 0 0 1
    outer loop
      vertex 64.3708 4.37085 15.8
      vertex 62.5048 3.8048 15.8
      vertex 62.5298 3.70485 15.8
    endloop
  endfacet
  facet normal 0 0 1
    outer loop
      vertex 64.2716 4.64805 15.8
      vertex 62.4701 3.90182 15.8
      vertex 62.5048 3.8048 15.8
    endloop
  endfacet
  facet normal 0 0 1
    outer loop
      vertex 64.1458 4.91419 15.8
      vertex 62.426 3.99497 15.8
      vertex 62.4701 3.90182 15.8
    endloop
  endfacet
  facet normal 0 0 1
    outer loop
      vertex 63.9944 5.16671 15.8
      vertex 62.373 4.08335 15.8
      vertex 62.426 3.99497 15.8
    endloop
  endfacet
  facet normal 0 0 1
    outer loop
      vertex 61.9018 4.47007 15.8
      vertex 62.648 6.27164 15.8
      vertex 62.3709 6.37082 15.8
    endloop
  endfacet
  facet normal 0 0 1
    outer loop
      vertex 63.819 5.40318 15.8
      vertex 62.3117 4.16611 15.8
      vertex 62.373 4.08335 15.8
    endloop
  endfacet
  facet normal 0 0 1
    outer loop
      vertex 63.6213 5.62132 15.8
      vertex 62.2425 4.24246 15.8
      vertex 62.3117 4.16611 15.8
    endloop
  endfacet
  facet normal 0 0 1
    outer loop
      vertex 63.4032 5.81903 15.8
      vertex 62.1661 4.31166 15.8
      vertex 62.2425 4.24246 15.8
    endloop
  endfacet
  facet normal 0 0 1
    outer loop
      vertex 61.8048 4.50479 15.8
      vertex 62.3709 6.37082 15.8
      vertex 62.0853 6.44236 15.8
    endloop
  endfacet
  facet normal 0 0 1
    outer loop
      vertex 63.1667 5.99441 15.8
      vertex 62.0833 4.37304 15.8
      vertex 62.1661 4.31166 15.8
    endloop
  endfacet
  facet normal 0 0 1
    outer loop
      vertex 62.9142 6.14576 15.8
      vertex 61.995 4.42602 15.8
      vertex 62.0833 4.37304 15.8
    endloop
  endfacet
  facet normal 0 0 1
    outer loop
      vertex 62.648 6.27164 15.8
      vertex 61.9018 4.47007 15.8
      vertex 61.995 4.42602 15.8
    endloop
  endfacet
  facet normal 0 0 1
    outer loop
      vertex 62.3709 6.37082 15.8
      vertex 61.8048 4.50479 15.8
      vertex 61.9018 4.47007 15.8
    endloop
  endfacet
  facet normal 0 0 1
    outer loop
      vertex 61.7048 4.52983 15.8
      vertex 62.0853 6.44236 15.8
      vertex 61.7941 6.48555 15.8
    endloop
  endfacet
  facet normal 0 0 1
    outer loop
      vertex 62.0853 6.44236 15.8
      vertex 61.7048 4.52983 15.8
      vertex 61.8048 4.50479 15.8
    endloop
  endfacet
  facet normal 0 0 1
    outer loop
      vertex 61.7941 6.48555 15.8
      vertex 61.6029 4.54494 15.8
      vertex 61.7048 4.52983 15.8
    endloop
  endfacet
  facet normal 0 0 1
    outer loop
      vertex 61.5 6.5 15.8
      vertex 61.6029 4.54494 15.8
      vertex 61.7941 6.48555 15.8
    endloop
  endfacet
  facet normal 0 0 1
    outer loop
      vertex 61.5 6.5 15.8
      vertex 61.5 4.55 15.8
      vertex 61.6029 4.54494 15.8
    endloop
  endfacet
  facet normal 0 0 1
    outer loop
      vertex 61.5 6.5 15.8
      vertex 61.3971 4.54494 15.8
      vertex 61.5 4.55 15.8
    endloop
  endfacet
  facet normal -0 0 1
    outer loop
      vertex 61.2059 6.48555 15.8
      vertex 61.3971 4.54494 15.8
      vertex 61.5 6.5 15.8
    endloop
  endfacet
  facet normal 0 0 1
    outer loop
      vertex 61.3971 4.54494 15.8
      vertex 61.2059 6.48555 15.8
      vertex 61.2952 4.52983 15.8
    endloop
  endfacet
  facet normal -0 0 1
    outer loop
      vertex 60.9147 6.44236 15.8
      vertex 61.2952 4.52983 15.8
      vertex 61.2059 6.48555 15.8
    endloop
  endfacet
  facet normal 0 0 1
    outer loop
      vertex 61.2952 4.52983 15.8
      vertex 60.9147 6.44236 15.8
      vertex 61.1952 4.50479 15.8
    endloop
  endfacet
  facet normal -0 0 1
    outer loop
      vertex 60.6291 6.37082 15.8
      vertex 61.1952 4.50479 15.8
      vertex 60.9147 6.44236 15.8
    endloop
  endfacet
  facet normal 0 0 1
    outer loop
      vertex 61.1952 4.50479 15.8
      vertex 60.6291 6.37082 15.8
      vertex 61.0982 4.47007 15.8
    endloop
  endfacet
  facet normal -0 0 1
    outer loop
      vertex 60.352 6.27164 15.8
      vertex 61.0982 4.47007 15.8
      vertex 60.6291 6.37082 15.8
    endloop
  endfacet
  facet normal 0 0 1
    outer loop
      vertex 61.0982 4.47007 15.8
      vertex 60.352 6.27164 15.8
      vertex 61.005 4.42602 15.8
    endloop
  endfacet
  facet normal -0 0 1
    outer loop
      vertex 60.0858 6.14576 15.8
      vertex 61.005 4.42602 15.8
      vertex 60.352 6.27164 15.8
    endloop
  endfacet
  facet normal 0 0 1
    outer loop
      vertex 61.005 4.42602 15.8
      vertex 60.0858 6.14576 15.8
      vertex 60.9166 4.37304 15.8
    endloop
  endfacet
  facet normal -0 0 1
    outer loop
      vertex 59.8333 5.99441 15.8
      vertex 60.9166 4.37304 15.8
      vertex 60.0858 6.14576 15.8
    endloop
  endfacet
  facet normal 0 0 1
    outer loop
      vertex 60.9166 4.37304 15.8
      vertex 59.8333 5.99441 15.8
      vertex 60.8339 4.31166 15.8
    endloop
  endfacet
  facet normal -0 0 1
    outer loop
      vertex 59.5968 5.81903 15.8
      vertex 60.8339 4.31166 15.8
      vertex 59.8333 5.99441 15.8
    endloop
  endfacet
  facet normal 0 0 1
    outer loop
      vertex 60.8339 4.31166 15.8
      vertex 59.5968 5.81903 15.8
      vertex 60.7575 4.24246 15.8
    endloop
  endfacet
  facet normal -0 0 1
    outer loop
      vertex 59.3787 5.62132 15.8
      vertex 60.7575 4.24246 15.8
      vertex 59.5968 5.81903 15.8
    endloop
  endfacet
  facet normal 0 0 1
    outer loop
      vertex 60.7575 4.24246 15.8
      vertex 59.3787 5.62132 15.8
      vertex 60.6883 4.16611 15.8
    endloop
  endfacet
  facet normal -0 0 1
    outer loop
      vertex 59.181 5.40318 15.8
      vertex 60.6883 4.16611 15.8
      vertex 59.3787 5.62132 15.8
    endloop
  endfacet
  facet normal -0 0 1
    outer loop
      vertex 59.0056 5.16671 15.8
      vertex 60.627 4.08335 15.8
      vertex 59.181 5.40318 15.8
    endloop
  endfacet
  facet normal 0 0 1
    outer loop
      vertex 60.6883 4.16611 15.8
      vertex 59.181 5.40318 15.8
      vertex 60.627 4.08335 15.8
    endloop
  endfacet
  facet normal 0 0 1
    outer loop
      vertex 63.9944 1.83329 15.8
      vertex 62.373 2.91665 15.8
      vertex 63.819 1.59682 15.8
    endloop
  endfacet
  facet normal -0 0 1
    outer loop
      vertex 62.3117 2.83389 15.8
      vertex 63.819 1.59682 15.8
      vertex 62.373 2.91665 15.8
    endloop
  endfacet
  facet normal 0 0 1
    outer loop
      vertex 63.819 1.59682 15.8
      vertex 62.3117 2.83389 15.8
      vertex 63.6213 1.37868 15.8
    endloop
  endfacet
  facet normal -0 0 1
    outer loop
      vertex 62.2425 2.75754 15.8
      vertex 63.6213 1.37868 15.8
      vertex 62.3117 2.83389 15.8
    endloop
  endfacet
  facet normal 0 0 1
    outer loop
      vertex 63.6213 1.37868 15.8
      vertex 62.2425 2.75754 15.8
      vertex 63.4032 1.18097 15.8
    endloop
  endfacet
  facet normal -0 0 1
    outer loop
      vertex 62.1661 2.68834 15.8
      vertex 63.4032 1.18097 15.8
      vertex 62.2425 2.75754 15.8
    endloop
  endfacet
  facet normal 0 0 1
    outer loop
      vertex 63.4032 1.18097 15.8
      vertex 62.1661 2.68834 15.8
      vertex 63.1667 1.00559 15.8
    endloop
  endfacet
  facet normal -0 0 1
    outer loop
      vertex 62.0833 2.62696 15.8
      vertex 63.1667 1.00559 15.8
      vertex 62.1661 2.68834 15.8
    endloop
  endfacet
  facet normal 0 0 1
    outer loop
      vertex 63.1667 1.00559 15.8
      vertex 62.0833 2.62696 15.8
      vertex 62.9142 0.854237 15.8
    endloop
  endfacet
  facet normal -0 0 1
    outer loop
      vertex 61.995 2.57398 15.8
      vertex 62.9142 0.854237 15.8
      vertex 62.0833 2.62696 15.8
    endloop
  endfacet
  facet normal 0 0 1
    outer loop
      vertex 62.9142 0.854237 15.8
      vertex 61.995 2.57398 15.8
      vertex 62.648 0.728362 15.8
    endloop
  endfacet
  facet normal -0 0 1
    outer loop
      vertex 61.9018 2.52993 15.8
      vertex 62.648 0.728362 15.8
      vertex 61.995 2.57398 15.8
    endloop
  endfacet
  facet normal 0 0 1
    outer loop
      vertex 62.648 0.728362 15.8
      vertex 61.9018 2.52993 15.8
      vertex 62.3709 0.629179 15.8
    endloop
  endfacet
  facet normal -0 0 1
    outer loop
      vertex 61.8048 2.49521 15.8
      vertex 62.3709 0.629179 15.8
      vertex 61.9018 2.52993 15.8
    endloop
  endfacet
  facet normal 0 0 1
    outer loop
      vertex 62.3709 0.629179 15.8
      vertex 61.8048 2.49521 15.8
      vertex 62.0853 0.557645 15.8
    endloop
  endfacet
  facet normal -0 0 1
    outer loop
      vertex 61.7048 2.47018 15.8
      vertex 62.0853 0.557645 15.8
      vertex 61.8048 2.49521 15.8
    endloop
  endfacet
  facet normal 0 0 1
    outer loop
      vertex 62.0853 0.557645 15.8
      vertex 61.7048 2.47018 15.8
      vertex 61.7941 0.514446 15.8
    endloop
  endfacet
  facet normal -0 0 1
    outer loop
      vertex 61.6029 2.45506 15.8
      vertex 61.7941 0.514446 15.8
      vertex 61.7048 2.47018 15.8
    endloop
  endfacet
  facet normal -0 0 1
    outer loop
      vertex 61.5 2.45 15.8
      vertex 61.7941 0.514446 15.8
      vertex 61.6029 2.45506 15.8
    endloop
  endfacet
  facet normal 0 0 1
    outer loop
      vertex 61.5 2.45 15.8
      vertex 61.5 0.5 15.8
      vertex 61.7941 0.514446 15.8
    endloop
  endfacet
  facet normal 0 0 1
    outer loop
      vertex 61.3971 2.45506 15.8
      vertex 61.5 0.5 15.8
      vertex 61.5 2.45 15.8
    endloop
  endfacet
  facet normal 0 0 1
    outer loop
      vertex 61.2059 0.514446 15.8
      vertex 61.3971 2.45506 15.8
      vertex 61.2952 2.47018 15.8
    endloop
  endfacet
  facet normal 0 0 1
    outer loop
      vertex 61.3971 2.45506 15.8
      vertex 61.2059 0.514446 15.8
      vertex 61.5 0.5 15.8
    endloop
  endfacet
  facet normal 0 0 1
    outer loop
      vertex 60.9147 0.557645 15.8
      vertex 61.2952 2.47018 15.8
      vertex 61.1952 2.49521 15.8
    endloop
  endfacet
  facet normal 0 0 1
    outer loop
      vertex 60.6291 0.629179 15.8
      vertex 61.1952 2.49521 15.8
      vertex 61.0982 2.52993 15.8
    endloop
  endfacet
  facet normal 0 0 1
    outer loop
      vertex 60.352 0.728362 15.8
      vertex 61.0982 2.52993 15.8
      vertex 61.005 2.57398 15.8
    endloop
  endfacet
  facet normal 0 0 1
    outer loop
      vertex 60.0858 0.854237 15.8
      vertex 61.005 2.57398 15.8
      vertex 60.9166 2.62696 15.8
    endloop
  endfacet
  facet normal 0 0 1
    outer loop
      vertex 61.2952 2.47018 15.8
      vertex 60.9147 0.557645 15.8
      vertex 61.2059 0.514446 15.8
    endloop
  endfacet
  facet normal 0 0 1
    outer loop
      vertex 59.8333 1.00559 15.8
      vertex 60.9166 2.62696 15.8
      vertex 60.8339 2.68834 15.8
    endloop
  endfacet
  facet normal 0 0 1
    outer loop
      vertex 59.5968 1.18097 15.8
      vertex 60.8339 2.68834 15.8
      vertex 60.7575 2.75754 15.8
    endloop
  endfacet
  facet normal 0 0 1
    outer loop
      vertex 59.3787 1.37868 15.8
      vertex 60.7575 2.75754 15.8
      vertex 60.6883 2.83389 15.8
    endloop
  endfacet
  facet normal 0 0 1
    outer loop
      vertex 61.1952 2.49521 15.8
      vertex 60.6291 0.629179 15.8
      vertex 60.9147 0.557645 15.8
    endloop
  endfacet
  facet normal 0 0 1
    outer loop
      vertex 59.181 1.59682 15.8
      vertex 60.6883 2.83389 15.8
      vertex 60.627 2.91665 15.8
    endloop
  endfacet
  facet normal 0 0 1
    outer loop
      vertex 59.0056 1.83329 15.8
      vertex 60.627 2.91665 15.8
      vertex 60.574 3.00503 15.8
    endloop
  endfacet
  facet normal 0 0 1
    outer loop
      vertex 58.8542 2.08581 15.8
      vertex 60.574 3.00503 15.8
      vertex 60.5299 3.09818 15.8
    endloop
  endfacet
  facet normal 0 0 1
    outer loop
      vertex 58.7284 2.35195 15.8
      vertex 60.5299 3.09818 15.8
      vertex 60.4952 3.1952 15.8
    endloop
  endfacet
  facet normal 0 0 1
    outer loop
      vertex 58.6292 2.62915 15.8
      vertex 60.4952 3.1952 15.8
      vertex 60.4702 3.29516 15.8
    endloop
  endfacet
  facet normal 0 0 1
    outer loop
      vertex 58.5576 2.91473 15.8
      vertex 60.4702 3.29516 15.8
      vertex 60.4551 3.39708 15.8
    endloop
  endfacet
  facet normal 0 0 1
    outer loop
      vertex 61.0982 2.52993 15.8
      vertex 60.352 0.728362 15.8
      vertex 60.6291 0.629179 15.8
    endloop
  endfacet
  facet normal 0 0 1
    outer loop
      vertex 58.5144 3.20595 15.8
      vertex 60.4551 3.39708 15.8
      vertex 60.45 3.5 15.8
    endloop
  endfacet
  facet normal 0 0 1
    outer loop
      vertex 60.627 4.08335 15.8
      vertex 59.0056 5.16671 15.8
      vertex 60.574 3.99497 15.8
    endloop
  endfacet
  facet normal -0 0 1
    outer loop
      vertex 58.8542 4.91419 15.8
      vertex 60.574 3.99497 15.8
      vertex 59.0056 5.16671 15.8
    endloop
  endfacet
  facet normal 0 0 1
    outer loop
      vertex 61.005 2.57398 15.8
      vertex 60.0858 0.854237 15.8
      vertex 60.352 0.728362 15.8
    endloop
  endfacet
  facet normal 0 0 1
    outer loop
      vertex 60.574 3.99497 15.8
      vertex 58.8542 4.91419 15.8
      vertex 60.5299 3.90182 15.8
    endloop
  endfacet
  facet normal 0 0 1
    outer loop
      vertex 60.9166 2.62696 15.8
      vertex 59.8333 1.00559 15.8
      vertex 60.0858 0.854237 15.8
    endloop
  endfacet
  facet normal -0 0 1
    outer loop
      vertex 58.7284 4.64805 15.8
      vertex 60.5299 3.90182 15.8
      vertex 58.8542 4.91419 15.8
    endloop
  endfacet
  facet normal 0 0 1
    outer loop
      vertex 60.8339 2.68834 15.8
      vertex 59.5968 1.18097 15.8
      vertex 59.8333 1.00559 15.8
    endloop
  endfacet
  facet normal 0 0 1
    outer loop
      vertex 60.5299 3.90182 15.8
      vertex 58.7284 4.64805 15.8
      vertex 60.4952 3.8048 15.8
    endloop
  endfacet
  facet normal 0 0 1
    outer loop
      vertex 60.7575 2.75754 15.8
      vertex 59.3787 1.37868 15.8
      vertex 59.5968 1.18097 15.8
    endloop
  endfacet
  facet normal -0 0 1
    outer loop
      vertex 58.6292 4.37085 15.8
      vertex 60.4952 3.8048 15.8
      vertex 58.7284 4.64805 15.8
    endloop
  endfacet
  facet normal 0 0 1
    outer loop
      vertex 60.6883 2.83389 15.8
      vertex 59.181 1.59682 15.8
      vertex 59.3787 1.37868 15.8
    endloop
  endfacet
  facet normal 0 0 1
    outer loop
      vertex 60.4952 3.8048 15.8
      vertex 58.6292 4.37085 15.8
      vertex 60.4702 3.70485 15.8
    endloop
  endfacet
  facet normal 0 0 1
    outer loop
      vertex 60.627 2.91665 15.8
      vertex 59.0056 1.83329 15.8
      vertex 59.181 1.59682 15.8
    endloop
  endfacet
  facet normal -0 0 1
    outer loop
      vertex 58.5576 4.08527 15.8
      vertex 60.4702 3.70485 15.8
      vertex 58.6292 4.37085 15.8
    endloop
  endfacet
  facet normal 0 0 1
    outer loop
      vertex 60.574 3.00503 15.8
      vertex 58.8542 2.08581 15.8
      vertex 59.0056 1.83329 15.8
    endloop
  endfacet
  facet normal 0 0 1
    outer loop
      vertex 60.4702 3.70485 15.8
      vertex 58.5576 4.08527 15.8
      vertex 60.4551 3.60292 15.8
    endloop
  endfacet
  facet normal 0 0 1
    outer loop
      vertex 60.5299 3.09818 15.8
      vertex 58.7284 2.35195 15.8
      vertex 58.8542 2.08581 15.8
    endloop
  endfacet
  facet normal -0 0 1
    outer loop
      vertex 58.5144 3.79405 15.8
      vertex 60.4551 3.60292 15.8
      vertex 58.5576 4.08527 15.8
    endloop
  endfacet
  facet normal 0 0 1
    outer loop
      vertex 60.4952 3.1952 15.8
      vertex 58.6292 2.62915 15.8
      vertex 58.7284 2.35195 15.8
    endloop
  endfacet
  facet normal 0 0 1
    outer loop
      vertex 60.4551 3.60292 15.8
      vertex 58.5144 3.79405 15.8
      vertex 60.45 3.5 15.8
    endloop
  endfacet
  facet normal 0 0 1
    outer loop
      vertex 60.4702 3.29516 15.8
      vertex 58.5576 2.91473 15.8
      vertex 58.6292 2.62915 15.8
    endloop
  endfacet
  facet normal 0 0 1
    outer loop
      vertex 58.5 3.5 15.8
      vertex 60.45 3.5 15.8
      vertex 58.5144 3.79405 15.8
    endloop
  endfacet
  facet normal 0 0 1
    outer loop
      vertex 60.4551 3.39708 15.8
      vertex 58.5144 3.20595 15.8
      vertex 58.5576 2.91473 15.8
    endloop
  endfacet
  facet normal 0 0 1
    outer loop
      vertex 60.45 3.5 15.8
      vertex 58.5 3.5 15.8
      vertex 58.5144 3.20595 15.8
    endloop
  endfacet
  facet normal -0.803172 0.595747 0
    outer loop
      vertex 59.0056 5.16671 3.8
      vertex 59.181 5.40318 15.8
      vertex 59.181 5.40318 3.8
    endloop
  endfacet
  facet normal -0.803172 0.595747 0
    outer loop
      vertex 59.181 5.40318 15.8
      vertex 59.0056 5.16671 3.8
      vertex 59.0056 5.16671 15.8
    endloop
  endfacet
  facet normal -0.998803 -0.0489126 0
    outer loop
      vertex 58.5144 3.20595 3.8
      vertex 58.5 3.5 15.8
      vertex 58.5 3.5 3.8
    endloop
  endfacet
  facet normal -0.998803 -0.0489126 0
    outer loop
      vertex 58.5 3.5 15.8
      vertex 58.5144 3.20595 3.8
      vertex 58.5144 3.20595 15.8
    endloop
  endfacet
  facet normal 0.740969 0.671539 0
    outer loop
      vertex 63.819 5.40318 15.8
      vertex 63.6213 5.62132 3.8
      vertex 63.6213 5.62132 15.8
    endloop
  endfacet
  facet normal 0.740969 0.671539 0
    outer loop
      vertex 63.6213 5.62132 3.8
      vertex 63.819 5.40318 15.8
      vertex 63.819 5.40318 3.8
    endloop
  endfacet
  facet normal -0.98917 0.146774 0
    outer loop
      vertex 4.52982 26.2952 8.8
      vertex 4.54494 26.3971 15.8
      vertex 4.54494 26.3971 8.8
    endloop
  endfacet
  facet normal -0.98917 0.146774 0
    outer loop
      vertex 4.54494 26.3971 15.8
      vertex 4.52982 26.2952 8.8
      vertex 4.52982 26.2952 15.8
    endloop
  endfacet
  facet normal -0.998793 0.0491146 0
    outer loop
      vertex 4.54494 26.3971 8.8
      vertex 4.55 26.5 15.8
      vertex 4.55 26.5 8.8
    endloop
  endfacet
  facet normal -0.998793 0.0491146 0
    outer loop
      vertex 4.55 26.5 15.8
      vertex 4.54494 26.3971 8.8
      vertex 4.54494 26.3971 15.8
    endloop
  endfacet
  facet normal -0.970074 0.24281 0
    outer loop
      vertex 4.50479 26.1952 8.8
      vertex 4.52982 26.2952 15.8
      vertex 4.52982 26.2952 8.8
    endloop
  endfacet
  facet normal -0.970074 0.24281 0
    outer loop
      vertex 4.52982 26.2952 15.8
      vertex 4.50479 26.1952 8.8
      vertex 4.50479 26.1952 15.8
    endloop
  endfacet
  facet normal 0.24265 0.970114 -0
    outer loop
      vertex 3.29515 25.4702 8.8
      vertex 3.1952 25.4952 15.8
      vertex 3.29515 25.4702 15.8
    endloop
  endfacet
  facet normal 0.24265 0.970114 0
    outer loop
      vertex 3.1952 25.4952 15.8
      vertex 3.29515 25.4702 8.8
      vertex 3.1952 25.4952 8.8
    endloop
  endfacet
  facet normal 0.904103 -0.427315 0
    outer loop
      vertex 2.52993 26.9018 15.8
      vertex 2.57398 26.995 8.8
      vertex 2.57398 26.995 15.8
    endloop
  endfacet
  facet normal 0.904103 -0.427315 0
    outer loop
      vertex 2.57398 26.995 8.8
      vertex 2.52993 26.9018 15.8
      vertex 2.52993 26.9018 8.8
    endloop
  endfacet
  facet normal 0.24265 -0.970114 0
    outer loop
      vertex 3.1952 27.5048 8.8
      vertex 3.29515 27.5298 15.8
      vertex 3.1952 27.5048 15.8
    endloop
  endfacet
  facet normal 0.24265 -0.970114 0
    outer loop
      vertex 3.29515 27.5298 15.8
      vertex 3.1952 27.5048 8.8
      vertex 3.29515 27.5298 8.8
    endloop
  endfacet
  facet normal -0.514296 -0.857613 0
    outer loop
      vertex 3.99497 27.426 8.8
      vertex 4.08335 27.373 15.8
      vertex 3.99497 27.426 15.8
    endloop
  endfacet
  facet normal -0.514296 -0.857613 -0
    outer loop
      vertex 4.08335 27.373 15.8
      vertex 3.99497 27.426 8.8
      vertex 4.08335 27.373 8.8
    endloop
  endfacet
  facet normal 0.336767 -0.941588 0
    outer loop
      vertex 3.09818 27.4701 8.8
      vertex 3.1952 27.5048 15.8
      vertex 3.09818 27.4701 15.8
    endloop
  endfacet
  facet normal 0.336767 -0.941588 0
    outer loop
      vertex 3.1952 27.5048 15.8
      vertex 3.09818 27.4701 8.8
      vertex 3.1952 27.5048 8.8
    endloop
  endfacet
  facet normal -0.336767 -0.941588 0
    outer loop
      vertex 3.8048 27.5048 8.8
      vertex 3.90182 27.4701 15.8
      vertex 3.8048 27.5048 15.8
    endloop
  endfacet
  facet normal -0.336767 -0.941588 -0
    outer loop
      vertex 3.90182 27.4701 15.8
      vertex 3.8048 27.5048 8.8
      vertex 3.90182 27.4701 8.8
    endloop
  endfacet
  facet normal 0.671561 0.740949 -0
    outer loop
      vertex 2.83389 25.6883 8.8
      vertex 2.75754 25.7575 15.8
      vertex 2.83389 25.6883 15.8
    endloop
  endfacet
  facet normal 0.671561 0.740949 0
    outer loop
      vertex 2.75754 25.7575 15.8
      vertex 2.83389 25.6883 8.8
      vertex 2.75754 25.7575 8.8
    endloop
  endfacet
  facet normal -0.242627 -0.97012 0
    outer loop
      vertex 3.70484 27.5298 8.8
      vertex 3.8048 27.5048 15.8
      vertex 3.70484 27.5298 15.8
    endloop
  endfacet
  facet normal -0.242627 -0.97012 -0
    outer loop
      vertex 3.8048 27.5048 15.8
      vertex 3.70484 27.5298 8.8
      vertex 3.8048 27.5048 8.8
    endloop
  endfacet
  facet normal 0.857493 0.514496 0
    outer loop
      vertex 2.62696 25.9167 15.8
      vertex 2.57398 26.005 8.8
      vertex 2.57398 26.005 15.8
    endloop
  endfacet
  facet normal 0.857493 0.514496 0
    outer loop
      vertex 2.57398 26.005 8.8
      vertex 2.62696 25.9167 15.8
      vertex 2.62696 25.9167 8.8
    endloop
  endfacet
  facet normal 0.989184 0.146679 0
    outer loop
      vertex 2.47017 26.2952 15.8
      vertex 2.45506 26.3971 8.8
      vertex 2.45506 26.3971 15.8
    endloop
  endfacet
  facet normal 0.989184 0.146679 0
    outer loop
      vertex 2.45506 26.3971 8.8
      vertex 2.47017 26.2952 15.8
      vertex 2.47017 26.2952 8.8
    endloop
  endfacet
  facet normal -0.904103 0.427315 0
    outer loop
      vertex 4.42602 26.005 8.8
      vertex 4.47007 26.0982 15.8
      vertex 4.47007 26.0982 8.8
    endloop
  endfacet
  facet normal -0.904103 0.427315 0
    outer loop
      vertex 4.47007 26.0982 15.8
      vertex 4.42602 26.005 8.8
      vertex 4.42602 26.005 15.8
    endloop
  endfacet
  facet normal -0.803341 -0.59552 0
    outer loop
      vertex 4.37304 27.0833 8.8
      vertex 4.31166 27.1661 15.8
      vertex 4.31166 27.1661 8.8
    endloop
  endfacet
  facet normal -0.803341 -0.59552 0
    outer loop
      vertex 4.31166 27.1661 15.8
      vertex 4.37304 27.0833 8.8
      vertex 4.37304 27.0833 15.8
    endloop
  endfacet
  facet normal 0.595204 0.803574 -0
    outer loop
      vertex 2.91665 25.627 8.8
      vertex 2.83389 25.6883 15.8
      vertex 2.91665 25.627 15.8
    endloop
  endfacet
  facet normal 0.595204 0.803574 0
    outer loop
      vertex 2.83389 25.6883 15.8
      vertex 2.91665 25.627 8.8
      vertex 2.83389 25.6883 8.8
    endloop
  endfacet
  facet normal -0.595204 0.803574 0
    outer loop
      vertex 4.16611 25.6883 8.8
      vertex 4.08335 25.627 15.8
      vertex 4.16611 25.6883 15.8
    endloop
  endfacet
  facet normal -0.595204 0.803574 0
    outer loop
      vertex 4.08335 25.627 15.8
      vertex 4.16611 25.6883 8.8
      vertex 4.08335 25.627 8.8
    endloop
  endfacet
  facet normal -0.146556 0.989202 0
    outer loop
      vertex 3.70484 25.4702 8.8
      vertex 3.60292 25.4551 15.8
      vertex 3.70484 25.4702 15.8
    endloop
  endfacet
  facet normal -0.146556 0.989202 0
    outer loop
      vertex 3.60292 25.4551 15.8
      vertex 3.70484 25.4702 8.8
      vertex 3.60292 25.4551 8.8
    endloop
  endfacet
  facet normal -0.803341 0.59552 0
    outer loop
      vertex 4.31166 25.8339 8.8
      vertex 4.37304 25.9167 15.8
      vertex 4.37304 25.9167 8.8
    endloop
  endfacet
  facet normal -0.803341 0.59552 0
    outer loop
      vertex 4.37304 25.9167 15.8
      vertex 4.31166 25.8339 8.8
      vertex 4.31166 25.8339 15.8
    endloop
  endfacet
  facet normal 0.514296 0.857613 -0
    outer loop
      vertex 3.00503 25.574 8.8
      vertex 2.91665 25.627 15.8
      vertex 3.00503 25.574 15.8
    endloop
  endfacet
  facet normal 0.514296 0.857613 0
    outer loop
      vertex 2.91665 25.627 15.8
      vertex 3.00503 25.574 8.8
      vertex 2.91665 25.627 8.8
    endloop
  endfacet
  facet normal -0.514296 0.857613 0
    outer loop
      vertex 4.08335 25.627 8.8
      vertex 3.99497 25.574 15.8
      vertex 4.08335 25.627 15.8
    endloop
  endfacet
  facet normal -0.514296 0.857613 0
    outer loop
      vertex 3.99497 25.574 15.8
      vertex 4.08335 25.627 8.8
      vertex 3.99497 25.574 8.8
    endloop
  endfacet
  facet normal -0.671561 0.740949 0
    outer loop
      vertex 4.24246 25.7575 8.8
      vertex 4.16611 25.6883 15.8
      vertex 4.24246 25.7575 15.8
    endloop
  endfacet
  facet normal -0.671561 0.740949 0
    outer loop
      vertex 4.16611 25.6883 15.8
      vertex 4.24246 25.7575 8.8
      vertex 4.16611 25.6883 8.8
    endloop
  endfacet
  facet normal 0.941505 -0.337 0
    outer loop
      vertex 2.49521 26.8048 15.8
      vertex 2.52993 26.9018 8.8
      vertex 2.52993 26.9018 15.8
    endloop
  endfacet
  facet normal 0.941505 -0.337 0
    outer loop
      vertex 2.52993 26.9018 8.8
      vertex 2.49521 26.8048 15.8
      vertex 2.49521 26.8048 8.8
    endloop
  endfacet
  facet normal -0.998793 -0.0491146 0
    outer loop
      vertex 4.55 26.5 8.8
      vertex 4.54494 26.6029 15.8
      vertex 4.54494 26.6029 8.8
    endloop
  endfacet
  facet normal -0.998793 -0.0491146 0
    outer loop
      vertex 4.54494 26.6029 15.8
      vertex 4.55 26.5 8.8
      vertex 4.55 26.5 15.8
    endloop
  endfacet
  facet normal 0.427899 0.903827 -0
    outer loop
      vertex 3.09818 25.5299 8.8
      vertex 3.00503 25.574 15.8
      vertex 3.09818 25.5299 15.8
    endloop
  endfacet
  facet normal 0.427899 0.903827 0
    outer loop
      vertex 3.00503 25.574 15.8
      vertex 3.09818 25.5299 8.8
      vertex 3.00503 25.574 8.8
    endloop
  endfacet
  facet normal -0.904103 -0.427315 0
    outer loop
      vertex 4.47007 26.9018 8.8
      vertex 4.42602 26.995 15.8
      vertex 4.42602 26.995 8.8
    endloop
  endfacet
  facet normal -0.904103 -0.427315 0
    outer loop
      vertex 4.42602 26.995 15.8
      vertex 4.47007 26.9018 8.8
      vertex 4.47007 26.9018 15.8
    endloop
  endfacet
  facet normal 0.595204 -0.803574 0
    outer loop
      vertex 2.83389 27.3117 8.8
      vertex 2.91665 27.373 15.8
      vertex 2.83389 27.3117 15.8
    endloop
  endfacet
  facet normal 0.595204 -0.803574 0
    outer loop
      vertex 2.91665 27.373 15.8
      vertex 2.83389 27.3117 8.8
      vertex 2.91665 27.373 8.8
    endloop
  endfacet
  facet normal 0.803341 0.59552 0
    outer loop
      vertex 2.68834 25.8339 15.8
      vertex 2.62696 25.9167 8.8
      vertex 2.62696 25.9167 15.8
    endloop
  endfacet
  facet normal 0.803341 0.59552 0
    outer loop
      vertex 2.62696 25.9167 8.8
      vertex 2.68834 25.8339 15.8
      vertex 2.68834 25.8339 8.8
    endloop
  endfacet
  facet normal 0.941505 0.337 0
    outer loop
      vertex 2.52993 26.0982 15.8
      vertex 2.49521 26.1952 8.8
      vertex 2.49521 26.1952 15.8
    endloop
  endfacet
  facet normal 0.941505 0.337 0
    outer loop
      vertex 2.49521 26.1952 8.8
      vertex 2.52993 26.0982 15.8
      vertex 2.52993 26.0982 8.8
    endloop
  endfacet
  facet normal -0.857493 0.514496 0
    outer loop
      vertex 4.37304 25.9167 8.8
      vertex 4.42602 26.005 15.8
      vertex 4.42602 26.005 8.8
    endloop
  endfacet
  facet normal -0.857493 0.514496 0
    outer loop
      vertex 4.42602 26.005 15.8
      vertex 4.37304 25.9167 8.8
      vertex 4.37304 25.9167 15.8
    endloop
  endfacet
  facet normal -0.941505 0.337 0
    outer loop
      vertex 4.47007 26.0982 8.8
      vertex 4.50479 26.1952 15.8
      vertex 4.50479 26.1952 8.8
    endloop
  endfacet
  facet normal -0.941505 0.337 0
    outer loop
      vertex 4.50479 26.1952 15.8
      vertex 4.47007 26.0982 8.8
      vertex 4.47007 26.0982 15.8
    endloop
  endfacet
  facet normal 0 0 1
    outer loop
      vertex 4.54494 26.6029 8.8
      vertex 4.54494 26.3971 8.8
      vertex 4.55 26.5 8.8
    endloop
  endfacet
  facet normal 0 0 1
    outer loop
      vertex 4.52982 26.7048 8.8
      vertex 4.54494 26.3971 8.8
      vertex 4.54494 26.6029 8.8
    endloop
  endfacet
  facet normal 0 0 1
    outer loop
      vertex 4.52982 26.7048 8.8
      vertex 4.52982 26.2952 8.8
      vertex 4.54494 26.3971 8.8
    endloop
  endfacet
  facet normal 0 0 1
    outer loop
      vertex 4.50479 26.8048 8.8
      vertex 4.52982 26.2952 8.8
      vertex 4.52982 26.7048 8.8
    endloop
  endfacet
  facet normal 0 0 1
    outer loop
      vertex 4.50479 26.8048 8.8
      vertex 4.50479 26.1952 8.8
      vertex 4.52982 26.2952 8.8
    endloop
  endfacet
  facet normal 0 0 1
    outer loop
      vertex 4.47007 26.9018 8.8
      vertex 4.50479 26.1952 8.8
      vertex 4.50479 26.8048 8.8
    endloop
  endfacet
  facet normal 0 0 1
    outer loop
      vertex 4.47007 26.9018 8.8
      vertex 4.47007 26.0982 8.8
      vertex 4.50479 26.1952 8.8
    endloop
  endfacet
  facet normal 0 0 1
    outer loop
      vertex 4.42602 26.995 8.8
      vertex 4.47007 26.0982 8.8
      vertex 4.47007 26.9018 8.8
    endloop
  endfacet
  facet normal 0 0 1
    outer loop
      vertex 4.42602 26.995 8.8
      vertex 4.42602 26.005 8.8
      vertex 4.47007 26.0982 8.8
    endloop
  endfacet
  facet normal 0 0 1
    outer loop
      vertex 4.37304 27.0833 8.8
      vertex 4.42602 26.005 8.8
      vertex 4.42602 26.995 8.8
    endloop
  endfacet
  facet normal 0 0 1
    outer loop
      vertex 4.37304 27.0833 8.8
      vertex 4.37304 25.9167 8.8
      vertex 4.42602 26.005 8.8
    endloop
  endfacet
  facet normal 0 0 1
    outer loop
      vertex 4.31166 27.1661 8.8
      vertex 4.37304 25.9167 8.8
      vertex 4.37304 27.0833 8.8
    endloop
  endfacet
  facet normal 0 0 1
    outer loop
      vertex 4.31166 27.1661 8.8
      vertex 4.31166 25.8339 8.8
      vertex 4.37304 25.9167 8.8
    endloop
  endfacet
  facet normal 0 0 1
    outer loop
      vertex 4.24246 27.2425 8.8
      vertex 4.31166 25.8339 8.8
      vertex 4.31166 27.1661 8.8
    endloop
  endfacet
  facet normal 0 0 1
    outer loop
      vertex 4.24246 27.2425 8.8
      vertex 4.24246 25.7575 8.8
      vertex 4.31166 25.8339 8.8
    endloop
  endfacet
  facet normal 0 0 1
    outer loop
      vertex 4.16611 27.3117 8.8
      vertex 4.24246 25.7575 8.8
      vertex 4.24246 27.2425 8.8
    endloop
  endfacet
  facet normal 0 0 1
    outer loop
      vertex 4.16611 27.3117 8.8
      vertex 4.16611 25.6883 8.8
      vertex 4.24246 25.7575 8.8
    endloop
  endfacet
  facet normal 0 0 1
    outer loop
      vertex 4.08335 27.373 8.8
      vertex 4.16611 25.6883 8.8
      vertex 4.16611 27.3117 8.8
    endloop
  endfacet
  facet normal 0 0 1
    outer loop
      vertex 4.08335 27.373 8.8
      vertex 4.08335 25.627 8.8
      vertex 4.16611 25.6883 8.8
    endloop
  endfacet
  facet normal 0 0 1
    outer loop
      vertex 3.99497 27.426 8.8
      vertex 4.08335 25.627 8.8
      vertex 4.08335 27.373 8.8
    endloop
  endfacet
  facet normal 0 0 1
    outer loop
      vertex 3.99497 27.426 8.8
      vertex 3.99497 25.574 8.8
      vertex 4.08335 25.627 8.8
    endloop
  endfacet
  facet normal 0 0 1
    outer loop
      vertex 3.90182 27.4701 8.8
      vertex 3.99497 25.574 8.8
      vertex 3.99497 27.426 8.8
    endloop
  endfacet
  facet normal 0 0 1
    outer loop
      vertex 3.90182 27.4701 8.8
      vertex 3.90182 25.5299 8.8
      vertex 3.99497 25.574 8.8
    endloop
  endfacet
  facet normal 0 0 1
    outer loop
      vertex 3.8048 27.5048 8.8
      vertex 3.90182 25.5299 8.8
      vertex 3.90182 27.4701 8.8
    endloop
  endfacet
  facet normal 0 0 1
    outer loop
      vertex 3.8048 27.5048 8.8
      vertex 3.8048 25.4952 8.8
      vertex 3.90182 25.5299 8.8
    endloop
  endfacet
  facet normal 0 0 1
    outer loop
      vertex 3.70484 27.5298 8.8
      vertex 3.8048 25.4952 8.8
      vertex 3.8048 27.5048 8.8
    endloop
  endfacet
  facet normal 0 0 1
    outer loop
      vertex 3.70484 27.5298 8.8
      vertex 3.70484 25.4702 8.8
      vertex 3.8048 25.4952 8.8
    endloop
  endfacet
  facet normal 0 0 1
    outer loop
      vertex 3.60292 27.5449 8.8
      vertex 3.70484 25.4702 8.8
      vertex 3.70484 27.5298 8.8
    endloop
  endfacet
  facet normal 0 0 1
    outer loop
      vertex 3.60292 27.5449 8.8
      vertex 3.60292 25.4551 8.8
      vertex 3.70484 25.4702 8.8
    endloop
  endfacet
  facet normal 0 0 1
    outer loop
      vertex 3.5 27.55 8.8
      vertex 3.60292 25.4551 8.8
      vertex 3.60292 27.5449 8.8
    endloop
  endfacet
  facet normal 0 0 1
    outer loop
      vertex 3.5 27.55 8.8
      vertex 3.5 25.45 8.8
      vertex 3.60292 25.4551 8.8
    endloop
  endfacet
  facet normal -0 0 1
    outer loop
      vertex 3.39708 27.5449 8.8
      vertex 3.5 25.45 8.8
      vertex 3.5 27.55 8.8
    endloop
  endfacet
  facet normal 0 0 1
    outer loop
      vertex 3.39708 27.5449 8.8
      vertex 3.39708 25.4551 8.8
      vertex 3.5 25.45 8.8
    endloop
  endfacet
  facet normal -0 0 1
    outer loop
      vertex 3.29515 27.5298 8.8
      vertex 3.39708 25.4551 8.8
      vertex 3.39708 27.5449 8.8
    endloop
  endfacet
  facet normal 0 0 1
    outer loop
      vertex 3.29515 27.5298 8.8
      vertex 3.29515 25.4702 8.8
      vertex 3.39708 25.4551 8.8
    endloop
  endfacet
  facet normal -0 0 1
    outer loop
      vertex 3.1952 27.5048 8.8
      vertex 3.29515 25.4702 8.8
      vertex 3.29515 27.5298 8.8
    endloop
  endfacet
  facet normal 0 0 1
    outer loop
      vertex 3.1952 27.5048 8.8
      vertex 3.1952 25.4952 8.8
      vertex 3.29515 25.4702 8.8
    endloop
  endfacet
  facet normal -0 0 1
    outer loop
      vertex 3.09818 27.4701 8.8
      vertex 3.1952 25.4952 8.8
      vertex 3.1952 27.5048 8.8
    endloop
  endfacet
  facet normal 0 0 1
    outer loop
      vertex 3.09818 27.4701 8.8
      vertex 3.09818 25.5299 8.8
      vertex 3.1952 25.4952 8.8
    endloop
  endfacet
  facet normal -0 0 1
    outer loop
      vertex 3.00503 27.426 8.8
      vertex 3.09818 25.5299 8.8
      vertex 3.09818 27.4701 8.8
    endloop
  endfacet
  facet normal 0 0 1
    outer loop
      vertex 3.00503 27.426 8.8
      vertex 3.00503 25.574 8.8
      vertex 3.09818 25.5299 8.8
    endloop
  endfacet
  facet normal -0 0 1
    outer loop
      vertex 2.91665 27.373 8.8
      vertex 3.00503 25.574 8.8
      vertex 3.00503 27.426 8.8
    endloop
  endfacet
  facet normal 0 0 1
    outer loop
      vertex 2.91665 27.373 8.8
      vertex 2.91665 25.627 8.8
      vertex 3.00503 25.574 8.8
    endloop
  endfacet
  facet normal -0 0 1
    outer loop
      vertex 2.83389 27.3117 8.8
      vertex 2.91665 25.627 8.8
      vertex 2.91665 27.373 8.8
    endloop
  endfacet
  facet normal 0 0 1
    outer loop
      vertex 2.83389 27.3117 8.8
      vertex 2.83389 25.6883 8.8
      vertex 2.91665 25.627 8.8
    endloop
  endfacet
  facet normal -0 0 1
    outer loop
      vertex 2.75754 27.2425 8.8
      vertex 2.83389 25.6883 8.8
      vertex 2.83389 27.3117 8.8
    endloop
  endfacet
  facet normal 0 0 1
    outer loop
      vertex 2.75754 27.2425 8.8
      vertex 2.75754 25.7575 8.8
      vertex 2.83389 25.6883 8.8
    endloop
  endfacet
  facet normal -0 0 1
    outer loop
      vertex 2.68834 27.1661 8.8
      vertex 2.75754 25.7575 8.8
      vertex 2.75754 27.2425 8.8
    endloop
  endfacet
  facet normal 0 0 1
    outer loop
      vertex 2.68834 27.1661 8.8
      vertex 2.68834 25.8339 8.8
      vertex 2.75754 25.7575 8.8
    endloop
  endfacet
  facet normal -0 0 1
    outer loop
      vertex 2.62696 27.0833 8.8
      vertex 2.68834 25.8339 8.8
      vertex 2.68834 27.1661 8.8
    endloop
  endfacet
  facet normal 0 0 1
    outer loop
      vertex 2.62696 27.0833 8.8
      vertex 2.62696 25.9167 8.8
      vertex 2.68834 25.8339 8.8
    endloop
  endfacet
  facet normal -0 0 1
    outer loop
      vertex 2.57398 26.995 8.8
      vertex 2.62696 25.9167 8.8
      vertex 2.62696 27.0833 8.8
    endloop
  endfacet
  facet normal 0 0 1
    outer loop
      vertex 2.57398 26.995 8.8
      vertex 2.57398 26.005 8.8
      vertex 2.62696 25.9167 8.8
    endloop
  endfacet
  facet normal -0 0 1
    outer loop
      vertex 2.52993 26.9018 8.8
      vertex 2.57398 26.005 8.8
      vertex 2.57398 26.995 8.8
    endloop
  endfacet
  facet normal 0 0 1
    outer loop
      vertex 2.52993 26.9018 8.8
      vertex 2.52993 26.0982 8.8
      vertex 2.57398 26.005 8.8
    endloop
  endfacet
  facet normal -0 0 1
    outer loop
      vertex 2.49521 26.8048 8.8
      vertex 2.52993 26.0982 8.8
      vertex 2.52993 26.9018 8.8
    endloop
  endfacet
  facet normal 0 0 1
    outer loop
      vertex 2.49521 26.8048 8.8
      vertex 2.49521 26.1952 8.8
      vertex 2.52993 26.0982 8.8
    endloop
  endfacet
  facet normal -0 0 1
    outer loop
      vertex 2.47017 26.7048 8.8
      vertex 2.49521 26.1952 8.8
      vertex 2.49521 26.8048 8.8
    endloop
  endfacet
  facet normal 0 0 1
    outer loop
      vertex 2.47017 26.7048 8.8
      vertex 2.47017 26.2952 8.8
      vertex 2.49521 26.1952 8.8
    endloop
  endfacet
  facet normal -0 0 1
    outer loop
      vertex 2.45506 26.6029 8.8
      vertex 2.47017 26.2952 8.8
      vertex 2.47017 26.7048 8.8
    endloop
  endfacet
  facet normal 0 0 1
    outer loop
      vertex 2.45506 26.6029 8.8
      vertex 2.45506 26.3971 8.8
      vertex 2.47017 26.2952 8.8
    endloop
  endfacet
  facet normal 0 -0 1
    outer loop
      vertex 2.45506 26.3971 8.8
      vertex 2.45506 26.6029 8.8
      vertex 2.45 26.5 8.8
    endloop
  endfacet
  facet normal 0.671561 -0.740949 0
    outer loop
      vertex 2.75754 27.2425 8.8
      vertex 2.83389 27.3117 15.8
      vertex 2.75754 27.2425 15.8
    endloop
  endfacet
  facet normal 0.671561 -0.740949 0
    outer loop
      vertex 2.83389 27.3117 15.8
      vertex 2.75754 27.2425 8.8
      vertex 2.83389 27.3117 8.8
    endloop
  endfacet
  facet normal -0.970074 -0.24281 0
    outer loop
      vertex 4.52982 26.7048 8.8
      vertex 4.50479 26.8048 15.8
      vertex 4.50479 26.8048 8.8
    endloop
  endfacet
  facet normal -0.970074 -0.24281 0
    outer loop
      vertex 4.50479 26.8048 15.8
      vertex 4.52982 26.7048 8.8
      vertex 4.52982 26.7048 15.8
    endloop
  endfacet
  facet normal -0.98917 -0.146774 0
    outer loop
      vertex 4.54494 26.6029 8.8
      vertex 4.52982 26.7048 15.8
      vertex 4.52982 26.7048 8.8
    endloop
  endfacet
  facet normal -0.98917 -0.146774 0
    outer loop
      vertex 4.52982 26.7048 15.8
      vertex 4.54494 26.6029 8.8
      vertex 4.54494 26.6029 15.8
    endloop
  endfacet
  facet normal 0.514296 -0.857613 0
    outer loop
      vertex 2.91665 27.373 8.8
      vertex 3.00503 27.426 15.8
      vertex 2.91665 27.373 15.8
    endloop
  endfacet
  facet normal 0.514296 -0.857613 0
    outer loop
      vertex 3.00503 27.426 15.8
      vertex 2.91665 27.373 8.8
      vertex 3.00503 27.426 8.8
    endloop
  endfacet
  facet normal -0.336767 0.941588 0
    outer loop
      vertex 3.90182 25.5299 8.8
      vertex 3.8048 25.4952 15.8
      vertex 3.90182 25.5299 15.8
    endloop
  endfacet
  facet normal -0.336767 0.941588 0
    outer loop
      vertex 3.8048 25.4952 15.8
      vertex 3.90182 25.5299 8.8
      vertex 3.8048 25.4952 8.8
    endloop
  endfacet
  facet normal 0.336767 0.941588 -0
    outer loop
      vertex 3.1952 25.4952 8.8
      vertex 3.09818 25.5299 15.8
      vertex 3.1952 25.4952 15.8
    endloop
  endfacet
  facet normal 0.336767 0.941588 0
    outer loop
      vertex 3.09818 25.5299 15.8
      vertex 3.1952 25.4952 8.8
      vertex 3.09818 25.5299 8.8
    endloop
  endfacet
  facet normal -0.146556 -0.989202 0
    outer loop
      vertex 3.60292 27.5449 8.8
      vertex 3.70484 27.5298 15.8
      vertex 3.60292 27.5449 15.8
    endloop
  endfacet
  facet normal -0.146556 -0.989202 -0
    outer loop
      vertex 3.70484 27.5298 15.8
      vertex 3.60292 27.5449 8.8
      vertex 3.70484 27.5298 8.8
    endloop
  endfacet
  facet normal -0.857493 -0.514496 0
    outer loop
      vertex 4.42602 26.995 8.8
      vertex 4.37304 27.0833 15.8
      vertex 4.37304 27.0833 8.8
    endloop
  endfacet
  facet normal -0.857493 -0.514496 0
    outer loop
      vertex 4.37304 27.0833 15.8
      vertex 4.42602 26.995 8.8
      vertex 4.42602 26.995 15.8
    endloop
  endfacet
  facet normal 0.0494923 0.998775 -0
    outer loop
      vertex 3.5 25.45 8.8
      vertex 3.39708 25.4551 15.8
      vertex 3.5 25.45 15.8
    endloop
  endfacet
  facet normal 0.0494923 0.998775 0
    outer loop
      vertex 3.39708 25.4551 15.8
      vertex 3.5 25.45 8.8
      vertex 3.39708 25.4551 8.8
    endloop
  endfacet
  facet normal 0.998793 -0.0491146 0
    outer loop
      vertex 2.45 26.5 15.8
      vertex 2.45506 26.6029 8.8
      vertex 2.45506 26.6029 15.8
    endloop
  endfacet
  facet normal 0.998793 -0.0491146 0
    outer loop
      vertex 2.45506 26.6029 8.8
      vertex 2.45 26.5 15.8
      vertex 2.45 26.5 8.8
    endloop
  endfacet
  facet normal -0.941505 -0.337 0
    outer loop
      vertex 4.50479 26.8048 8.8
      vertex 4.47007 26.9018 15.8
      vertex 4.47007 26.9018 8.8
    endloop
  endfacet
  facet normal -0.941505 -0.337 0
    outer loop
      vertex 4.47007 26.9018 15.8
      vertex 4.50479 26.8048 8.8
      vertex 4.50479 26.8048 15.8
    endloop
  endfacet
  facet normal -0.427899 0.903827 0
    outer loop
      vertex 3.99497 25.574 8.8
      vertex 3.90182 25.5299 15.8
      vertex 3.99497 25.574 15.8
    endloop
  endfacet
  facet normal -0.427899 0.903827 0
    outer loop
      vertex 3.90182 25.5299 15.8
      vertex 3.99497 25.574 8.8
      vertex 3.90182 25.5299 8.8
    endloop
  endfacet
  facet normal -0.741168 0.67132 0
    outer loop
      vertex 4.24246 25.7575 8.8
      vertex 4.31166 25.8339 15.8
      vertex 4.31166 25.8339 8.8
    endloop
  endfacet
  facet normal -0.741168 0.67132 0
    outer loop
      vertex 4.31166 25.8339 15.8
      vertex 4.24246 25.7575 8.8
      vertex 4.24246 25.7575 15.8
    endloop
  endfacet
  facet normal -0.0494923 0.998775 0
    outer loop
      vertex 3.60292 25.4551 8.8
      vertex 3.5 25.45 15.8
      vertex 3.60292 25.4551 15.8
    endloop
  endfacet
  facet normal -0.0494923 0.998775 0
    outer loop
      vertex 3.5 25.45 15.8
      vertex 3.60292 25.4551 8.8
      vertex 3.5 25.45 8.8
    endloop
  endfacet
  facet normal 0.857493 -0.514496 0
    outer loop
      vertex 2.57398 26.995 15.8
      vertex 2.62696 27.0833 8.8
      vertex 2.62696 27.0833 15.8
    endloop
  endfacet
  facet normal 0.857493 -0.514496 0
    outer loop
      vertex 2.62696 27.0833 8.8
      vertex 2.57398 26.995 15.8
      vertex 2.57398 26.995 8.8
    endloop
  endfacet
  facet normal 0.146542 -0.989205 0
    outer loop
      vertex 3.29515 27.5298 8.8
      vertex 3.39708 27.5449 15.8
      vertex 3.29515 27.5298 15.8
    endloop
  endfacet
  facet normal 0.146542 -0.989205 0
    outer loop
      vertex 3.39708 27.5449 15.8
      vertex 3.29515 27.5298 8.8
      vertex 3.39708 27.5449 8.8
    endloop
  endfacet
  facet normal -0.671561 -0.740949 0
    outer loop
      vertex 4.16611 27.3117 8.8
      vertex 4.24246 27.2425 15.8
      vertex 4.16611 27.3117 15.8
    endloop
  endfacet
  facet normal -0.671561 -0.740949 -0
    outer loop
      vertex 4.24246 27.2425 15.8
      vertex 4.16611 27.3117 8.8
      vertex 4.24246 27.2425 8.8
    endloop
  endfacet
  facet normal 0.0494923 -0.998775 0
    outer loop
      vertex 3.39708 27.5449 8.8
      vertex 3.5 27.55 15.8
      vertex 3.39708 27.5449 15.8
    endloop
  endfacet
  facet normal 0.0494923 -0.998775 0
    outer loop
      vertex 3.5 27.55 15.8
      vertex 3.39708 27.5449 8.8
      vertex 3.5 27.55 8.8
    endloop
  endfacet
  facet normal 0.741168 0.67132 0
    outer loop
      vertex 2.75754 25.7575 15.8
      vertex 2.68834 25.8339 8.8
      vertex 2.68834 25.8339 15.8
    endloop
  endfacet
  facet normal 0.741168 0.67132 0
    outer loop
      vertex 2.68834 25.8339 8.8
      vertex 2.75754 25.7575 15.8
      vertex 2.75754 25.7575 8.8
    endloop
  endfacet
  facet normal 0.146542 0.989205 -0
    outer loop
      vertex 3.39708 25.4551 8.8
      vertex 3.29515 25.4702 15.8
      vertex 3.39708 25.4551 15.8
    endloop
  endfacet
  facet normal 0.146542 0.989205 0
    outer loop
      vertex 3.29515 25.4702 15.8
      vertex 3.39708 25.4551 8.8
      vertex 3.29515 25.4702 8.8
    endloop
  endfacet
  facet normal 0.904103 0.427315 0
    outer loop
      vertex 2.57398 26.005 15.8
      vertex 2.52993 26.0982 8.8
      vertex 2.52993 26.0982 15.8
    endloop
  endfacet
  facet normal 0.904103 0.427315 0
    outer loop
      vertex 2.52993 26.0982 8.8
      vertex 2.57398 26.005 15.8
      vertex 2.57398 26.005 8.8
    endloop
  endfacet
  facet normal 0.970051 0.242901 0
    outer loop
      vertex 2.49521 26.1952 15.8
      vertex 2.47017 26.2952 8.8
      vertex 2.47017 26.2952 15.8
    endloop
  endfacet
  facet normal 0.970051 0.242901 0
    outer loop
      vertex 2.47017 26.2952 8.8
      vertex 2.49521 26.1952 15.8
      vertex 2.49521 26.1952 8.8
    endloop
  endfacet
  facet normal -0.242627 0.97012 0
    outer loop
      vertex 3.8048 25.4952 8.8
      vertex 3.70484 25.4702 15.8
      vertex 3.8048 25.4952 15.8
    endloop
  endfacet
  facet normal -0.242627 0.97012 0
    outer loop
      vertex 3.70484 25.4702 15.8
      vertex 3.8048 25.4952 8.8
      vertex 3.70484 25.4702 8.8
    endloop
  endfacet
  facet normal 0.970051 -0.242901 0
    outer loop
      vertex 2.47017 26.7048 15.8
      vertex 2.49521 26.8048 8.8
      vertex 2.49521 26.8048 15.8
    endloop
  endfacet
  facet normal 0.970051 -0.242901 0
    outer loop
      vertex 2.49521 26.8048 8.8
      vertex 2.47017 26.7048 15.8
      vertex 2.47017 26.7048 8.8
    endloop
  endfacet
  facet normal 0.427899 -0.903827 0
    outer loop
      vertex 3.00503 27.426 8.8
      vertex 3.09818 27.4701 15.8
      vertex 3.00503 27.426 15.8
    endloop
  endfacet
  facet normal 0.427899 -0.903827 0
    outer loop
      vertex 3.09818 27.4701 15.8
      vertex 3.00503 27.426 8.8
      vertex 3.09818 27.4701 8.8
    endloop
  endfacet
  facet normal 0.741168 -0.67132 0
    outer loop
      vertex 2.68834 27.1661 15.8
      vertex 2.75754 27.2425 8.8
      vertex 2.75754 27.2425 15.8
    endloop
  endfacet
  facet normal 0.741168 -0.67132 0
    outer loop
      vertex 2.75754 27.2425 8.8
      vertex 2.68834 27.1661 15.8
      vertex 2.68834 27.1661 8.8
    endloop
  endfacet
  facet normal -0.427899 -0.903827 0
    outer loop
      vertex 3.90182 27.4701 8.8
      vertex 3.99497 27.426 15.8
      vertex 3.90182 27.4701 15.8
    endloop
  endfacet
  facet normal -0.427899 -0.903827 -0
    outer loop
      vertex 3.99497 27.426 15.8
      vertex 3.90182 27.4701 8.8
      vertex 3.99497 27.426 8.8
    endloop
  endfacet
  facet normal -0.0494923 -0.998775 0
    outer loop
      vertex 3.5 27.55 8.8
      vertex 3.60292 27.5449 15.8
      vertex 3.5 27.55 15.8
    endloop
  endfacet
  facet normal -0.0494923 -0.998775 -0
    outer loop
      vertex 3.60292 27.5449 15.8
      vertex 3.5 27.55 8.8
      vertex 3.60292 27.5449 8.8
    endloop
  endfacet
  facet normal 0.989184 -0.146679 0
    outer loop
      vertex 2.45506 26.6029 15.8
      vertex 2.47017 26.7048 8.8
      vertex 2.47017 26.7048 15.8
    endloop
  endfacet
  facet normal 0.989184 -0.146679 0
    outer loop
      vertex 2.47017 26.7048 8.8
      vertex 2.45506 26.6029 15.8
      vertex 2.45506 26.6029 8.8
    endloop
  endfacet
  facet normal -0.595204 -0.803574 0
    outer loop
      vertex 4.08335 27.373 8.8
      vertex 4.16611 27.3117 15.8
      vertex 4.08335 27.373 15.8
    endloop
  endfacet
  facet normal -0.595204 -0.803574 -0
    outer loop
      vertex 4.16611 27.3117 15.8
      vertex 4.08335 27.373 8.8
      vertex 4.16611 27.3117 8.8
    endloop
  endfacet
  facet normal 0.803341 -0.59552 0
    outer loop
      vertex 2.62696 27.0833 15.8
      vertex 2.68834 27.1661 8.8
      vertex 2.68834 27.1661 15.8
    endloop
  endfacet
  facet normal 0.803341 -0.59552 0
    outer loop
      vertex 2.68834 27.1661 8.8
      vertex 2.62696 27.0833 15.8
      vertex 2.62696 27.0833 8.8
    endloop
  endfacet
  facet normal 0.998793 0.0491146 0
    outer loop
      vertex 2.45506 26.3971 15.8
      vertex 2.45 26.5 8.8
      vertex 2.45 26.5 15.8
    endloop
  endfacet
  facet normal 0.998793 0.0491146 0
    outer loop
      vertex 2.45 26.5 8.8
      vertex 2.45506 26.3971 15.8
      vertex 2.45506 26.3971 8.8
    endloop
  endfacet
  facet normal -0.741168 -0.67132 0
    outer loop
      vertex 4.31166 27.1661 8.8
      vertex 4.24246 27.2425 15.8
      vertex 4.24246 27.2425 8.8
    endloop
  endfacet
  facet normal -0.741168 -0.67132 0
    outer loop
      vertex 4.24246 27.2425 15.8
      vertex 4.31166 27.1661 8.8
      vertex 4.31166 27.1661 15.8
    endloop
  endfacet
  facet normal -0.989174 0.146746 0
    outer loop
      vertex 4.52982 3.29516 8.8
      vertex 4.54494 3.39708 15.8
      vertex 4.54494 3.39708 8.8
    endloop
  endfacet
  facet normal -0.989174 0.146746 0
    outer loop
      vertex 4.54494 3.39708 15.8
      vertex 4.52982 3.29516 8.8
      vertex 4.52982 3.29516 15.8
    endloop
  endfacet
  facet normal -0.998794 0.0491051 0
    outer loop
      vertex 4.54494 3.39708 8.8
      vertex 4.55 3.5 15.8
      vertex 4.55 3.5 8.8
    endloop
  endfacet
  facet normal -0.998794 0.0491051 0
    outer loop
      vertex 4.55 3.5 15.8
      vertex 4.54494 3.39708 8.8
      vertex 4.54494 3.39708 15.8
    endloop
  endfacet
  facet normal -0.970051 0.242901 0
    outer loop
      vertex 4.50479 3.1952 8.8
      vertex 4.52982 3.29516 15.8
      vertex 4.52982 3.29516 8.8
    endloop
  endfacet
  facet normal -0.970051 0.242901 0
    outer loop
      vertex 4.52982 3.29516 15.8
      vertex 4.50479 3.1952 8.8
      vertex 4.50479 3.1952 15.8
    endloop
  endfacet
  facet normal 0.242924 0.970045 -0
    outer loop
      vertex 3.29515 2.47018 8.8
      vertex 3.1952 2.49521 15.8
      vertex 3.29515 2.47018 15.8
    endloop
  endfacet
  facet normal 0.242924 0.970045 0
    outer loop
      vertex 3.1952 2.49521 15.8
      vertex 3.29515 2.47018 8.8
      vertex 3.1952 2.49521 8.8
    endloop
  endfacet
  facet normal 0.904014 -0.427502 0
    outer loop
      vertex 2.52993 3.90182 15.8
      vertex 2.57398 3.99497 8.8
      vertex 2.57398 3.99497 15.8
    endloop
  endfacet
  facet normal 0.904014 -0.427502 0
    outer loop
      vertex 2.57398 3.99497 8.8
      vertex 2.52993 3.90182 15.8
      vertex 2.52993 3.90182 8.8
    endloop
  endfacet
  facet normal -0.427502 -0.904014 0
    outer loop
      vertex 3.90182 4.47007 8.8
      vertex 3.99497 4.42602 15.8
      vertex 3.90182 4.47007 15.8
    endloop
  endfacet
  facet normal -0.427502 -0.904014 -0
    outer loop
      vertex 3.99497 4.42602 15.8
      vertex 3.90182 4.47007 8.8
      vertex 3.99497 4.42602 8.8
    endloop
  endfacet
  facet normal 0.243015 -0.970022 0
    outer loop
      vertex 3.1952 4.50479 8.8
      vertex 3.29515 4.52983 15.8
      vertex 3.1952 4.50479 15.8
    endloop
  endfacet
  facet normal 0.243015 -0.970022 0
    outer loop
      vertex 3.29515 4.52983 15.8
      vertex 3.1952 4.50479 8.8
      vertex 3.29515 4.52983 8.8
    endloop
  endfacet
  facet normal -0.514153 -0.857698 0
    outer loop
      vertex 3.99497 4.42602 8.8
      vertex 4.08335 4.37304 15.8
      vertex 3.99497 4.42602 15.8
    endloop
  endfacet
  facet normal -0.514153 -0.857698 -0
    outer loop
      vertex 4.08335 4.37304 15.8
      vertex 3.99497 4.42602 8.8
      vertex 4.08335 4.37304 8.8
    endloop
  endfacet
  facet normal 0.336939 -0.941527 0
    outer loop
      vertex 3.09818 4.47007 8.8
      vertex 3.1952 4.50479 15.8
      vertex 3.09818 4.47007 15.8
    endloop
  endfacet
  facet normal 0.336939 -0.941527 0
    outer loop
      vertex 3.1952 4.50479 15.8
      vertex 3.09818 4.47007 8.8
      vertex 3.1952 4.50479 8.8
    endloop
  endfacet
  facet normal -0.336939 -0.941527 0
    outer loop
      vertex 3.8048 4.50479 8.8
      vertex 3.90182 4.47007 15.8
      vertex 3.8048 4.50479 15.8
    endloop
  endfacet
  facet normal -0.336939 -0.941527 -0
    outer loop
      vertex 3.90182 4.47007 15.8
      vertex 3.8048 4.50479 8.8
      vertex 3.90182 4.47007 8.8
    endloop
  endfacet
  facet normal 0.671561 0.740949 -0
    outer loop
      vertex 2.83389 2.68834 8.8
      vertex 2.75754 2.75754 15.8
      vertex 2.83389 2.68834 15.8
    endloop
  endfacet
  facet normal 0.671561 0.740949 0
    outer loop
      vertex 2.75754 2.75754 15.8
      vertex 2.83389 2.68834 8.8
      vertex 2.75754 2.75754 8.8
    endloop
  endfacet
  facet normal -0.242992 -0.970028 0
    outer loop
      vertex 3.70484 4.52983 8.8
      vertex 3.8048 4.50479 15.8
      vertex 3.70484 4.52983 15.8
    endloop
  endfacet
  facet normal -0.242992 -0.970028 -0
    outer loop
      vertex 3.8048 4.50479 15.8
      vertex 3.70484 4.52983 8.8
      vertex 3.8048 4.50479 8.8
    endloop
  endfacet
  facet normal 0.857698 0.514153 0
    outer loop
      vertex 2.62696 2.91665 15.8
      vertex 2.57398 3.00503 8.8
      vertex 2.57398 3.00503 15.8
    endloop
  endfacet
  facet normal 0.857698 0.514153 0
    outer loop
      vertex 2.57398 3.00503 8.8
      vertex 2.62696 2.91665 15.8
      vertex 2.62696 2.91665 8.8
    endloop
  endfacet
  facet normal 0.989188 0.146651 0
    outer loop
      vertex 2.47017 3.29516 15.8
      vertex 2.45506 3.39708 8.8
      vertex 2.45506 3.39708 15.8
    endloop
  endfacet
  facet normal 0.989188 0.146651 0
    outer loop
      vertex 2.45506 3.39708 8.8
      vertex 2.47017 3.29516 15.8
      vertex 2.47017 3.29516 8.8
    endloop
  endfacet
  facet normal -0.904014 0.427502 0
    outer loop
      vertex 4.42602 3.00503 8.8
      vertex 4.47007 3.09818 15.8
      vertex 4.47007 3.09818 8.8
    endloop
  endfacet
  facet normal -0.904014 0.427502 0
    outer loop
      vertex 4.47007 3.09818 15.8
      vertex 4.42602 3.00503 8.8
      vertex 4.42602 3.00503 15.8
    endloop
  endfacet
  facet normal -0.803203 -0.595706 0
    outer loop
      vertex 4.37304 4.08335 8.8
      vertex 4.31166 4.16611 15.8
      vertex 4.31166 4.16611 8.8
    endloop
  endfacet
  facet normal -0.803203 -0.595706 0
    outer loop
      vertex 4.31166 4.16611 15.8
      vertex 4.37304 4.08335 8.8
      vertex 4.37304 4.08335 15.8
    endloop
  endfacet
  facet normal 0.595706 0.803203 -0
    outer loop
      vertex 2.91665 2.62696 8.8
      vertex 2.83389 2.68834 15.8
      vertex 2.91665 2.62696 15.8
    endloop
  endfacet
  facet normal 0.595706 0.803203 0
    outer loop
      vertex 2.83389 2.68834 15.8
      vertex 2.91665 2.62696 8.8
      vertex 2.83389 2.68834 8.8
    endloop
  endfacet
  facet normal -0.595706 0.803203 0
    outer loop
      vertex 4.16611 2.68834 8.8
      vertex 4.08335 2.62696 15.8
      vertex 4.16611 2.68834 15.8
    endloop
  endfacet
  facet normal -0.595706 0.803203 0
    outer loop
      vertex 4.08335 2.62696 15.8
      vertex 4.16611 2.68834 8.8
      vertex 4.08335 2.62696 8.8
    endloop
  endfacet
  facet normal -0.146746 0.989174 0
    outer loop
      vertex 3.70484 2.47018 8.8
      vertex 3.60292 2.45506 15.8
      vertex 3.70484 2.47018 15.8
    endloop
  endfacet
  facet normal -0.146746 0.989174 0
    outer loop
      vertex 3.60292 2.45506 15.8
      vertex 3.70484 2.47018 8.8
      vertex 3.60292 2.45506 8.8
    endloop
  endfacet
  facet normal -0.803203 0.595706 0
    outer loop
      vertex 4.31166 2.83389 8.8
      vertex 4.37304 2.91665 15.8
      vertex 4.37304 2.91665 8.8
    endloop
  endfacet
  facet normal -0.803203 0.595706 0
    outer loop
      vertex 4.37304 2.91665 15.8
      vertex 4.31166 2.83389 8.8
      vertex 4.31166 2.83389 15.8
    endloop
  endfacet
  facet normal 0.514153 0.857698 -0
    outer loop
      vertex 3.00503 2.57398 8.8
      vertex 2.91665 2.62696 15.8
      vertex 3.00503 2.57398 15.8
    endloop
  endfacet
  facet normal 0.514153 0.857698 0
    outer loop
      vertex 2.91665 2.62696 15.8
      vertex 3.00503 2.57398 8.8
      vertex 2.91665 2.62696 8.8
    endloop
  endfacet
  facet normal 0.146732 0.989176 -0
    outer loop
      vertex 3.39708 2.45506 8.8
      vertex 3.29515 2.47018 15.8
      vertex 3.39708 2.45506 15.8
    endloop
  endfacet
  facet normal 0.146732 0.989176 0
    outer loop
      vertex 3.29515 2.47018 15.8
      vertex 3.39708 2.45506 8.8
      vertex 3.29515 2.47018 8.8
    endloop
  endfacet
  facet normal -0.514153 0.857698 0
    outer loop
      vertex 4.08335 2.62696 8.8
      vertex 3.99497 2.57398 15.8
      vertex 4.08335 2.62696 15.8
    endloop
  endfacet
  facet normal -0.514153 0.857698 0
    outer loop
      vertex 3.99497 2.57398 15.8
      vertex 4.08335 2.62696 8.8
      vertex 3.99497 2.57398 8.8
    endloop
  endfacet
  facet normal -0.671561 0.740949 0
    outer loop
      vertex 4.24246 2.75754 8.8
      vertex 4.16611 2.68834 15.8
      vertex 4.24246 2.75754 15.8
    endloop
  endfacet
  facet normal -0.671561 0.740949 0
    outer loop
      vertex 4.16611 2.68834 15.8
      vertex 4.24246 2.75754 8.8
      vertex 4.16611 2.68834 8.8
    endloop
  endfacet
  facet normal 0.941527 -0.336939 0
    outer loop
      vertex 2.49521 3.8048 15.8
      vertex 2.52993 3.90182 8.8
      vertex 2.52993 3.90182 15.8
    endloop
  endfacet
  facet normal 0.941527 -0.336939 0
    outer loop
      vertex 2.52993 3.90182 8.8
      vertex 2.49521 3.8048 15.8
      vertex 2.49521 3.8048 8.8
    endloop
  endfacet
  facet normal -0.998794 -0.0491051 0
    outer loop
      vertex 4.55 3.5 8.8
      vertex 4.54494 3.60292 15.8
      vertex 4.54494 3.60292 8.8
    endloop
  endfacet
  facet normal -0.998794 -0.0491051 0
    outer loop
      vertex 4.54494 3.60292 15.8
      vertex 4.55 3.5 8.8
      vertex 4.55 3.5 15.8
    endloop
  endfacet
  facet normal 0.427502 0.904014 -0
    outer loop
      vertex 3.09818 2.52993 8.8
      vertex 3.00503 2.57398 15.8
      vertex 3.09818 2.52993 15.8
    endloop
  endfacet
  facet normal 0.427502 0.904014 0
    outer loop
      vertex 3.00503 2.57398 15.8
      vertex 3.09818 2.52993 8.8
      vertex 3.00503 2.57398 8.8
    endloop
  endfacet
  facet normal -0.904014 -0.427502 0
    outer loop
      vertex 4.47007 3.90182 8.8
      vertex 4.42602 3.99497 15.8
      vertex 4.42602 3.99497 8.8
    endloop
  endfacet
  facet normal -0.904014 -0.427502 0
    outer loop
      vertex 4.42602 3.99497 15.8
      vertex 4.47007 3.90182 8.8
      vertex 4.47007 3.90182 15.8
    endloop
  endfacet
  facet normal 0.595706 -0.803203 0
    outer loop
      vertex 2.83389 4.31166 8.8
      vertex 2.91665 4.37304 15.8
      vertex 2.83389 4.31166 15.8
    endloop
  endfacet
  facet normal 0.595706 -0.803203 0
    outer loop
      vertex 2.91665 4.37304 15.8
      vertex 2.83389 4.31166 8.8
      vertex 2.91665 4.37304 8.8
    endloop
  endfacet
  facet normal 0.803203 0.595706 0
    outer loop
      vertex 2.68834 2.83389 15.8
      vertex 2.62696 2.91665 8.8
      vertex 2.62696 2.91665 15.8
    endloop
  endfacet
  facet normal 0.803203 0.595706 0
    outer loop
      vertex 2.62696 2.91665 8.8
      vertex 2.68834 2.83389 15.8
      vertex 2.68834 2.83389 8.8
    endloop
  endfacet
  facet normal 0.941527 0.336939 0
    outer loop
      vertex 2.52993 3.09818 15.8
      vertex 2.49521 3.1952 8.8
      vertex 2.49521 3.1952 15.8
    endloop
  endfacet
  facet normal 0.941527 0.336939 0
    outer loop
      vertex 2.49521 3.1952 8.8
      vertex 2.52993 3.09818 15.8
      vertex 2.52993 3.09818 8.8
    endloop
  endfacet
  facet normal -0.941527 0.336939 0
    outer loop
      vertex 4.47007 3.09818 8.8
      vertex 4.50479 3.1952 15.8
      vertex 4.50479 3.1952 8.8
    endloop
  endfacet
  facet normal -0.941527 0.336939 0
    outer loop
      vertex 4.50479 3.1952 15.8
      vertex 4.47007 3.09818 8.8
      vertex 4.47007 3.09818 15.8
    endloop
  endfacet
  facet normal 0 0 1
    outer loop
      vertex 4.54494 3.60292 8.8
      vertex 4.54494 3.39708 8.8
      vertex 4.55 3.5 8.8
    endloop
  endfacet
  facet normal 0 0 1
    outer loop
      vertex 4.52982 3.70485 8.8
      vertex 4.54494 3.39708 8.8
      vertex 4.54494 3.60292 8.8
    endloop
  endfacet
  facet normal 0 0 1
    outer loop
      vertex 4.52982 3.70485 8.8
      vertex 4.52982 3.29516 8.8
      vertex 4.54494 3.39708 8.8
    endloop
  endfacet
  facet normal 0 0 1
    outer loop
      vertex 4.50479 3.8048 8.8
      vertex 4.52982 3.29516 8.8
      vertex 4.52982 3.70485 8.8
    endloop
  endfacet
  facet normal 0 0 1
    outer loop
      vertex 4.50479 3.8048 8.8
      vertex 4.50479 3.1952 8.8
      vertex 4.52982 3.29516 8.8
    endloop
  endfacet
  facet normal 0 0 1
    outer loop
      vertex 4.47007 3.90182 8.8
      vertex 4.50479 3.1952 8.8
      vertex 4.50479 3.8048 8.8
    endloop
  endfacet
  facet normal 0 0 1
    outer loop
      vertex 4.47007 3.90182 8.8
      vertex 4.47007 3.09818 8.8
      vertex 4.50479 3.1952 8.8
    endloop
  endfacet
  facet normal 0 0 1
    outer loop
      vertex 4.42602 3.99497 8.8
      vertex 4.47007 3.09818 8.8
      vertex 4.47007 3.90182 8.8
    endloop
  endfacet
  facet normal 0 0 1
    outer loop
      vertex 4.42602 3.99497 8.8
      vertex 4.42602 3.00503 8.8
      vertex 4.47007 3.09818 8.8
    endloop
  endfacet
  facet normal 0 0 1
    outer loop
      vertex 4.37304 4.08335 8.8
      vertex 4.42602 3.00503 8.8
      vertex 4.42602 3.99497 8.8
    endloop
  endfacet
  facet normal 0 0 1
    outer loop
      vertex 4.37304 4.08335 8.8
      vertex 4.37304 2.91665 8.8
      vertex 4.42602 3.00503 8.8
    endloop
  endfacet
  facet normal 0 0 1
    outer loop
      vertex 4.31166 4.16611 8.8
      vertex 4.37304 2.91665 8.8
      vertex 4.37304 4.08335 8.8
    endloop
  endfacet
  facet normal 0 0 1
    outer loop
      vertex 4.31166 4.16611 8.8
      vertex 4.31166 2.83389 8.8
      vertex 4.37304 2.91665 8.8
    endloop
  endfacet
  facet normal 0 0 1
    outer loop
      vertex 4.24246 4.24246 8.8
      vertex 4.31166 2.83389 8.8
      vertex 4.31166 4.16611 8.8
    endloop
  endfacet
  facet normal 0 0 1
    outer loop
      vertex 4.24246 4.24246 8.8
      vertex 4.24246 2.75754 8.8
      vertex 4.31166 2.83389 8.8
    endloop
  endfacet
  facet normal 0 0 1
    outer loop
      vertex 4.16611 4.31166 8.8
      vertex 4.24246 2.75754 8.8
      vertex 4.24246 4.24246 8.8
    endloop
  endfacet
  facet normal 0 0 1
    outer loop
      vertex 4.16611 4.31166 8.8
      vertex 4.16611 2.68834 8.8
      vertex 4.24246 2.75754 8.8
    endloop
  endfacet
  facet normal 0 0 1
    outer loop
      vertex 4.08335 4.37304 8.8
      vertex 4.16611 2.68834 8.8
      vertex 4.16611 4.31166 8.8
    endloop
  endfacet
  facet normal 0 0 1
    outer loop
      vertex 4.08335 4.37304 8.8
      vertex 4.08335 2.62696 8.8
      vertex 4.16611 2.68834 8.8
    endloop
  endfacet
  facet normal 0 0 1
    outer loop
      vertex 3.99497 4.42602 8.8
      vertex 4.08335 2.62696 8.8
      vertex 4.08335 4.37304 8.8
    endloop
  endfacet
  facet normal 0 0 1
    outer loop
      vertex 3.99497 4.42602 8.8
      vertex 3.99497 2.57398 8.8
      vertex 4.08335 2.62696 8.8
    endloop
  endfacet
  facet normal 0 0 1
    outer loop
      vertex 3.90182 4.47007 8.8
      vertex 3.99497 2.57398 8.8
      vertex 3.99497 4.42602 8.8
    endloop
  endfacet
  facet normal 0 0 1
    outer loop
      vertex 3.90182 4.47007 8.8
      vertex 3.90182 2.52993 8.8
      vertex 3.99497 2.57398 8.8
    endloop
  endfacet
  facet normal 0 0 1
    outer loop
      vertex 3.8048 4.50479 8.8
      vertex 3.90182 2.52993 8.8
      vertex 3.90182 4.47007 8.8
    endloop
  endfacet
  facet normal 0 0 1
    outer loop
      vertex 3.8048 4.50479 8.8
      vertex 3.8048 2.49521 8.8
      vertex 3.90182 2.52993 8.8
    endloop
  endfacet
  facet normal 0 0 1
    outer loop
      vertex 3.70484 4.52983 8.8
      vertex 3.8048 2.49521 8.8
      vertex 3.8048 4.50479 8.8
    endloop
  endfacet
  facet normal 0 0 1
    outer loop
      vertex 3.70484 4.52983 8.8
      vertex 3.70484 2.47018 8.8
      vertex 3.8048 2.49521 8.8
    endloop
  endfacet
  facet normal 0 0 1
    outer loop
      vertex 3.60292 4.54494 8.8
      vertex 3.70484 2.47018 8.8
      vertex 3.70484 4.52983 8.8
    endloop
  endfacet
  facet normal 0 0 1
    outer loop
      vertex 3.60292 4.54494 8.8
      vertex 3.60292 2.45506 8.8
      vertex 3.70484 2.47018 8.8
    endloop
  endfacet
  facet normal 0 0 1
    outer loop
      vertex 3.5 4.55 8.8
      vertex 3.60292 2.45506 8.8
      vertex 3.60292 4.54494 8.8
    endloop
  endfacet
  facet normal 0 0 1
    outer loop
      vertex 3.5 4.55 8.8
      vertex 3.5 2.45 8.8
      vertex 3.60292 2.45506 8.8
    endloop
  endfacet
  facet normal -0 0 1
    outer loop
      vertex 3.39708 4.54494 8.8
      vertex 3.5 2.45 8.8
      vertex 3.5 4.55 8.8
    endloop
  endfacet
  facet normal 0 0 1
    outer loop
      vertex 3.39708 4.54494 8.8
      vertex 3.39708 2.45506 8.8
      vertex 3.5 2.45 8.8
    endloop
  endfacet
  facet normal -0 0 1
    outer loop
      vertex 3.29515 4.52983 8.8
      vertex 3.39708 2.45506 8.8
      vertex 3.39708 4.54494 8.8
    endloop
  endfacet
  facet normal 0 0 1
    outer loop
      vertex 3.29515 4.52983 8.8
      vertex 3.29515 2.47018 8.8
      vertex 3.39708 2.45506 8.8
    endloop
  endfacet
  facet normal -0 0 1
    outer loop
      vertex 3.1952 4.50479 8.8
      vertex 3.29515 2.47018 8.8
      vertex 3.29515 4.52983 8.8
    endloop
  endfacet
  facet normal 0 0 1
    outer loop
      vertex 3.1952 4.50479 8.8
      vertex 3.1952 2.49521 8.8
      vertex 3.29515 2.47018 8.8
    endloop
  endfacet
  facet normal -0 0 1
    outer loop
      vertex 3.09818 4.47007 8.8
      vertex 3.1952 2.49521 8.8
      vertex 3.1952 4.50479 8.8
    endloop
  endfacet
  facet normal 0 0 1
    outer loop
      vertex 3.09818 4.47007 8.8
      vertex 3.09818 2.52993 8.8
      vertex 3.1952 2.49521 8.8
    endloop
  endfacet
  facet normal -0 0 1
    outer loop
      vertex 3.00503 4.42602 8.8
      vertex 3.09818 2.52993 8.8
      vertex 3.09818 4.47007 8.8
    endloop
  endfacet
  facet normal 0 0 1
    outer loop
      vertex 3.00503 4.42602 8.8
      vertex 3.00503 2.57398 8.8
      vertex 3.09818 2.52993 8.8
    endloop
  endfacet
  facet normal -0 0 1
    outer loop
      vertex 2.91665 4.37304 8.8
      vertex 3.00503 2.57398 8.8
      vertex 3.00503 4.42602 8.8
    endloop
  endfacet
  facet normal 0 0 1
    outer loop
      vertex 2.91665 4.37304 8.8
      vertex 2.91665 2.62696 8.8
      vertex 3.00503 2.57398 8.8
    endloop
  endfacet
  facet normal -0 0 1
    outer loop
      vertex 2.83389 4.31166 8.8
      vertex 2.91665 2.62696 8.8
      vertex 2.91665 4.37304 8.8
    endloop
  endfacet
  facet normal 0 0 1
    outer loop
      vertex 2.83389 4.31166 8.8
      vertex 2.83389 2.68834 8.8
      vertex 2.91665 2.62696 8.8
    endloop
  endfacet
  facet normal -0 0 1
    outer loop
      vertex 2.75754 4.24246 8.8
      vertex 2.83389 2.68834 8.8
      vertex 2.83389 4.31166 8.8
    endloop
  endfacet
  facet normal 0 0 1
    outer loop
      vertex 2.75754 4.24246 8.8
      vertex 2.75754 2.75754 8.8
      vertex 2.83389 2.68834 8.8
    endloop
  endfacet
  facet normal -0 0 1
    outer loop
      vertex 2.68834 4.16611 8.8
      vertex 2.75754 2.75754 8.8
      vertex 2.75754 4.24246 8.8
    endloop
  endfacet
  facet normal 0 0 1
    outer loop
      vertex 2.68834 4.16611 8.8
      vertex 2.68834 2.83389 8.8
      vertex 2.75754 2.75754 8.8
    endloop
  endfacet
  facet normal -0 0 1
    outer loop
      vertex 2.62696 4.08335 8.8
      vertex 2.68834 2.83389 8.8
      vertex 2.68834 4.16611 8.8
    endloop
  endfacet
  facet normal 0 0 1
    outer loop
      vertex 2.62696 4.08335 8.8
      vertex 2.62696 2.91665 8.8
      vertex 2.68834 2.83389 8.8
    endloop
  endfacet
  facet normal -0 0 1
    outer loop
      vertex 2.57398 3.99497 8.8
      vertex 2.62696 2.91665 8.8
      vertex 2.62696 4.08335 8.8
    endloop
  endfacet
  facet normal 0 0 1
    outer loop
      vertex 2.57398 3.99497 8.8
      vertex 2.57398 3.00503 8.8
      vertex 2.62696 2.91665 8.8
    endloop
  endfacet
  facet normal -0 0 1
    outer loop
      vertex 2.52993 3.90182 8.8
      vertex 2.57398 3.00503 8.8
      vertex 2.57398 3.99497 8.8
    endloop
  endfacet
  facet normal 0 0 1
    outer loop
      vertex 2.52993 3.90182 8.8
      vertex 2.52993 3.09818 8.8
      vertex 2.57398 3.00503 8.8
    endloop
  endfacet
  facet normal -0 0 1
    outer loop
      vertex 2.49521 3.8048 8.8
      vertex 2.52993 3.09818 8.8
      vertex 2.52993 3.90182 8.8
    endloop
  endfacet
  facet normal 0 0 1
    outer loop
      vertex 2.49521 3.8048 8.8
      vertex 2.49521 3.1952 8.8
      vertex 2.52993 3.09818 8.8
    endloop
  endfacet
  facet normal -0 0 1
    outer loop
      vertex 2.47017 3.70485 8.8
      vertex 2.49521 3.1952 8.8
      vertex 2.49521 3.8048 8.8
    endloop
  endfacet
  facet normal 0 0 1
    outer loop
      vertex 2.47017 3.70485 8.8
      vertex 2.47017 3.29516 8.8
      vertex 2.49521 3.1952 8.8
    endloop
  endfacet
  facet normal -0 0 1
    outer loop
      vertex 2.45506 3.60292 8.8
      vertex 2.47017 3.29516 8.8
      vertex 2.47017 3.70485 8.8
    endloop
  endfacet
  facet normal 0 0 1
    outer loop
      vertex 2.45506 3.60292 8.8
      vertex 2.45506 3.39708 8.8
      vertex 2.47017 3.29516 8.8
    endloop
  endfacet
  facet normal 0 -0 1
    outer loop
      vertex 2.45506 3.39708 8.8
      vertex 2.45506 3.60292 8.8
      vertex 2.45 3.5 8.8
    endloop
  endfacet
  facet normal 0.671561 -0.740949 0
    outer loop
      vertex 2.75754 4.24246 8.8
      vertex 2.83389 4.31166 15.8
      vertex 2.75754 4.24246 15.8
    endloop
  endfacet
  facet normal 0.671561 -0.740949 0
    outer loop
      vertex 2.83389 4.31166 15.8
      vertex 2.75754 4.24246 8.8
      vertex 2.83389 4.31166 8.8
    endloop
  endfacet
  facet normal -0.970045 -0.242924 0
    outer loop
      vertex 4.52982 3.70485 8.8
      vertex 4.50479 3.8048 15.8
      vertex 4.50479 3.8048 8.8
    endloop
  endfacet
  facet normal -0.970045 -0.242924 0
    outer loop
      vertex 4.50479 3.8048 15.8
      vertex 4.52982 3.70485 8.8
      vertex 4.52982 3.70485 15.8
    endloop
  endfacet
  facet normal -0.989176 -0.146732 0
    outer loop
      vertex 4.54494 3.60292 8.8
      vertex 4.52982 3.70485 15.8
      vertex 4.52982 3.70485 8.8
    endloop
  endfacet
  facet normal -0.989176 -0.146732 0
    outer loop
      vertex 4.52982 3.70485 15.8
      vertex 4.54494 3.60292 8.8
      vertex 4.54494 3.60292 15.8
    endloop
  endfacet
  facet normal 0.514153 -0.857698 0
    outer loop
      vertex 2.91665 4.37304 8.8
      vertex 3.00503 4.42602 15.8
      vertex 2.91665 4.37304 15.8
    endloop
  endfacet
  facet normal 0.514153 -0.857698 0
    outer loop
      vertex 3.00503 4.42602 15.8
      vertex 2.91665 4.37304 8.8
      vertex 3.00503 4.42602 8.8
    endloop
  endfacet
  facet normal -0.336939 0.941527 0
    outer loop
      vertex 3.90182 2.52993 8.8
      vertex 3.8048 2.49521 15.8
      vertex 3.90182 2.52993 15.8
    endloop
  endfacet
  facet normal -0.336939 0.941527 0
    outer loop
      vertex 3.8048 2.49521 15.8
      vertex 3.90182 2.52993 8.8
      vertex 3.8048 2.49521 8.8
    endloop
  endfacet
  facet normal 0.336939 0.941527 -0
    outer loop
      vertex 3.1952 2.49521 8.8
      vertex 3.09818 2.52993 15.8
      vertex 3.1952 2.49521 15.8
    endloop
  endfacet
  facet normal 0.336939 0.941527 0
    outer loop
      vertex 3.09818 2.52993 15.8
      vertex 3.1952 2.49521 8.8
      vertex 3.09818 2.52993 8.8
    endloop
  endfacet
  facet normal -0.146651 -0.989188 0
    outer loop
      vertex 3.60292 4.54494 8.8
      vertex 3.70484 4.52983 15.8
      vertex 3.60292 4.54494 15.8
    endloop
  endfacet
  facet normal -0.146651 -0.989188 -0
    outer loop
      vertex 3.70484 4.52983 15.8
      vertex 3.60292 4.54494 8.8
      vertex 3.70484 4.52983 8.8
    endloop
  endfacet
  facet normal -0.857698 -0.514153 0
    outer loop
      vertex 4.42602 3.99497 8.8
      vertex 4.37304 4.08335 15.8
      vertex 4.37304 4.08335 8.8
    endloop
  endfacet
  facet normal -0.857698 -0.514153 0
    outer loop
      vertex 4.37304 4.08335 15.8
      vertex 4.42602 3.99497 8.8
      vertex 4.42602 3.99497 15.8
    endloop
  endfacet
  facet normal 0.0491051 0.998794 -0
    outer loop
      vertex 3.5 2.45 8.8
      vertex 3.39708 2.45506 15.8
      vertex 3.5 2.45 15.8
    endloop
  endfacet
  facet normal 0.0491051 0.998794 0
    outer loop
      vertex 3.39708 2.45506 15.8
      vertex 3.5 2.45 8.8
      vertex 3.39708 2.45506 8.8
    endloop
  endfacet
  facet normal 0.998794 -0.0491051 0
    outer loop
      vertex 2.45 3.5 15.8
      vertex 2.45506 3.60292 8.8
      vertex 2.45506 3.60292 15.8
    endloop
  endfacet
  facet normal 0.998794 -0.0491051 0
    outer loop
      vertex 2.45506 3.60292 8.8
      vertex 2.45 3.5 15.8
      vertex 2.45 3.5 8.8
    endloop
  endfacet
  facet normal -0.941527 -0.336939 0
    outer loop
      vertex 4.50479 3.8048 8.8
      vertex 4.47007 3.90182 15.8
      vertex 4.47007 3.90182 8.8
    endloop
  endfacet
  facet normal -0.941527 -0.336939 0
    outer loop
      vertex 4.47007 3.90182 15.8
      vertex 4.50479 3.8048 8.8
      vertex 4.50479 3.8048 15.8
    endloop
  endfacet
  facet normal -0.427502 0.904014 0
    outer loop
      vertex 3.99497 2.57398 8.8
      vertex 3.90182 2.52993 15.8
      vertex 3.99497 2.57398 15.8
    endloop
  endfacet
  facet normal -0.427502 0.904014 0
    outer loop
      vertex 3.90182 2.52993 15.8
      vertex 3.99497 2.57398 8.8
      vertex 3.90182 2.52993 8.8
    endloop
  endfacet
  facet normal -0.740949 0.671561 0
    outer loop
      vertex 4.24246 2.75754 8.8
      vertex 4.31166 2.83389 15.8
      vertex 4.31166 2.83389 8.8
    endloop
  endfacet
  facet normal -0.740949 0.671561 0
    outer loop
      vertex 4.31166 2.83389 15.8
      vertex 4.24246 2.75754 8.8
      vertex 4.24246 2.75754 15.8
    endloop
  endfacet
  facet normal -0.0491051 0.998794 0
    outer loop
      vertex 3.60292 2.45506 8.8
      vertex 3.5 2.45 15.8
      vertex 3.60292 2.45506 15.8
    endloop
  endfacet
  facet normal -0.0491051 0.998794 0
    outer loop
      vertex 3.5 2.45 15.8
      vertex 3.60292 2.45506 8.8
      vertex 3.5 2.45 8.8
    endloop
  endfacet
  facet normal 0.857698 -0.514153 0
    outer loop
      vertex 2.57398 3.99497 15.8
      vertex 2.62696 4.08335 8.8
      vertex 2.62696 4.08335 15.8
    endloop
  endfacet
  facet normal 0.857698 -0.514153 0
    outer loop
      vertex 2.62696 4.08335 8.8
      vertex 2.57398 3.99497 15.8
      vertex 2.57398 3.99497 8.8
    endloop
  endfacet
  facet normal -0.857698 0.514153 0
    outer loop
      vertex 4.37304 2.91665 8.8
      vertex 4.42602 3.00503 15.8
      vertex 4.42602 3.00503 8.8
    endloop
  endfacet
  facet normal -0.857698 0.514153 0
    outer loop
      vertex 4.42602 3.00503 15.8
      vertex 4.37304 2.91665 8.8
      vertex 4.37304 2.91665 15.8
    endloop
  endfacet
  facet normal 0.146637 -0.98919 0
    outer loop
      vertex 3.29515 4.52983 8.8
      vertex 3.39708 4.54494 15.8
      vertex 3.29515 4.52983 15.8
    endloop
  endfacet
  facet normal 0.146637 -0.98919 0
    outer loop
      vertex 3.39708 4.54494 15.8
      vertex 3.29515 4.52983 8.8
      vertex 3.39708 4.54494 8.8
    endloop
  endfacet
  facet normal -0.671561 -0.740949 0
    outer loop
      vertex 4.16611 4.31166 8.8
      vertex 4.24246 4.24246 15.8
      vertex 4.16611 4.31166 15.8
    endloop
  endfacet
  facet normal -0.671561 -0.740949 -0
    outer loop
      vertex 4.24246 4.24246 15.8
      vertex 4.16611 4.31166 8.8
      vertex 4.24246 4.24246 8.8
    endloop
  endfacet
  facet normal 0.0491051 -0.998794 0
    outer loop
      vertex 3.39708 4.54494 8.8
      vertex 3.5 4.55 15.8
      vertex 3.39708 4.54494 15.8
    endloop
  endfacet
  facet normal 0.0491051 -0.998794 0
    outer loop
      vertex 3.5 4.55 15.8
      vertex 3.39708 4.54494 8.8
      vertex 3.5 4.55 8.8
    endloop
  endfacet
  facet normal 0.740949 0.671561 0
    outer loop
      vertex 2.75754 2.75754 15.8
      vertex 2.68834 2.83389 8.8
      vertex 2.68834 2.83389 15.8
    endloop
  endfacet
  facet normal 0.740949 0.671561 0
    outer loop
      vertex 2.68834 2.83389 8.8
      vertex 2.75754 2.75754 15.8
      vertex 2.75754 2.75754 8.8
    endloop
  endfacet
  facet normal 0.904014 0.427502 0
    outer loop
      vertex 2.57398 3.00503 15.8
      vertex 2.52993 3.09818 8.8
      vertex 2.52993 3.09818 15.8
    endloop
  endfacet
  facet normal 0.904014 0.427502 0
    outer loop
      vertex 2.52993 3.09818 8.8
      vertex 2.57398 3.00503 15.8
      vertex 2.57398 3.00503 8.8
    endloop
  endfacet
  facet normal 0.970028 0.242992 0
    outer loop
      vertex 2.49521 3.1952 15.8
      vertex 2.47017 3.29516 8.8
      vertex 2.47017 3.29516 15.8
    endloop
  endfacet
  facet normal 0.970028 0.242992 0
    outer loop
      vertex 2.47017 3.29516 8.8
      vertex 2.49521 3.1952 15.8
      vertex 2.49521 3.1952 8.8
    endloop
  endfacet
  facet normal -0.242901 0.970051 0
    outer loop
      vertex 3.8048 2.49521 8.8
      vertex 3.70484 2.47018 15.8
      vertex 3.8048 2.49521 15.8
    endloop
  endfacet
  facet normal -0.242901 0.970051 0
    outer loop
      vertex 3.70484 2.47018 15.8
      vertex 3.8048 2.49521 8.8
      vertex 3.70484 2.47018 8.8
    endloop
  endfacet
  facet normal 0.970022 -0.243015 0
    outer loop
      vertex 2.47017 3.70485 15.8
      vertex 2.49521 3.8048 8.8
      vertex 2.49521 3.8048 15.8
    endloop
  endfacet
  facet normal 0.970022 -0.243015 0
    outer loop
      vertex 2.49521 3.8048 8.8
      vertex 2.47017 3.70485 15.8
      vertex 2.47017 3.70485 8.8
    endloop
  endfacet
  facet normal 0.427502 -0.904014 0
    outer loop
      vertex 3.00503 4.42602 8.8
      vertex 3.09818 4.47007 15.8
      vertex 3.00503 4.42602 15.8
    endloop
  endfacet
  facet normal 0.427502 -0.904014 0
    outer loop
      vertex 3.09818 4.47007 15.8
      vertex 3.00503 4.42602 8.8
      vertex 3.09818 4.47007 8.8
    endloop
  endfacet
  facet normal 0.740949 -0.671561 0
    outer loop
      vertex 2.68834 4.16611 15.8
      vertex 2.75754 4.24246 8.8
      vertex 2.75754 4.24246 15.8
    endloop
  endfacet
  facet normal 0.740949 -0.671561 0
    outer loop
      vertex 2.75754 4.24246 8.8
      vertex 2.68834 4.16611 15.8
      vertex 2.68834 4.16611 8.8
    endloop
  endfacet
  facet normal -0.0491051 -0.998794 0
    outer loop
      vertex 3.5 4.55 8.8
      vertex 3.60292 4.54494 15.8
      vertex 3.5 4.55 15.8
    endloop
  endfacet
  facet normal -0.0491051 -0.998794 -0
    outer loop
      vertex 3.60292 4.54494 15.8
      vertex 3.5 4.55 8.8
      vertex 3.60292 4.54494 8.8
    endloop
  endfacet
  facet normal 0.98919 -0.146637 0
    outer loop
      vertex 2.45506 3.60292 15.8
      vertex 2.47017 3.70485 8.8
      vertex 2.47017 3.70485 15.8
    endloop
  endfacet
  facet normal 0.98919 -0.146637 0
    outer loop
      vertex 2.47017 3.70485 8.8
      vertex 2.45506 3.60292 15.8
      vertex 2.45506 3.60292 8.8
    endloop
  endfacet
  facet normal -0.595706 -0.803203 0
    outer loop
      vertex 4.08335 4.37304 8.8
      vertex 4.16611 4.31166 15.8
      vertex 4.08335 4.37304 15.8
    endloop
  endfacet
  facet normal -0.595706 -0.803203 -0
    outer loop
      vertex 4.16611 4.31166 15.8
      vertex 4.08335 4.37304 8.8
      vertex 4.16611 4.31166 8.8
    endloop
  endfacet
  facet normal 0.803203 -0.595706 0
    outer loop
      vertex 2.62696 4.08335 15.8
      vertex 2.68834 4.16611 8.8
      vertex 2.68834 4.16611 15.8
    endloop
  endfacet
  facet normal 0.803203 -0.595706 0
    outer loop
      vertex 2.68834 4.16611 8.8
      vertex 2.62696 4.08335 15.8
      vertex 2.62696 4.08335 8.8
    endloop
  endfacet
  facet normal 0.998794 0.0491051 0
    outer loop
      vertex 2.45506 3.39708 15.8
      vertex 2.45 3.5 8.8
      vertex 2.45 3.5 15.8
    endloop
  endfacet
  facet normal 0.998794 0.0491051 0
    outer loop
      vertex 2.45 3.5 8.8
      vertex 2.45506 3.39708 15.8
      vertex 2.45506 3.39708 8.8
    endloop
  endfacet
  facet normal -0.740949 -0.671561 0
    outer loop
      vertex 4.31166 4.16611 8.8
      vertex 4.24246 4.24246 15.8
      vertex 4.24246 4.24246 8.8
    endloop
  endfacet
  facet normal -0.740949 -0.671561 0
    outer loop
      vertex 4.24246 4.24246 15.8
      vertex 4.31166 4.16611 8.8
      vertex 4.31166 4.16611 15.8
    endloop
  endfacet
  facet normal -0.989198 0.146584 0
    outer loop
      vertex 62.5298 26.2952 8.8
      vertex 62.5449 26.3971 15.8
      vertex 62.5449 26.3971 8.8
    endloop
  endfacet
  facet normal -0.989198 0.146584 0
    outer loop
      vertex 62.5449 26.3971 15.8
      vertex 62.5298 26.2952 8.8
      vertex 62.5298 26.2952 15.8
    endloop
  endfacet
  facet normal -0.998774 0.0495019 0
    outer loop
      vertex 62.5449 26.3971 8.8
      vertex 62.55 26.5 15.8
      vertex 62.55 26.5 8.8
    endloop
  endfacet
  facet normal -0.998774 0.0495019 0
    outer loop
      vertex 62.55 26.5 15.8
      vertex 62.5449 26.3971 8.8
      vertex 62.5449 26.3971 15.8
    endloop
  endfacet
  facet normal -0.970143 0.242536 0
    outer loop
      vertex 62.5048 26.1952 8.8
      vertex 62.5298 26.2952 15.8
      vertex 62.5298 26.2952 8.8
    endloop
  endfacet
  facet normal -0.970143 0.242536 0
    outer loop
      vertex 62.5298 26.2952 15.8
      vertex 62.5048 26.1952 8.8
      vertex 62.5048 26.1952 15.8
    endloop
  endfacet
  facet normal 0.242536 0.970143 -0
    outer loop
      vertex 61.2952 25.4702 8.8
      vertex 61.1952 25.4952 15.8
      vertex 61.2952 25.4702 15.8
    endloop
  endfacet
  facet normal 0.242536 0.970143 0
    outer loop
      vertex 61.1952 25.4952 15.8
      vertex 61.2952 25.4702 8.8
      vertex 61.1952 25.4952 8.8
    endloop
  endfacet
  facet normal 0.903915 -0.427711 0
    outer loop
      vertex 60.5299 26.9018 15.8
      vertex 60.574 26.995 8.8
      vertex 60.574 26.995 15.8
    endloop
  endfacet
  facet normal 0.903915 -0.427711 0
    outer loop
      vertex 60.574 26.995 8.8
      vertex 60.5299 26.9018 15.8
      vertex 60.5299 26.9018 8.8
    endloop
  endfacet
  facet normal 0.242536 -0.970143 0
    outer loop
      vertex 61.1952 27.5048 8.8
      vertex 61.2952 27.5298 15.8
      vertex 61.1952 27.5048 15.8
    endloop
  endfacet
  facet normal 0.242536 -0.970143 0
    outer loop
      vertex 61.2952 27.5298 15.8
      vertex 61.1952 27.5048 8.8
      vertex 61.2952 27.5298 8.8
    endloop
  endfacet
  facet normal -0.514639 -0.857407 0
    outer loop
      vertex 61.995 27.426 8.8
      vertex 62.0833 27.373 15.8
      vertex 61.995 27.426 15.8
    endloop
  endfacet
  facet normal -0.514639 -0.857407 -0
    outer loop
      vertex 62.0833 27.373 15.8
      vertex 61.995 27.426 8.8
      vertex 62.0833 27.373 8.8
    endloop
  endfacet
  facet normal 0.336828 -0.941566 0
    outer loop
      vertex 61.0982 27.4701 8.8
      vertex 61.1952 27.5048 15.8
      vertex 61.0982 27.4701 15.8
    endloop
  endfacet
  facet normal 0.336828 -0.941566 0
    outer loop
      vertex 61.1952 27.5048 15.8
      vertex 61.0982 27.4701 8.8
      vertex 61.1952 27.5048 8.8
    endloop
  endfacet
  facet normal -0.336828 -0.941566 0
    outer loop
      vertex 61.8048 27.5048 8.8
      vertex 61.9018 27.4701 15.8
      vertex 61.8048 27.5048 15.8
    endloop
  endfacet
  facet normal -0.336828 -0.941566 -0
    outer loop
      vertex 61.9018 27.4701 15.8
      vertex 61.8048 27.5048 8.8
      vertex 61.9018 27.4701 8.8
    endloop
  endfacet
  facet normal 0.67132 0.741168 -0
    outer loop
      vertex 60.8339 25.6883 8.8
      vertex 60.7575 25.7575 15.8
      vertex 60.8339 25.6883 15.8
    endloop
  endfacet
  facet normal 0.67132 0.741168 0
    outer loop
      vertex 60.7575 25.7575 15.8
      vertex 60.8339 25.6883 8.8
      vertex 60.7575 25.7575 8.8
    endloop
  endfacet
  facet normal -0.242536 -0.970143 0
    outer loop
      vertex 61.7048 27.5298 8.8
      vertex 61.8048 27.5048 15.8
      vertex 61.7048 27.5298 15.8
    endloop
  endfacet
  facet normal -0.242536 -0.970143 -0
    outer loop
      vertex 61.8048 27.5048 15.8
      vertex 61.7048 27.5298 8.8
      vertex 61.8048 27.5048 8.8
    endloop
  endfacet
  facet normal 0.857407 0.514639 0
    outer loop
      vertex 60.627 25.9167 15.8
      vertex 60.574 26.005 8.8
      vertex 60.574 26.005 15.8
    endloop
  endfacet
  facet normal 0.857407 0.514639 0
    outer loop
      vertex 60.574 26.005 8.8
      vertex 60.627 25.9167 15.8
      vertex 60.627 25.9167 8.8
    endloop
  endfacet
  facet normal 0.989198 0.146584 0
    outer loop
      vertex 60.4702 26.2952 15.8
      vertex 60.4551 26.3971 8.8
      vertex 60.4551 26.3971 15.8
    endloop
  endfacet
  facet normal 0.989198 0.146584 0
    outer loop
      vertex 60.4551 26.3971 8.8
      vertex 60.4702 26.2952 15.8
      vertex 60.4702 26.2952 8.8
    endloop
  endfacet
  facet normal -0.903915 0.427711 0
    outer loop
      vertex 62.426 26.005 8.8
      vertex 62.4701 26.0982 15.8
      vertex 62.4701 26.0982 8.8
    endloop
  endfacet
  facet normal -0.903915 0.427711 0
    outer loop
      vertex 62.4701 26.0982 15.8
      vertex 62.426 26.005 8.8
      vertex 62.426 26.005 15.8
    endloop
  endfacet
  facet normal -0.803712 -0.595019 0
    outer loop
      vertex 62.373 27.0833 8.8
      vertex 62.3117 27.1661 15.8
      vertex 62.3117 27.1661 8.8
    endloop
  endfacet
  facet normal -0.803712 -0.595019 0
    outer loop
      vertex 62.3117 27.1661 15.8
      vertex 62.373 27.0833 8.8
      vertex 62.373 27.0833 15.8
    endloop
  endfacet
  facet normal 0.595483 0.803368 -0
    outer loop
      vertex 60.9166 25.627 8.8
      vertex 60.8339 25.6883 15.8
      vertex 60.9166 25.627 15.8
    endloop
  endfacet
  facet normal 0.595483 0.803368 0
    outer loop
      vertex 60.8339 25.6883 15.8
      vertex 60.9166 25.627 8.8
      vertex 60.8339 25.6883 8.8
    endloop
  endfacet
  facet normal -0.595019 0.803712 0
    outer loop
      vertex 62.1661 25.6883 8.8
      vertex 62.0833 25.627 15.8
      vertex 62.1661 25.6883 15.8
    endloop
  endfacet
  facet normal -0.595019 0.803712 0
    outer loop
      vertex 62.0833 25.627 15.8
      vertex 62.1661 25.6883 8.8
      vertex 62.0833 25.627 8.8
    endloop
  endfacet
  facet normal -0.146584 0.989198 0
    outer loop
      vertex 61.7048 25.4702 8.8
      vertex 61.6029 25.4551 15.8
      vertex 61.7048 25.4702 15.8
    endloop
  endfacet
  facet normal -0.146584 0.989198 0
    outer loop
      vertex 61.6029 25.4551 15.8
      vertex 61.7048 25.4702 8.8
      vertex 61.6029 25.4551 8.8
    endloop
  endfacet
  facet normal -0.803712 0.595019 0
    outer loop
      vertex 62.3117 25.8339 8.8
      vertex 62.373 25.9167 15.8
      vertex 62.373 25.9167 8.8
    endloop
  endfacet
  facet normal -0.803712 0.595019 0
    outer loop
      vertex 62.373 25.9167 15.8
      vertex 62.3117 25.8339 8.8
      vertex 62.3117 25.8339 15.8
    endloop
  endfacet
  facet normal 0.51421 0.857664 -0
    outer loop
      vertex 61.005 25.574 8.8
      vertex 60.9166 25.627 15.8
      vertex 61.005 25.574 15.8
    endloop
  endfacet
  facet normal 0.51421 0.857664 0
    outer loop
      vertex 60.9166 25.627 15.8
      vertex 61.005 25.574 8.8
      vertex 60.9166 25.627 8.8
    endloop
  endfacet
  facet normal -0.514639 0.857407 0
    outer loop
      vertex 62.0833 25.627 8.8
      vertex 61.995 25.574 15.8
      vertex 62.0833 25.627 15.8
    endloop
  endfacet
  facet normal -0.514639 0.857407 0
    outer loop
      vertex 61.995 25.574 15.8
      vertex 62.0833 25.627 8.8
      vertex 61.995 25.574 8.8
    endloop
  endfacet
  facet normal -0.67132 0.741168 0
    outer loop
      vertex 62.2425 25.7575 8.8
      vertex 62.1661 25.6883 15.8
      vertex 62.2425 25.7575 15.8
    endloop
  endfacet
  facet normal -0.67132 0.741168 0
    outer loop
      vertex 62.1661 25.6883 15.8
      vertex 62.2425 25.7575 8.8
      vertex 62.1661 25.6883 8.8
    endloop
  endfacet
  facet normal 0.941566 -0.336828 0
    outer loop
      vertex 60.4952 26.8048 15.8
      vertex 60.5299 26.9018 8.8
      vertex 60.5299 26.9018 15.8
    endloop
  endfacet
  facet normal 0.941566 -0.336828 0
    outer loop
      vertex 60.5299 26.9018 8.8
      vertex 60.4952 26.8048 15.8
      vertex 60.4952 26.8048 8.8
    endloop
  endfacet
  facet normal -0.998774 -0.0495019 0
    outer loop
      vertex 62.55 26.5 8.8
      vertex 62.5449 26.6029 15.8
      vertex 62.5449 26.6029 8.8
    endloop
  endfacet
  facet normal -0.998774 -0.0495019 0
    outer loop
      vertex 62.5449 26.6029 15.8
      vertex 62.55 26.5 8.8
      vertex 62.55 26.5 15.8
    endloop
  endfacet
  facet normal 0.427711 0.903915 -0
    outer loop
      vertex 61.0982 25.5299 8.8
      vertex 61.005 25.574 15.8
      vertex 61.0982 25.5299 15.8
    endloop
  endfacet
  facet normal 0.427711 0.903915 0
    outer loop
      vertex 61.005 25.574 15.8
      vertex 61.0982 25.5299 8.8
      vertex 61.005 25.574 8.8
    endloop
  endfacet
  facet normal -0.903915 -0.427711 0
    outer loop
      vertex 62.4701 26.9018 8.8
      vertex 62.426 26.995 15.8
      vertex 62.426 26.995 8.8
    endloop
  endfacet
  facet normal -0.903915 -0.427711 0
    outer loop
      vertex 62.426 26.995 15.8
      vertex 62.4701 26.9018 8.8
      vertex 62.4701 26.9018 15.8
    endloop
  endfacet
  facet normal 0.595483 -0.803368 0
    outer loop
      vertex 60.8339 27.3117 8.8
      vertex 60.9166 27.373 15.8
      vertex 60.8339 27.3117 15.8
    endloop
  endfacet
  facet normal 0.595483 -0.803368 0
    outer loop
      vertex 60.9166 27.373 15.8
      vertex 60.8339 27.3117 8.8
      vertex 60.9166 27.373 8.8
    endloop
  endfacet
  facet normal 0.803712 0.595019 0
    outer loop
      vertex 60.6883 25.8339 15.8
      vertex 60.627 25.9167 8.8
      vertex 60.627 25.9167 15.8
    endloop
  endfacet
  facet normal 0.803712 0.595019 0
    outer loop
      vertex 60.627 25.9167 8.8
      vertex 60.6883 25.8339 15.8
      vertex 60.6883 25.8339 8.8
    endloop
  endfacet
  facet normal 0.941566 0.336828 0
    outer loop
      vertex 60.5299 26.0982 15.8
      vertex 60.4952 26.1952 8.8
      vertex 60.4952 26.1952 15.8
    endloop
  endfacet
  facet normal 0.941566 0.336828 0
    outer loop
      vertex 60.4952 26.1952 8.8
      vertex 60.5299 26.0982 15.8
      vertex 60.5299 26.0982 8.8
    endloop
  endfacet
  facet normal -0.941566 0.336828 0
    outer loop
      vertex 62.4701 26.0982 8.8
      vertex 62.5048 26.1952 15.8
      vertex 62.5048 26.1952 8.8
    endloop
  endfacet
  facet normal -0.941566 0.336828 0
    outer loop
      vertex 62.5048 26.1952 15.8
      vertex 62.4701 26.0982 8.8
      vertex 62.4701 26.0982 15.8
    endloop
  endfacet
  facet normal 0 0 1
    outer loop
      vertex 62.5449 26.6029 8.8
      vertex 62.5449 26.3971 8.8
      vertex 62.55 26.5 8.8
    endloop
  endfacet
  facet normal 0 0 1
    outer loop
      vertex 62.5298 26.7048 8.8
      vertex 62.5449 26.3971 8.8
      vertex 62.5449 26.6029 8.8
    endloop
  endfacet
  facet normal 0 0 1
    outer loop
      vertex 62.5298 26.7048 8.8
      vertex 62.5298 26.2952 8.8
      vertex 62.5449 26.3971 8.8
    endloop
  endfacet
  facet normal 0 0 1
    outer loop
      vertex 62.5048 26.8048 8.8
      vertex 62.5298 26.2952 8.8
      vertex 62.5298 26.7048 8.8
    endloop
  endfacet
  facet normal 0 0 1
    outer loop
      vertex 62.5048 26.8048 8.8
      vertex 62.5048 26.1952 8.8
      vertex 62.5298 26.2952 8.8
    endloop
  endfacet
  facet normal 0 0 1
    outer loop
      vertex 62.4701 26.9018 8.8
      vertex 62.5048 26.1952 8.8
      vertex 62.5048 26.8048 8.8
    endloop
  endfacet
  facet normal 0 0 1
    outer loop
      vertex 62.4701 26.9018 8.8
      vertex 62.4701 26.0982 8.8
      vertex 62.5048 26.1952 8.8
    endloop
  endfacet
  facet normal 0 0 1
    outer loop
      vertex 62.426 26.995 8.8
      vertex 62.4701 26.0982 8.8
      vertex 62.4701 26.9018 8.8
    endloop
  endfacet
  facet normal 0 0 1
    outer loop
      vertex 62.426 26.995 8.8
      vertex 62.426 26.005 8.8
      vertex 62.4701 26.0982 8.8
    endloop
  endfacet
  facet normal 0 0 1
    outer loop
      vertex 62.373 27.0833 8.8
      vertex 62.426 26.005 8.8
      vertex 62.426 26.995 8.8
    endloop
  endfacet
  facet normal 0 0 1
    outer loop
      vertex 62.373 27.0833 8.8
      vertex 62.373 25.9167 8.8
      vertex 62.426 26.005 8.8
    endloop
  endfacet
  facet normal 0 0 1
    outer loop
      vertex 62.3117 27.1661 8.8
      vertex 62.373 25.9167 8.8
      vertex 62.373 27.0833 8.8
    endloop
  endfacet
  facet normal 0 0 1
    outer loop
      vertex 62.3117 27.1661 8.8
      vertex 62.3117 25.8339 8.8
      vertex 62.373 25.9167 8.8
    endloop
  endfacet
  facet normal 0 0 1
    outer loop
      vertex 62.2425 27.2425 8.8
      vertex 62.3117 25.8339 8.8
      vertex 62.3117 27.1661 8.8
    endloop
  endfacet
  facet normal 0 0 1
    outer loop
      vertex 62.2425 27.2425 8.8
      vertex 62.2425 25.7575 8.8
      vertex 62.3117 25.8339 8.8
    endloop
  endfacet
  facet normal 0 0 1
    outer loop
      vertex 62.1661 27.3117 8.8
      vertex 62.2425 25.7575 8.8
      vertex 62.2425 27.2425 8.8
    endloop
  endfacet
  facet normal 0 0 1
    outer loop
      vertex 62.1661 27.3117 8.8
      vertex 62.1661 25.6883 8.8
      vertex 62.2425 25.7575 8.8
    endloop
  endfacet
  facet normal 0 0 1
    outer loop
      vertex 62.0833 27.373 8.8
      vertex 62.1661 25.6883 8.8
      vertex 62.1661 27.3117 8.8
    endloop
  endfacet
  facet normal 0 0 1
    outer loop
      vertex 62.0833 27.373 8.8
      vertex 62.0833 25.627 8.8
      vertex 62.1661 25.6883 8.8
    endloop
  endfacet
  facet normal 0 0 1
    outer loop
      vertex 61.995 27.426 8.8
      vertex 62.0833 25.627 8.8
      vertex 62.0833 27.373 8.8
    endloop
  endfacet
  facet normal 0 0 1
    outer loop
      vertex 61.995 27.426 8.8
      vertex 61.995 25.574 8.8
      vertex 62.0833 25.627 8.8
    endloop
  endfacet
  facet normal 0 0 1
    outer loop
      vertex 61.9018 27.4701 8.8
      vertex 61.995 25.574 8.8
      vertex 61.995 27.426 8.8
    endloop
  endfacet
  facet normal 0 0 1
    outer loop
      vertex 61.9018 27.4701 8.8
      vertex 61.9018 25.5299 8.8
      vertex 61.995 25.574 8.8
    endloop
  endfacet
  facet normal 0 0 1
    outer loop
      vertex 61.8048 27.5048 8.8
      vertex 61.9018 25.5299 8.8
      vertex 61.9018 27.4701 8.8
    endloop
  endfacet
  facet normal 0 0 1
    outer loop
      vertex 61.8048 27.5048 8.8
      vertex 61.8048 25.4952 8.8
      vertex 61.9018 25.5299 8.8
    endloop
  endfacet
  facet normal 0 0 1
    outer loop
      vertex 61.7048 27.5298 8.8
      vertex 61.8048 25.4952 8.8
      vertex 61.8048 27.5048 8.8
    endloop
  endfacet
  facet normal 0 0 1
    outer loop
      vertex 61.7048 27.5298 8.8
      vertex 61.7048 25.4702 8.8
      vertex 61.8048 25.4952 8.8
    endloop
  endfacet
  facet normal 0 0 1
    outer loop
      vertex 61.6029 27.5449 8.8
      vertex 61.7048 25.4702 8.8
      vertex 61.7048 27.5298 8.8
    endloop
  endfacet
  facet normal 0 0 1
    outer loop
      vertex 61.6029 27.5449 8.8
      vertex 61.6029 25.4551 8.8
      vertex 61.7048 25.4702 8.8
    endloop
  endfacet
  facet normal 0 0 1
    outer loop
      vertex 61.5 27.55 8.8
      vertex 61.6029 25.4551 8.8
      vertex 61.6029 27.5449 8.8
    endloop
  endfacet
  facet normal 0 0 1
    outer loop
      vertex 61.5 27.55 8.8
      vertex 61.5 25.45 8.8
      vertex 61.6029 25.4551 8.8
    endloop
  endfacet
  facet normal -0 0 1
    outer loop
      vertex 61.3971 27.5449 8.8
      vertex 61.5 25.45 8.8
      vertex 61.5 27.55 8.8
    endloop
  endfacet
  facet normal 0 0 1
    outer loop
      vertex 61.3971 27.5449 8.8
      vertex 61.3971 25.4551 8.8
      vertex 61.5 25.45 8.8
    endloop
  endfacet
  facet normal -0 0 1
    outer loop
      vertex 61.2952 27.5298 8.8
      vertex 61.3971 25.4551 8.8
      vertex 61.3971 27.5449 8.8
    endloop
  endfacet
  facet normal 0 0 1
    outer loop
      vertex 61.2952 27.5298 8.8
      vertex 61.2952 25.4702 8.8
      vertex 61.3971 25.4551 8.8
    endloop
  endfacet
  facet normal -0 0 1
    outer loop
      vertex 61.1952 27.5048 8.8
      vertex 61.2952 25.4702 8.8
      vertex 61.2952 27.5298 8.8
    endloop
  endfacet
  facet normal 0 0 1
    outer loop
      vertex 61.1952 27.5048 8.8
      vertex 61.1952 25.4952 8.8
      vertex 61.2952 25.4702 8.8
    endloop
  endfacet
  facet normal -0 0 1
    outer loop
      vertex 61.0982 27.4701 8.8
      vertex 61.1952 25.4952 8.8
      vertex 61.1952 27.5048 8.8
    endloop
  endfacet
  facet normal 0 0 1
    outer loop
      vertex 61.0982 27.4701 8.8
      vertex 61.0982 25.5299 8.8
      vertex 61.1952 25.4952 8.8
    endloop
  endfacet
  facet normal -0 0 1
    outer loop
      vertex 61.005 27.426 8.8
      vertex 61.0982 25.5299 8.8
      vertex 61.0982 27.4701 8.8
    endloop
  endfacet
  facet normal 0 0 1
    outer loop
      vertex 61.005 27.426 8.8
      vertex 61.005 25.574 8.8
      vertex 61.0982 25.5299 8.8
    endloop
  endfacet
  facet normal -0 0 1
    outer loop
      vertex 60.9166 27.373 8.8
      vertex 61.005 25.574 8.8
      vertex 61.005 27.426 8.8
    endloop
  endfacet
  facet normal 0 0 1
    outer loop
      vertex 60.9166 27.373 8.8
      vertex 60.9166 25.627 8.8
      vertex 61.005 25.574 8.8
    endloop
  endfacet
  facet normal -0 0 1
    outer loop
      vertex 60.8339 27.3117 8.8
      vertex 60.9166 25.627 8.8
      vertex 60.9166 27.373 8.8
    endloop
  endfacet
  facet normal 0 0 1
    outer loop
      vertex 60.8339 27.3117 8.8
      vertex 60.8339 25.6883 8.8
      vertex 60.9166 25.627 8.8
    endloop
  endfacet
  facet normal -0 0 1
    outer loop
      vertex 60.7575 27.2425 8.8
      vertex 60.8339 25.6883 8.8
      vertex 60.8339 27.3117 8.8
    endloop
  endfacet
  facet normal 0 0 1
    outer loop
      vertex 60.7575 27.2425 8.8
      vertex 60.7575 25.7575 8.8
      vertex 60.8339 25.6883 8.8
    endloop
  endfacet
  facet normal -0 0 1
    outer loop
      vertex 60.6883 27.1661 8.8
      vertex 60.7575 25.7575 8.8
      vertex 60.7575 27.2425 8.8
    endloop
  endfacet
  facet normal 0 0 1
    outer loop
      vertex 60.6883 27.1661 8.8
      vertex 60.6883 25.8339 8.8
      vertex 60.7575 25.7575 8.8
    endloop
  endfacet
  facet normal -0 0 1
    outer loop
      vertex 60.627 27.0833 8.8
      vertex 60.6883 25.8339 8.8
      vertex 60.6883 27.1661 8.8
    endloop
  endfacet
  facet normal 0 0 1
    outer loop
      vertex 60.627 27.0833 8.8
      vertex 60.627 25.9167 8.8
      vertex 60.6883 25.8339 8.8
    endloop
  endfacet
  facet normal -0 0 1
    outer loop
      vertex 60.574 26.995 8.8
      vertex 60.627 25.9167 8.8
      vertex 60.627 27.0833 8.8
    endloop
  endfacet
  facet normal 0 0 1
    outer loop
      vertex 60.574 26.995 8.8
      vertex 60.574 26.005 8.8
      vertex 60.627 25.9167 8.8
    endloop
  endfacet
  facet normal -0 0 1
    outer loop
      vertex 60.5299 26.9018 8.8
      vertex 60.574 26.005 8.8
      vertex 60.574 26.995 8.8
    endloop
  endfacet
  facet normal 0 0 1
    outer loop
      vertex 60.5299 26.9018 8.8
      vertex 60.5299 26.0982 8.8
      vertex 60.574 26.005 8.8
    endloop
  endfacet
  facet normal -0 0 1
    outer loop
      vertex 60.4952 26.8048 8.8
      vertex 60.5299 26.0982 8.8
      vertex 60.5299 26.9018 8.8
    endloop
  endfacet
  facet normal 0 0 1
    outer loop
      vertex 60.4952 26.8048 8.8
      vertex 60.4952 26.1952 8.8
      vertex 60.5299 26.0982 8.8
    endloop
  endfacet
  facet normal -0 0 1
    outer loop
      vertex 60.4702 26.7048 8.8
      vertex 60.4952 26.1952 8.8
      vertex 60.4952 26.8048 8.8
    endloop
  endfacet
  facet normal 0 0 1
    outer loop
      vertex 60.4702 26.7048 8.8
      vertex 60.4702 26.2952 8.8
      vertex 60.4952 26.1952 8.8
    endloop
  endfacet
  facet normal -0 0 1
    outer loop
      vertex 60.4551 26.6029 8.8
      vertex 60.4702 26.2952 8.8
      vertex 60.4702 26.7048 8.8
    endloop
  endfacet
  facet normal 0 0 1
    outer loop
      vertex 60.4551 26.6029 8.8
      vertex 60.4551 26.3971 8.8
      vertex 60.4702 26.2952 8.8
    endloop
  endfacet
  facet normal 0 -0 1
    outer loop
      vertex 60.4551 26.3971 8.8
      vertex 60.4551 26.6029 8.8
      vertex 60.45 26.5 8.8
    endloop
  endfacet
  facet normal 0.67132 -0.741168 0
    outer loop
      vertex 60.7575 27.2425 8.8
      vertex 60.8339 27.3117 15.8
      vertex 60.7575 27.2425 15.8
    endloop
  endfacet
  facet normal 0.67132 -0.741168 0
    outer loop
      vertex 60.8339 27.3117 15.8
      vertex 60.7575 27.2425 8.8
      vertex 60.8339 27.3117 8.8
    endloop
  endfacet
  facet normal -0.970143 -0.242536 0
    outer loop
      vertex 62.5298 26.7048 8.8
      vertex 62.5048 26.8048 15.8
      vertex 62.5048 26.8048 8.8
    endloop
  endfacet
  facet normal -0.970143 -0.242536 0
    outer loop
      vertex 62.5048 26.8048 15.8
      vertex 62.5298 26.7048 8.8
      vertex 62.5298 26.7048 15.8
    endloop
  endfacet
  facet normal -0.989198 -0.146584 0
    outer loop
      vertex 62.5449 26.6029 8.8
      vertex 62.5298 26.7048 15.8
      vertex 62.5298 26.7048 8.8
    endloop
  endfacet
  facet normal -0.989198 -0.146584 0
    outer loop
      vertex 62.5298 26.7048 15.8
      vertex 62.5449 26.6029 8.8
      vertex 62.5449 26.6029 15.8
    endloop
  endfacet
  facet normal 0.51421 -0.857664 0
    outer loop
      vertex 60.9166 27.373 8.8
      vertex 61.005 27.426 15.8
      vertex 60.9166 27.373 15.8
    endloop
  endfacet
  facet normal 0.51421 -0.857664 0
    outer loop
      vertex 61.005 27.426 15.8
      vertex 60.9166 27.373 8.8
      vertex 61.005 27.426 8.8
    endloop
  endfacet
  facet normal -0.336828 0.941566 0
    outer loop
      vertex 61.9018 25.5299 8.8
      vertex 61.8048 25.4952 15.8
      vertex 61.9018 25.5299 15.8
    endloop
  endfacet
  facet normal -0.336828 0.941566 0
    outer loop
      vertex 61.8048 25.4952 15.8
      vertex 61.9018 25.5299 8.8
      vertex 61.8048 25.4952 8.8
    endloop
  endfacet
  facet normal 0.336828 0.941566 -0
    outer loop
      vertex 61.1952 25.4952 8.8
      vertex 61.0982 25.5299 15.8
      vertex 61.1952 25.4952 15.8
    endloop
  endfacet
  facet normal 0.336828 0.941566 0
    outer loop
      vertex 61.0982 25.5299 15.8
      vertex 61.1952 25.4952 8.8
      vertex 61.0982 25.5299 8.8
    endloop
  endfacet
  facet normal -0.146584 -0.989198 0
    outer loop
      vertex 61.6029 27.5449 8.8
      vertex 61.7048 27.5298 15.8
      vertex 61.6029 27.5449 15.8
    endloop
  endfacet
  facet normal -0.146584 -0.989198 -0
    outer loop
      vertex 61.7048 27.5298 15.8
      vertex 61.6029 27.5449 8.8
      vertex 61.7048 27.5298 8.8
    endloop
  endfacet
  facet normal -0.857407 -0.514639 0
    outer loop
      vertex 62.426 26.995 8.8
      vertex 62.373 27.0833 15.8
      vertex 62.373 27.0833 8.8
    endloop
  endfacet
  facet normal -0.857407 -0.514639 0
    outer loop
      vertex 62.373 27.0833 15.8
      vertex 62.426 26.995 8.8
      vertex 62.426 26.995 15.8
    endloop
  endfacet
  facet normal 0.0495019 0.998774 -0
    outer loop
      vertex 61.5 25.45 8.8
      vertex 61.3971 25.4551 15.8
      vertex 61.5 25.45 15.8
    endloop
  endfacet
  facet normal 0.0495019 0.998774 0
    outer loop
      vertex 61.3971 25.4551 15.8
      vertex 61.5 25.45 8.8
      vertex 61.3971 25.4551 8.8
    endloop
  endfacet
  facet normal 0.998774 -0.0495019 0
    outer loop
      vertex 60.45 26.5 15.8
      vertex 60.4551 26.6029 8.8
      vertex 60.4551 26.6029 15.8
    endloop
  endfacet
  facet normal 0.998774 -0.0495019 0
    outer loop
      vertex 60.4551 26.6029 8.8
      vertex 60.45 26.5 15.8
      vertex 60.45 26.5 8.8
    endloop
  endfacet
  facet normal -0.941566 -0.336828 0
    outer loop
      vertex 62.5048 26.8048 8.8
      vertex 62.4701 26.9018 15.8
      vertex 62.4701 26.9018 8.8
    endloop
  endfacet
  facet normal -0.941566 -0.336828 0
    outer loop
      vertex 62.4701 26.9018 15.8
      vertex 62.5048 26.8048 8.8
      vertex 62.5048 26.8048 15.8
    endloop
  endfacet
  facet normal -0.427711 0.903915 0
    outer loop
      vertex 61.995 25.574 8.8
      vertex 61.9018 25.5299 15.8
      vertex 61.995 25.574 15.8
    endloop
  endfacet
  facet normal -0.427711 0.903915 0
    outer loop
      vertex 61.9018 25.5299 15.8
      vertex 61.995 25.574 8.8
      vertex 61.9018 25.5299 8.8
    endloop
  endfacet
  facet normal -0.741168 0.67132 0
    outer loop
      vertex 62.2425 25.7575 8.8
      vertex 62.3117 25.8339 15.8
      vertex 62.3117 25.8339 8.8
    endloop
  endfacet
  facet normal -0.741168 0.67132 0
    outer loop
      vertex 62.3117 25.8339 15.8
      vertex 62.2425 25.7575 8.8
      vertex 62.2425 25.7575 15.8
    endloop
  endfacet
  facet normal -0.0495019 0.998774 0
    outer loop
      vertex 61.6029 25.4551 8.8
      vertex 61.5 25.45 15.8
      vertex 61.6029 25.4551 15.8
    endloop
  endfacet
  facet normal -0.0495019 0.998774 0
    outer loop
      vertex 61.5 25.45 15.8
      vertex 61.6029 25.4551 8.8
      vertex 61.5 25.45 8.8
    endloop
  endfacet
  facet normal 0.857407 -0.514639 0
    outer loop
      vertex 60.574 26.995 15.8
      vertex 60.627 27.0833 8.8
      vertex 60.627 27.0833 15.8
    endloop
  endfacet
  facet normal 0.857407 -0.514639 0
    outer loop
      vertex 60.627 27.0833 8.8
      vertex 60.574 26.995 15.8
      vertex 60.574 26.995 8.8
    endloop
  endfacet
  facet normal -0.857407 0.514639 0
    outer loop
      vertex 62.373 25.9167 8.8
      vertex 62.426 26.005 15.8
      vertex 62.426 26.005 8.8
    endloop
  endfacet
  facet normal -0.857407 0.514639 0
    outer loop
      vertex 62.426 26.005 15.8
      vertex 62.373 25.9167 8.8
      vertex 62.373 25.9167 15.8
    endloop
  endfacet
  facet normal 0.146584 -0.989198 0
    outer loop
      vertex 61.2952 27.5298 8.8
      vertex 61.3971 27.5449 15.8
      vertex 61.2952 27.5298 15.8
    endloop
  endfacet
  facet normal 0.146584 -0.989198 0
    outer loop
      vertex 61.3971 27.5449 15.8
      vertex 61.2952 27.5298 8.8
      vertex 61.3971 27.5449 8.8
    endloop
  endfacet
  facet normal -0.67132 -0.741168 0
    outer loop
      vertex 62.1661 27.3117 8.8
      vertex 62.2425 27.2425 15.8
      vertex 62.1661 27.3117 15.8
    endloop
  endfacet
  facet normal -0.67132 -0.741168 -0
    outer loop
      vertex 62.2425 27.2425 15.8
      vertex 62.1661 27.3117 8.8
      vertex 62.2425 27.2425 8.8
    endloop
  endfacet
  facet normal 0.0495019 -0.998774 0
    outer loop
      vertex 61.3971 27.5449 8.8
      vertex 61.5 27.55 15.8
      vertex 61.3971 27.5449 15.8
    endloop
  endfacet
  facet normal 0.0495019 -0.998774 0
    outer loop
      vertex 61.5 27.55 15.8
      vertex 61.3971 27.5449 8.8
      vertex 61.5 27.55 8.8
    endloop
  endfacet
  facet normal 0.741168 0.67132 0
    outer loop
      vertex 60.7575 25.7575 15.8
      vertex 60.6883 25.8339 8.8
      vertex 60.6883 25.8339 15.8
    endloop
  endfacet
  facet normal 0.741168 0.67132 0
    outer loop
      vertex 60.6883 25.8339 8.8
      vertex 60.7575 25.7575 15.8
      vertex 60.7575 25.7575 8.8
    endloop
  endfacet
  facet normal 0.146584 0.989198 -0
    outer loop
      vertex 61.3971 25.4551 8.8
      vertex 61.2952 25.4702 15.8
      vertex 61.3971 25.4551 15.8
    endloop
  endfacet
  facet normal 0.146584 0.989198 0
    outer loop
      vertex 61.2952 25.4702 15.8
      vertex 61.3971 25.4551 8.8
      vertex 61.2952 25.4702 8.8
    endloop
  endfacet
  facet normal 0.903915 0.427711 0
    outer loop
      vertex 60.574 26.005 15.8
      vertex 60.5299 26.0982 8.8
      vertex 60.5299 26.0982 15.8
    endloop
  endfacet
  facet normal 0.903915 0.427711 0
    outer loop
      vertex 60.5299 26.0982 8.8
      vertex 60.574 26.005 15.8
      vertex 60.574 26.005 8.8
    endloop
  endfacet
  facet normal 0.970143 0.242536 0
    outer loop
      vertex 60.4952 26.1952 15.8
      vertex 60.4702 26.2952 8.8
      vertex 60.4702 26.2952 15.8
    endloop
  endfacet
  facet normal 0.970143 0.242536 0
    outer loop
      vertex 60.4702 26.2952 8.8
      vertex 60.4952 26.1952 15.8
      vertex 60.4952 26.1952 8.8
    endloop
  endfacet
  facet normal -0.242536 0.970143 0
    outer loop
      vertex 61.8048 25.4952 8.8
      vertex 61.7048 25.4702 15.8
      vertex 61.8048 25.4952 15.8
    endloop
  endfacet
  facet normal -0.242536 0.970143 0
    outer loop
      vertex 61.7048 25.4702 15.8
      vertex 61.8048 25.4952 8.8
      vertex 61.7048 25.4702 8.8
    endloop
  endfacet
  facet normal 0.970143 -0.242536 0
    outer loop
      vertex 60.4702 26.7048 15.8
      vertex 60.4952 26.8048 8.8
      vertex 60.4952 26.8048 15.8
    endloop
  endfacet
  facet normal 0.970143 -0.242536 0
    outer loop
      vertex 60.4952 26.8048 8.8
      vertex 60.4702 26.7048 15.8
      vertex 60.4702 26.7048 8.8
    endloop
  endfacet
  facet normal 0.427711 -0.903915 0
    outer loop
      vertex 61.005 27.426 8.8
      vertex 61.0982 27.4701 15.8
      vertex 61.005 27.426 15.8
    endloop
  endfacet
  facet normal 0.427711 -0.903915 0
    outer loop
      vertex 61.0982 27.4701 15.8
      vertex 61.005 27.426 8.8
      vertex 61.0982 27.4701 8.8
    endloop
  endfacet
  facet normal 0.741168 -0.67132 0
    outer loop
      vertex 60.6883 27.1661 15.8
      vertex 60.7575 27.2425 8.8
      vertex 60.7575 27.2425 15.8
    endloop
  endfacet
  facet normal 0.741168 -0.67132 0
    outer loop
      vertex 60.7575 27.2425 8.8
      vertex 60.6883 27.1661 15.8
      vertex 60.6883 27.1661 8.8
    endloop
  endfacet
  facet normal -0.427711 -0.903915 0
    outer loop
      vertex 61.9018 27.4701 8.8
      vertex 61.995 27.426 15.8
      vertex 61.9018 27.4701 15.8
    endloop
  endfacet
  facet normal -0.427711 -0.903915 -0
    outer loop
      vertex 61.995 27.426 15.8
      vertex 61.9018 27.4701 8.8
      vertex 61.995 27.426 8.8
    endloop
  endfacet
  facet normal -0.0495019 -0.998774 0
    outer loop
      vertex 61.5 27.55 8.8
      vertex 61.6029 27.5449 15.8
      vertex 61.5 27.55 15.8
    endloop
  endfacet
  facet normal -0.0495019 -0.998774 -0
    outer loop
      vertex 61.6029 27.5449 15.8
      vertex 61.5 27.55 8.8
      vertex 61.6029 27.5449 8.8
    endloop
  endfacet
  facet normal 0.989198 -0.146584 0
    outer loop
      vertex 60.4551 26.6029 15.8
      vertex 60.4702 26.7048 8.8
      vertex 60.4702 26.7048 15.8
    endloop
  endfacet
  facet normal 0.989198 -0.146584 0
    outer loop
      vertex 60.4702 26.7048 8.8
      vertex 60.4551 26.6029 15.8
      vertex 60.4551 26.6029 8.8
    endloop
  endfacet
  facet normal -0.595019 -0.803712 0
    outer loop
      vertex 62.0833 27.373 8.8
      vertex 62.1661 27.3117 15.8
      vertex 62.0833 27.373 15.8
    endloop
  endfacet
  facet normal -0.595019 -0.803712 -0
    outer loop
      vertex 62.1661 27.3117 15.8
      vertex 62.0833 27.373 8.8
      vertex 62.1661 27.3117 8.8
    endloop
  endfacet
  facet normal 0.803712 -0.595019 0
    outer loop
      vertex 60.627 27.0833 15.8
      vertex 60.6883 27.1661 8.8
      vertex 60.6883 27.1661 15.8
    endloop
  endfacet
  facet normal 0.803712 -0.595019 0
    outer loop
      vertex 60.6883 27.1661 8.8
      vertex 60.627 27.0833 15.8
      vertex 60.627 27.0833 8.8
    endloop
  endfacet
  facet normal 0.998774 0.0495019 0
    outer loop
      vertex 60.4551 26.3971 15.8
      vertex 60.45 26.5 8.8
      vertex 60.45 26.5 15.8
    endloop
  endfacet
  facet normal 0.998774 0.0495019 0
    outer loop
      vertex 60.45 26.5 8.8
      vertex 60.4551 26.3971 15.8
      vertex 60.4551 26.3971 8.8
    endloop
  endfacet
  facet normal -0.741168 -0.67132 0
    outer loop
      vertex 62.3117 27.1661 8.8
      vertex 62.2425 27.2425 15.8
      vertex 62.2425 27.2425 8.8
    endloop
  endfacet
  facet normal -0.741168 -0.67132 0
    outer loop
      vertex 62.2425 27.2425 15.8
      vertex 62.3117 27.1661 8.8
      vertex 62.3117 27.1661 15.8
    endloop
  endfacet
  facet normal -0.989202 0.146556 0
    outer loop
      vertex 62.5298 3.29516 8.8
      vertex 62.5449 3.39708 15.8
      vertex 62.5449 3.39708 8.8
    endloop
  endfacet
  facet normal -0.989202 0.146556 0
    outer loop
      vertex 62.5449 3.39708 15.8
      vertex 62.5298 3.29516 8.8
      vertex 62.5298 3.29516 15.8
    endloop
  endfacet
  facet normal -0.998775 0.0494923 0
    outer loop
      vertex 62.5449 3.39708 8.8
      vertex 62.55 3.5 15.8
      vertex 62.55 3.5 8.8
    endloop
  endfacet
  facet normal -0.998775 0.0494923 0
    outer loop
      vertex 62.55 3.5 15.8
      vertex 62.5449 3.39708 8.8
      vertex 62.5449 3.39708 15.8
    endloop
  endfacet
  facet normal -0.97012 0.242627 0
    outer loop
      vertex 62.5048 3.1952 8.8
      vertex 62.5298 3.29516 15.8
      vertex 62.5298 3.29516 8.8
    endloop
  endfacet
  facet normal -0.97012 0.242627 0
    outer loop
      vertex 62.5298 3.29516 15.8
      vertex 62.5048 3.1952 8.8
      vertex 62.5048 3.1952 15.8
    endloop
  endfacet
  facet normal 0.24281 0.970074 -0
    outer loop
      vertex 61.2952 2.47018 8.8
      vertex 61.1952 2.49521 15.8
      vertex 61.2952 2.47018 15.8
    endloop
  endfacet
  facet normal 0.24281 0.970074 0
    outer loop
      vertex 61.1952 2.49521 15.8
      vertex 61.2952 2.47018 8.8
      vertex 61.1952 2.49521 8.8
    endloop
  endfacet
  facet normal 0.903827 -0.427899 0
    outer loop
      vertex 60.5299 3.90182 15.8
      vertex 60.574 3.99497 8.8
      vertex 60.574 3.99497 15.8
    endloop
  endfacet
  facet normal 0.903827 -0.427899 0
    outer loop
      vertex 60.574 3.99497 8.8
      vertex 60.5299 3.90182 15.8
      vertex 60.5299 3.90182 8.8
    endloop
  endfacet
  facet normal -0.427315 -0.904103 0
    outer loop
      vertex 61.9018 4.47007 8.8
      vertex 61.995 4.42602 15.8
      vertex 61.9018 4.47007 15.8
    endloop
  endfacet
  facet normal -0.427315 -0.904103 -0
    outer loop
      vertex 61.995 4.42602 15.8
      vertex 61.9018 4.47007 8.8
      vertex 61.995 4.42602 8.8
    endloop
  endfacet
  facet normal 0.242901 -0.970051 0
    outer loop
      vertex 61.1952 4.50479 8.8
      vertex 61.2952 4.52983 15.8
      vertex 61.1952 4.50479 15.8
    endloop
  endfacet
  facet normal 0.242901 -0.970051 0
    outer loop
      vertex 61.2952 4.52983 15.8
      vertex 61.1952 4.50479 8.8
      vertex 61.2952 4.52983 8.8
    endloop
  endfacet
  facet normal -0.514496 -0.857493 0
    outer loop
      vertex 61.995 4.42602 8.8
      vertex 62.0833 4.37304 15.8
      vertex 61.995 4.42602 15.8
    endloop
  endfacet
  facet normal -0.514496 -0.857493 -0
    outer loop
      vertex 62.0833 4.37304 15.8
      vertex 61.995 4.42602 8.8
      vertex 62.0833 4.37304 8.8
    endloop
  endfacet
  facet normal 0.337 -0.941505 0
    outer loop
      vertex 61.0982 4.47007 8.8
      vertex 61.1952 4.50479 15.8
      vertex 61.0982 4.47007 15.8
    endloop
  endfacet
  facet normal 0.337 -0.941505 0
    outer loop
      vertex 61.1952 4.50479 15.8
      vertex 61.0982 4.47007 8.8
      vertex 61.1952 4.50479 8.8
    endloop
  endfacet
  facet normal -0.337 -0.941505 0
    outer loop
      vertex 61.8048 4.50479 8.8
      vertex 61.9018 4.47007 15.8
      vertex 61.8048 4.50479 15.8
    endloop
  endfacet
  facet normal -0.337 -0.941505 -0
    outer loop
      vertex 61.9018 4.47007 15.8
      vertex 61.8048 4.50479 8.8
      vertex 61.9018 4.47007 8.8
    endloop
  endfacet
  facet normal 0.67132 0.741168 -0
    outer loop
      vertex 60.8339 2.68834 8.8
      vertex 60.7575 2.75754 15.8
      vertex 60.8339 2.68834 15.8
    endloop
  endfacet
  facet normal 0.67132 0.741168 0
    outer loop
      vertex 60.7575 2.75754 15.8
      vertex 60.8339 2.68834 8.8
      vertex 60.7575 2.75754 8.8
    endloop
  endfacet
  facet normal -0.242901 -0.970051 0
    outer loop
      vertex 61.7048 4.52983 8.8
      vertex 61.8048 4.50479 15.8
      vertex 61.7048 4.52983 15.8
    endloop
  endfacet
  facet normal -0.242901 -0.970051 -0
    outer loop
      vertex 61.8048 4.50479 15.8
      vertex 61.7048 4.52983 8.8
      vertex 61.8048 4.50479 8.8
    endloop
  endfacet
  facet normal 0.857613 0.514296 0
    outer loop
      vertex 60.627 2.91665 15.8
      vertex 60.574 3.00503 8.8
      vertex 60.574 3.00503 15.8
    endloop
  endfacet
  facet normal 0.857613 0.514296 0
    outer loop
      vertex 60.574 3.00503 8.8
      vertex 60.627 2.91665 15.8
      vertex 60.627 2.91665 8.8
    endloop
  endfacet
  facet normal 0.989202 0.146556 0
    outer loop
      vertex 60.4702 3.29516 15.8
      vertex 60.4551 3.39708 8.8
      vertex 60.4551 3.39708 15.8
    endloop
  endfacet
  facet normal 0.989202 0.146556 0
    outer loop
      vertex 60.4551 3.39708 8.8
      vertex 60.4702 3.29516 15.8
      vertex 60.4702 3.29516 8.8
    endloop
  endfacet
  facet normal -0.903827 0.427899 0
    outer loop
      vertex 62.426 3.00503 8.8
      vertex 62.4701 3.09818 15.8
      vertex 62.4701 3.09818 8.8
    endloop
  endfacet
  facet normal -0.903827 0.427899 0
    outer loop
      vertex 62.4701 3.09818 15.8
      vertex 62.426 3.00503 8.8
      vertex 62.426 3.00503 15.8
    endloop
  endfacet
  facet normal -0.803574 -0.595204 0
    outer loop
      vertex 62.373 4.08335 8.8
      vertex 62.3117 4.16611 15.8
      vertex 62.3117 4.16611 8.8
    endloop
  endfacet
  facet normal -0.803574 -0.595204 0
    outer loop
      vertex 62.3117 4.16611 15.8
      vertex 62.373 4.08335 8.8
      vertex 62.373 4.08335 15.8
    endloop
  endfacet
  facet normal 0.595984 0.802996 -0
    outer loop
      vertex 60.9166 2.62696 8.8
      vertex 60.8339 2.68834 15.8
      vertex 60.9166 2.62696 15.8
    endloop
  endfacet
  facet normal 0.595984 0.802996 0
    outer loop
      vertex 60.8339 2.68834 15.8
      vertex 60.9166 2.62696 8.8
      vertex 60.8339 2.68834 8.8
    endloop
  endfacet
  facet normal -0.59552 0.803341 0
    outer loop
      vertex 62.1661 2.68834 8.8
      vertex 62.0833 2.62696 15.8
      vertex 62.1661 2.68834 15.8
    endloop
  endfacet
  facet normal -0.59552 0.803341 0
    outer loop
      vertex 62.0833 2.62696 15.8
      vertex 62.1661 2.68834 8.8
      vertex 62.0833 2.62696 8.8
    endloop
  endfacet
  facet normal -0.146774 0.98917 0
    outer loop
      vertex 61.7048 2.47018 8.8
      vertex 61.6029 2.45506 15.8
      vertex 61.7048 2.47018 15.8
    endloop
  endfacet
  facet normal -0.146774 0.98917 0
    outer loop
      vertex 61.6029 2.45506 15.8
      vertex 61.7048 2.47018 8.8
      vertex 61.6029 2.45506 8.8
    endloop
  endfacet
  facet normal -0.803574 0.595204 0
    outer loop
      vertex 62.3117 2.83389 8.8
      vertex 62.373 2.91665 15.8
      vertex 62.373 2.91665 8.8
    endloop
  endfacet
  facet normal -0.803574 0.595204 0
    outer loop
      vertex 62.373 2.91665 15.8
      vertex 62.3117 2.83389 8.8
      vertex 62.3117 2.83389 15.8
    endloop
  endfacet
  facet normal 0.514068 0.85775 -0
    outer loop
      vertex 61.005 2.57398 8.8
      vertex 60.9166 2.62696 15.8
      vertex 61.005 2.57398 15.8
    endloop
  endfacet
  facet normal 0.514068 0.85775 0
    outer loop
      vertex 60.9166 2.62696 15.8
      vertex 61.005 2.57398 8.8
      vertex 60.9166 2.62696 8.8
    endloop
  endfacet
  facet normal -0.514496 0.857493 0
    outer loop
      vertex 62.0833 2.62696 8.8
      vertex 61.995 2.57398 15.8
      vertex 62.0833 2.62696 15.8
    endloop
  endfacet
  facet normal -0.514496 0.857493 0
    outer loop
      vertex 61.995 2.57398 15.8
      vertex 62.0833 2.62696 8.8
      vertex 61.995 2.57398 8.8
    endloop
  endfacet
  facet normal -0.67132 0.741168 0
    outer loop
      vertex 62.2425 2.75754 8.8
      vertex 62.1661 2.68834 15.8
      vertex 62.2425 2.75754 15.8
    endloop
  endfacet
  facet normal -0.67132 0.741168 0
    outer loop
      vertex 62.1661 2.68834 15.8
      vertex 62.2425 2.75754 8.8
      vertex 62.1661 2.68834 8.8
    endloop
  endfacet
  facet normal 0.941588 -0.336767 0
    outer loop
      vertex 60.4952 3.8048 15.8
      vertex 60.5299 3.90182 8.8
      vertex 60.5299 3.90182 15.8
    endloop
  endfacet
  facet normal 0.941588 -0.336767 0
    outer loop
      vertex 60.5299 3.90182 8.8
      vertex 60.4952 3.8048 15.8
      vertex 60.4952 3.8048 8.8
    endloop
  endfacet
  facet normal -0.998775 -0.0494923 0
    outer loop
      vertex 62.55 3.5 8.8
      vertex 62.5449 3.60292 15.8
      vertex 62.5449 3.60292 8.8
    endloop
  endfacet
  facet normal -0.998775 -0.0494923 0
    outer loop
      vertex 62.5449 3.60292 15.8
      vertex 62.55 3.5 8.8
      vertex 62.55 3.5 15.8
    endloop
  endfacet
  facet normal 0.427315 0.904103 -0
    outer loop
      vertex 61.0982 2.52993 8.8
      vertex 61.005 2.57398 15.8
      vertex 61.0982 2.52993 15.8
    endloop
  endfacet
  facet normal 0.427315 0.904103 0
    outer loop
      vertex 61.005 2.57398 15.8
      vertex 61.0982 2.52993 8.8
      vertex 61.005 2.57398 8.8
    endloop
  endfacet
  facet normal -0.903827 -0.427899 0
    outer loop
      vertex 62.4701 3.90182 8.8
      vertex 62.426 3.99497 15.8
      vertex 62.426 3.99497 8.8
    endloop
  endfacet
  facet normal -0.903827 -0.427899 0
    outer loop
      vertex 62.426 3.99497 15.8
      vertex 62.4701 3.90182 8.8
      vertex 62.4701 3.90182 15.8
    endloop
  endfacet
  facet normal 0.595984 -0.802996 0
    outer loop
      vertex 60.8339 4.31166 8.8
      vertex 60.9166 4.37304 15.8
      vertex 60.8339 4.31166 15.8
    endloop
  endfacet
  facet normal 0.595984 -0.802996 0
    outer loop
      vertex 60.9166 4.37304 15.8
      vertex 60.8339 4.31166 8.8
      vertex 60.9166 4.37304 8.8
    endloop
  endfacet
  facet normal 0.803574 0.595204 0
    outer loop
      vertex 60.6883 2.83389 15.8
      vertex 60.627 2.91665 8.8
      vertex 60.627 2.91665 15.8
    endloop
  endfacet
  facet normal 0.803574 0.595204 0
    outer loop
      vertex 60.627 2.91665 8.8
      vertex 60.6883 2.83389 15.8
      vertex 60.6883 2.83389 8.8
    endloop
  endfacet
  facet normal 0.941588 0.336767 0
    outer loop
      vertex 60.5299 3.09818 15.8
      vertex 60.4952 3.1952 8.8
      vertex 60.4952 3.1952 15.8
    endloop
  endfacet
  facet normal 0.941588 0.336767 0
    outer loop
      vertex 60.4952 3.1952 8.8
      vertex 60.5299 3.09818 15.8
      vertex 60.5299 3.09818 8.8
    endloop
  endfacet
  facet normal -0.941588 0.336767 0
    outer loop
      vertex 62.4701 3.09818 8.8
      vertex 62.5048 3.1952 15.8
      vertex 62.5048 3.1952 8.8
    endloop
  endfacet
  facet normal -0.941588 0.336767 0
    outer loop
      vertex 62.5048 3.1952 15.8
      vertex 62.4701 3.09818 8.8
      vertex 62.4701 3.09818 15.8
    endloop
  endfacet
  facet normal 0 0 1
    outer loop
      vertex 62.5449 3.60292 8.8
      vertex 62.5449 3.39708 8.8
      vertex 62.55 3.5 8.8
    endloop
  endfacet
  facet normal 0 0 1
    outer loop
      vertex 62.5298 3.70485 8.8
      vertex 62.5449 3.39708 8.8
      vertex 62.5449 3.60292 8.8
    endloop
  endfacet
  facet normal 0 0 1
    outer loop
      vertex 62.5298 3.70485 8.8
      vertex 62.5298 3.29516 8.8
      vertex 62.5449 3.39708 8.8
    endloop
  endfacet
  facet normal 0 0 1
    outer loop
      vertex 62.5048 3.8048 8.8
      vertex 62.5298 3.29516 8.8
      vertex 62.5298 3.70485 8.8
    endloop
  endfacet
  facet normal 0 0 1
    outer loop
      vertex 62.5048 3.8048 8.8
      vertex 62.5048 3.1952 8.8
      vertex 62.5298 3.29516 8.8
    endloop
  endfacet
  facet normal 0 0 1
    outer loop
      vertex 62.4701 3.90182 8.8
      vertex 62.5048 3.1952 8.8
      vertex 62.5048 3.8048 8.8
    endloop
  endfacet
  facet normal 0 0 1
    outer loop
      vertex 62.4701 3.90182 8.8
      vertex 62.4701 3.09818 8.8
      vertex 62.5048 3.1952 8.8
    endloop
  endfacet
  facet normal 0 0 1
    outer loop
      vertex 62.426 3.99497 8.8
      vertex 62.4701 3.09818 8.8
      vertex 62.4701 3.90182 8.8
    endloop
  endfacet
  facet normal 0 0 1
    outer loop
      vertex 62.426 3.99497 8.8
      vertex 62.426 3.00503 8.8
      vertex 62.4701 3.09818 8.8
    endloop
  endfacet
  facet normal 0 0 1
    outer loop
      vertex 62.373 4.08335 8.8
      vertex 62.426 3.00503 8.8
      vertex 62.426 3.99497 8.8
    endloop
  endfacet
  facet normal 0 0 1
    outer loop
      vertex 62.373 4.08335 8.8
      vertex 62.373 2.91665 8.8
      vertex 62.426 3.00503 8.8
    endloop
  endfacet
  facet normal 0 0 1
    outer loop
      vertex 62.3117 4.16611 8.8
      vertex 62.373 2.91665 8.8
      vertex 62.373 4.08335 8.8
    endloop
  endfacet
  facet normal 0 0 1
    outer loop
      vertex 62.3117 4.16611 8.8
      vertex 62.3117 2.83389 8.8
      vertex 62.373 2.91665 8.8
    endloop
  endfacet
  facet normal 0 0 1
    outer loop
      vertex 62.2425 4.24246 8.8
      vertex 62.3117 2.83389 8.8
      vertex 62.3117 4.16611 8.8
    endloop
  endfacet
  facet normal 0 0 1
    outer loop
      vertex 62.2425 4.24246 8.8
      vertex 62.2425 2.75754 8.8
      vertex 62.3117 2.83389 8.8
    endloop
  endfacet
  facet normal 0 0 1
    outer loop
      vertex 62.1661 4.31166 8.8
      vertex 62.2425 2.75754 8.8
      vertex 62.2425 4.24246 8.8
    endloop
  endfacet
  facet normal 0 0 1
    outer loop
      vertex 62.1661 4.31166 8.8
      vertex 62.1661 2.68834 8.8
      vertex 62.2425 2.75754 8.8
    endloop
  endfacet
  facet normal 0 0 1
    outer loop
      vertex 62.0833 4.37304 8.8
      vertex 62.1661 2.68834 8.8
      vertex 62.1661 4.31166 8.8
    endloop
  endfacet
  facet normal 0 0 1
    outer loop
      vertex 62.0833 4.37304 8.8
      vertex 62.0833 2.62696 8.8
      vertex 62.1661 2.68834 8.8
    endloop
  endfacet
  facet normal 0 0 1
    outer loop
      vertex 61.995 4.42602 8.8
      vertex 62.0833 2.62696 8.8
      vertex 62.0833 4.37304 8.8
    endloop
  endfacet
  facet normal 0 0 1
    outer loop
      vertex 61.995 4.42602 8.8
      vertex 61.995 2.57398 8.8
      vertex 62.0833 2.62696 8.8
    endloop
  endfacet
  facet normal 0 0 1
    outer loop
      vertex 61.9018 4.47007 8.8
      vertex 61.995 2.57398 8.8
      vertex 61.995 4.42602 8.8
    endloop
  endfacet
  facet normal 0 0 1
    outer loop
      vertex 61.9018 4.47007 8.8
      vertex 61.9018 2.52993 8.8
      vertex 61.995 2.57398 8.8
    endloop
  endfacet
  facet normal 0 0 1
    outer loop
      vertex 61.8048 4.50479 8.8
      vertex 61.9018 2.52993 8.8
      vertex 61.9018 4.47007 8.8
    endloop
  endfacet
  facet normal 0 0 1
    outer loop
      vertex 61.8048 4.50479 8.8
      vertex 61.8048 2.49521 8.8
      vertex 61.9018 2.52993 8.8
    endloop
  endfacet
  facet normal 0 0 1
    outer loop
      vertex 61.7048 4.52983 8.8
      vertex 61.8048 2.49521 8.8
      vertex 61.8048 4.50479 8.8
    endloop
  endfacet
  facet normal 0 0 1
    outer loop
      vertex 61.7048 4.52983 8.8
      vertex 61.7048 2.47018 8.8
      vertex 61.8048 2.49521 8.8
    endloop
  endfacet
  facet normal 0 0 1
    outer loop
      vertex 61.6029 4.54494 8.8
      vertex 61.7048 2.47018 8.8
      vertex 61.7048 4.52983 8.8
    endloop
  endfacet
  facet normal 0 0 1
    outer loop
      vertex 61.6029 4.54494 8.8
      vertex 61.6029 2.45506 8.8
      vertex 61.7048 2.47018 8.8
    endloop
  endfacet
  facet normal 0 0 1
    outer loop
      vertex 61.5 4.55 8.8
      vertex 61.6029 2.45506 8.8
      vertex 61.6029 4.54494 8.8
    endloop
  endfacet
  facet normal 0 0 1
    outer loop
      vertex 61.5 4.55 8.8
      vertex 61.5 2.45 8.8
      vertex 61.6029 2.45506 8.8
    endloop
  endfacet
  facet normal -0 0 1
    outer loop
      vertex 61.3971 4.54494 8.8
      vertex 61.5 2.45 8.8
      vertex 61.5 4.55 8.8
    endloop
  endfacet
  facet normal 0 0 1
    outer loop
      vertex 61.3971 4.54494 8.8
      vertex 61.3971 2.45506 8.8
      vertex 61.5 2.45 8.8
    endloop
  endfacet
  facet normal -0 0 1
    outer loop
      vertex 61.2952 4.52983 8.8
      vertex 61.3971 2.45506 8.8
      vertex 61.3971 4.54494 8.8
    endloop
  endfacet
  facet normal 0 0 1
    outer loop
      vertex 61.2952 4.52983 8.8
      vertex 61.2952 2.47018 8.8
      vertex 61.3971 2.45506 8.8
    endloop
  endfacet
  facet normal -0 0 1
    outer loop
      vertex 61.1952 4.50479 8.8
      vertex 61.2952 2.47018 8.8
      vertex 61.2952 4.52983 8.8
    endloop
  endfacet
  facet normal 0 0 1
    outer loop
      vertex 61.1952 4.50479 8.8
      vertex 61.1952 2.49521 8.8
      vertex 61.2952 2.47018 8.8
    endloop
  endfacet
  facet normal -0 0 1
    outer loop
      vertex 61.0982 4.47007 8.8
      vertex 61.1952 2.49521 8.8
      vertex 61.1952 4.50479 8.8
    endloop
  endfacet
  facet normal 0 0 1
    outer loop
      vertex 61.0982 4.47007 8.8
      vertex 61.0982 2.52993 8.8
      vertex 61.1952 2.49521 8.8
    endloop
  endfacet
  facet normal -0 0 1
    outer loop
      vertex 61.005 4.42602 8.8
      vertex 61.0982 2.52993 8.8
      vertex 61.0982 4.47007 8.8
    endloop
  endfacet
  facet normal 0 0 1
    outer loop
      vertex 61.005 4.42602 8.8
      vertex 61.005 2.57398 8.8
      vertex 61.0982 2.52993 8.8
    endloop
  endfacet
  facet normal -0 0 1
    outer loop
      vertex 60.9166 4.37304 8.8
      vertex 61.005 2.57398 8.8
      vertex 61.005 4.42602 8.8
    endloop
  endfacet
  facet normal 0 0 1
    outer loop
      vertex 60.9166 4.37304 8.8
      vertex 60.9166 2.62696 8.8
      vertex 61.005 2.57398 8.8
    endloop
  endfacet
  facet normal -0 0 1
    outer loop
      vertex 60.8339 4.31166 8.8
      vertex 60.9166 2.62696 8.8
      vertex 60.9166 4.37304 8.8
    endloop
  endfacet
  facet normal 0 0 1
    outer loop
      vertex 60.8339 4.31166 8.8
      vertex 60.8339 2.68834 8.8
      vertex 60.9166 2.62696 8.8
    endloop
  endfacet
  facet normal -0 0 1
    outer loop
      vertex 60.7575 4.24246 8.8
      vertex 60.8339 2.68834 8.8
      vertex 60.8339 4.31166 8.8
    endloop
  endfacet
  facet normal 0 0 1
    outer loop
      vertex 60.7575 4.24246 8.8
      vertex 60.7575 2.75754 8.8
      vertex 60.8339 2.68834 8.8
    endloop
  endfacet
  facet normal -0 0 1
    outer loop
      vertex 60.6883 4.16611 8.8
      vertex 60.7575 2.75754 8.8
      vertex 60.7575 4.24246 8.8
    endloop
  endfacet
  facet normal 0 0 1
    outer loop
      vertex 60.6883 4.16611 8.8
      vertex 60.6883 2.83389 8.8
      vertex 60.7575 2.75754 8.8
    endloop
  endfacet
  facet normal -0 0 1
    outer loop
      vertex 60.627 4.08335 8.8
      vertex 60.6883 2.83389 8.8
      vertex 60.6883 4.16611 8.8
    endloop
  endfacet
  facet normal 0 0 1
    outer loop
      vertex 60.627 4.08335 8.8
      vertex 60.627 2.91665 8.8
      vertex 60.6883 2.83389 8.8
    endloop
  endfacet
  facet normal -0 0 1
    outer loop
      vertex 60.574 3.99497 8.8
      vertex 60.627 2.91665 8.8
      vertex 60.627 4.08335 8.8
    endloop
  endfacet
  facet normal 0 0 1
    outer loop
      vertex 60.574 3.99497 8.8
      vertex 60.574 3.00503 8.8
      vertex 60.627 2.91665 8.8
    endloop
  endfacet
  facet normal -0 0 1
    outer loop
      vertex 60.5299 3.90182 8.8
      vertex 60.574 3.00503 8.8
      vertex 60.574 3.99497 8.8
    endloop
  endfacet
  facet normal 0 0 1
    outer loop
      vertex 60.5299 3.90182 8.8
      vertex 60.5299 3.09818 8.8
      vertex 60.574 3.00503 8.8
    endloop
  endfacet
  facet normal -0 0 1
    outer loop
      vertex 60.4952 3.8048 8.8
      vertex 60.5299 3.09818 8.8
      vertex 60.5299 3.90182 8.8
    endloop
  endfacet
  facet normal 0 0 1
    outer loop
      vertex 60.4952 3.8048 8.8
      vertex 60.4952 3.1952 8.8
      vertex 60.5299 3.09818 8.8
    endloop
  endfacet
  facet normal -0 0 1
    outer loop
      vertex 60.4702 3.70485 8.8
      vertex 60.4952 3.1952 8.8
      vertex 60.4952 3.8048 8.8
    endloop
  endfacet
  facet normal 0 0 1
    outer loop
      vertex 60.4702 3.70485 8.8
      vertex 60.4702 3.29516 8.8
      vertex 60.4952 3.1952 8.8
    endloop
  endfacet
  facet normal -0 0 1
    outer loop
      vertex 60.4551 3.60292 8.8
      vertex 60.4702 3.29516 8.8
      vertex 60.4702 3.70485 8.8
    endloop
  endfacet
  facet normal 0 0 1
    outer loop
      vertex 60.4551 3.60292 8.8
      vertex 60.4551 3.39708 8.8
      vertex 60.4702 3.29516 8.8
    endloop
  endfacet
  facet normal 0 -0 1
    outer loop
      vertex 60.4551 3.39708 8.8
      vertex 60.4551 3.60292 8.8
      vertex 60.45 3.5 8.8
    endloop
  endfacet
  facet normal 0.67132 -0.741168 0
    outer loop
      vertex 60.7575 4.24246 8.8
      vertex 60.8339 4.31166 15.8
      vertex 60.7575 4.24246 15.8
    endloop
  endfacet
  facet normal 0.67132 -0.741168 0
    outer loop
      vertex 60.8339 4.31166 15.8
      vertex 60.7575 4.24246 8.8
      vertex 60.8339 4.31166 8.8
    endloop
  endfacet
  facet normal -0.970114 -0.24265 0
    outer loop
      vertex 62.5298 3.70485 8.8
      vertex 62.5048 3.8048 15.8
      vertex 62.5048 3.8048 8.8
    endloop
  endfacet
  facet normal -0.970114 -0.24265 0
    outer loop
      vertex 62.5048 3.8048 15.8
      vertex 62.5298 3.70485 8.8
      vertex 62.5298 3.70485 15.8
    endloop
  endfacet
  facet normal -0.989205 -0.146542 0
    outer loop
      vertex 62.5449 3.60292 8.8
      vertex 62.5298 3.70485 15.8
      vertex 62.5298 3.70485 8.8
    endloop
  endfacet
  facet normal -0.989205 -0.146542 0
    outer loop
      vertex 62.5298 3.70485 15.8
      vertex 62.5449 3.60292 8.8
      vertex 62.5449 3.60292 15.8
    endloop
  endfacet
  facet normal 0.514068 -0.85775 0
    outer loop
      vertex 60.9166 4.37304 8.8
      vertex 61.005 4.42602 15.8
      vertex 60.9166 4.37304 15.8
    endloop
  endfacet
  facet normal 0.514068 -0.85775 0
    outer loop
      vertex 61.005 4.42602 15.8
      vertex 60.9166 4.37304 8.8
      vertex 61.005 4.42602 8.8
    endloop
  endfacet
  facet normal -0.337 0.941505 0
    outer loop
      vertex 61.9018 2.52993 8.8
      vertex 61.8048 2.49521 15.8
      vertex 61.9018 2.52993 15.8
    endloop
  endfacet
  facet normal -0.337 0.941505 0
    outer loop
      vertex 61.8048 2.49521 15.8
      vertex 61.9018 2.52993 8.8
      vertex 61.8048 2.49521 8.8
    endloop
  endfacet
  facet normal 0.337 0.941505 -0
    outer loop
      vertex 61.1952 2.49521 8.8
      vertex 61.0982 2.52993 15.8
      vertex 61.1952 2.49521 15.8
    endloop
  endfacet
  facet normal 0.337 0.941505 0
    outer loop
      vertex 61.0982 2.52993 15.8
      vertex 61.1952 2.49521 8.8
      vertex 61.0982 2.52993 8.8
    endloop
  endfacet
  facet normal -0.146679 -0.989184 0
    outer loop
      vertex 61.6029 4.54494 8.8
      vertex 61.7048 4.52983 15.8
      vertex 61.6029 4.54494 15.8
    endloop
  endfacet
  facet normal -0.146679 -0.989184 -0
    outer loop
      vertex 61.7048 4.52983 15.8
      vertex 61.6029 4.54494 8.8
      vertex 61.7048 4.52983 8.8
    endloop
  endfacet
  facet normal -0.857613 -0.514296 0
    outer loop
      vertex 62.426 3.99497 8.8
      vertex 62.373 4.08335 15.8
      vertex 62.373 4.08335 8.8
    endloop
  endfacet
  facet normal -0.857613 -0.514296 0
    outer loop
      vertex 62.373 4.08335 15.8
      vertex 62.426 3.99497 8.8
      vertex 62.426 3.99497 15.8
    endloop
  endfacet
  facet normal 0.0491146 0.998793 -0
    outer loop
      vertex 61.5 2.45 8.8
      vertex 61.3971 2.45506 15.8
      vertex 61.5 2.45 15.8
    endloop
  endfacet
  facet normal 0.0491146 0.998793 0
    outer loop
      vertex 61.3971 2.45506 15.8
      vertex 61.5 2.45 8.8
      vertex 61.3971 2.45506 8.8
    endloop
  endfacet
  facet normal 0.998775 -0.0494923 0
    outer loop
      vertex 60.45 3.5 15.8
      vertex 60.4551 3.60292 8.8
      vertex 60.4551 3.60292 15.8
    endloop
  endfacet
  facet normal 0.998775 -0.0494923 0
    outer loop
      vertex 60.4551 3.60292 8.8
      vertex 60.45 3.5 15.8
      vertex 60.45 3.5 8.8
    endloop
  endfacet
  facet normal -0.941588 -0.336767 0
    outer loop
      vertex 62.5048 3.8048 8.8
      vertex 62.4701 3.90182 15.8
      vertex 62.4701 3.90182 8.8
    endloop
  endfacet
  facet normal -0.941588 -0.336767 0
    outer loop
      vertex 62.4701 3.90182 15.8
      vertex 62.5048 3.8048 8.8
      vertex 62.5048 3.8048 15.8
    endloop
  endfacet
  facet normal -0.427315 0.904103 0
    outer loop
      vertex 61.995 2.57398 8.8
      vertex 61.9018 2.52993 15.8
      vertex 61.995 2.57398 15.8
    endloop
  endfacet
  facet normal -0.427315 0.904103 0
    outer loop
      vertex 61.9018 2.52993 15.8
      vertex 61.995 2.57398 8.8
      vertex 61.9018 2.52993 8.8
    endloop
  endfacet
  facet normal -0.740949 0.671561 0
    outer loop
      vertex 62.2425 2.75754 8.8
      vertex 62.3117 2.83389 15.8
      vertex 62.3117 2.83389 8.8
    endloop
  endfacet
  facet normal -0.740949 0.671561 0
    outer loop
      vertex 62.3117 2.83389 15.8
      vertex 62.2425 2.75754 8.8
      vertex 62.2425 2.75754 15.8
    endloop
  endfacet
  facet normal -0.0491146 0.998793 0
    outer loop
      vertex 61.6029 2.45506 8.8
      vertex 61.5 2.45 15.8
      vertex 61.6029 2.45506 15.8
    endloop
  endfacet
  facet normal -0.0491146 0.998793 0
    outer loop
      vertex 61.5 2.45 15.8
      vertex 61.6029 2.45506 8.8
      vertex 61.5 2.45 8.8
    endloop
  endfacet
  facet normal 0.857613 -0.514296 0
    outer loop
      vertex 60.574 3.99497 15.8
      vertex 60.627 4.08335 8.8
      vertex 60.627 4.08335 15.8
    endloop
  endfacet
  facet normal 0.857613 -0.514296 0
    outer loop
      vertex 60.627 4.08335 8.8
      vertex 60.574 3.99497 15.8
      vertex 60.574 3.99497 8.8
    endloop
  endfacet
  facet normal -0.857613 0.514296 0
    outer loop
      vertex 62.373 2.91665 8.8
      vertex 62.426 3.00503 15.8
      vertex 62.426 3.00503 8.8
    endloop
  endfacet
  facet normal -0.857613 0.514296 0
    outer loop
      vertex 62.426 3.00503 15.8
      vertex 62.373 2.91665 8.8
      vertex 62.373 2.91665 15.8
    endloop
  endfacet
  facet normal 0.146679 -0.989184 0
    outer loop
      vertex 61.2952 4.52983 8.8
      vertex 61.3971 4.54494 15.8
      vertex 61.2952 4.52983 15.8
    endloop
  endfacet
  facet normal 0.146679 -0.989184 0
    outer loop
      vertex 61.3971 4.54494 15.8
      vertex 61.2952 4.52983 8.8
      vertex 61.3971 4.54494 8.8
    endloop
  endfacet
  facet normal -0.67132 -0.741168 0
    outer loop
      vertex 62.1661 4.31166 8.8
      vertex 62.2425 4.24246 15.8
      vertex 62.1661 4.31166 15.8
    endloop
  endfacet
  facet normal -0.67132 -0.741168 -0
    outer loop
      vertex 62.2425 4.24246 15.8
      vertex 62.1661 4.31166 8.8
      vertex 62.2425 4.24246 8.8
    endloop
  endfacet
  facet normal 0.0491146 -0.998793 0
    outer loop
      vertex 61.3971 4.54494 8.8
      vertex 61.5 4.55 15.8
      vertex 61.3971 4.54494 15.8
    endloop
  endfacet
  facet normal 0.0491146 -0.998793 0
    outer loop
      vertex 61.5 4.55 15.8
      vertex 61.3971 4.54494 8.8
      vertex 61.5 4.55 8.8
    endloop
  endfacet
  facet normal 0.740949 0.671561 0
    outer loop
      vertex 60.7575 2.75754 15.8
      vertex 60.6883 2.83389 8.8
      vertex 60.6883 2.83389 15.8
    endloop
  endfacet
  facet normal 0.740949 0.671561 0
    outer loop
      vertex 60.6883 2.83389 8.8
      vertex 60.7575 2.75754 15.8
      vertex 60.7575 2.75754 8.8
    endloop
  endfacet
  facet normal 0.146774 0.98917 -0
    outer loop
      vertex 61.3971 2.45506 8.8
      vertex 61.2952 2.47018 15.8
      vertex 61.3971 2.45506 15.8
    endloop
  endfacet
  facet normal 0.146774 0.98917 0
    outer loop
      vertex 61.2952 2.47018 15.8
      vertex 61.3971 2.45506 8.8
      vertex 61.2952 2.47018 8.8
    endloop
  endfacet
  facet normal 0.903827 0.427899 0
    outer loop
      vertex 60.574 3.00503 15.8
      vertex 60.5299 3.09818 8.8
      vertex 60.5299 3.09818 15.8
    endloop
  endfacet
  facet normal 0.903827 0.427899 0
    outer loop
      vertex 60.5299 3.09818 8.8
      vertex 60.574 3.00503 15.8
      vertex 60.574 3.00503 8.8
    endloop
  endfacet
  facet normal 0.97012 0.242627 0
    outer loop
      vertex 60.4952 3.1952 15.8
      vertex 60.4702 3.29516 8.8
      vertex 60.4702 3.29516 15.8
    endloop
  endfacet
  facet normal 0.97012 0.242627 0
    outer loop
      vertex 60.4702 3.29516 8.8
      vertex 60.4952 3.1952 15.8
      vertex 60.4952 3.1952 8.8
    endloop
  endfacet
  facet normal -0.24281 0.970074 0
    outer loop
      vertex 61.8048 2.49521 8.8
      vertex 61.7048 2.47018 15.8
      vertex 61.8048 2.49521 15.8
    endloop
  endfacet
  facet normal -0.24281 0.970074 0
    outer loop
      vertex 61.7048 2.47018 15.8
      vertex 61.8048 2.49521 8.8
      vertex 61.7048 2.47018 8.8
    endloop
  endfacet
  facet normal 0.970114 -0.24265 0
    outer loop
      vertex 60.4702 3.70485 15.8
      vertex 60.4952 3.8048 8.8
      vertex 60.4952 3.8048 15.8
    endloop
  endfacet
  facet normal 0.970114 -0.24265 0
    outer loop
      vertex 60.4952 3.8048 8.8
      vertex 60.4702 3.70485 15.8
      vertex 60.4702 3.70485 8.8
    endloop
  endfacet
  facet normal 0.427315 -0.904103 0
    outer loop
      vertex 61.005 4.42602 8.8
      vertex 61.0982 4.47007 15.8
      vertex 61.005 4.42602 15.8
    endloop
  endfacet
  facet normal 0.427315 -0.904103 0
    outer loop
      vertex 61.0982 4.47007 15.8
      vertex 61.005 4.42602 8.8
      vertex 61.0982 4.47007 8.8
    endloop
  endfacet
  facet normal 0.740949 -0.671561 0
    outer loop
      vertex 60.6883 4.16611 15.8
      vertex 60.7575 4.24246 8.8
      vertex 60.7575 4.24246 15.8
    endloop
  endfacet
  facet normal 0.740949 -0.671561 0
    outer loop
      vertex 60.7575 4.24246 8.8
      vertex 60.6883 4.16611 15.8
      vertex 60.6883 4.16611 8.8
    endloop
  endfacet
  facet normal -0.0491146 -0.998793 0
    outer loop
      vertex 61.5 4.55 8.8
      vertex 61.6029 4.54494 15.8
      vertex 61.5 4.55 15.8
    endloop
  endfacet
  facet normal -0.0491146 -0.998793 -0
    outer loop
      vertex 61.6029 4.54494 15.8
      vertex 61.5 4.55 8.8
      vertex 61.6029 4.54494 8.8
    endloop
  endfacet
  facet normal 0.989205 -0.146542 0
    outer loop
      vertex 60.4551 3.60292 15.8
      vertex 60.4702 3.70485 8.8
      vertex 60.4702 3.70485 15.8
    endloop
  endfacet
  facet normal 0.989205 -0.146542 0
    outer loop
      vertex 60.4702 3.70485 8.8
      vertex 60.4551 3.60292 15.8
      vertex 60.4551 3.60292 8.8
    endloop
  endfacet
  facet normal -0.59552 -0.803341 0
    outer loop
      vertex 62.0833 4.37304 8.8
      vertex 62.1661 4.31166 15.8
      vertex 62.0833 4.37304 15.8
    endloop
  endfacet
  facet normal -0.59552 -0.803341 -0
    outer loop
      vertex 62.1661 4.31166 15.8
      vertex 62.0833 4.37304 8.8
      vertex 62.1661 4.31166 8.8
    endloop
  endfacet
  facet normal 0.803574 -0.595204 0
    outer loop
      vertex 60.627 4.08335 15.8
      vertex 60.6883 4.16611 8.8
      vertex 60.6883 4.16611 15.8
    endloop
  endfacet
  facet normal 0.803574 -0.595204 0
    outer loop
      vertex 60.6883 4.16611 8.8
      vertex 60.627 4.08335 15.8
      vertex 60.627 4.08335 8.8
    endloop
  endfacet
  facet normal 0.998775 0.0494923 0
    outer loop
      vertex 60.4551 3.39708 15.8
      vertex 60.45 3.5 8.8
      vertex 60.45 3.5 15.8
    endloop
  endfacet
  facet normal 0.998775 0.0494923 0
    outer loop
      vertex 60.45 3.5 8.8
      vertex 60.4551 3.39708 15.8
      vertex 60.4551 3.39708 8.8
    endloop
  endfacet
  facet normal -0.740949 -0.671561 0
    outer loop
      vertex 62.3117 4.16611 8.8
      vertex 62.2425 4.24246 15.8
      vertex 62.2425 4.24246 8.8
    endloop
  endfacet
  facet normal -0.740949 -0.671561 0
    outer loop
      vertex 62.2425 4.24246 15.8
      vertex 62.3117 4.16611 8.8
      vertex 62.3117 4.16611 15.8
    endloop
  endfacet
  facet normal -1 0 0
    outer loop
      vertex 18.9 30.4 12.3
      vertex 18.9 31.2 15.8
      vertex 18.9 31.2 12.3
    endloop
  endfacet
  facet normal -1 -0 0
    outer loop
      vertex 18.9 31.2 15.8
      vertex 18.9 30.4 12.3
      vertex 18.9 30.4 15.8
    endloop
  endfacet
  facet normal -0 0 1
    outer loop
      vertex 5.8 31.2 12.3
      vertex 18.9 30.4 12.3
      vertex 18.9 31.2 12.3
    endloop
  endfacet
  facet normal 0 0 1
    outer loop
      vertex 18.9 30.4 12.3
      vertex 5.8 31.2 12.3
      vertex 5.8 30.4 12.3
    endloop
  endfacet
  facet normal 1 -0 0
    outer loop
      vertex 5.8 30.4 15.8
      vertex 5.8 31.2 12.3
      vertex 5.8 31.2 15.8
    endloop
  endfacet
  facet normal 1 0 0
    outer loop
      vertex 5.8 31.2 12.3
      vertex 5.8 30.4 15.8
      vertex 5.8 30.4 12.3
    endloop
  endfacet
  facet normal -1 0 0
    outer loop
      vertex 20.4 31.2 10.5
      vertex 20.4 32.4 15.8
      vertex 20.4 32.4 10.5
    endloop
  endfacet
  facet normal -1 -0 0
    outer loop
      vertex 20.4 32.4 15.8
      vertex 20.4 31.2 10.5
      vertex 20.4 31.2 15.8
    endloop
  endfacet
  facet normal -0 0 1
    outer loop
      vertex 4.3 32.4 10.5
      vertex 20.4 31.2 10.5
      vertex 20.4 32.4 10.5
    endloop
  endfacet
  facet normal 0 0 1
    outer loop
      vertex 20.4 31.2 10.5
      vertex 4.3 32.4 10.5
      vertex 4.3 31.2 10.5
    endloop
  endfacet
  facet normal 1 -0 0
    outer loop
      vertex 4.3 31.2 15.8
      vertex 4.3 32.4 10.5
      vertex 4.3 32.4 15.8
    endloop
  endfacet
  facet normal 1 0 0
    outer loop
      vertex 4.3 32.4 10.5
      vertex 4.3 31.2 15.8
      vertex 4.3 31.2 10.5
    endloop
  endfacet
  facet normal 0 1 0
    outer loop
      vertex 20.4 31.2 15.8
      vertex 18.9 31.2 12.3
      vertex 18.9 31.2 15.8
    endloop
  endfacet
  facet normal 0 1 0
    outer loop
      vertex 18.9 31.2 12.3
      vertex 20.4 31.2 10.5
      vertex 5.8 31.2 12.3
    endloop
  endfacet
  facet normal 0 1 -0
    outer loop
      vertex 20.4 31.2 10.5
      vertex 18.9 31.2 12.3
      vertex 20.4 31.2 15.8
    endloop
  endfacet
  facet normal 0 1 -0
    outer loop
      vertex 5.8 31.2 12.3
      vertex 4.3 31.2 15.8
      vertex 5.8 31.2 15.8
    endloop
  endfacet
  facet normal 0 1 0
    outer loop
      vertex 5.8 31.2 12.3
      vertex 4.3 31.2 10.5
      vertex 4.3 31.2 15.8
    endloop
  endfacet
  facet normal 0 1 0
    outer loop
      vertex 4.3 31.2 10.5
      vertex 5.8 31.2 12.3
      vertex 20.4 31.2 10.5
    endloop
  endfacet
  facet normal -1 0 0
    outer loop
      vertex 44.4 30.4 12
      vertex 44.4 31.2 15.8
      vertex 44.4 31.2 12
    endloop
  endfacet
  facet normal -1 -0 0
    outer loop
      vertex 44.4 31.2 15.8
      vertex 44.4 30.4 12
      vertex 44.4 30.4 15.8
    endloop
  endfacet
  facet normal -0 0 1
    outer loop
      vertex 33.8 31.2 12
      vertex 44.4 30.4 12
      vertex 44.4 31.2 12
    endloop
  endfacet
  facet normal 0 0 1
    outer loop
      vertex 44.4 30.4 12
      vertex 33.8 31.2 12
      vertex 33.8 30.4 12
    endloop
  endfacet
  facet normal 1 -0 0
    outer loop
      vertex 33.8 30.4 15.8
      vertex 33.8 31.2 12
      vertex 33.8 31.2 15.8
    endloop
  endfacet
  facet normal 1 0 0
    outer loop
      vertex 33.8 31.2 12
      vertex 33.8 30.4 15.8
      vertex 33.8 30.4 12
    endloop
  endfacet
  facet normal -1 0 0
    outer loop
      vertex 45.65 31.2 10.35
      vertex 45.65 32.4 15.8
      vertex 45.65 32.4 10.35
    endloop
  endfacet
  facet normal -1 -0 0
    outer loop
      vertex 45.65 32.4 15.8
      vertex 45.65 31.2 10.35
      vertex 45.65 31.2 15.8
    endloop
  endfacet
  facet normal -0 0 1
    outer loop
      vertex 32.55 32.4 10.35
      vertex 45.65 31.2 10.35
      vertex 45.65 32.4 10.35
    endloop
  endfacet
  facet normal 0 0 1
    outer loop
      vertex 45.65 31.2 10.35
      vertex 32.55 32.4 10.35
      vertex 32.55 31.2 10.35
    endloop
  endfacet
  facet normal 1 -0 0
    outer loop
      vertex 32.55 31.2 15.8
      vertex 32.55 32.4 10.35
      vertex 32.55 32.4 15.8
    endloop
  endfacet
  facet normal 1 0 0
    outer loop
      vertex 32.55 32.4 10.35
      vertex 32.55 31.2 15.8
      vertex 32.55 31.2 10.35
    endloop
  endfacet
  facet normal 0 1 0
    outer loop
      vertex 45.65 31.2 15.8
      vertex 44.4 31.2 12
      vertex 44.4 31.2 15.8
    endloop
  endfacet
  facet normal 0 1 0
    outer loop
      vertex 44.4 31.2 12
      vertex 45.65 31.2 10.35
      vertex 33.8 31.2 12
    endloop
  endfacet
  facet normal 0 1 -0
    outer loop
      vertex 45.65 31.2 10.35
      vertex 44.4 31.2 12
      vertex 45.65 31.2 15.8
    endloop
  endfacet
  facet normal 0 1 -0
    outer loop
      vertex 33.8 31.2 12
      vertex 32.55 31.2 15.8
      vertex 33.8 31.2 15.8
    endloop
  endfacet
  facet normal 0 1 0
    outer loop
      vertex 33.8 31.2 12
      vertex 32.55 31.2 10.35
      vertex 32.55 31.2 15.8
    endloop
  endfacet
  facet normal 0 1 0
    outer loop
      vertex 32.55 31.2 10.35
      vertex 33.8 31.2 12
      vertex 45.65 31.2 10.35
    endloop
  endfacet
  facet normal -1 0 0
    outer loop
      vertex 58.9 30.4 12
      vertex 58.9 31.2 15.8
      vertex 58.9 31.2 12
    endloop
  endfacet
  facet normal -1 -0 0
    outer loop
      vertex 58.9 31.2 15.8
      vertex 58.9 30.4 12
      vertex 58.9 30.4 15.8
    endloop
  endfacet
  facet normal -0 0 1
    outer loop
      vertex 48.3 31.2 12
      vertex 58.9 30.4 12
      vertex 58.9 31.2 12
    endloop
  endfacet
  facet normal 0 0 1
    outer loop
      vertex 58.9 30.4 12
      vertex 48.3 31.2 12
      vertex 48.3 30.4 12
    endloop
  endfacet
  facet normal 1 -0 0
    outer loop
      vertex 48.3 30.4 15.8
      vertex 48.3 31.2 12
      vertex 48.3 31.2 15.8
    endloop
  endfacet
  facet normal 1 0 0
    outer loop
      vertex 48.3 31.2 12
      vertex 48.3 30.4 15.8
      vertex 48.3 30.4 12
    endloop
  endfacet
  facet normal -1 0 0
    outer loop
      vertex 60.15 31.2 10.35
      vertex 60.15 32.4 15.8
      vertex 60.15 32.4 10.35
    endloop
  endfacet
  facet normal -1 -0 0
    outer loop
      vertex 60.15 32.4 15.8
      vertex 60.15 31.2 10.35
      vertex 60.15 31.2 15.8
    endloop
  endfacet
  facet normal -0 0 1
    outer loop
      vertex 47.05 32.4 10.35
      vertex 60.15 31.2 10.35
      vertex 60.15 32.4 10.35
    endloop
  endfacet
  facet normal 0 0 1
    outer loop
      vertex 60.15 31.2 10.35
      vertex 47.05 32.4 10.35
      vertex 47.05 31.2 10.35
    endloop
  endfacet
  facet normal 1 -0 0
    outer loop
      vertex 47.05 31.2 15.8
      vertex 47.05 32.4 10.35
      vertex 47.05 32.4 15.8
    endloop
  endfacet
  facet normal 1 0 0
    outer loop
      vertex 47.05 32.4 10.35
      vertex 47.05 31.2 15.8
      vertex 47.05 31.2 10.35
    endloop
  endfacet
  facet normal 0 1 0
    outer loop
      vertex 60.15 31.2 15.8
      vertex 58.9 31.2 12
      vertex 58.9 31.2 15.8
    endloop
  endfacet
  facet normal 0 1 0
    outer loop
      vertex 58.9 31.2 12
      vertex 60.15 31.2 10.35
      vertex 48.3 31.2 12
    endloop
  endfacet
  facet normal 0 1 -0
    outer loop
      vertex 60.15 31.2 10.35
      vertex 58.9 31.2 12
      vertex 60.15 31.2 15.8
    endloop
  endfacet
  facet normal 0 1 -0
    outer loop
      vertex 48.3 31.2 12
      vertex 47.05 31.2 15.8
      vertex 48.3 31.2 15.8
    endloop
  endfacet
  facet normal 0 1 0
    outer loop
      vertex 48.3 31.2 12
      vertex 47.05 31.2 10.35
      vertex 47.05 31.2 15.8
    endloop
  endfacet
  facet normal 0 1 0
    outer loop
      vertex 47.05 31.2 10.35
      vertex 48.3 31.2 12
      vertex 60.15 31.2 10.35
    endloop
  endfacet
  facet normal -0.989174 0.146746 0
    outer loop
      vertex 29.4712 25.1074 2
      vertex 29.4928 25.253 3.8
      vertex 29.4928 25.253 2
    endloop
  endfacet
  facet normal -0.989174 0.146746 0
    outer loop
      vertex 29.4928 25.253 3.8
      vertex 29.4712 25.1074 2
      vertex 29.4712 25.1074 3.8
    endloop
  endfacet
  facet normal -0.671251 0.74123 0
    outer loop
      vertex 29.0607 24.3393 2
      vertex 28.9516 24.2405 3.8
      vertex 29.0607 24.3393 3.8
    endloop
  endfacet
  facet normal -0.671251 0.74123 0
    outer loop
      vertex 28.9516 24.2405 3.8
      vertex 29.0607 24.3393 2
      vertex 28.9516 24.2405 2
    endloop
  endfacet
  facet normal 0.671353 -0.741138 0
    outer loop
      vertex 9.12393 26.4607 2
      vertex 9.233 26.5595 3.8
      vertex 9.12393 26.4607 3.8
    endloop
  endfacet
  facet normal 0.671353 -0.741138 0
    outer loop
      vertex 9.233 26.5595 3.8
      vertex 9.12393 26.4607 2
      vertex 9.233 26.5595 2
    endloop
  endfacet
  facet normal 0.90402 -0.427491 0
    outer loop
      vertex 8.79877 25.974 3.8
      vertex 8.86171 26.1071 2
      vertex 8.86171 26.1071 3.8
    endloop
  endfacet
  facet normal 0.90402 -0.427491 0
    outer loop
      vertex 8.86171 26.1071 2
      vertex 8.79877 25.974 3.8
      vertex 8.79877 25.974 2
    endloop
  endfacet
  facet normal 0.741061 0.671438 0
    outer loop
      vertex 9.12393 24.3393 3.8
      vertex 9.02508 24.4484 2
      vertex 9.02508 24.4484 3.8
    endloop
  endfacet
  facet normal 0.741061 0.671438 0
    outer loop
      vertex 9.02508 24.4484 2
      vertex 9.12393 24.3393 3.8
      vertex 9.12393 24.3393 2
    endloop
  endfacet
  facet normal 0 -1 0
    outer loop
      vertex 10.1846 26.9 2
      vertex 28 26.9 3.8
      vertex 10.1846 26.9 3.8
    endloop
  endfacet
  facet normal 0 -1 -0
    outer loop
      vertex 28 26.9 3.8
      vertex 10.1846 26.9 2
      vertex 28 26.9 2
    endloop
  endfacet
  facet normal -0.969982 -0.243175 0
    outer loop
      vertex 29.4712 25.6926 2
      vertex 29.4354 25.8354 3.8
      vertex 29.4354 25.8354 2
    endloop
  endfacet
  facet normal -0.969982 -0.243175 0
    outer loop
      vertex 29.4354 25.8354 3.8
      vertex 29.4712 25.6926 2
      vertex 29.4712 25.6926 3.8
    endloop
  endfacet
  facet normal 0.970031 0.242983 0
    outer loop
      vertex 8.74918 24.9646 3.8
      vertex 8.71341 25.1074 2
      vertex 8.71341 25.1074 3.8
    endloop
  endfacet
  facet normal 0.970031 0.242983 0
    outer loop
      vertex 8.71341 25.1074 2
      vertex 8.74918 24.9646 3.8
      vertex 8.74918 24.9646 2
    endloop
  endfacet
  facet normal 0.427347 0.904088 -0
    outer loop
      vertex 9.61057 24.0142 2
      vertex 9.4775 24.0771 3.8
      vertex 9.61057 24.0142 3.8
    endloop
  endfacet
  facet normal 0.427347 0.904088 0
    outer loop
      vertex 9.4775 24.0771 3.8
      vertex 9.61057 24.0142 2
      vertex 9.4775 24.0771 2
    endloop
  endfacet
  facet normal 0 1 -0
    outer loop
      vertex 28 23.9 2
      vertex 10.1846 23.9 3.8
      vertex 28 23.9 3.8
    endloop
  endfacet
  facet normal 0 1 0
    outer loop
      vertex 10.1846 23.9 3.8
      vertex 28 23.9 2
      vertex 10.1846 23.9 2
    endloop
  endfacet
  facet normal -0.989174 -0.146746 0
    outer loop
      vertex 29.4928 25.547 2
      vertex 29.4712 25.6926 3.8
      vertex 29.4712 25.6926 2
    endloop
  endfacet
  facet normal -0.989174 -0.146746 0
    outer loop
      vertex 29.4712 25.6926 3.8
      vertex 29.4928 25.547 2
      vertex 29.4928 25.547 3.8
    endloop
  endfacet
  facet normal -0.803088 -0.595861 0
    outer loop
      vertex 29.2472 26.2334 2
      vertex 29.1595 26.3516 3.8
      vertex 29.1595 26.3516 2
    endloop
  endfacet
  facet normal -0.803088 -0.595861 0
    outer loop
      vertex 29.1595 26.3516 3.8
      vertex 29.2472 26.2334 2
      vertex 29.2472 26.2334 3.8
    endloop
  endfacet
  facet normal 0.336939 -0.941527 0
    outer loop
      vertex 9.61057 26.7858 2
      vertex 9.74917 26.8354 3.8
      vertex 9.61057 26.7858 3.8
    endloop
  endfacet
  facet normal 0.336939 -0.941527 0
    outer loop
      vertex 9.74917 26.8354 3.8
      vertex 9.61057 26.7858 2
      vertex 9.74917 26.8354 2
    endloop
  endfacet
  facet normal -0.857733 -0.514096 0
    outer loop
      vertex 29.3229 26.1071 2
      vertex 29.2472 26.2334 3.8
      vertex 29.2472 26.2334 2
    endloop
  endfacet
  facet normal -0.857733 -0.514096 0
    outer loop
      vertex 29.2472 26.2334 3.8
      vertex 29.3229 26.1071 2
      vertex 29.3229 26.1071 3.8
    endloop
  endfacet
  facet normal -0.514096 -0.857733 0
    outer loop
      vertex 28.7071 26.7229 2
      vertex 28.8334 26.6472 3.8
      vertex 28.7071 26.7229 3.8
    endloop
  endfacet
  facet normal -0.514096 -0.857733 -0
    outer loop
      vertex 28.8334 26.6472 3.8
      vertex 28.7071 26.7229 2
      vertex 28.8334 26.6472 2
    endloop
  endfacet
  facet normal -0.74123 0.671251 0
    outer loop
      vertex 29.0607 24.3393 2
      vertex 29.1595 24.4484 3.8
      vertex 29.1595 24.4484 2
    endloop
  endfacet
  facet normal -0.74123 0.671251 0
    outer loop
      vertex 29.1595 24.4484 3.8
      vertex 29.0607 24.3393 2
      vertex 29.0607 24.3393 3.8
    endloop
  endfacet
  facet normal -0.998803 0.0489209 0
    outer loop
      vertex 29.4928 25.253 2
      vertex 29.5 25.4 3.8
      vertex 29.5 25.4 2
    endloop
  endfacet
  facet normal -0.998803 0.0489209 0
    outer loop
      vertex 29.5 25.4 3.8
      vertex 29.4928 25.253 2
      vertex 29.4928 25.253 3.8
    endloop
  endfacet
  facet normal -0.998803 -0.0489209 0
    outer loop
      vertex 29.5 25.4 2
      vertex 29.4928 25.547 3.8
      vertex 29.4928 25.547 2
    endloop
  endfacet
  facet normal -0.998803 -0.0489209 0
    outer loop
      vertex 29.4928 25.547 3.8
      vertex 29.5 25.4 2
      vertex 29.5 25.4 3.8
    endloop
  endfacet
  facet normal 0.514216 -0.857661 0
    outer loop
      vertex 9.35124 26.6472 2
      vertex 9.4775 26.7229 3.8
      vertex 9.35124 26.6472 3.8
    endloop
  endfacet
  facet normal 0.514216 -0.857661 0
    outer loop
      vertex 9.4775 26.7229 3.8
      vertex 9.35124 26.6472 2
      vertex 9.4775 26.7229 2
    endloop
  endfacet
  facet normal -0.904125 -0.427269 0
    outer loop
      vertex 29.3858 25.974 2
      vertex 29.3229 26.1071 3.8
      vertex 29.3229 26.1071 2
    endloop
  endfacet
  facet normal -0.904125 -0.427269 0
    outer loop
      vertex 29.3229 26.1071 3.8
      vertex 29.3858 25.974 2
      vertex 29.3858 25.974 3.8
    endloop
  endfacet
  facet normal 0.595731 0.803184 -0
    outer loop
      vertex 9.35124 24.1528 2
      vertex 9.233 24.2405 3.8
      vertex 9.35124 24.1528 3.8
    endloop
  endfacet
  facet normal 0.595731 0.803184 0
    outer loop
      vertex 9.233 24.2405 3.8
      vertex 9.35124 24.1528 2
      vertex 9.233 24.2405 2
    endloop
  endfacet
  facet normal 0.671353 0.741138 -0
    outer loop
      vertex 9.233 24.2405 2
      vertex 9.12393 24.3393 3.8
      vertex 9.233 24.2405 3.8
    endloop
  endfacet
  facet normal 0.671353 0.741138 0
    outer loop
      vertex 9.12393 24.3393 3.8
      vertex 9.233 24.2405 2
      vertex 9.12393 24.3393 2
    endloop
  endfacet
  facet normal -0.595861 -0.803088 0
    outer loop
      vertex 28.8334 26.6472 2
      vertex 28.9516 26.5595 3.8
      vertex 28.8334 26.6472 3.8
    endloop
  endfacet
  facet normal -0.595861 -0.803088 -0
    outer loop
      vertex 28.9516 26.5595 3.8
      vertex 28.8334 26.6472 2
      vertex 28.9516 26.5595 2
    endloop
  endfacet
  facet normal -0.74123 -0.671251 0
    outer loop
      vertex 29.1595 26.3516 2
      vertex 29.0607 26.4607 3.8
      vertex 29.0607 26.4607 2
    endloop
  endfacet
  facet normal -0.74123 -0.671251 0
    outer loop
      vertex 29.0607 26.4607 3.8
      vertex 29.1595 26.3516 2
      vertex 29.1595 26.3516 3.8
    endloop
  endfacet
  facet normal -0.904125 0.427269 0
    outer loop
      vertex 29.3229 24.6929 2
      vertex 29.3858 24.826 3.8
      vertex 29.3858 24.826 2
    endloop
  endfacet
  facet normal -0.904125 0.427269 0
    outer loop
      vertex 29.3858 24.826 3.8
      vertex 29.3229 24.6929 2
      vertex 29.3229 24.6929 3.8
    endloop
  endfacet
  facet normal -0.941527 -0.336939 0
    outer loop
      vertex 29.4354 25.8354 2
      vertex 29.3858 25.974 3.8
      vertex 29.3858 25.974 2
    endloop
  endfacet
  facet normal -0.941527 -0.336939 0
    outer loop
      vertex 29.3858 25.974 3.8
      vertex 29.4354 25.8354 2
      vertex 29.4354 25.8354 3.8
    endloop
  endfacet
  facet normal -0.941527 0.336939 0
    outer loop
      vertex 29.3858 24.826 2
      vertex 29.4354 24.9646 3.8
      vertex 29.4354 24.9646 2
    endloop
  endfacet
  facet normal -0.941527 0.336939 0
    outer loop
      vertex 29.4354 24.9646 3.8
      vertex 29.3858 24.826 2
      vertex 29.3858 24.826 3.8
    endloop
  endfacet
  facet normal 0.243191 -0.969978 0
    outer loop
      vertex 9.74917 26.8354 2
      vertex 9.89196 26.8712 3.8
      vertex 9.74917 26.8354 3.8
    endloop
  endfacet
  facet normal 0.243191 -0.969978 0
    outer loop
      vertex 9.89196 26.8712 3.8
      vertex 9.74917 26.8354 2
      vertex 9.89196 26.8712 2
    endloop
  endfacet
  facet normal 0.857792 -0.513996 0
    outer loop
      vertex 8.86171 26.1071 3.8
      vertex 8.93739 26.2334 2
      vertex 8.93739 26.2334 3.8
    endloop
  endfacet
  facet normal 0.857792 -0.513996 0
    outer loop
      vertex 8.93739 26.2334 2
      vertex 8.86171 26.1071 3.8
      vertex 8.86171 26.1071 2
    endloop
  endfacet
  facet normal 0.998793 -0.0491243 0
    outer loop
      vertex 8.68459 25.4 3.8
      vertex 8.69182 25.547 2
      vertex 8.69182 25.547 3.8
    endloop
  endfacet
  facet normal 0.998793 -0.0491243 0
    outer loop
      vertex 8.69182 25.547 2
      vertex 8.68459 25.4 3.8
      vertex 8.68459 25.4 2
    endloop
  endfacet
  facet normal 0.336939 0.941527 -0
    outer loop
      vertex 9.74917 23.9646 2
      vertex 9.61057 24.0142 3.8
      vertex 9.74917 23.9646 3.8
    endloop
  endfacet
  facet normal 0.336939 0.941527 0
    outer loop
      vertex 9.61057 24.0142 3.8
      vertex 9.74917 23.9646 2
      vertex 9.61057 24.0142 2
    endloop
  endfacet
  facet normal 0.146706 0.98918 -0
    outer loop
      vertex 10.0376 23.9072 2
      vertex 9.89196 23.9288 3.8
      vertex 10.0376 23.9072 3.8
    endloop
  endfacet
  facet normal 0.146706 0.98918 0
    outer loop
      vertex 9.89196 23.9288 3.8
      vertex 10.0376 23.9072 2
      vertex 9.89196 23.9288 2
    endloop
  endfacet
  facet normal -0.146746 -0.989174 0
    outer loop
      vertex 28.147 26.8928 2
      vertex 28.2926 26.8712 3.8
      vertex 28.147 26.8928 3.8
    endloop
  endfacet
  facet normal -0.146746 -0.989174 -0
    outer loop
      vertex 28.2926 26.8712 3.8
      vertex 28.147 26.8928 2
      vertex 28.2926 26.8712 2
    endloop
  endfacet
  facet normal 0.146706 -0.98918 0
    outer loop
      vertex 9.89196 26.8712 2
      vertex 10.0376 26.8928 3.8
      vertex 9.89196 26.8712 3.8
    endloop
  endfacet
  facet normal 0.146706 -0.98918 0
    outer loop
      vertex 10.0376 26.8928 3.8
      vertex 9.89196 26.8712 2
      vertex 10.0376 26.8928 2
    endloop
  endfacet
  facet normal 0.427347 -0.904088 0
    outer loop
      vertex 9.4775 26.7229 2
      vertex 9.61057 26.7858 3.8
      vertex 9.4775 26.7229 3.8
    endloop
  endfacet
  facet normal 0.427347 -0.904088 0
    outer loop
      vertex 9.61057 26.7858 3.8
      vertex 9.4775 26.7229 2
      vertex 9.61057 26.7858 2
    endloop
  endfacet
  facet normal 0.998793 0.0491243 0
    outer loop
      vertex 8.69182 25.253 3.8
      vertex 8.68459 25.4 2
      vertex 8.68459 25.4 3.8
    endloop
  endfacet
  facet normal 0.998793 0.0491243 0
    outer loop
      vertex 8.68459 25.4 2
      vertex 8.69182 25.253 3.8
      vertex 8.69182 25.253 2
    endloop
  endfacet
  facet normal -0.0489209 0.998803 0
    outer loop
      vertex 28.147 23.9072 2
      vertex 28 23.9 3.8
      vertex 28.147 23.9072 3.8
    endloop
  endfacet
  facet normal -0.0489209 0.998803 0
    outer loop
      vertex 28 23.9 3.8
      vertex 28.147 23.9072 2
      vertex 28 23.9 2
    endloop
  endfacet
  facet normal -0.595861 0.803088 0
    outer loop
      vertex 28.9516 24.2405 2
      vertex 28.8334 24.1528 3.8
      vertex 28.9516 24.2405 3.8
    endloop
  endfacet
  facet normal -0.595861 0.803088 0
    outer loop
      vertex 28.8334 24.1528 3.8
      vertex 28.9516 24.2405 2
      vertex 28.8334 24.1528 2
    endloop
  endfacet
  facet normal -0.243175 -0.969982 0
    outer loop
      vertex 28.2926 26.8712 2
      vertex 28.4354 26.8354 3.8
      vertex 28.2926 26.8712 3.8
    endloop
  endfacet
  facet normal -0.243175 -0.969982 -0
    outer loop
      vertex 28.4354 26.8354 3.8
      vertex 28.2926 26.8712 2
      vertex 28.4354 26.8354 2
    endloop
  endfacet
  facet normal -0.336939 -0.941527 0
    outer loop
      vertex 28.4354 26.8354 2
      vertex 28.574 26.7858 3.8
      vertex 28.4354 26.8354 3.8
    endloop
  endfacet
  facet normal -0.336939 -0.941527 -0
    outer loop
      vertex 28.574 26.7858 3.8
      vertex 28.4354 26.8354 2
      vertex 28.574 26.7858 2
    endloop
  endfacet
  facet normal -0.0489209 -0.998803 0
    outer loop
      vertex 28 26.9 2
      vertex 28.147 26.8928 3.8
      vertex 28 26.9 3.8
    endloop
  endfacet
  facet normal -0.0489209 -0.998803 -0
    outer loop
      vertex 28.147 26.8928 3.8
      vertex 28 26.9 2
      vertex 28.147 26.8928 2
    endloop
  endfacet
  facet normal 0.857792 0.513996 0
    outer loop
      vertex 8.93739 24.5666 3.8
      vertex 8.86171 24.6929 2
      vertex 8.86171 24.6929 3.8
    endloop
  endfacet
  facet normal 0.857792 0.513996 0
    outer loop
      vertex 8.86171 24.6929 2
      vertex 8.93739 24.5666 3.8
      vertex 8.93739 24.5666 2
    endloop
  endfacet
  facet normal -0.857733 0.514096 0
    outer loop
      vertex 29.2472 24.5666 2
      vertex 29.3229 24.6929 3.8
      vertex 29.3229 24.6929 2
    endloop
  endfacet
  facet normal -0.857733 0.514096 0
    outer loop
      vertex 29.3229 24.6929 3.8
      vertex 29.2472 24.5666 2
      vertex 29.2472 24.5666 3.8
    endloop
  endfacet
  facet normal -0.514096 0.857733 0
    outer loop
      vertex 28.8334 24.1528 2
      vertex 28.7071 24.0771 3.8
      vertex 28.8334 24.1528 3.8
    endloop
  endfacet
  facet normal -0.514096 0.857733 0
    outer loop
      vertex 28.7071 24.0771 3.8
      vertex 28.8334 24.1528 2
      vertex 28.7071 24.0771 2
    endloop
  endfacet
  facet normal -0.969982 0.243175 0
    outer loop
      vertex 29.4354 24.9646 2
      vertex 29.4712 25.1074 3.8
      vertex 29.4712 25.1074 2
    endloop
  endfacet
  facet normal -0.969982 0.243175 0
    outer loop
      vertex 29.4712 25.1074 3.8
      vertex 29.4354 24.9646 2
      vertex 29.4354 24.9646 3.8
    endloop
  endfacet
  facet normal -0.146746 0.989174 0
    outer loop
      vertex 28.2926 23.9288 2
      vertex 28.147 23.9072 3.8
      vertex 28.2926 23.9288 3.8
    endloop
  endfacet
  facet normal -0.146746 0.989174 0
    outer loop
      vertex 28.147 23.9072 3.8
      vertex 28.2926 23.9288 2
      vertex 28.147 23.9072 2
    endloop
  endfacet
  facet normal 0.514216 0.857661 -0
    outer loop
      vertex 9.4775 24.0771 2
      vertex 9.35124 24.1528 3.8
      vertex 9.4775 24.0771 3.8
    endloop
  endfacet
  facet normal 0.514216 0.857661 0
    outer loop
      vertex 9.35124 24.1528 3.8
      vertex 9.4775 24.0771 2
      vertex 9.35124 24.1528 2
    endloop
  endfacet
  facet normal 0.90402 0.427491 0
    outer loop
      vertex 8.86171 24.6929 3.8
      vertex 8.79877 24.826 2
      vertex 8.79877 24.826 3.8
    endloop
  endfacet
  facet normal 0.90402 0.427491 0
    outer loop
      vertex 8.79877 24.826 2
      vertex 8.86171 24.6929 3.8
      vertex 8.86171 24.6929 2
    endloop
  endfacet
  facet normal 0.989184 -0.146679 0
    outer loop
      vertex 8.69182 25.547 3.8
      vertex 8.71341 25.6926 2
      vertex 8.71341 25.6926 3.8
    endloop
  endfacet
  facet normal 0.989184 -0.146679 0
    outer loop
      vertex 8.71341 25.6926 2
      vertex 8.69182 25.547 3.8
      vertex 8.69182 25.547 2
    endloop
  endfacet
  facet normal -0.671251 -0.74123 0
    outer loop
      vertex 28.9516 26.5595 2
      vertex 29.0607 26.4607 3.8
      vertex 28.9516 26.5595 3.8
    endloop
  endfacet
  facet normal -0.671251 -0.74123 -0
    outer loop
      vertex 29.0607 26.4607 3.8
      vertex 28.9516 26.5595 2
      vertex 29.0607 26.4607 2
    endloop
  endfacet
  facet normal -0.803088 0.595861 0
    outer loop
      vertex 29.1595 24.4484 2
      vertex 29.2472 24.5666 3.8
      vertex 29.2472 24.5666 2
    endloop
  endfacet
  facet normal -0.803088 0.595861 0
    outer loop
      vertex 29.2472 24.5666 3.8
      vertex 29.1595 24.4484 2
      vertex 29.1595 24.4484 3.8
    endloop
  endfacet
  facet normal 0.941548 0.336879 0
    outer loop
      vertex 8.79877 24.826 3.8
      vertex 8.74918 24.9646 2
      vertex 8.74918 24.9646 3.8
    endloop
  endfacet
  facet normal 0.941548 0.336879 0
    outer loop
      vertex 8.74918 24.9646 2
      vertex 8.79877 24.826 3.8
      vertex 8.79877 24.826 2
    endloop
  endfacet
  facet normal 0.595731 -0.803184 0
    outer loop
      vertex 9.233 26.5595 2
      vertex 9.35124 26.6472 3.8
      vertex 9.233 26.5595 3.8
    endloop
  endfacet
  facet normal 0.595731 -0.803184 0
    outer loop
      vertex 9.35124 26.6472 3.8
      vertex 9.233 26.5595 2
      vertex 9.35124 26.6472 2
    endloop
  endfacet
  facet normal -0.243175 0.969982 0
    outer loop
      vertex 28.4354 23.9646 2
      vertex 28.2926 23.9288 3.8
      vertex 28.4354 23.9646 3.8
    endloop
  endfacet
  facet normal -0.243175 0.969982 0
    outer loop
      vertex 28.2926 23.9288 3.8
      vertex 28.4354 23.9646 2
      vertex 28.2926 23.9288 2
    endloop
  endfacet
  facet normal 0.989184 0.146679 0
    outer loop
      vertex 8.71341 25.1074 3.8
      vertex 8.69182 25.253 2
      vertex 8.69182 25.253 3.8
    endloop
  endfacet
  facet normal 0.989184 0.146679 0
    outer loop
      vertex 8.69182 25.253 2
      vertex 8.71341 25.1074 3.8
      vertex 8.71341 25.1074 2
    endloop
  endfacet
  facet normal 0.243191 0.969978 -0
    outer loop
      vertex 9.89196 23.9288 2
      vertex 9.74917 23.9646 3.8
      vertex 9.89196 23.9288 3.8
    endloop
  endfacet
  facet normal 0.243191 0.969978 0
    outer loop
      vertex 9.74917 23.9646 3.8
      vertex 9.89196 23.9288 2
      vertex 9.74917 23.9646 2
    endloop
  endfacet
  facet normal 0.80312 -0.595817 0
    outer loop
      vertex 8.93739 26.2334 3.8
      vertex 9.02508 26.3516 2
      vertex 9.02508 26.3516 3.8
    endloop
  endfacet
  facet normal 0.80312 -0.595817 0
    outer loop
      vertex 9.02508 26.3516 2
      vertex 8.93739 26.2334 3.8
      vertex 8.93739 26.2334 2
    endloop
  endfacet
  facet normal -0.336939 0.941527 0
    outer loop
      vertex 28.574 24.0142 2
      vertex 28.4354 23.9646 3.8
      vertex 28.574 24.0142 3.8
    endloop
  endfacet
  facet normal -0.336939 0.941527 0
    outer loop
      vertex 28.4354 23.9646 3.8
      vertex 28.574 24.0142 2
      vertex 28.4354 23.9646 2
    endloop
  endfacet
  facet normal 0.0489209 -0.998803 0
    outer loop
      vertex 10.0376 26.8928 2
      vertex 10.1846 26.9 3.8
      vertex 10.0376 26.8928 3.8
    endloop
  endfacet
  facet normal 0.0489209 -0.998803 0
    outer loop
      vertex 10.1846 26.9 3.8
      vertex 10.0376 26.8928 2
      vertex 10.1846 26.9 2
    endloop
  endfacet
  facet normal 0.0489209 0.998803 -0
    outer loop
      vertex 10.1846 23.9 2
      vertex 10.0376 23.9072 3.8
      vertex 10.1846 23.9 3.8
    endloop
  endfacet
  facet normal 0.0489209 0.998803 0
    outer loop
      vertex 10.0376 23.9072 3.8
      vertex 10.1846 23.9 2
      vertex 10.0376 23.9072 2
    endloop
  endfacet
  facet normal -0.427269 0.904125 0
    outer loop
      vertex 28.7071 24.0771 2
      vertex 28.574 24.0142 3.8
      vertex 28.7071 24.0771 3.8
    endloop
  endfacet
  facet normal -0.427269 0.904125 0
    outer loop
      vertex 28.574 24.0142 3.8
      vertex 28.7071 24.0771 2
      vertex 28.574 24.0142 2
    endloop
  endfacet
  facet normal 0.941548 -0.336879 0
    outer loop
      vertex 8.74918 25.8354 3.8
      vertex 8.79877 25.974 2
      vertex 8.79877 25.974 3.8
    endloop
  endfacet
  facet normal 0.941548 -0.336879 0
    outer loop
      vertex 8.79877 25.974 2
      vertex 8.74918 25.8354 3.8
      vertex 8.74918 25.8354 2
    endloop
  endfacet
  facet normal 0.741061 -0.671438 0
    outer loop
      vertex 9.02508 26.3516 3.8
      vertex 9.12393 26.4607 2
      vertex 9.12393 26.4607 3.8
    endloop
  endfacet
  facet normal 0.741061 -0.671438 0
    outer loop
      vertex 9.12393 26.4607 2
      vertex 9.02508 26.3516 3.8
      vertex 9.02508 26.3516 2
    endloop
  endfacet
  facet normal -0.427269 -0.904125 0
    outer loop
      vertex 28.574 26.7858 2
      vertex 28.7071 26.7229 3.8
      vertex 28.574 26.7858 3.8
    endloop
  endfacet
  facet normal -0.427269 -0.904125 -0
    outer loop
      vertex 28.7071 26.7229 3.8
      vertex 28.574 26.7858 2
      vertex 28.7071 26.7229 2
    endloop
  endfacet
  facet normal 0.80312 0.595817 0
    outer loop
      vertex 9.02508 24.4484 3.8
      vertex 8.93739 24.5666 2
      vertex 8.93739 24.5666 3.8
    endloop
  endfacet
  facet normal 0.80312 0.595817 0
    outer loop
      vertex 8.93739 24.5666 2
      vertex 9.02508 24.4484 3.8
      vertex 9.02508 24.4484 2
    endloop
  endfacet
  facet normal 0.970031 -0.242983 0
    outer loop
      vertex 8.71341 25.6926 3.8
      vertex 8.74918 25.8354 2
      vertex 8.74918 25.8354 3.8
    endloop
  endfacet
  facet normal 0.970031 -0.242983 0
    outer loop
      vertex 8.74918 25.8354 2
      vertex 8.71341 25.6926 3.8
      vertex 8.71341 25.6926 2
    endloop
  endfacet
  facet normal -0.857733 0.514096 0
    outer loop
      vertex 29.2472 18.5666 2
      vertex 29.3229 18.6929 3.8
      vertex 29.3229 18.6929 2
    endloop
  endfacet
  facet normal -0.857733 0.514096 0
    outer loop
      vertex 29.3229 18.6929 3.8
      vertex 29.2472 18.5666 2
      vertex 29.2472 18.5666 3.8
    endloop
  endfacet
  facet normal 0.146706 -0.98918 0
    outer loop
      vertex 9.89196 20.8712 2
      vertex 10.0376 20.8928 3.8
      vertex 9.89196 20.8712 3.8
    endloop
  endfacet
  facet normal 0.146706 -0.98918 0
    outer loop
      vertex 10.0376 20.8928 3.8
      vertex 9.89196 20.8712 2
      vertex 10.0376 20.8928 2
    endloop
  endfacet
  facet normal 0.595731 0.803184 -0
    outer loop
      vertex 9.35124 18.1528 2
      vertex 9.233 18.2405 3.8
      vertex 9.35124 18.1528 3.8
    endloop
  endfacet
  facet normal 0.595731 0.803184 0
    outer loop
      vertex 9.233 18.2405 3.8
      vertex 9.35124 18.1528 2
      vertex 9.233 18.2405 2
    endloop
  endfacet
  facet normal -0.989174 -0.146746 0
    outer loop
      vertex 29.4928 19.547 2
      vertex 29.4712 19.6926 3.8
      vertex 29.4712 19.6926 2
    endloop
  endfacet
  facet normal -0.989174 -0.146746 0
    outer loop
      vertex 29.4712 19.6926 3.8
      vertex 29.4928 19.547 2
      vertex 29.4928 19.547 3.8
    endloop
  endfacet
  facet normal 0.427347 0.904088 -0
    outer loop
      vertex 9.61057 18.0142 2
      vertex 9.4775 18.0771 3.8
      vertex 9.61057 18.0142 3.8
    endloop
  endfacet
  facet normal 0.427347 0.904088 0
    outer loop
      vertex 9.4775 18.0771 3.8
      vertex 9.61057 18.0142 2
      vertex 9.4775 18.0771 2
    endloop
  endfacet
  facet normal 0.336939 0.941527 -0
    outer loop
      vertex 9.74917 17.9646 2
      vertex 9.61057 18.0142 3.8
      vertex 9.74917 17.9646 3.8
    endloop
  endfacet
  facet normal 0.336939 0.941527 0
    outer loop
      vertex 9.61057 18.0142 3.8
      vertex 9.74917 17.9646 2
      vertex 9.61057 18.0142 2
    endloop
  endfacet
  facet normal 0.0489209 0.998803 -0
    outer loop
      vertex 10.1846 17.9 2
      vertex 10.0376 17.9072 3.8
      vertex 10.1846 17.9 3.8
    endloop
  endfacet
  facet normal 0.0489209 0.998803 0
    outer loop
      vertex 10.0376 17.9072 3.8
      vertex 10.1846 17.9 2
      vertex 10.0376 17.9072 2
    endloop
  endfacet
  facet normal 0 -1 0
    outer loop
      vertex 10.1846 20.9 2
      vertex 28 20.9 3.8
      vertex 10.1846 20.9 3.8
    endloop
  endfacet
  facet normal 0 -1 -0
    outer loop
      vertex 28 20.9 3.8
      vertex 10.1846 20.9 2
      vertex 28 20.9 2
    endloop
  endfacet
  facet normal -0.671251 0.74123 0
    outer loop
      vertex 29.0607 18.3393 2
      vertex 28.9516 18.2405 3.8
      vertex 29.0607 18.3393 3.8
    endloop
  endfacet
  facet normal -0.671251 0.74123 0
    outer loop
      vertex 28.9516 18.2405 3.8
      vertex 29.0607 18.3393 2
      vertex 28.9516 18.2405 2
    endloop
  endfacet
  facet normal 0 1 -0
    outer loop
      vertex 28 17.9 2
      vertex 10.1846 17.9 3.8
      vertex 28 17.9 3.8
    endloop
  endfacet
  facet normal 0 1 0
    outer loop
      vertex 10.1846 17.9 3.8
      vertex 28 17.9 2
      vertex 10.1846 17.9 2
    endloop
  endfacet
  facet normal -0.803088 0.595861 0
    outer loop
      vertex 29.1595 18.4484 2
      vertex 29.2472 18.5666 3.8
      vertex 29.2472 18.5666 2
    endloop
  endfacet
  facet normal -0.803088 0.595861 0
    outer loop
      vertex 29.2472 18.5666 3.8
      vertex 29.1595 18.4484 2
      vertex 29.1595 18.4484 3.8
    endloop
  endfacet
  facet normal -0.904125 -0.427269 0
    outer loop
      vertex 29.3858 19.974 2
      vertex 29.3229 20.1071 3.8
      vertex 29.3229 20.1071 2
    endloop
  endfacet
  facet normal -0.904125 -0.427269 0
    outer loop
      vertex 29.3229 20.1071 3.8
      vertex 29.3858 19.974 2
      vertex 29.3858 19.974 3.8
    endloop
  endfacet
  facet normal -0.336939 -0.941527 0
    outer loop
      vertex 28.4354 20.8354 2
      vertex 28.574 20.7858 3.8
      vertex 28.4354 20.8354 3.8
    endloop
  endfacet
  facet normal -0.336939 -0.941527 -0
    outer loop
      vertex 28.574 20.7858 3.8
      vertex 28.4354 20.8354 2
      vertex 28.574 20.7858 2
    endloop
  endfacet
  facet normal -0.0489209 0.998803 0
    outer loop
      vertex 28.147 17.9072 2
      vertex 28 17.9 3.8
      vertex 28.147 17.9072 3.8
    endloop
  endfacet
  facet normal -0.0489209 0.998803 0
    outer loop
      vertex 28 17.9 3.8
      vertex 28.147 17.9072 2
      vertex 28 17.9 2
    endloop
  endfacet
  facet normal 0.857792 -0.513996 0
    outer loop
      vertex 8.86171 20.1071 3.8
      vertex 8.93739 20.2334 2
      vertex 8.93739 20.2334 3.8
    endloop
  endfacet
  facet normal 0.857792 -0.513996 0
    outer loop
      vertex 8.93739 20.2334 2
      vertex 8.86171 20.1071 3.8
      vertex 8.86171 20.1071 2
    endloop
  endfacet
  facet normal 0.0489209 -0.998803 0
    outer loop
      vertex 10.0376 20.8928 2
      vertex 10.1846 20.9 3.8
      vertex 10.0376 20.8928 3.8
    endloop
  endfacet
  facet normal 0.0489209 -0.998803 0
    outer loop
      vertex 10.1846 20.9 3.8
      vertex 10.0376 20.8928 2
      vertex 10.1846 20.9 2
    endloop
  endfacet
  facet normal -0.0489209 -0.998803 0
    outer loop
      vertex 28 20.9 2
      vertex 28.147 20.8928 3.8
      vertex 28 20.9 3.8
    endloop
  endfacet
  facet normal -0.0489209 -0.998803 -0
    outer loop
      vertex 28.147 20.8928 3.8
      vertex 28 20.9 2
      vertex 28.147 20.8928 2
    endloop
  endfacet
  facet normal -0.969982 0.243175 0
    outer loop
      vertex 29.4354 18.9646 2
      vertex 29.4712 19.1074 3.8
      vertex 29.4712 19.1074 2
    endloop
  endfacet
  facet normal -0.969982 0.243175 0
    outer loop
      vertex 29.4712 19.1074 3.8
      vertex 29.4354 18.9646 2
      vertex 29.4354 18.9646 3.8
    endloop
  endfacet
  facet normal -0.74123 0.671251 0
    outer loop
      vertex 29.0607 18.3393 2
      vertex 29.1595 18.4484 3.8
      vertex 29.1595 18.4484 2
    endloop
  endfacet
  facet normal -0.74123 0.671251 0
    outer loop
      vertex 29.1595 18.4484 3.8
      vertex 29.0607 18.3393 2
      vertex 29.0607 18.3393 3.8
    endloop
  endfacet
  facet normal -0.243175 -0.969982 0
    outer loop
      vertex 28.2926 20.8712 2
      vertex 28.4354 20.8354 3.8
      vertex 28.2926 20.8712 3.8
    endloop
  endfacet
  facet normal -0.243175 -0.969982 -0
    outer loop
      vertex 28.4354 20.8354 3.8
      vertex 28.2926 20.8712 2
      vertex 28.4354 20.8354 2
    endloop
  endfacet
  facet normal -0.514096 0.857733 0
    outer loop
      vertex 28.8334 18.1528 2
      vertex 28.7071 18.0771 3.8
      vertex 28.8334 18.1528 3.8
    endloop
  endfacet
  facet normal -0.514096 0.857733 0
    outer loop
      vertex 28.7071 18.0771 3.8
      vertex 28.8334 18.1528 2
      vertex 28.7071 18.0771 2
    endloop
  endfacet
  facet normal 0.941548 0.336879 0
    outer loop
      vertex 8.79877 18.826 3.8
      vertex 8.74918 18.9646 2
      vertex 8.74918 18.9646 3.8
    endloop
  endfacet
  facet normal 0.941548 0.336879 0
    outer loop
      vertex 8.74918 18.9646 2
      vertex 8.79877 18.826 3.8
      vertex 8.79877 18.826 2
    endloop
  endfacet
  facet normal 0.514216 0.857661 -0
    outer loop
      vertex 9.4775 18.0771 2
      vertex 9.35124 18.1528 3.8
      vertex 9.4775 18.0771 3.8
    endloop
  endfacet
  facet normal 0.514216 0.857661 0
    outer loop
      vertex 9.35124 18.1528 3.8
      vertex 9.4775 18.0771 2
      vertex 9.35124 18.1528 2
    endloop
  endfacet
  facet normal -0.595861 0.803088 0
    outer loop
      vertex 28.9516 18.2405 2
      vertex 28.8334 18.1528 3.8
      vertex 28.9516 18.2405 3.8
    endloop
  endfacet
  facet normal -0.595861 0.803088 0
    outer loop
      vertex 28.8334 18.1528 3.8
      vertex 28.9516 18.2405 2
      vertex 28.8334 18.1528 2
    endloop
  endfacet
  facet normal -0.146746 -0.989174 0
    outer loop
      vertex 28.147 20.8928 2
      vertex 28.2926 20.8712 3.8
      vertex 28.147 20.8928 3.8
    endloop
  endfacet
  facet normal -0.146746 -0.989174 -0
    outer loop
      vertex 28.2926 20.8712 3.8
      vertex 28.147 20.8928 2
      vertex 28.2926 20.8712 2
    endloop
  endfacet
  facet normal 0.146706 0.98918 -0
    outer loop
      vertex 10.0376 17.9072 2
      vertex 9.89196 17.9288 3.8
      vertex 10.0376 17.9072 3.8
    endloop
  endfacet
  facet normal 0.146706 0.98918 0
    outer loop
      vertex 9.89196 17.9288 3.8
      vertex 10.0376 17.9072 2
      vertex 9.89196 17.9288 2
    endloop
  endfacet
  facet normal 0.243191 0.969978 -0
    outer loop
      vertex 9.89196 17.9288 2
      vertex 9.74917 17.9646 3.8
      vertex 9.89196 17.9288 3.8
    endloop
  endfacet
  facet normal 0.243191 0.969978 0
    outer loop
      vertex 9.74917 17.9646 3.8
      vertex 9.89196 17.9288 2
      vertex 9.74917 17.9646 2
    endloop
  endfacet
  facet normal -0.336939 0.941527 0
    outer loop
      vertex 28.574 18.0142 2
      vertex 28.4354 17.9646 3.8
      vertex 28.574 18.0142 3.8
    endloop
  endfacet
  facet normal -0.336939 0.941527 0
    outer loop
      vertex 28.4354 17.9646 3.8
      vertex 28.574 18.0142 2
      vertex 28.4354 17.9646 2
    endloop
  endfacet
  facet normal -0.969982 -0.243175 0
    outer loop
      vertex 29.4712 19.6926 2
      vertex 29.4354 19.8354 3.8
      vertex 29.4354 19.8354 2
    endloop
  endfacet
  facet normal -0.969982 -0.243175 0
    outer loop
      vertex 29.4354 19.8354 3.8
      vertex 29.4712 19.6926 2
      vertex 29.4712 19.6926 3.8
    endloop
  endfacet
  facet normal 0.671353 -0.741138 0
    outer loop
      vertex 9.12393 20.4607 2
      vertex 9.233 20.5595 3.8
      vertex 9.12393 20.4607 3.8
    endloop
  endfacet
  facet normal 0.671353 -0.741138 0
    outer loop
      vertex 9.233 20.5595 3.8
      vertex 9.12393 20.4607 2
      vertex 9.233 20.5595 2
    endloop
  endfacet
  facet normal 0.427347 -0.904088 0
    outer loop
      vertex 9.4775 20.7229 2
      vertex 9.61057 20.7858 3.8
      vertex 9.4775 20.7229 3.8
    endloop
  endfacet
  facet normal 0.427347 -0.904088 0
    outer loop
      vertex 9.61057 20.7858 3.8
      vertex 9.4775 20.7229 2
      vertex 9.61057 20.7858 2
    endloop
  endfacet
  facet normal -0.514096 -0.857733 0
    outer loop
      vertex 28.7071 20.7229 2
      vertex 28.8334 20.6472 3.8
      vertex 28.7071 20.7229 3.8
    endloop
  endfacet
  facet normal -0.514096 -0.857733 -0
    outer loop
      vertex 28.8334 20.6472 3.8
      vertex 28.7071 20.7229 2
      vertex 28.8334 20.6472 2
    endloop
  endfacet
  facet normal -0.941527 0.336939 0
    outer loop
      vertex 29.3858 18.826 2
      vertex 29.4354 18.9646 3.8
      vertex 29.4354 18.9646 2
    endloop
  endfacet
  facet normal -0.941527 0.336939 0
    outer loop
      vertex 29.4354 18.9646 3.8
      vertex 29.3858 18.826 2
      vertex 29.3858 18.826 3.8
    endloop
  endfacet
  facet normal -0.243175 0.969982 0
    outer loop
      vertex 28.4354 17.9646 2
      vertex 28.2926 17.9288 3.8
      vertex 28.4354 17.9646 3.8
    endloop
  endfacet
  facet normal -0.243175 0.969982 0
    outer loop
      vertex 28.2926 17.9288 3.8
      vertex 28.4354 17.9646 2
      vertex 28.2926 17.9288 2
    endloop
  endfacet
  facet normal 0.970031 -0.242983 0
    outer loop
      vertex 8.71341 19.6926 3.8
      vertex 8.74918 19.8354 2
      vertex 8.74918 19.8354 3.8
    endloop
  endfacet
  facet normal 0.970031 -0.242983 0
    outer loop
      vertex 8.74918 19.8354 2
      vertex 8.71341 19.6926 3.8
      vertex 8.71341 19.6926 2
    endloop
  endfacet
  facet normal 0.941548 -0.336879 0
    outer loop
      vertex 8.74918 19.8354 3.8
      vertex 8.79877 19.974 2
      vertex 8.79877 19.974 3.8
    endloop
  endfacet
  facet normal 0.941548 -0.336879 0
    outer loop
      vertex 8.79877 19.974 2
      vertex 8.74918 19.8354 3.8
      vertex 8.74918 19.8354 2
    endloop
  endfacet
  facet normal 0.998793 -0.0491243 0
    outer loop
      vertex 8.68459 19.4 3.8
      vertex 8.69182 19.547 2
      vertex 8.69182 19.547 3.8
    endloop
  endfacet
  facet normal 0.998793 -0.0491243 0
    outer loop
      vertex 8.69182 19.547 2
      vertex 8.68459 19.4 3.8
      vertex 8.68459 19.4 2
    endloop
  endfacet
  facet normal 0.336939 -0.941527 0
    outer loop
      vertex 9.61057 20.7858 2
      vertex 9.74917 20.8354 3.8
      vertex 9.61057 20.7858 3.8
    endloop
  endfacet
  facet normal 0.336939 -0.941527 0
    outer loop
      vertex 9.74917 20.8354 3.8
      vertex 9.61057 20.7858 2
      vertex 9.74917 20.8354 2
    endloop
  endfacet
  facet normal -0.857733 -0.514096 0
    outer loop
      vertex 29.3229 20.1071 2
      vertex 29.2472 20.2334 3.8
      vertex 29.2472 20.2334 2
    endloop
  endfacet
  facet normal -0.857733 -0.514096 0
    outer loop
      vertex 29.2472 20.2334 3.8
      vertex 29.3229 20.1071 2
      vertex 29.3229 20.1071 3.8
    endloop
  endfacet
  facet normal -0.998803 0.0489209 0
    outer loop
      vertex 29.4928 19.253 2
      vertex 29.5 19.4 3.8
      vertex 29.5 19.4 2
    endloop
  endfacet
  facet normal -0.998803 0.0489209 0
    outer loop
      vertex 29.5 19.4 3.8
      vertex 29.4928 19.253 2
      vertex 29.4928 19.253 3.8
    endloop
  endfacet
  facet normal -0.427269 0.904125 0
    outer loop
      vertex 28.7071 18.0771 2
      vertex 28.574 18.0142 3.8
      vertex 28.7071 18.0771 3.8
    endloop
  endfacet
  facet normal -0.427269 0.904125 0
    outer loop
      vertex 28.574 18.0142 3.8
      vertex 28.7071 18.0771 2
      vertex 28.574 18.0142 2
    endloop
  endfacet
  facet normal 0.80312 0.595817 0
    outer loop
      vertex 9.02508 18.4484 3.8
      vertex 8.93739 18.5666 2
      vertex 8.93739 18.5666 3.8
    endloop
  endfacet
  facet normal 0.80312 0.595817 0
    outer loop
      vertex 8.93739 18.5666 2
      vertex 9.02508 18.4484 3.8
      vertex 9.02508 18.4484 2
    endloop
  endfacet
  facet normal 0.989184 -0.146679 0
    outer loop
      vertex 8.69182 19.547 3.8
      vertex 8.71341 19.6926 2
      vertex 8.71341 19.6926 3.8
    endloop
  endfacet
  facet normal 0.989184 -0.146679 0
    outer loop
      vertex 8.71341 19.6926 2
      vertex 8.69182 19.547 3.8
      vertex 8.69182 19.547 2
    endloop
  endfacet
  facet normal 0.514216 -0.857661 0
    outer loop
      vertex 9.35124 20.6472 2
      vertex 9.4775 20.7229 3.8
      vertex 9.35124 20.6472 3.8
    endloop
  endfacet
  facet normal 0.514216 -0.857661 0
    outer loop
      vertex 9.4775 20.7229 3.8
      vertex 9.35124 20.6472 2
      vertex 9.4775 20.7229 2
    endloop
  endfacet
  facet normal 0.741061 0.671438 0
    outer loop
      vertex 9.12393 18.3393 3.8
      vertex 9.02508 18.4484 2
      vertex 9.02508 18.4484 3.8
    endloop
  endfacet
  facet normal 0.741061 0.671438 0
    outer loop
      vertex 9.02508 18.4484 2
      vertex 9.12393 18.3393 3.8
      vertex 9.12393 18.3393 2
    endloop
  endfacet
  facet normal 0.998793 0.0491243 0
    outer loop
      vertex 8.69182 19.253 3.8
      vertex 8.68459 19.4 2
      vertex 8.68459 19.4 3.8
    endloop
  endfacet
  facet normal 0.998793 0.0491243 0
    outer loop
      vertex 8.68459 19.4 2
      vertex 8.69182 19.253 3.8
      vertex 8.69182 19.253 2
    endloop
  endfacet
  facet normal 0.671353 0.741138 -0
    outer loop
      vertex 9.233 18.2405 2
      vertex 9.12393 18.3393 3.8
      vertex 9.233 18.2405 3.8
    endloop
  endfacet
  facet normal 0.671353 0.741138 0
    outer loop
      vertex 9.12393 18.3393 3.8
      vertex 9.233 18.2405 2
      vertex 9.12393 18.3393 2
    endloop
  endfacet
  facet normal 0.90402 0.427491 0
    outer loop
      vertex 8.86171 18.6929 3.8
      vertex 8.79877 18.826 2
      vertex 8.79877 18.826 3.8
    endloop
  endfacet
  facet normal 0.90402 0.427491 0
    outer loop
      vertex 8.79877 18.826 2
      vertex 8.86171 18.6929 3.8
      vertex 8.86171 18.6929 2
    endloop
  endfacet
  facet normal -0.427269 -0.904125 0
    outer loop
      vertex 28.574 20.7858 2
      vertex 28.7071 20.7229 3.8
      vertex 28.574 20.7858 3.8
    endloop
  endfacet
  facet normal -0.427269 -0.904125 -0
    outer loop
      vertex 28.7071 20.7229 3.8
      vertex 28.574 20.7858 2
      vertex 28.7071 20.7229 2
    endloop
  endfacet
  facet normal -0.146746 0.989174 0
    outer loop
      vertex 28.2926 17.9288 2
      vertex 28.147 17.9072 3.8
      vertex 28.2926 17.9288 3.8
    endloop
  endfacet
  facet normal -0.146746 0.989174 0
    outer loop
      vertex 28.147 17.9072 3.8
      vertex 28.2926 17.9288 2
      vertex 28.147 17.9072 2
    endloop
  endfacet
  facet normal -0.998803 -0.0489209 0
    outer loop
      vertex 29.5 19.4 2
      vertex 29.4928 19.547 3.8
      vertex 29.4928 19.547 2
    endloop
  endfacet
  facet normal -0.998803 -0.0489209 0
    outer loop
      vertex 29.4928 19.547 3.8
      vertex 29.5 19.4 2
      vertex 29.5 19.4 3.8
    endloop
  endfacet
  facet normal -0.904125 0.427269 0
    outer loop
      vertex 29.3229 18.6929 2
      vertex 29.3858 18.826 3.8
      vertex 29.3858 18.826 2
    endloop
  endfacet
  facet normal -0.904125 0.427269 0
    outer loop
      vertex 29.3858 18.826 3.8
      vertex 29.3229 18.6929 2
      vertex 29.3229 18.6929 3.8
    endloop
  endfacet
  facet normal 0.595731 -0.803184 0
    outer loop
      vertex 9.233 20.5595 2
      vertex 9.35124 20.6472 3.8
      vertex 9.233 20.5595 3.8
    endloop
  endfacet
  facet normal 0.595731 -0.803184 0
    outer loop
      vertex 9.35124 20.6472 3.8
      vertex 9.233 20.5595 2
      vertex 9.35124 20.6472 2
    endloop
  endfacet
  facet normal -0.74123 -0.671251 0
    outer loop
      vertex 29.1595 20.3516 2
      vertex 29.0607 20.4607 3.8
      vertex 29.0607 20.4607 2
    endloop
  endfacet
  facet normal -0.74123 -0.671251 0
    outer loop
      vertex 29.0607 20.4607 3.8
      vertex 29.1595 20.3516 2
      vertex 29.1595 20.3516 3.8
    endloop
  endfacet
  facet normal 0.243191 -0.969978 0
    outer loop
      vertex 9.74917 20.8354 2
      vertex 9.89196 20.8712 3.8
      vertex 9.74917 20.8354 3.8
    endloop
  endfacet
  facet normal 0.243191 -0.969978 0
    outer loop
      vertex 9.89196 20.8712 3.8
      vertex 9.74917 20.8354 2
      vertex 9.89196 20.8712 2
    endloop
  endfacet
  facet normal -0.941527 -0.336939 0
    outer loop
      vertex 29.4354 19.8354 2
      vertex 29.3858 19.974 3.8
      vertex 29.3858 19.974 2
    endloop
  endfacet
  facet normal -0.941527 -0.336939 0
    outer loop
      vertex 29.3858 19.974 3.8
      vertex 29.4354 19.8354 2
      vertex 29.4354 19.8354 3.8
    endloop
  endfacet
  facet normal 0.989184 0.146679 0
    outer loop
      vertex 8.71341 19.1074 3.8
      vertex 8.69182 19.253 2
      vertex 8.69182 19.253 3.8
    endloop
  endfacet
  facet normal 0.989184 0.146679 0
    outer loop
      vertex 8.69182 19.253 2
      vertex 8.71341 19.1074 3.8
      vertex 8.71341 19.1074 2
    endloop
  endfacet
  facet normal 0.857792 0.513996 0
    outer loop
      vertex 8.93739 18.5666 3.8
      vertex 8.86171 18.6929 2
      vertex 8.86171 18.6929 3.8
    endloop
  endfacet
  facet normal 0.857792 0.513996 0
    outer loop
      vertex 8.86171 18.6929 2
      vertex 8.93739 18.5666 3.8
      vertex 8.93739 18.5666 2
    endloop
  endfacet
  facet normal -0.803088 -0.595861 0
    outer loop
      vertex 29.2472 20.2334 2
      vertex 29.1595 20.3516 3.8
      vertex 29.1595 20.3516 2
    endloop
  endfacet
  facet normal -0.803088 -0.595861 0
    outer loop
      vertex 29.1595 20.3516 3.8
      vertex 29.2472 20.2334 2
      vertex 29.2472 20.2334 3.8
    endloop
  endfacet
  facet normal -0.595861 -0.803088 0
    outer loop
      vertex 28.8334 20.6472 2
      vertex 28.9516 20.5595 3.8
      vertex 28.8334 20.6472 3.8
    endloop
  endfacet
  facet normal -0.595861 -0.803088 -0
    outer loop
      vertex 28.9516 20.5595 3.8
      vertex 28.8334 20.6472 2
      vertex 28.9516 20.5595 2
    endloop
  endfacet
  facet normal -0.989174 0.146746 0
    outer loop
      vertex 29.4712 19.1074 2
      vertex 29.4928 19.253 3.8
      vertex 29.4928 19.253 2
    endloop
  endfacet
  facet normal -0.989174 0.146746 0
    outer loop
      vertex 29.4928 19.253 3.8
      vertex 29.4712 19.1074 2
      vertex 29.4712 19.1074 3.8
    endloop
  endfacet
  facet normal 0.970031 0.242983 0
    outer loop
      vertex 8.74918 18.9646 3.8
      vertex 8.71341 19.1074 2
      vertex 8.71341 19.1074 3.8
    endloop
  endfacet
  facet normal 0.970031 0.242983 0
    outer loop
      vertex 8.71341 19.1074 2
      vertex 8.74918 18.9646 3.8
      vertex 8.74918 18.9646 2
    endloop
  endfacet
  facet normal -0.671251 -0.74123 0
    outer loop
      vertex 28.9516 20.5595 2
      vertex 29.0607 20.4607 3.8
      vertex 28.9516 20.5595 3.8
    endloop
  endfacet
  facet normal -0.671251 -0.74123 -0
    outer loop
      vertex 29.0607 20.4607 3.8
      vertex 28.9516 20.5595 2
      vertex 29.0607 20.4607 2
    endloop
  endfacet
  facet normal 0.90402 -0.427491 0
    outer loop
      vertex 8.79877 19.974 3.8
      vertex 8.86171 20.1071 2
      vertex 8.86171 20.1071 3.8
    endloop
  endfacet
  facet normal 0.90402 -0.427491 0
    outer loop
      vertex 8.86171 20.1071 2
      vertex 8.79877 19.974 3.8
      vertex 8.79877 19.974 2
    endloop
  endfacet
  facet normal 0.741061 -0.671438 0
    outer loop
      vertex 9.02508 20.3516 3.8
      vertex 9.12393 20.4607 2
      vertex 9.12393 20.4607 3.8
    endloop
  endfacet
  facet normal 0.741061 -0.671438 0
    outer loop
      vertex 9.12393 20.4607 2
      vertex 9.02508 20.3516 3.8
      vertex 9.02508 20.3516 2
    endloop
  endfacet
  facet normal 0.80312 -0.595817 0
    outer loop
      vertex 8.93739 20.2334 3.8
      vertex 9.02508 20.3516 2
      vertex 9.02508 20.3516 3.8
    endloop
  endfacet
  facet normal 0.80312 -0.595817 0
    outer loop
      vertex 9.02508 20.3516 2
      vertex 8.93739 20.2334 3.8
      vertex 8.93739 20.2334 2
    endloop
  endfacet
  facet normal 0.336939 -0.941527 0
    outer loop
      vertex 9.61057 14.7858 2
      vertex 9.74917 14.8354 3.8
      vertex 9.61057 14.7858 3.8
    endloop
  endfacet
  facet normal 0.336939 -0.941527 0
    outer loop
      vertex 9.74917 14.8354 3.8
      vertex 9.61057 14.7858 2
      vertex 9.74917 14.8354 2
    endloop
  endfacet
  facet normal 0.741061 -0.671438 0
    outer loop
      vertex 9.02508 14.3516 3.8
      vertex 9.12393 14.4607 2
      vertex 9.12393 14.4607 3.8
    endloop
  endfacet
  facet normal 0.741061 -0.671438 0
    outer loop
      vertex 9.12393 14.4607 2
      vertex 9.02508 14.3516 3.8
      vertex 9.02508 14.3516 2
    endloop
  endfacet
  facet normal -0.671251 0.74123 0
    outer loop
      vertex 29.0607 12.3393 2
      vertex 28.9516 12.2405 3.8
      vertex 29.0607 12.3393 3.8
    endloop
  endfacet
  facet normal -0.671251 0.74123 0
    outer loop
      vertex 28.9516 12.2405 3.8
      vertex 29.0607 12.3393 2
      vertex 28.9516 12.2405 2
    endloop
  endfacet
  facet normal 0.741061 0.671438 0
    outer loop
      vertex 9.12393 12.3393 3.8
      vertex 9.02508 12.4484 2
      vertex 9.02508 12.4484 3.8
    endloop
  endfacet
  facet normal 0.741061 0.671438 0
    outer loop
      vertex 9.02508 12.4484 2
      vertex 9.12393 12.3393 3.8
      vertex 9.12393 12.3393 2
    endloop
  endfacet
  facet normal 0 -1 0
    outer loop
      vertex 10.1846 14.9 2
      vertex 28 14.9 3.8
      vertex 10.1846 14.9 3.8
    endloop
  endfacet
  facet normal 0 -1 -0
    outer loop
      vertex 28 14.9 3.8
      vertex 10.1846 14.9 2
      vertex 28 14.9 2
    endloop
  endfacet
  facet normal 0.595731 0.803184 -0
    outer loop
      vertex 9.35124 12.1528 2
      vertex 9.233 12.2405 3.8
      vertex 9.35124 12.1528 3.8
    endloop
  endfacet
  facet normal 0.595731 0.803184 0
    outer loop
      vertex 9.233 12.2405 3.8
      vertex 9.35124 12.1528 2
      vertex 9.233 12.2405 2
    endloop
  endfacet
  facet normal 0 1 -0
    outer loop
      vertex 28 11.9 2
      vertex 10.1846 11.9 3.8
      vertex 28 11.9 3.8
    endloop
  endfacet
  facet normal 0 1 0
    outer loop
      vertex 10.1846 11.9 3.8
      vertex 28 11.9 2
      vertex 10.1846 11.9 2
    endloop
  endfacet
  facet normal -0.427269 0.904125 0
    outer loop
      vertex 28.7071 12.0771 2
      vertex 28.574 12.0142 3.8
      vertex 28.7071 12.0771 3.8
    endloop
  endfacet
  facet normal -0.427269 0.904125 0
    outer loop
      vertex 28.574 12.0142 3.8
      vertex 28.7071 12.0771 2
      vertex 28.574 12.0142 2
    endloop
  endfacet
  facet normal 0.0489209 0.998803 -0
    outer loop
      vertex 10.1846 11.9 2
      vertex 10.0376 11.9072 3.8
      vertex 10.1846 11.9 3.8
    endloop
  endfacet
  facet normal 0.0489209 0.998803 0
    outer loop
      vertex 10.0376 11.9072 3.8
      vertex 10.1846 11.9 2
      vertex 10.0376 11.9072 2
    endloop
  endfacet
  facet normal 0.146706 0.98918 -0
    outer loop
      vertex 10.0376 11.9072 2
      vertex 9.89196 11.9288 3.8
      vertex 10.0376 11.9072 3.8
    endloop
  endfacet
  facet normal 0.146706 0.98918 0
    outer loop
      vertex 9.89196 11.9288 3.8
      vertex 10.0376 11.9072 2
      vertex 9.89196 11.9288 2
    endloop
  endfacet
  facet normal 0.989184 0.146679 0
    outer loop
      vertex 8.71341 13.1074 3.8
      vertex 8.69182 13.253 2
      vertex 8.69182 13.253 3.8
    endloop
  endfacet
  facet normal 0.989184 0.146679 0
    outer loop
      vertex 8.69182 13.253 2
      vertex 8.71341 13.1074 3.8
      vertex 8.71341 13.1074 2
    endloop
  endfacet
  facet normal -0.0489209 -0.998803 0
    outer loop
      vertex 28 14.9 2
      vertex 28.147 14.8928 3.8
      vertex 28 14.9 3.8
    endloop
  endfacet
  facet normal -0.0489209 -0.998803 -0
    outer loop
      vertex 28.147 14.8928 3.8
      vertex 28 14.9 2
      vertex 28.147 14.8928 2
    endloop
  endfacet
  facet normal 0.970031 -0.242983 0
    outer loop
      vertex 8.71341 13.6926 3.8
      vertex 8.74918 13.8354 2
      vertex 8.74918 13.8354 3.8
    endloop
  endfacet
  facet normal 0.970031 -0.242983 0
    outer loop
      vertex 8.74918 13.8354 2
      vertex 8.71341 13.6926 3.8
      vertex 8.71341 13.6926 2
    endloop
  endfacet
  facet normal -0.74123 0.671251 0
    outer loop
      vertex 29.0607 12.3393 2
      vertex 29.1595 12.4484 3.8
      vertex 29.1595 12.4484 2
    endloop
  endfacet
  facet normal -0.74123 0.671251 0
    outer loop
      vertex 29.1595 12.4484 3.8
      vertex 29.0607 12.3393 2
      vertex 29.0607 12.3393 3.8
    endloop
  endfacet
  facet normal 0.90402 -0.427491 0
    outer loop
      vertex 8.79877 13.974 3.8
      vertex 8.86171 14.1071 2
      vertex 8.86171 14.1071 3.8
    endloop
  endfacet
  facet normal 0.90402 -0.427491 0
    outer loop
      vertex 8.86171 14.1071 2
      vertex 8.79877 13.974 3.8
      vertex 8.79877 13.974 2
    endloop
  endfacet
  facet normal 0.243191 0.969978 -0
    outer loop
      vertex 9.89196 11.9288 2
      vertex 9.74917 11.9646 3.8
      vertex 9.89196 11.9288 3.8
    endloop
  endfacet
  facet normal 0.243191 0.969978 0
    outer loop
      vertex 9.74917 11.9646 3.8
      vertex 9.89196 11.9288 2
      vertex 9.74917 11.9646 2
    endloop
  endfacet
  facet normal 0.80312 0.595817 0
    outer loop
      vertex 9.02508 12.4484 3.8
      vertex 8.93739 12.5666 2
      vertex 8.93739 12.5666 3.8
    endloop
  endfacet
  facet normal 0.80312 0.595817 0
    outer loop
      vertex 8.93739 12.5666 2
      vertex 9.02508 12.4484 3.8
      vertex 9.02508 12.4484 2
    endloop
  endfacet
  facet normal -0.969982 -0.243175 0
    outer loop
      vertex 29.4712 13.6926 2
      vertex 29.4354 13.8354 3.8
      vertex 29.4354 13.8354 2
    endloop
  endfacet
  facet normal -0.969982 -0.243175 0
    outer loop
      vertex 29.4354 13.8354 3.8
      vertex 29.4712 13.6926 2
      vertex 29.4712 13.6926 3.8
    endloop
  endfacet
  facet normal 0.243191 -0.969978 0
    outer loop
      vertex 9.74917 14.8354 2
      vertex 9.89196 14.8712 3.8
      vertex 9.74917 14.8354 3.8
    endloop
  endfacet
  facet normal 0.243191 -0.969978 0
    outer loop
      vertex 9.89196 14.8712 3.8
      vertex 9.74917 14.8354 2
      vertex 9.89196 14.8712 2
    endloop
  endfacet
  facet normal -0.904125 -0.427269 0
    outer loop
      vertex 29.3858 13.974 2
      vertex 29.3229 14.1071 3.8
      vertex 29.3229 14.1071 2
    endloop
  endfacet
  facet normal -0.904125 -0.427269 0
    outer loop
      vertex 29.3229 14.1071 3.8
      vertex 29.3858 13.974 2
      vertex 29.3858 13.974 3.8
    endloop
  endfacet
  facet normal -0.146746 -0.989174 0
    outer loop
      vertex 28.147 14.8928 2
      vertex 28.2926 14.8712 3.8
      vertex 28.147 14.8928 3.8
    endloop
  endfacet
  facet normal -0.146746 -0.989174 -0
    outer loop
      vertex 28.2926 14.8712 3.8
      vertex 28.147 14.8928 2
      vertex 28.2926 14.8712 2
    endloop
  endfacet
  facet normal 0.595731 -0.803184 0
    outer loop
      vertex 9.233 14.5595 2
      vertex 9.35124 14.6472 3.8
      vertex 9.233 14.5595 3.8
    endloop
  endfacet
  facet normal 0.595731 -0.803184 0
    outer loop
      vertex 9.35124 14.6472 3.8
      vertex 9.233 14.5595 2
      vertex 9.35124 14.6472 2
    endloop
  endfacet
  facet normal 0.90402 0.427491 0
    outer loop
      vertex 8.86171 12.6929 3.8
      vertex 8.79877 12.826 2
      vertex 8.79877 12.826 3.8
    endloop
  endfacet
  facet normal 0.90402 0.427491 0
    outer loop
      vertex 8.79877 12.826 2
      vertex 8.86171 12.6929 3.8
      vertex 8.86171 12.6929 2
    endloop
  endfacet
  facet normal 0.514216 -0.857661 0
    outer loop
      vertex 9.35124 14.6472 2
      vertex 9.4775 14.7229 3.8
      vertex 9.35124 14.6472 3.8
    endloop
  endfacet
  facet normal 0.514216 -0.857661 0
    outer loop
      vertex 9.4775 14.7229 3.8
      vertex 9.35124 14.6472 2
      vertex 9.4775 14.7229 2
    endloop
  endfacet
  facet normal 0.427347 0.904088 -0
    outer loop
      vertex 9.61057 12.0142 2
      vertex 9.4775 12.0771 3.8
      vertex 9.61057 12.0142 3.8
    endloop
  endfacet
  facet normal 0.427347 0.904088 0
    outer loop
      vertex 9.4775 12.0771 3.8
      vertex 9.61057 12.0142 2
      vertex 9.4775 12.0771 2
    endloop
  endfacet
  facet normal -0.803088 0.595861 0
    outer loop
      vertex 29.1595 12.4484 2
      vertex 29.2472 12.5666 3.8
      vertex 29.2472 12.5666 2
    endloop
  endfacet
  facet normal -0.803088 0.595861 0
    outer loop
      vertex 29.2472 12.5666 3.8
      vertex 29.1595 12.4484 2
      vertex 29.1595 12.4484 3.8
    endloop
  endfacet
  facet normal 0.427347 -0.904088 0
    outer loop
      vertex 9.4775 14.7229 2
      vertex 9.61057 14.7858 3.8
      vertex 9.4775 14.7229 3.8
    endloop
  endfacet
  facet normal 0.427347 -0.904088 0
    outer loop
      vertex 9.61057 14.7858 3.8
      vertex 9.4775 14.7229 2
      vertex 9.61057 14.7858 2
    endloop
  endfacet
  facet normal -0.336939 -0.941527 0
    outer loop
      vertex 28.4354 14.8354 2
      vertex 28.574 14.7858 3.8
      vertex 28.4354 14.8354 3.8
    endloop
  endfacet
  facet normal -0.336939 -0.941527 -0
    outer loop
      vertex 28.574 14.7858 3.8
      vertex 28.4354 14.8354 2
      vertex 28.574 14.7858 2
    endloop
  endfacet
  facet normal 0.970031 0.242983 0
    outer loop
      vertex 8.74918 12.9646 3.8
      vertex 8.71341 13.1074 2
      vertex 8.71341 13.1074 3.8
    endloop
  endfacet
  facet normal 0.970031 0.242983 0
    outer loop
      vertex 8.71341 13.1074 2
      vertex 8.74918 12.9646 3.8
      vertex 8.74918 12.9646 2
    endloop
  endfacet
  facet normal 0.514216 0.857661 -0
    outer loop
      vertex 9.4775 12.0771 2
      vertex 9.35124 12.1528 3.8
      vertex 9.4775 12.0771 3.8
    endloop
  endfacet
  facet normal 0.514216 0.857661 0
    outer loop
      vertex 9.35124 12.1528 3.8
      vertex 9.4775 12.0771 2
      vertex 9.35124 12.1528 2
    endloop
  endfacet
  facet normal -0.803088 -0.595861 0
    outer loop
      vertex 29.2472 14.2334 2
      vertex 29.1595 14.3516 3.8
      vertex 29.1595 14.3516 2
    endloop
  endfacet
  facet normal -0.803088 -0.595861 0
    outer loop
      vertex 29.1595 14.3516 3.8
      vertex 29.2472 14.2334 2
      vertex 29.2472 14.2334 3.8
    endloop
  endfacet
  facet normal -0.998803 -0.0489209 0
    outer loop
      vertex 29.5 13.4 2
      vertex 29.4928 13.547 3.8
      vertex 29.4928 13.547 2
    endloop
  endfacet
  facet normal -0.998803 -0.0489209 0
    outer loop
      vertex 29.4928 13.547 3.8
      vertex 29.5 13.4 2
      vertex 29.5 13.4 3.8
    endloop
  endfacet
  facet normal -0.904125 0.427269 0
    outer loop
      vertex 29.3229 12.6929 2
      vertex 29.3858 12.826 3.8
      vertex 29.3858 12.826 2
    endloop
  endfacet
  facet normal -0.904125 0.427269 0
    outer loop
      vertex 29.3858 12.826 3.8
      vertex 29.3229 12.6929 2
      vertex 29.3229 12.6929 3.8
    endloop
  endfacet
  facet normal -0.941527 0.336939 0
    outer loop
      vertex 29.3858 12.826 2
      vertex 29.4354 12.9646 3.8
      vertex 29.4354 12.9646 2
    endloop
  endfacet
  facet normal -0.941527 0.336939 0
    outer loop
      vertex 29.4354 12.9646 3.8
      vertex 29.3858 12.826 2
      vertex 29.3858 12.826 3.8
    endloop
  endfacet
  facet normal -0.595861 0.803088 0
    outer loop
      vertex 28.9516 12.2405 2
      vertex 28.8334 12.1528 3.8
      vertex 28.9516 12.2405 3.8
    endloop
  endfacet
  facet normal -0.595861 0.803088 0
    outer loop
      vertex 28.8334 12.1528 3.8
      vertex 28.9516 12.2405 2
      vertex 28.8334 12.1528 2
    endloop
  endfacet
  facet normal -0.857733 -0.514096 0
    outer loop
      vertex 29.3229 14.1071 2
      vertex 29.2472 14.2334 3.8
      vertex 29.2472 14.2334 2
    endloop
  endfacet
  facet normal -0.857733 -0.514096 0
    outer loop
      vertex 29.2472 14.2334 3.8
      vertex 29.3229 14.1071 2
      vertex 29.3229 14.1071 3.8
    endloop
  endfacet
  facet normal -0.427269 -0.904125 0
    outer loop
      vertex 28.574 14.7858 2
      vertex 28.7071 14.7229 3.8
      vertex 28.574 14.7858 3.8
    endloop
  endfacet
  facet normal -0.427269 -0.904125 -0
    outer loop
      vertex 28.7071 14.7229 3.8
      vertex 28.574 14.7858 2
      vertex 28.7071 14.7229 2
    endloop
  endfacet
  facet normal -0.336939 0.941527 0
    outer loop
      vertex 28.574 12.0142 2
      vertex 28.4354 11.9646 3.8
      vertex 28.574 12.0142 3.8
    endloop
  endfacet
  facet normal -0.336939 0.941527 0
    outer loop
      vertex 28.4354 11.9646 3.8
      vertex 28.574 12.0142 2
      vertex 28.4354 11.9646 2
    endloop
  endfacet
  facet normal 0.857792 0.513996 0
    outer loop
      vertex 8.93739 12.5666 3.8
      vertex 8.86171 12.6929 2
      vertex 8.86171 12.6929 3.8
    endloop
  endfacet
  facet normal 0.857792 0.513996 0
    outer loop
      vertex 8.86171 12.6929 2
      vertex 8.93739 12.5666 3.8
      vertex 8.93739 12.5666 2
    endloop
  endfacet
  facet normal -0.146746 0.989174 0
    outer loop
      vertex 28.2926 11.9288 2
      vertex 28.147 11.9072 3.8
      vertex 28.2926 11.9288 3.8
    endloop
  endfacet
  facet normal -0.146746 0.989174 0
    outer loop
      vertex 28.147 11.9072 3.8
      vertex 28.2926 11.9288 2
      vertex 28.147 11.9072 2
    endloop
  endfacet
  facet normal -0.969982 0.243175 0
    outer loop
      vertex 29.4354 12.9646 2
      vertex 29.4712 13.1074 3.8
      vertex 29.4712 13.1074 2
    endloop
  endfacet
  facet normal -0.969982 0.243175 0
    outer loop
      vertex 29.4712 13.1074 3.8
      vertex 29.4354 12.9646 2
      vertex 29.4354 12.9646 3.8
    endloop
  endfacet
  facet normal 0.989184 -0.146679 0
    outer loop
      vertex 8.69182 13.547 3.8
      vertex 8.71341 13.6926 2
      vertex 8.71341 13.6926 3.8
    endloop
  endfacet
  facet normal 0.989184 -0.146679 0
    outer loop
      vertex 8.71341 13.6926 2
      vertex 8.69182 13.547 3.8
      vertex 8.69182 13.547 2
    endloop
  endfacet
  facet normal 0.998793 0.0491243 0
    outer loop
      vertex 8.69182 13.253 3.8
      vertex 8.68459 13.4 2
      vertex 8.68459 13.4 3.8
    endloop
  endfacet
  facet normal 0.998793 0.0491243 0
    outer loop
      vertex 8.68459 13.4 2
      vertex 8.69182 13.253 3.8
      vertex 8.69182 13.253 2
    endloop
  endfacet
  facet normal 0.998793 -0.0491243 0
    outer loop
      vertex 8.68459 13.4 3.8
      vertex 8.69182 13.547 2
      vertex 8.69182 13.547 3.8
    endloop
  endfacet
  facet normal 0.998793 -0.0491243 0
    outer loop
      vertex 8.69182 13.547 2
      vertex 8.68459 13.4 3.8
      vertex 8.68459 13.4 2
    endloop
  endfacet
  facet normal -0.243175 -0.969982 0
    outer loop
      vertex 28.2926 14.8712 2
      vertex 28.4354 14.8354 3.8
      vertex 28.2926 14.8712 3.8
    endloop
  endfacet
  facet normal -0.243175 -0.969982 -0
    outer loop
      vertex 28.4354 14.8354 3.8
      vertex 28.2926 14.8712 2
      vertex 28.4354 14.8354 2
    endloop
  endfacet
  facet normal -0.857733 0.514096 0
    outer loop
      vertex 29.2472 12.5666 2
      vertex 29.3229 12.6929 3.8
      vertex 29.3229 12.6929 2
    endloop
  endfacet
  facet normal -0.857733 0.514096 0
    outer loop
      vertex 29.3229 12.6929 3.8
      vertex 29.2472 12.5666 2
      vertex 29.2472 12.5666 3.8
    endloop
  endfacet
  facet normal 0.671353 -0.741138 0
    outer loop
      vertex 9.12393 14.4607 2
      vertex 9.233 14.5595 3.8
      vertex 9.12393 14.4607 3.8
    endloop
  endfacet
  facet normal 0.671353 -0.741138 0
    outer loop
      vertex 9.233 14.5595 3.8
      vertex 9.12393 14.4607 2
      vertex 9.233 14.5595 2
    endloop
  endfacet
  facet normal -0.989174 -0.146746 0
    outer loop
      vertex 29.4928 13.547 2
      vertex 29.4712 13.6926 3.8
      vertex 29.4712 13.6926 2
    endloop
  endfacet
  facet normal -0.989174 -0.146746 0
    outer loop
      vertex 29.4712 13.6926 3.8
      vertex 29.4928 13.547 2
      vertex 29.4928 13.547 3.8
    endloop
  endfacet
  facet normal 0.857792 -0.513996 0
    outer loop
      vertex 8.86171 14.1071 3.8
      vertex 8.93739 14.2334 2
      vertex 8.93739 14.2334 3.8
    endloop
  endfacet
  facet normal 0.857792 -0.513996 0
    outer loop
      vertex 8.93739 14.2334 2
      vertex 8.86171 14.1071 3.8
      vertex 8.86171 14.1071 2
    endloop
  endfacet
  facet normal -0.243175 0.969982 0
    outer loop
      vertex 28.4354 11.9646 2
      vertex 28.2926 11.9288 3.8
      vertex 28.4354 11.9646 3.8
    endloop
  endfacet
  facet normal -0.243175 0.969982 0
    outer loop
      vertex 28.2926 11.9288 3.8
      vertex 28.4354 11.9646 2
      vertex 28.2926 11.9288 2
    endloop
  endfacet
  facet normal 0.336939 0.941527 -0
    outer loop
      vertex 9.74917 11.9646 2
      vertex 9.61057 12.0142 3.8
      vertex 9.74917 11.9646 3.8
    endloop
  endfacet
  facet normal 0.336939 0.941527 0
    outer loop
      vertex 9.61057 12.0142 3.8
      vertex 9.74917 11.9646 2
      vertex 9.61057 12.0142 2
    endloop
  endfacet
  facet normal -0.998803 0.0489209 0
    outer loop
      vertex 29.4928 13.253 2
      vertex 29.5 13.4 3.8
      vertex 29.5 13.4 2
    endloop
  endfacet
  facet normal -0.998803 0.0489209 0
    outer loop
      vertex 29.5 13.4 3.8
      vertex 29.4928 13.253 2
      vertex 29.4928 13.253 3.8
    endloop
  endfacet
  facet normal 0.671353 0.741138 -0
    outer loop
      vertex 9.233 12.2405 2
      vertex 9.12393 12.3393 3.8
      vertex 9.233 12.2405 3.8
    endloop
  endfacet
  facet normal 0.671353 0.741138 0
    outer loop
      vertex 9.12393 12.3393 3.8
      vertex 9.233 12.2405 2
      vertex 9.12393 12.3393 2
    endloop
  endfacet
  facet normal -0.941527 -0.336939 0
    outer loop
      vertex 29.4354 13.8354 2
      vertex 29.3858 13.974 3.8
      vertex 29.3858 13.974 2
    endloop
  endfacet
  facet normal -0.941527 -0.336939 0
    outer loop
      vertex 29.3858 13.974 3.8
      vertex 29.4354 13.8354 2
      vertex 29.4354 13.8354 3.8
    endloop
  endfacet
  facet normal 0.941548 0.336879 0
    outer loop
      vertex 8.79877 12.826 3.8
      vertex 8.74918 12.9646 2
      vertex 8.74918 12.9646 3.8
    endloop
  endfacet
  facet normal 0.941548 0.336879 0
    outer loop
      vertex 8.74918 12.9646 2
      vertex 8.79877 12.826 3.8
      vertex 8.79877 12.826 2
    endloop
  endfacet
  facet normal 0.80312 -0.595817 0
    outer loop
      vertex 8.93739 14.2334 3.8
      vertex 9.02508 14.3516 2
      vertex 9.02508 14.3516 3.8
    endloop
  endfacet
  facet normal 0.80312 -0.595817 0
    outer loop
      vertex 9.02508 14.3516 2
      vertex 8.93739 14.2334 3.8
      vertex 8.93739 14.2334 2
    endloop
  endfacet
  facet normal -0.671251 -0.74123 0
    outer loop
      vertex 28.9516 14.5595 2
      vertex 29.0607 14.4607 3.8
      vertex 28.9516 14.5595 3.8
    endloop
  endfacet
  facet normal -0.671251 -0.74123 -0
    outer loop
      vertex 29.0607 14.4607 3.8
      vertex 28.9516 14.5595 2
      vertex 29.0607 14.4607 2
    endloop
  endfacet
  facet normal -0.514096 0.857733 0
    outer loop
      vertex 28.8334 12.1528 2
      vertex 28.7071 12.0771 3.8
      vertex 28.8334 12.1528 3.8
    endloop
  endfacet
  facet normal -0.514096 0.857733 0
    outer loop
      vertex 28.7071 12.0771 3.8
      vertex 28.8334 12.1528 2
      vertex 28.7071 12.0771 2
    endloop
  endfacet
  facet normal -0.74123 -0.671251 0
    outer loop
      vertex 29.1595 14.3516 2
      vertex 29.0607 14.4607 3.8
      vertex 29.0607 14.4607 2
    endloop
  endfacet
  facet normal -0.74123 -0.671251 0
    outer loop
      vertex 29.0607 14.4607 3.8
      vertex 29.1595 14.3516 2
      vertex 29.1595 14.3516 3.8
    endloop
  endfacet
  facet normal 0.941548 -0.336879 0
    outer loop
      vertex 8.74918 13.8354 3.8
      vertex 8.79877 13.974 2
      vertex 8.79877 13.974 3.8
    endloop
  endfacet
  facet normal 0.941548 -0.336879 0
    outer loop
      vertex 8.79877 13.974 2
      vertex 8.74918 13.8354 3.8
      vertex 8.74918 13.8354 2
    endloop
  endfacet
  facet normal -0.595861 -0.803088 0
    outer loop
      vertex 28.8334 14.6472 2
      vertex 28.9516 14.5595 3.8
      vertex 28.8334 14.6472 3.8
    endloop
  endfacet
  facet normal -0.595861 -0.803088 -0
    outer loop
      vertex 28.9516 14.5595 3.8
      vertex 28.8334 14.6472 2
      vertex 28.9516 14.5595 2
    endloop
  endfacet
  facet normal -0.989174 0.146746 0
    outer loop
      vertex 29.4712 13.1074 2
      vertex 29.4928 13.253 3.8
      vertex 29.4928 13.253 2
    endloop
  endfacet
  facet normal -0.989174 0.146746 0
    outer loop
      vertex 29.4928 13.253 3.8
      vertex 29.4712 13.1074 2
      vertex 29.4712 13.1074 3.8
    endloop
  endfacet
  facet normal 0.0489209 -0.998803 0
    outer loop
      vertex 10.0376 14.8928 2
      vertex 10.1846 14.9 3.8
      vertex 10.0376 14.8928 3.8
    endloop
  endfacet
  facet normal 0.0489209 -0.998803 0
    outer loop
      vertex 10.1846 14.9 3.8
      vertex 10.0376 14.8928 2
      vertex 10.1846 14.9 2
    endloop
  endfacet
  facet normal 0.146706 -0.98918 0
    outer loop
      vertex 9.89196 14.8712 2
      vertex 10.0376 14.8928 3.8
      vertex 9.89196 14.8712 3.8
    endloop
  endfacet
  facet normal 0.146706 -0.98918 0
    outer loop
      vertex 10.0376 14.8928 3.8
      vertex 9.89196 14.8712 2
      vertex 10.0376 14.8928 2
    endloop
  endfacet
  facet normal -0.0489209 0.998803 0
    outer loop
      vertex 28.147 11.9072 2
      vertex 28 11.9 3.8
      vertex 28.147 11.9072 3.8
    endloop
  endfacet
  facet normal -0.0489209 0.998803 0
    outer loop
      vertex 28 11.9 3.8
      vertex 28.147 11.9072 2
      vertex 28 11.9 2
    endloop
  endfacet
  facet normal -0.514096 -0.857733 0
    outer loop
      vertex 28.7071 14.7229 2
      vertex 28.8334 14.6472 3.8
      vertex 28.7071 14.7229 3.8
    endloop
  endfacet
  facet normal -0.514096 -0.857733 -0
    outer loop
      vertex 28.8334 14.6472 3.8
      vertex 28.7071 14.7229 2
      vertex 28.8334 14.6472 2
    endloop
  endfacet
  facet normal -0.941519 0.33696 0
    outer loop
      vertex 29.3858 6.82598 2
      vertex 29.4354 6.96457 3.8
      vertex 29.4354 6.96457 2
    endloop
  endfacet
  facet normal -0.941519 0.33696 0
    outer loop
      vertex 29.4354 6.96457 3.8
      vertex 29.3858 6.82598 2
      vertex 29.3858 6.82598 3.8
    endloop
  endfacet
  facet normal 0 -1 0
    outer loop
      vertex 10.1846 8.9 2
      vertex 28 8.9 3.8
      vertex 10.1846 8.9 3.8
    endloop
  endfacet
  facet normal 0 -1 -0
    outer loop
      vertex 28 8.9 3.8
      vertex 10.1846 8.9 2
      vertex 28 8.9 2
    endloop
  endfacet
  facet normal 0.903983 0.427569 0
    outer loop
      vertex 8.86171 6.69291 3.8
      vertex 8.79877 6.82598 2
      vertex 8.79877 6.82598 3.8
    endloop
  endfacet
  facet normal 0.903983 0.427569 0
    outer loop
      vertex 8.79877 6.82598 2
      vertex 8.86171 6.69291 3.8
      vertex 8.86171 6.69291 2
    endloop
  endfacet
  facet normal -0.146746 -0.989174 0
    outer loop
      vertex 28.147 8.89278 2
      vertex 28.2926 8.87118 3.8
      vertex 28.147 8.89278 3.8
    endloop
  endfacet
  facet normal -0.146746 -0.989174 -0
    outer loop
      vertex 28.2926 8.87118 3.8
      vertex 28.147 8.89278 2
      vertex 28.2926 8.87118 2
    endloop
  endfacet
  facet normal 0.595687 -0.803217 0
    outer loop
      vertex 9.233 8.55952 2
      vertex 9.35124 8.64721 3.8
      vertex 9.233 8.55952 3.8
    endloop
  endfacet
  facet normal 0.595687 -0.803217 0
    outer loop
      vertex 9.35124 8.64721 3.8
      vertex 9.233 8.55952 2
      vertex 9.35124 8.64721 2
    endloop
  endfacet
  facet normal 0.0490565 0.998796 -0
    outer loop
      vertex 10.1846 5.9 2
      vertex 10.0376 5.90722 3.8
      vertex 10.1846 5.9 3.8
    endloop
  endfacet
  facet normal 0.0490565 0.998796 0
    outer loop
      vertex 10.0376 5.90722 3.8
      vertex 10.1846 5.9 2
      vertex 10.0376 5.90722 2
    endloop
  endfacet
  facet normal -0.998803 -0.048911 0
    outer loop
      vertex 29.5 7.4 2
      vertex 29.4928 7.54703 3.8
      vertex 29.4928 7.54703 2
    endloop
  endfacet
  facet normal -0.998803 -0.048911 0
    outer loop
      vertex 29.4928 7.54703 3.8
      vertex 29.5 7.4 2
      vertex 29.5 7.4 3.8
    endloop
  endfacet
  facet normal 0.857721 -0.514116 0
    outer loop
      vertex 8.86171 8.1071 3.8
      vertex 8.93739 8.23336 2
      vertex 8.93739 8.23336 3.8
    endloop
  endfacet
  facet normal 0.857721 -0.514116 0
    outer loop
      vertex 8.93739 8.23336 2
      vertex 8.86171 8.1071 3.8
      vertex 8.86171 8.1071 2
    endloop
  endfacet
  facet normal 0.989186 -0.146669 0
    outer loop
      vertex 8.69182 7.54703 3.8
      vertex 8.71341 7.69264 2
      vertex 8.71341 7.69264 3.8
    endloop
  endfacet
  facet normal 0.989186 -0.146669 0
    outer loop
      vertex 8.71341 7.69264 2
      vertex 8.69182 7.54703 3.8
      vertex 8.69182 7.54703 2
    endloop
  endfacet
  facet normal -0.998803 0.048911 0
    outer loop
      vertex 29.4928 7.25297 2
      vertex 29.5 7.4 3.8
      vertex 29.5 7.4 2
    endloop
  endfacet
  facet normal -0.998803 0.048911 0
    outer loop
      vertex 29.5 7.4 3.8
      vertex 29.4928 7.25297 2
      vertex 29.4928 7.25297 3.8
    endloop
  endfacet
  facet normal 0.941548 -0.336879 0
    outer loop
      vertex 8.74918 7.83543 3.8
      vertex 8.79877 7.97403 2
      vertex 8.79877 7.97403 3.8
    endloop
  endfacet
  facet normal 0.941548 -0.336879 0
    outer loop
      vertex 8.79877 7.97403 2
      vertex 8.74918 7.83543 3.8
      vertex 8.74918 7.83543 2
    endloop
  endfacet
  facet normal 0 1 -0
    outer loop
      vertex 28 5.9 2
      vertex 10.1846 5.9 3.8
      vertex 28 5.9 3.8
    endloop
  endfacet
  facet normal 0 1 0
    outer loop
      vertex 10.1846 5.9 3.8
      vertex 28 5.9 2
      vertex 10.1846 5.9 2
    endloop
  endfacet
  facet normal 0.671577 -0.740935 0
    outer loop
      vertex 9.12393 8.46066 2
      vertex 9.233 8.55952 3.8
      vertex 9.12393 8.46066 3.8
    endloop
  endfacet
  facet normal 0.671577 -0.740935 0
    outer loop
      vertex 9.233 8.55952 3.8
      vertex 9.12393 8.46066 2
      vertex 9.233 8.55952 2
    endloop
  endfacet
  facet normal -0.0490565 -0.998796 0
    outer loop
      vertex 28 8.9 2
      vertex 28.147 8.89278 3.8
      vertex 28 8.9 3.8
    endloop
  endfacet
  facet normal -0.0490565 -0.998796 -0
    outer loop
      vertex 28.147 8.89278 3.8
      vertex 28 8.9 2
      vertex 28.147 8.89278 2
    endloop
  endfacet
  facet normal -0.242983 -0.970031 0
    outer loop
      vertex 28.2926 8.87118 2
      vertex 28.4354 8.83541 3.8
      vertex 28.2926 8.87118 3.8
    endloop
  endfacet
  facet normal -0.242983 -0.970031 -0
    outer loop
      vertex 28.4354 8.83541 3.8
      vertex 28.2926 8.87118 2
      vertex 28.4354 8.83541 2
    endloop
  endfacet
  facet normal -0.671475 -0.741027 0
    outer loop
      vertex 28.9516 8.55952 2
      vertex 29.0607 8.46066 3.8
      vertex 28.9516 8.55952 3.8
    endloop
  endfacet
  facet normal -0.671475 -0.741027 -0
    outer loop
      vertex 29.0607 8.46066 3.8
      vertex 28.9516 8.55952 2
      vertex 29.0607 8.46066 2
    endloop
  endfacet
  facet normal -0.857661 -0.514216 0
    outer loop
      vertex 29.3229 8.1071 2
      vertex 29.2472 8.23336 3.8
      vertex 29.2472 8.23336 2
    endloop
  endfacet
  facet normal -0.857661 -0.514216 0
    outer loop
      vertex 29.2472 8.23336 3.8
      vertex 29.3229 8.1071 2
      vertex 29.3229 8.1071 3.8
    endloop
  endfacet
  facet normal 0.336879 -0.941548 0
    outer loop
      vertex 9.61057 8.78582 2
      vertex 9.74917 8.83541 3.8
      vertex 9.61057 8.78582 3.8
    endloop
  endfacet
  facet normal 0.336879 -0.941548 0
    outer loop
      vertex 9.74917 8.83541 3.8
      vertex 9.61057 8.78582 2
      vertex 9.74917 8.83541 2
    endloop
  endfacet
  facet normal -0.904088 0.427347 0
    outer loop
      vertex 29.3229 6.69291 2
      vertex 29.3858 6.82598 3.8
      vertex 29.3858 6.82598 2
    endloop
  endfacet
  facet normal -0.904088 0.427347 0
    outer loop
      vertex 29.3858 6.82598 3.8
      vertex 29.3229 6.69291 2
      vertex 29.3229 6.69291 3.8
    endloop
  endfacet
  facet normal 0.146706 -0.98918 0
    outer loop
      vertex 9.89196 8.87118 2
      vertex 10.0376 8.89278 3.8
      vertex 9.89196 8.87118 3.8
    endloop
  endfacet
  facet normal 0.146706 -0.98918 0
    outer loop
      vertex 10.0376 8.89278 3.8
      vertex 9.89196 8.87118 2
      vertex 10.0376 8.89278 2
    endloop
  endfacet
  facet normal 0.0490565 -0.998796 0
    outer loop
      vertex 10.0376 8.89278 2
      vertex 10.1846 8.9 3.8
      vertex 10.0376 8.89278 3.8
    endloop
  endfacet
  facet normal 0.0490565 -0.998796 0
    outer loop
      vertex 10.1846 8.9 3.8
      vertex 10.0376 8.89278 2
      vertex 10.1846 8.9 2
    endloop
  endfacet
  facet normal 0.146706 0.98918 -0
    outer loop
      vertex 10.0376 5.90722 2
      vertex 9.89196 5.92882 3.8
      vertex 10.0376 5.90722 3.8
    endloop
  endfacet
  facet normal 0.146706 0.98918 0
    outer loop
      vertex 9.89196 5.92882 3.8
      vertex 10.0376 5.90722 2
      vertex 9.89196 5.92882 2
    endloop
  endfacet
  facet normal -0.969978 0.243191 0
    outer loop
      vertex 29.4354 6.96457 2
      vertex 29.4712 7.10736 3.8
      vertex 29.4712 7.10736 2
    endloop
  endfacet
  facet normal -0.969978 0.243191 0
    outer loop
      vertex 29.4712 7.10736 3.8
      vertex 29.4354 6.96457 2
      vertex 29.4354 6.96457 3.8
    endloop
  endfacet
  facet normal -0.969978 -0.243191 0
    outer loop
      vertex 29.4712 7.69264 2
      vertex 29.4354 7.83543 3.8
      vertex 29.4354 7.83543 2
    endloop
  endfacet
  facet normal -0.969978 -0.243191 0
    outer loop
      vertex 29.4354 7.83543 3.8
      vertex 29.4712 7.69264 2
      vertex 29.4712 7.69264 3.8
    endloop
  endfacet
  facet normal 0.336879 0.941548 -0
    outer loop
      vertex 9.74917 5.96459 2
      vertex 9.61057 6.01418 3.8
      vertex 9.74917 5.96459 3.8
    endloop
  endfacet
  facet normal 0.336879 0.941548 0
    outer loop
      vertex 9.61057 6.01418 3.8
      vertex 9.74917 5.96459 2
      vertex 9.61057 6.01418 2
    endloop
  endfacet
  facet normal -0.146746 0.989174 0
    outer loop
      vertex 28.2926 5.92882 2
      vertex 28.147 5.90722 3.8
      vertex 28.2926 5.92882 3.8
    endloop
  endfacet
  facet normal -0.146746 0.989174 0
    outer loop
      vertex 28.147 5.90722 3.8
      vertex 28.2926 5.92882 2
      vertex 28.147 5.90722 2
    endloop
  endfacet
  facet normal -0.904088 -0.427347 0
    outer loop
      vertex 29.3858 7.97403 2
      vertex 29.3229 8.1071 3.8
      vertex 29.3229 8.1071 2
    endloop
  endfacet
  facet normal -0.904088 -0.427347 0
    outer loop
      vertex 29.3229 8.1071 3.8
      vertex 29.3858 7.97403 2
      vertex 29.3858 7.97403 3.8
    endloop
  endfacet
  facet normal 0.595687 0.803217 -0
    outer loop
      vertex 9.35124 6.1528 2
      vertex 9.233 6.24049 3.8
      vertex 9.35124 6.1528 3.8
    endloop
  endfacet
  facet normal 0.595687 0.803217 0
    outer loop
      vertex 9.233 6.24049 3.8
      vertex 9.35124 6.1528 2
      vertex 9.233 6.24049 2
    endloop
  endfacet
  facet normal 0.427569 -0.903983 0
    outer loop
      vertex 9.4775 8.72288 2
      vertex 9.61057 8.78582 3.8
      vertex 9.4775 8.72288 3.8
    endloop
  endfacet
  facet normal 0.427569 -0.903983 0
    outer loop
      vertex 9.61057 8.78582 3.8
      vertex 9.4775 8.72288 2
      vertex 9.61057 8.78582 2
    endloop
  endfacet
  facet normal 0.998793 0.0491143 0
    outer loop
      vertex 8.69182 7.25297 3.8
      vertex 8.68459 7.4 2
      vertex 8.68459 7.4 3.8
    endloop
  endfacet
  facet normal 0.998793 0.0491143 0
    outer loop
      vertex 8.68459 7.4 2
      vertex 8.69182 7.25297 3.8
      vertex 8.69182 7.25297 2
    endloop
  endfacet
  facet normal -0.857679 0.514186 0
    outer loop
      vertex 29.2472 6.56664 2
      vertex 29.3229 6.69291 3.8
      vertex 29.3229 6.69291 2
    endloop
  endfacet
  facet normal -0.857679 0.514186 0
    outer loop
      vertex 29.3229 6.69291 3.8
      vertex 29.2472 6.56664 2
      vertex 29.2472 6.56664 3.8
    endloop
  endfacet
  facet normal -0.513996 0.857792 0
    outer loop
      vertex 28.8334 6.1528 2
      vertex 28.7071 6.07712 3.8
      vertex 28.8334 6.1528 3.8
    endloop
  endfacet
  facet normal -0.513996 0.857792 0
    outer loop
      vertex 28.7071 6.07712 3.8
      vertex 28.8334 6.1528 2
      vertex 28.7071 6.07712 2
    endloop
  endfacet
  facet normal -0.989176 0.146736 0
    outer loop
      vertex 29.4712 7.10736 2
      vertex 29.4928 7.25297 3.8
      vertex 29.4928 7.25297 2
    endloop
  endfacet
  facet normal -0.989176 0.146736 0
    outer loop
      vertex 29.4928 7.25297 3.8
      vertex 29.4712 7.10736 2
      vertex 29.4712 7.10736 3.8
    endloop
  endfacet
  facet normal -0.513946 -0.857822 0
    outer loop
      vertex 28.7071 8.72288 2
      vertex 28.8334 8.64721 3.8
      vertex 28.7071 8.72288 3.8
    endloop
  endfacet
  facet normal -0.513946 -0.857822 -0
    outer loop
      vertex 28.8334 8.64721 3.8
      vertex 28.7071 8.72288 2
      vertex 28.8334 8.64721 2
    endloop
  endfacet
  facet normal -0.80316 0.595764 0
    outer loop
      vertex 29.1595 6.44841 2
      vertex 29.2472 6.56664 3.8
      vertex 29.2472 6.56664 2
    endloop
  endfacet
  facet normal -0.80316 0.595764 0
    outer loop
      vertex 29.2472 6.56664 3.8
      vertex 29.1595 6.44841 2
      vertex 29.1595 6.44841 3.8
    endloop
  endfacet
  facet normal -0.0490565 0.998796 0
    outer loop
      vertex 28.147 5.90722 2
      vertex 28 5.9 3.8
      vertex 28.147 5.90722 3.8
    endloop
  endfacet
  facet normal -0.0490565 0.998796 0
    outer loop
      vertex 28 5.9 3.8
      vertex 28.147 5.90722 2
      vertex 28 5.9 2
    endloop
  endfacet
  facet normal -0.671438 0.741061 0
    outer loop
      vertex 29.0607 6.33934 2
      vertex 28.9516 6.24049 3.8
      vertex 29.0607 6.33934 3.8
    endloop
  endfacet
  facet normal -0.671438 0.741061 0
    outer loop
      vertex 28.9516 6.24049 3.8
      vertex 29.0607 6.33934 2
      vertex 28.9516 6.24049 2
    endloop
  endfacet
  facet normal -0.595817 0.80312 0
    outer loop
      vertex 28.9516 6.24049 2
      vertex 28.8334 6.1528 3.8
      vertex 28.9516 6.24049 3.8
    endloop
  endfacet
  facet normal -0.595817 0.80312 0
    outer loop
      vertex 28.8334 6.1528 3.8
      vertex 28.9516 6.24049 2
      vertex 28.8334 6.1528 2
    endloop
  endfacet
  facet normal 0.427569 0.903983 -0
    outer loop
      vertex 9.61057 6.01418 2
      vertex 9.4775 6.07712 3.8
      vertex 9.61057 6.01418 3.8
    endloop
  endfacet
  facet normal 0.427569 0.903983 0
    outer loop
      vertex 9.4775 6.07712 3.8
      vertex 9.61057 6.01418 2
      vertex 9.4775 6.07712 2
    endloop
  endfacet
  facet normal -0.427491 0.90402 0
    outer loop
      vertex 28.7071 6.07712 2
      vertex 28.574 6.01418 3.8
      vertex 28.7071 6.07712 3.8
    endloop
  endfacet
  facet normal -0.427491 0.90402 0
    outer loop
      vertex 28.574 6.01418 3.8
      vertex 28.7071 6.07712 2
      vertex 28.574 6.01418 2
    endloop
  endfacet
  facet normal -0.741138 0.671353 0
    outer loop
      vertex 29.0607 6.33934 2
      vertex 29.1595 6.44841 3.8
      vertex 29.1595 6.44841 2
    endloop
  endfacet
  facet normal -0.741138 0.671353 0
    outer loop
      vertex 29.1595 6.44841 3.8
      vertex 29.0607 6.33934 2
      vertex 29.0607 6.33934 3.8
    endloop
  endfacet
  facet normal -0.989176 -0.146736 0
    outer loop
      vertex 29.4928 7.54703 2
      vertex 29.4712 7.69264 3.8
      vertex 29.4712 7.69264 2
    endloop
  endfacet
  facet normal -0.989176 -0.146736 0
    outer loop
      vertex 29.4712 7.69264 3.8
      vertex 29.4928 7.54703 2
      vertex 29.4928 7.54703 3.8
    endloop
  endfacet
  facet normal 0.242999 -0.970027 0
    outer loop
      vertex 9.74917 8.83541 2
      vertex 9.89196 8.87118 3.8
      vertex 9.74917 8.83541 3.8
    endloop
  endfacet
  facet normal 0.242999 -0.970027 0
    outer loop
      vertex 9.89196 8.87118 3.8
      vertex 9.74917 8.83541 2
      vertex 9.89196 8.87118 2
    endloop
  endfacet
  facet normal -0.595817 -0.80312 0
    outer loop
      vertex 28.8334 8.64721 2
      vertex 28.9516 8.55952 3.8
      vertex 28.8334 8.64721 3.8
    endloop
  endfacet
  facet normal -0.595817 -0.80312 -0
    outer loop
      vertex 28.9516 8.55952 3.8
      vertex 28.8334 8.64721 2
      vertex 28.9516 8.55952 2
    endloop
  endfacet
  facet normal -0.336879 -0.941548 0
    outer loop
      vertex 28.4354 8.83541 2
      vertex 28.574 8.78582 3.8
      vertex 28.4354 8.83541 3.8
    endloop
  endfacet
  facet normal -0.336879 -0.941548 -0
    outer loop
      vertex 28.574 8.78582 3.8
      vertex 28.4354 8.83541 2
      vertex 28.574 8.78582 2
    endloop
  endfacet
  facet normal 0.970027 -0.242999 0
    outer loop
      vertex 8.71341 7.69264 3.8
      vertex 8.74918 7.83543 2
      vertex 8.74918 7.83543 3.8
    endloop
  endfacet
  facet normal 0.970027 -0.242999 0
    outer loop
      vertex 8.74918 7.83543 2
      vertex 8.71341 7.69264 3.8
      vertex 8.71341 7.69264 2
    endloop
  endfacet
  facet normal -0.941527 -0.336939 0
    outer loop
      vertex 29.4354 7.83543 2
      vertex 29.3858 7.97403 3.8
      vertex 29.3858 7.97403 2
    endloop
  endfacet
  facet normal -0.941527 -0.336939 0
    outer loop
      vertex 29.3858 7.97403 3.8
      vertex 29.4354 7.83543 2
      vertex 29.4354 7.83543 3.8
    endloop
  endfacet
  facet normal -0.80316 -0.595764 0
    outer loop
      vertex 29.2472 8.23336 2
      vertex 29.1595 8.35159 3.8
      vertex 29.1595 8.35159 2
    endloop
  endfacet
  facet normal -0.80316 -0.595764 0
    outer loop
      vertex 29.1595 8.35159 3.8
      vertex 29.2472 8.23336 2
      vertex 29.2472 8.23336 3.8
    endloop
  endfacet
  facet normal 0.242999 0.970027 -0
    outer loop
      vertex 9.89196 5.92882 2
      vertex 9.74917 5.96459 3.8
      vertex 9.89196 5.92882 3.8
    endloop
  endfacet
  facet normal 0.242999 0.970027 0
    outer loop
      vertex 9.74917 5.96459 3.8
      vertex 9.89196 5.92882 2
      vertex 9.74917 5.96459 2
    endloop
  endfacet
  facet normal 0.671539 0.740969 -0
    outer loop
      vertex 9.233 6.24049 2
      vertex 9.12393 6.33934 3.8
      vertex 9.233 6.24049 3.8
    endloop
  endfacet
  facet normal 0.671539 0.740969 0
    outer loop
      vertex 9.12393 6.33934 3.8
      vertex 9.233 6.24049 2
      vertex 9.12393 6.33934 2
    endloop
  endfacet
  facet normal 0.514066 -0.857751 0
    outer loop
      vertex 9.35124 8.64721 2
      vertex 9.4775 8.72288 3.8
      vertex 9.35124 8.64721 3.8
    endloop
  endfacet
  facet normal 0.514066 -0.857751 0
    outer loop
      vertex 9.4775 8.72288 3.8
      vertex 9.35124 8.64721 2
      vertex 9.4775 8.72288 2
    endloop
  endfacet
  facet normal -0.336879 0.941548 0
    outer loop
      vertex 28.574 6.01418 2
      vertex 28.4354 5.96459 3.8
      vertex 28.574 6.01418 3.8
    endloop
  endfacet
  facet normal -0.336879 0.941548 0
    outer loop
      vertex 28.4354 5.96459 3.8
      vertex 28.574 6.01418 2
      vertex 28.4354 5.96459 2
    endloop
  endfacet
  facet normal 0.998793 -0.0491143 0
    outer loop
      vertex 8.68459 7.4 3.8
      vertex 8.69182 7.54703 2
      vertex 8.69182 7.54703 3.8
    endloop
  endfacet
  facet normal 0.998793 -0.0491143 0
    outer loop
      vertex 8.69182 7.54703 2
      vertex 8.68459 7.4 3.8
      vertex 8.68459 7.4 2
    endloop
  endfacet
  facet normal 0.989186 0.146669 0
    outer loop
      vertex 8.71341 7.10736 3.8
      vertex 8.69182 7.25297 2
      vertex 8.69182 7.25297 3.8
    endloop
  endfacet
  facet normal 0.989186 0.146669 0
    outer loop
      vertex 8.69182 7.25297 2
      vertex 8.71341 7.10736 3.8
      vertex 8.71341 7.10736 2
    endloop
  endfacet
  facet normal 0.903983 -0.427569 0
    outer loop
      vertex 8.79877 7.97403 3.8
      vertex 8.86171 8.1071 2
      vertex 8.86171 8.1071 3.8
    endloop
  endfacet
  facet normal 0.903983 -0.427569 0
    outer loop
      vertex 8.86171 8.1071 2
      vertex 8.79877 7.97403 3.8
      vertex 8.79877 7.97403 2
    endloop
  endfacet
  facet normal 0.803192 -0.59572 0
    outer loop
      vertex 8.93739 8.23336 3.8
      vertex 9.02508 8.35159 2
      vertex 9.02508 8.35159 3.8
    endloop
  endfacet
  facet normal 0.803192 -0.59572 0
    outer loop
      vertex 9.02508 8.35159 2
      vertex 8.93739 8.23336 3.8
      vertex 8.93739 8.23336 2
    endloop
  endfacet
  facet normal -0.741138 -0.671353 0
    outer loop
      vertex 29.1595 8.35159 2
      vertex 29.0607 8.46066 3.8
      vertex 29.0607 8.46066 2
    endloop
  endfacet
  facet normal -0.741138 -0.671353 0
    outer loop
      vertex 29.0607 8.46066 3.8
      vertex 29.1595 8.35159 2
      vertex 29.1595 8.35159 3.8
    endloop
  endfacet
  facet normal 0.857739 0.514086 0
    outer loop
      vertex 8.93739 6.56664 3.8
      vertex 8.86171 6.69291 2
      vertex 8.86171 6.69291 3.8
    endloop
  endfacet
  facet normal 0.857739 0.514086 0
    outer loop
      vertex 8.86171 6.69291 2
      vertex 8.93739 6.56664 3.8
      vertex 8.93739 6.56664 2
    endloop
  endfacet
  facet normal 0.970027 0.242999 0
    outer loop
      vertex 8.74918 6.96457 3.8
      vertex 8.71341 7.10736 2
      vertex 8.71341 7.10736 3.8
    endloop
  endfacet
  facet normal 0.970027 0.242999 0
    outer loop
      vertex 8.71341 7.10736 2
      vertex 8.74918 6.96457 3.8
      vertex 8.74918 6.96457 2
    endloop
  endfacet
  facet normal 0.740969 0.671539 0
    outer loop
      vertex 9.12393 6.33934 3.8
      vertex 9.02508 6.44841 2
      vertex 9.02508 6.44841 3.8
    endloop
  endfacet
  facet normal 0.740969 0.671539 0
    outer loop
      vertex 9.02508 6.44841 2
      vertex 9.12393 6.33934 3.8
      vertex 9.12393 6.33934 2
    endloop
  endfacet
  facet normal 0.514116 0.857721 -0
    outer loop
      vertex 9.4775 6.07712 2
      vertex 9.35124 6.1528 3.8
      vertex 9.4775 6.07712 3.8
    endloop
  endfacet
  facet normal 0.514116 0.857721 0
    outer loop
      vertex 9.35124 6.1528 3.8
      vertex 9.4775 6.07712 2
      vertex 9.35124 6.1528 2
    endloop
  endfacet
  facet normal -0.242983 0.970031 0
    outer loop
      vertex 28.4354 5.96459 2
      vertex 28.2926 5.92882 3.8
      vertex 28.4354 5.96459 3.8
    endloop
  endfacet
  facet normal -0.242983 0.970031 0
    outer loop
      vertex 28.2926 5.92882 3.8
      vertex 28.4354 5.96459 2
      vertex 28.2926 5.92882 2
    endloop
  endfacet
  facet normal 0.94154 0.3369 0
    outer loop
      vertex 8.79877 6.82598 3.8
      vertex 8.74918 6.96457 2
      vertex 8.74918 6.96457 3.8
    endloop
  endfacet
  facet normal 0.94154 0.3369 0
    outer loop
      vertex 8.74918 6.96457 2
      vertex 8.79877 6.82598 3.8
      vertex 8.79877 6.82598 2
    endloop
  endfacet
  facet normal 0.740969 -0.671539 0
    outer loop
      vertex 9.02508 8.35159 3.8
      vertex 9.12393 8.46066 2
      vertex 9.12393 8.46066 3.8
    endloop
  endfacet
  facet normal 0.740969 -0.671539 0
    outer loop
      vertex 9.12393 8.46066 2
      vertex 9.02508 8.35159 3.8
      vertex 9.02508 8.35159 2
    endloop
  endfacet
  facet normal -0.427491 -0.90402 0
    outer loop
      vertex 28.574 8.78582 2
      vertex 28.7071 8.72288 3.8
      vertex 28.574 8.78582 3.8
    endloop
  endfacet
  facet normal -0.427491 -0.90402 -0
    outer loop
      vertex 28.7071 8.72288 3.8
      vertex 28.574 8.78582 2
      vertex 28.7071 8.72288 2
    endloop
  endfacet
  facet normal 0.803192 0.59572 0
    outer loop
      vertex 9.02508 6.44841 3.8
      vertex 8.93739 6.56664 2
      vertex 8.93739 6.56664 3.8
    endloop
  endfacet
  facet normal 0.803192 0.59572 0
    outer loop
      vertex 8.93739 6.56664 2
      vertex 9.02508 6.44841 3.8
      vertex 9.02508 6.44841 2
    endloop
  endfacet
  facet normal 0.671251 0.74123 -0
    outer loop
      vertex 36.0484 24.2405 2
      vertex 35.9393 24.3393 3.8
      vertex 36.0484 24.2405 3.8
    endloop
  endfacet
  facet normal 0.671251 0.74123 0
    outer loop
      vertex 35.9393 24.3393 3.8
      vertex 36.0484 24.2405 2
      vertex 35.9393 24.3393 2
    endloop
  endfacet
  facet normal 0.0489209 -0.998803 0
    outer loop
      vertex 36.853 26.8928 2
      vertex 37 26.9 3.8
      vertex 36.853 26.8928 3.8
    endloop
  endfacet
  facet normal 0.0489209 -0.998803 0
    outer loop
      vertex 37 26.9 3.8
      vertex 36.853 26.8928 2
      vertex 37 26.9 2
    endloop
  endfacet
  facet normal -0.0489209 -0.998803 0
    outer loop
      vertex 54.8154 26.9 2
      vertex 54.9624 26.8928 3.8
      vertex 54.8154 26.9 3.8
    endloop
  endfacet
  facet normal -0.0489209 -0.998803 -0
    outer loop
      vertex 54.9624 26.8928 3.8
      vertex 54.8154 26.9 2
      vertex 54.9624 26.8928 2
    endloop
  endfacet
  facet normal 0.989174 -0.146746 0
    outer loop
      vertex 35.5072 25.547 3.8
      vertex 35.5288 25.6926 2
      vertex 35.5288 25.6926 3.8
    endloop
  endfacet
  facet normal 0.989174 -0.146746 0
    outer loop
      vertex 35.5288 25.6926 2
      vertex 35.5072 25.547 3.8
      vertex 35.5072 25.547 2
    endloop
  endfacet
  facet normal 0.74123 -0.671251 0
    outer loop
      vertex 35.8405 26.3516 3.8
      vertex 35.9393 26.4607 2
      vertex 35.9393 26.4607 3.8
    endloop
  endfacet
  facet normal 0.74123 -0.671251 0
    outer loop
      vertex 35.9393 26.4607 2
      vertex 35.8405 26.3516 3.8
      vertex 35.8405 26.3516 2
    endloop
  endfacet
  facet normal -0.857733 -0.514096 0
    outer loop
      vertex 56.1383 26.1071 2
      vertex 56.0626 26.2334 3.8
      vertex 56.0626 26.2334 2
    endloop
  endfacet
  facet normal -0.857733 -0.514096 0
    outer loop
      vertex 56.0626 26.2334 3.8
      vertex 56.1383 26.1071 2
      vertex 56.1383 26.1071 3.8
    endloop
  endfacet
  facet normal 0.941527 0.336939 0
    outer loop
      vertex 35.6142 24.826 3.8
      vertex 35.5646 24.9646 2
      vertex 35.5646 24.9646 3.8
    endloop
  endfacet
  facet normal 0.941527 0.336939 0
    outer loop
      vertex 35.5646 24.9646 2
      vertex 35.6142 24.826 3.8
      vertex 35.6142 24.826 2
    endloop
  endfacet
  facet normal 0.803088 0.595861 0
    outer loop
      vertex 35.8405 24.4484 3.8
      vertex 35.7528 24.5666 2
      vertex 35.7528 24.5666 3.8
    endloop
  endfacet
  facet normal 0.803088 0.595861 0
    outer loop
      vertex 35.7528 24.5666 2
      vertex 35.8405 24.4484 3.8
      vertex 35.8405 24.4484 2
    endloop
  endfacet
  facet normal 0 -1 0
    outer loop
      vertex 37 26.9 2
      vertex 54.8154 26.9 3.8
      vertex 37 26.9 3.8
    endloop
  endfacet
  facet normal 0 -1 -0
    outer loop
      vertex 54.8154 26.9 3.8
      vertex 37 26.9 2
      vertex 54.8154 26.9 2
    endloop
  endfacet
  facet normal 0 1 -0
    outer loop
      vertex 54.8154 23.9 2
      vertex 37 23.9 3.8
      vertex 54.8154 23.9 3.8
    endloop
  endfacet
  facet normal 0 1 0
    outer loop
      vertex 37 23.9 3.8
      vertex 54.8154 23.9 2
      vertex 37 23.9 2
    endloop
  endfacet
  facet normal -0.998803 0.0489209 0
    outer loop
      vertex 56.3082 25.253 2
      vertex 56.3154 25.4 3.8
      vertex 56.3154 25.4 2
    endloop
  endfacet
  facet normal -0.998803 0.0489209 0
    outer loop
      vertex 56.3154 25.4 3.8
      vertex 56.3082 25.253 2
      vertex 56.3082 25.253 3.8
    endloop
  endfacet
  facet normal 0.857733 0.514096 0
    outer loop
      vertex 35.7528 24.5666 3.8
      vertex 35.6771 24.6929 2
      vertex 35.6771 24.6929 3.8
    endloop
  endfacet
  facet normal 0.857733 0.514096 0
    outer loop
      vertex 35.6771 24.6929 2
      vertex 35.7528 24.5666 3.8
      vertex 35.7528 24.5666 2
    endloop
  endfacet
  facet normal -0.146746 -0.989174 0
    outer loop
      vertex 54.9624 26.8928 2
      vertex 55.108 26.8712 3.8
      vertex 54.9624 26.8928 3.8
    endloop
  endfacet
  facet normal -0.146746 -0.989174 -0
    outer loop
      vertex 55.108 26.8712 3.8
      vertex 54.9624 26.8928 2
      vertex 55.108 26.8712 2
    endloop
  endfacet
  facet normal 0.74123 0.671251 0
    outer loop
      vertex 35.9393 24.3393 3.8
      vertex 35.8405 24.4484 2
      vertex 35.8405 24.4484 3.8
    endloop
  endfacet
  facet normal 0.74123 0.671251 0
    outer loop
      vertex 35.8405 24.4484 2
      vertex 35.9393 24.3393 3.8
      vertex 35.9393 24.3393 2
    endloop
  endfacet
  facet normal 0.146746 -0.989174 0
    outer loop
      vertex 36.7074 26.8712 2
      vertex 36.853 26.8928 3.8
      vertex 36.7074 26.8712 3.8
    endloop
  endfacet
  facet normal 0.146746 -0.989174 0
    outer loop
      vertex 36.853 26.8928 3.8
      vertex 36.7074 26.8712 2
      vertex 36.853 26.8928 2
    endloop
  endfacet
  facet normal 0.0489209 0.998803 -0
    outer loop
      vertex 37 23.9 2
      vertex 36.853 23.9072 3.8
      vertex 37 23.9 3.8
    endloop
  endfacet
  facet normal 0.0489209 0.998803 0
    outer loop
      vertex 36.853 23.9072 3.8
      vertex 37 23.9 2
      vertex 36.853 23.9072 2
    endloop
  endfacet
  facet normal 0.243175 -0.969982 0
    outer loop
      vertex 36.5646 26.8354 2
      vertex 36.7074 26.8712 3.8
      vertex 36.5646 26.8354 3.8
    endloop
  endfacet
  facet normal 0.243175 -0.969982 0
    outer loop
      vertex 36.7074 26.8712 3.8
      vertex 36.5646 26.8354 2
      vertex 36.7074 26.8712 2
    endloop
  endfacet
  facet normal 0.514096 -0.857733 0
    outer loop
      vertex 36.1666 26.6472 2
      vertex 36.2929 26.7229 3.8
      vertex 36.1666 26.6472 3.8
    endloop
  endfacet
  facet normal 0.514096 -0.857733 0
    outer loop
      vertex 36.2929 26.7229 3.8
      vertex 36.1666 26.6472 2
      vertex 36.2929 26.7229 2
    endloop
  endfacet
  facet normal 0.427269 -0.904125 0
    outer loop
      vertex 36.2929 26.7229 2
      vertex 36.426 26.7858 3.8
      vertex 36.2929 26.7229 3.8
    endloop
  endfacet
  facet normal 0.427269 -0.904125 0
    outer loop
      vertex 36.426 26.7858 3.8
      vertex 36.2929 26.7229 2
      vertex 36.426 26.7858 2
    endloop
  endfacet
  facet normal 0.803088 -0.595861 0
    outer loop
      vertex 35.7528 26.2334 3.8
      vertex 35.8405 26.3516 2
      vertex 35.8405 26.3516 3.8
    endloop
  endfacet
  facet normal 0.803088 -0.595861 0
    outer loop
      vertex 35.8405 26.3516 2
      vertex 35.7528 26.2334 3.8
      vertex 35.7528 26.2334 2
    endloop
  endfacet
  facet normal -0.74123 -0.671251 0
    outer loop
      vertex 55.9749 26.3516 2
      vertex 55.8761 26.4607 3.8
      vertex 55.8761 26.4607 2
    endloop
  endfacet
  facet normal -0.74123 -0.671251 0
    outer loop
      vertex 55.8761 26.4607 3.8
      vertex 55.9749 26.3516 2
      vertex 55.9749 26.3516 3.8
    endloop
  endfacet
  facet normal -0.427269 -0.904125 0
    outer loop
      vertex 55.3894 26.7858 2
      vertex 55.5225 26.7229 3.8
      vertex 55.3894 26.7858 3.8
    endloop
  endfacet
  facet normal -0.427269 -0.904125 -0
    outer loop
      vertex 55.5225 26.7229 3.8
      vertex 55.3894 26.7858 2
      vertex 55.5225 26.7229 2
    endloop
  endfacet
  facet normal -0.74123 0.671251 0
    outer loop
      vertex 55.8761 24.3393 2
      vertex 55.9749 24.4484 3.8
      vertex 55.9749 24.4484 2
    endloop
  endfacet
  facet normal -0.74123 0.671251 0
    outer loop
      vertex 55.9749 24.4484 3.8
      vertex 55.8761 24.3393 2
      vertex 55.8761 24.3393 3.8
    endloop
  endfacet
  facet normal -0.904125 0.427269 0
    outer loop
      vertex 56.1383 24.6929 2
      vertex 56.2012 24.826 3.8
      vertex 56.2012 24.826 2
    endloop
  endfacet
  facet normal -0.904125 0.427269 0
    outer loop
      vertex 56.2012 24.826 3.8
      vertex 56.1383 24.6929 2
      vertex 56.1383 24.6929 3.8
    endloop
  endfacet
  facet normal -0.336939 -0.941527 0
    outer loop
      vertex 55.2508 26.8354 2
      vertex 55.3894 26.7858 3.8
      vertex 55.2508 26.8354 3.8
    endloop
  endfacet
  facet normal -0.336939 -0.941527 -0
    outer loop
      vertex 55.3894 26.7858 3.8
      vertex 55.2508 26.8354 2
      vertex 55.3894 26.7858 2
    endloop
  endfacet
  facet normal 0.969982 0.243175 0
    outer loop
      vertex 35.5646 24.9646 3.8
      vertex 35.5288 25.1074 2
      vertex 35.5288 25.1074 3.8
    endloop
  endfacet
  facet normal 0.969982 0.243175 0
    outer loop
      vertex 35.5288 25.1074 2
      vertex 35.5646 24.9646 3.8
      vertex 35.5646 24.9646 2
    endloop
  endfacet
  facet normal -0.514096 0.857733 0
    outer loop
      vertex 55.6488 24.1528 2
      vertex 55.5225 24.0771 3.8
      vertex 55.6488 24.1528 3.8
    endloop
  endfacet
  facet normal -0.514096 0.857733 0
    outer loop
      vertex 55.5225 24.0771 3.8
      vertex 55.6488 24.1528 2
      vertex 55.5225 24.0771 2
    endloop
  endfacet
  facet normal 0.941527 -0.336939 0
    outer loop
      vertex 35.5646 25.8354 3.8
      vertex 35.6142 25.974 2
      vertex 35.6142 25.974 3.8
    endloop
  endfacet
  facet normal 0.941527 -0.336939 0
    outer loop
      vertex 35.6142 25.974 2
      vertex 35.5646 25.8354 3.8
      vertex 35.5646 25.8354 2
    endloop
  endfacet
  facet normal 0.671251 -0.74123 0
    outer loop
      vertex 35.9393 26.4607 2
      vertex 36.0484 26.5595 3.8
      vertex 35.9393 26.4607 3.8
    endloop
  endfacet
  facet normal 0.671251 -0.74123 0
    outer loop
      vertex 36.0484 26.5595 3.8
      vertex 35.9393 26.4607 2
      vertex 36.0484 26.5595 2
    endloop
  endfacet
  facet normal -0.969982 -0.243175 0
    outer loop
      vertex 56.2866 25.6926 2
      vertex 56.2508 25.8354 3.8
      vertex 56.2508 25.8354 2
    endloop
  endfacet
  facet normal -0.969982 -0.243175 0
    outer loop
      vertex 56.2508 25.8354 3.8
      vertex 56.2866 25.6926 2
      vertex 56.2866 25.6926 3.8
    endloop
  endfacet
  facet normal -0.857733 0.514096 0
    outer loop
      vertex 56.0626 24.5666 2
      vertex 56.1383 24.6929 3.8
      vertex 56.1383 24.6929 2
    endloop
  endfacet
  facet normal -0.857733 0.514096 0
    outer loop
      vertex 56.1383 24.6929 3.8
      vertex 56.0626 24.5666 2
      vertex 56.0626 24.5666 3.8
    endloop
  endfacet
  facet normal -0.146746 0.989174 0
    outer loop
      vertex 55.108 23.9288 2
      vertex 54.9624 23.9072 3.8
      vertex 55.108 23.9288 3.8
    endloop
  endfacet
  facet normal -0.146746 0.989174 0
    outer loop
      vertex 54.9624 23.9072 3.8
      vertex 55.108 23.9288 2
      vertex 54.9624 23.9072 2
    endloop
  endfacet
  facet normal -0.989174 0.146746 0
    outer loop
      vertex 56.2866 25.1074 2
      vertex 56.3082 25.253 3.8
      vertex 56.3082 25.253 2
    endloop
  endfacet
  facet normal -0.989174 0.146746 0
    outer loop
      vertex 56.3082 25.253 3.8
      vertex 56.2866 25.1074 2
      vertex 56.2866 25.1074 3.8
    endloop
  endfacet
  facet normal -0.671251 -0.74123 0
    outer loop
      vertex 55.767 26.5595 2
      vertex 55.8761 26.4607 3.8
      vertex 55.767 26.5595 3.8
    endloop
  endfacet
  facet normal -0.671251 -0.74123 -0
    outer loop
      vertex 55.8761 26.4607 3.8
      vertex 55.767 26.5595 2
      vertex 55.8761 26.4607 2
    endloop
  endfacet
  facet normal -0.803088 0.595861 0
    outer loop
      vertex 55.9749 24.4484 2
      vertex 56.0626 24.5666 3.8
      vertex 56.0626 24.5666 2
    endloop
  endfacet
  facet normal -0.803088 0.595861 0
    outer loop
      vertex 56.0626 24.5666 3.8
      vertex 55.9749 24.4484 2
      vertex 55.9749 24.4484 3.8
    endloop
  endfacet
  facet normal 0.336939 -0.941527 0
    outer loop
      vertex 36.426 26.7858 2
      vertex 36.5646 26.8354 3.8
      vertex 36.426 26.7858 3.8
    endloop
  endfacet
  facet normal 0.336939 -0.941527 0
    outer loop
      vertex 36.5646 26.8354 3.8
      vertex 36.426 26.7858 2
      vertex 36.5646 26.8354 2
    endloop
  endfacet
  facet normal 0.336939 0.941527 -0
    outer loop
      vertex 36.5646 23.9646 2
      vertex 36.426 24.0142 3.8
      vertex 36.5646 23.9646 3.8
    endloop
  endfacet
  facet normal 0.336939 0.941527 0
    outer loop
      vertex 36.426 24.0142 3.8
      vertex 36.5646 23.9646 2
      vertex 36.426 24.0142 2
    endloop
  endfacet
  facet normal -0.336939 0.941527 0
    outer loop
      vertex 55.3894 24.0142 2
      vertex 55.2508 23.9646 3.8
      vertex 55.3894 24.0142 3.8
    endloop
  endfacet
  facet normal -0.336939 0.941527 0
    outer loop
      vertex 55.2508 23.9646 3.8
      vertex 55.3894 24.0142 2
      vertex 55.2508 23.9646 2
    endloop
  endfacet
  facet normal 0.998803 0.0489209 0
    outer loop
      vertex 35.5072 25.253 3.8
      vertex 35.5 25.4 2
      vertex 35.5 25.4 3.8
    endloop
  endfacet
  facet normal 0.998803 0.0489209 0
    outer loop
      vertex 35.5 25.4 2
      vertex 35.5072 25.253 3.8
      vertex 35.5072 25.253 2
    endloop
  endfacet
  facet normal -0.243175 0.969982 0
    outer loop
      vertex 55.2508 23.9646 2
      vertex 55.108 23.9288 3.8
      vertex 55.2508 23.9646 3.8
    endloop
  endfacet
  facet normal -0.243175 0.969982 0
    outer loop
      vertex 55.108 23.9288 3.8
      vertex 55.2508 23.9646 2
      vertex 55.108 23.9288 2
    endloop
  endfacet
  facet normal 0.595861 -0.803088 0
    outer loop
      vertex 36.0484 26.5595 2
      vertex 36.1666 26.6472 3.8
      vertex 36.0484 26.5595 3.8
    endloop
  endfacet
  facet normal 0.595861 -0.803088 0
    outer loop
      vertex 36.1666 26.6472 3.8
      vertex 36.0484 26.5595 2
      vertex 36.1666 26.6472 2
    endloop
  endfacet
  facet normal -0.671251 0.74123 0
    outer loop
      vertex 55.8761 24.3393 2
      vertex 55.767 24.2405 3.8
      vertex 55.8761 24.3393 3.8
    endloop
  endfacet
  facet normal -0.671251 0.74123 0
    outer loop
      vertex 55.767 24.2405 3.8
      vertex 55.8761 24.3393 2
      vertex 55.767 24.2405 2
    endloop
  endfacet
  facet normal -0.514096 -0.857733 0
    outer loop
      vertex 55.5225 26.7229 2
      vertex 55.6488 26.6472 3.8
      vertex 55.5225 26.7229 3.8
    endloop
  endfacet
  facet normal -0.514096 -0.857733 -0
    outer loop
      vertex 55.6488 26.6472 3.8
      vertex 55.5225 26.7229 2
      vertex 55.6488 26.6472 2
    endloop
  endfacet
  facet normal 0.904125 0.427269 0
    outer loop
      vertex 35.6771 24.6929 3.8
      vertex 35.6142 24.826 2
      vertex 35.6142 24.826 3.8
    endloop
  endfacet
  facet normal 0.904125 0.427269 0
    outer loop
      vertex 35.6142 24.826 2
      vertex 35.6771 24.6929 3.8
      vertex 35.6771 24.6929 2
    endloop
  endfacet
  facet normal -0.941527 -0.336939 0
    outer loop
      vertex 56.2508 25.8354 2
      vertex 56.2012 25.974 3.8
      vertex 56.2012 25.974 2
    endloop
  endfacet
  facet normal -0.941527 -0.336939 0
    outer loop
      vertex 56.2012 25.974 3.8
      vertex 56.2508 25.8354 2
      vertex 56.2508 25.8354 3.8
    endloop
  endfacet
  facet normal 0.998803 -0.0489209 0
    outer loop
      vertex 35.5 25.4 3.8
      vertex 35.5072 25.547 2
      vertex 35.5072 25.547 3.8
    endloop
  endfacet
  facet normal 0.998803 -0.0489209 0
    outer loop
      vertex 35.5072 25.547 2
      vertex 35.5 25.4 3.8
      vertex 35.5 25.4 2
    endloop
  endfacet
  facet normal 0.857733 -0.514096 0
    outer loop
      vertex 35.6771 26.1071 3.8
      vertex 35.7528 26.2334 2
      vertex 35.7528 26.2334 3.8
    endloop
  endfacet
  facet normal 0.857733 -0.514096 0
    outer loop
      vertex 35.7528 26.2334 2
      vertex 35.6771 26.1071 3.8
      vertex 35.6771 26.1071 2
    endloop
  endfacet
  facet normal 0.146746 0.989174 -0
    outer loop
      vertex 36.853 23.9072 2
      vertex 36.7074 23.9288 3.8
      vertex 36.853 23.9072 3.8
    endloop
  endfacet
  facet normal 0.146746 0.989174 0
    outer loop
      vertex 36.7074 23.9288 3.8
      vertex 36.853 23.9072 2
      vertex 36.7074 23.9288 2
    endloop
  endfacet
  facet normal -0.941527 0.336939 0
    outer loop
      vertex 56.2012 24.826 2
      vertex 56.2508 24.9646 3.8
      vertex 56.2508 24.9646 2
    endloop
  endfacet
  facet normal -0.941527 0.336939 0
    outer loop
      vertex 56.2508 24.9646 3.8
      vertex 56.2012 24.826 2
      vertex 56.2012 24.826 3.8
    endloop
  endfacet
  facet normal 0.243175 0.969982 -0
    outer loop
      vertex 36.7074 23.9288 2
      vertex 36.5646 23.9646 3.8
      vertex 36.7074 23.9288 3.8
    endloop
  endfacet
  facet normal 0.243175 0.969982 0
    outer loop
      vertex 36.5646 23.9646 3.8
      vertex 36.7074 23.9288 2
      vertex 36.5646 23.9646 2
    endloop
  endfacet
  facet normal -0.998803 -0.0489209 0
    outer loop
      vertex 56.3154 25.4 2
      vertex 56.3082 25.547 3.8
      vertex 56.3082 25.547 2
    endloop
  endfacet
  facet normal -0.998803 -0.0489209 0
    outer loop
      vertex 56.3082 25.547 3.8
      vertex 56.3154 25.4 2
      vertex 56.3154 25.4 3.8
    endloop
  endfacet
  facet normal -0.989174 -0.146746 0
    outer loop
      vertex 56.3082 25.547 2
      vertex 56.2866 25.6926 3.8
      vertex 56.2866 25.6926 2
    endloop
  endfacet
  facet normal -0.989174 -0.146746 0
    outer loop
      vertex 56.2866 25.6926 3.8
      vertex 56.3082 25.547 2
      vertex 56.3082 25.547 3.8
    endloop
  endfacet
  facet normal -0.904125 -0.427269 0
    outer loop
      vertex 56.2012 25.974 2
      vertex 56.1383 26.1071 3.8
      vertex 56.1383 26.1071 2
    endloop
  endfacet
  facet normal -0.904125 -0.427269 0
    outer loop
      vertex 56.1383 26.1071 3.8
      vertex 56.2012 25.974 2
      vertex 56.2012 25.974 3.8
    endloop
  endfacet
  facet normal -0.243175 -0.969982 0
    outer loop
      vertex 55.108 26.8712 2
      vertex 55.2508 26.8354 3.8
      vertex 55.108 26.8712 3.8
    endloop
  endfacet
  facet normal -0.243175 -0.969982 -0
    outer loop
      vertex 55.2508 26.8354 3.8
      vertex 55.108 26.8712 2
      vertex 55.2508 26.8354 2
    endloop
  endfacet
  facet normal -0.595861 -0.803088 0
    outer loop
      vertex 55.6488 26.6472 2
      vertex 55.767 26.5595 3.8
      vertex 55.6488 26.6472 3.8
    endloop
  endfacet
  facet normal -0.595861 -0.803088 -0
    outer loop
      vertex 55.767 26.5595 3.8
      vertex 55.6488 26.6472 2
      vertex 55.767 26.5595 2
    endloop
  endfacet
  facet normal -0.0489209 0.998803 0
    outer loop
      vertex 54.9624 23.9072 2
      vertex 54.8154 23.9 3.8
      vertex 54.9624 23.9072 3.8
    endloop
  endfacet
  facet normal -0.0489209 0.998803 0
    outer loop
      vertex 54.8154 23.9 3.8
      vertex 54.9624 23.9072 2
      vertex 54.8154 23.9 2
    endloop
  endfacet
  facet normal -0.969982 0.243175 0
    outer loop
      vertex 56.2508 24.9646 2
      vertex 56.2866 25.1074 3.8
      vertex 56.2866 25.1074 2
    endloop
  endfacet
  facet normal -0.969982 0.243175 0
    outer loop
      vertex 56.2866 25.1074 3.8
      vertex 56.2508 24.9646 2
      vertex 56.2508 24.9646 3.8
    endloop
  endfacet
  facet normal 0.904125 -0.427269 0
    outer loop
      vertex 35.6142 25.974 3.8
      vertex 35.6771 26.1071 2
      vertex 35.6771 26.1071 3.8
    endloop
  endfacet
  facet normal 0.904125 -0.427269 0
    outer loop
      vertex 35.6771 26.1071 2
      vertex 35.6142 25.974 3.8
      vertex 35.6142 25.974 2
    endloop
  endfacet
  facet normal 0.969982 -0.243175 0
    outer loop
      vertex 35.5288 25.6926 3.8
      vertex 35.5646 25.8354 2
      vertex 35.5646 25.8354 3.8
    endloop
  endfacet
  facet normal 0.969982 -0.243175 0
    outer loop
      vertex 35.5646 25.8354 2
      vertex 35.5288 25.6926 3.8
      vertex 35.5288 25.6926 2
    endloop
  endfacet
  facet normal -0.595861 0.803088 0
    outer loop
      vertex 55.767 24.2405 2
      vertex 55.6488 24.1528 3.8
      vertex 55.767 24.2405 3.8
    endloop
  endfacet
  facet normal -0.595861 0.803088 0
    outer loop
      vertex 55.6488 24.1528 3.8
      vertex 55.767 24.2405 2
      vertex 55.6488 24.1528 2
    endloop
  endfacet
  facet normal -0.427269 0.904125 0
    outer loop
      vertex 55.5225 24.0771 2
      vertex 55.3894 24.0142 3.8
      vertex 55.5225 24.0771 3.8
    endloop
  endfacet
  facet normal -0.427269 0.904125 0
    outer loop
      vertex 55.3894 24.0142 3.8
      vertex 55.5225 24.0771 2
      vertex 55.3894 24.0142 2
    endloop
  endfacet
  facet normal 0.595861 0.803088 -0
    outer loop
      vertex 36.1666 24.1528 2
      vertex 36.0484 24.2405 3.8
      vertex 36.1666 24.1528 3.8
    endloop
  endfacet
  facet normal 0.595861 0.803088 0
    outer loop
      vertex 36.0484 24.2405 3.8
      vertex 36.1666 24.1528 2
      vertex 36.0484 24.2405 2
    endloop
  endfacet
  facet normal -0.803088 -0.595861 0
    outer loop
      vertex 56.0626 26.2334 2
      vertex 55.9749 26.3516 3.8
      vertex 55.9749 26.3516 2
    endloop
  endfacet
  facet normal -0.803088 -0.595861 0
    outer loop
      vertex 55.9749 26.3516 3.8
      vertex 56.0626 26.2334 2
      vertex 56.0626 26.2334 3.8
    endloop
  endfacet
  facet normal 0.989174 0.146746 0
    outer loop
      vertex 35.5288 25.1074 3.8
      vertex 35.5072 25.253 2
      vertex 35.5072 25.253 3.8
    endloop
  endfacet
  facet normal 0.989174 0.146746 0
    outer loop
      vertex 35.5072 25.253 2
      vertex 35.5288 25.1074 3.8
      vertex 35.5288 25.1074 2
    endloop
  endfacet
  facet normal 0.427269 0.904125 -0
    outer loop
      vertex 36.426 24.0142 2
      vertex 36.2929 24.0771 3.8
      vertex 36.426 24.0142 3.8
    endloop
  endfacet
  facet normal 0.427269 0.904125 0
    outer loop
      vertex 36.2929 24.0771 3.8
      vertex 36.426 24.0142 2
      vertex 36.2929 24.0771 2
    endloop
  endfacet
  facet normal 0.514096 0.857733 -0
    outer loop
      vertex 36.2929 24.0771 2
      vertex 36.1666 24.1528 3.8
      vertex 36.2929 24.0771 3.8
    endloop
  endfacet
  facet normal 0.514096 0.857733 0
    outer loop
      vertex 36.1666 24.1528 3.8
      vertex 36.2929 24.0771 2
      vertex 36.1666 24.1528 2
    endloop
  endfacet
  facet normal 0.857733 0.514096 0
    outer loop
      vertex 35.7528 18.5666 3.8
      vertex 35.6771 18.6929 2
      vertex 35.6771 18.6929 3.8
    endloop
  endfacet
  facet normal 0.857733 0.514096 0
    outer loop
      vertex 35.6771 18.6929 2
      vertex 35.7528 18.5666 3.8
      vertex 35.7528 18.5666 2
    endloop
  endfacet
  facet normal 0 1 -0
    outer loop
      vertex 54.8154 17.9 2
      vertex 37 17.9 3.8
      vertex 54.8154 17.9 3.8
    endloop
  endfacet
  facet normal 0 1 0
    outer loop
      vertex 37 17.9 3.8
      vertex 54.8154 17.9 2
      vertex 37 17.9 2
    endloop
  endfacet
  facet normal 0.74123 0.671251 0
    outer loop
      vertex 35.9393 18.3393 3.8
      vertex 35.8405 18.4484 2
      vertex 35.8405 18.4484 3.8
    endloop
  endfacet
  facet normal 0.74123 0.671251 0
    outer loop
      vertex 35.8405 18.4484 2
      vertex 35.9393 18.3393 3.8
      vertex 35.9393 18.3393 2
    endloop
  endfacet
  facet normal 0.146746 -0.989174 0
    outer loop
      vertex 36.7074 20.8712 2
      vertex 36.853 20.8928 3.8
      vertex 36.7074 20.8712 3.8
    endloop
  endfacet
  facet normal 0.146746 -0.989174 0
    outer loop
      vertex 36.853 20.8928 3.8
      vertex 36.7074 20.8712 2
      vertex 36.853 20.8928 2
    endloop
  endfacet
  facet normal 0 -1 0
    outer loop
      vertex 37 20.9 2
      vertex 54.8154 20.9 3.8
      vertex 37 20.9 3.8
    endloop
  endfacet
  facet normal 0 -1 -0
    outer loop
      vertex 54.8154 20.9 3.8
      vertex 37 20.9 2
      vertex 54.8154 20.9 2
    endloop
  endfacet
  facet normal 0.969982 -0.243175 0
    outer loop
      vertex 35.5288 19.6926 3.8
      vertex 35.5646 19.8354 2
      vertex 35.5646 19.8354 3.8
    endloop
  endfacet
  facet normal 0.969982 -0.243175 0
    outer loop
      vertex 35.5646 19.8354 2
      vertex 35.5288 19.6926 3.8
      vertex 35.5288 19.6926 2
    endloop
  endfacet
  facet normal -0.0489209 -0.998803 0
    outer loop
      vertex 54.8154 20.9 2
      vertex 54.9624 20.8928 3.8
      vertex 54.8154 20.9 3.8
    endloop
  endfacet
  facet normal -0.0489209 -0.998803 -0
    outer loop
      vertex 54.9624 20.8928 3.8
      vertex 54.8154 20.9 2
      vertex 54.9624 20.8928 2
    endloop
  endfacet
  facet normal -0.803088 0.595861 0
    outer loop
      vertex 55.9749 18.4484 2
      vertex 56.0626 18.5666 3.8
      vertex 56.0626 18.5666 2
    endloop
  endfacet
  facet normal -0.803088 0.595861 0
    outer loop
      vertex 56.0626 18.5666 3.8
      vertex 55.9749 18.4484 2
      vertex 55.9749 18.4484 3.8
    endloop
  endfacet
  facet normal 0.595861 0.803088 -0
    outer loop
      vertex 36.1666 18.1528 2
      vertex 36.0484 18.2405 3.8
      vertex 36.1666 18.1528 3.8
    endloop
  endfacet
  facet normal 0.595861 0.803088 0
    outer loop
      vertex 36.0484 18.2405 3.8
      vertex 36.1666 18.1528 2
      vertex 36.0484 18.2405 2
    endloop
  endfacet
  facet normal -0.0489209 0.998803 0
    outer loop
      vertex 54.9624 17.9072 2
      vertex 54.8154 17.9 3.8
      vertex 54.9624 17.9072 3.8
    endloop
  endfacet
  facet normal -0.0489209 0.998803 0
    outer loop
      vertex 54.8154 17.9 3.8
      vertex 54.9624 17.9072 2
      vertex 54.8154 17.9 2
    endloop
  endfacet
  facet normal -0.146746 -0.989174 0
    outer loop
      vertex 54.9624 20.8928 2
      vertex 55.108 20.8712 3.8
      vertex 54.9624 20.8928 3.8
    endloop
  endfacet
  facet normal -0.146746 -0.989174 -0
    outer loop
      vertex 55.108 20.8712 3.8
      vertex 54.9624 20.8928 2
      vertex 55.108 20.8712 2
    endloop
  endfacet
  facet normal 0.514096 -0.857733 0
    outer loop
      vertex 36.1666 20.6472 2
      vertex 36.2929 20.7229 3.8
      vertex 36.1666 20.6472 3.8
    endloop
  endfacet
  facet normal 0.514096 -0.857733 0
    outer loop
      vertex 36.2929 20.7229 3.8
      vertex 36.1666 20.6472 2
      vertex 36.2929 20.7229 2
    endloop
  endfacet
  facet normal 0.0489209 -0.998803 0
    outer loop
      vertex 36.853 20.8928 2
      vertex 37 20.9 3.8
      vertex 36.853 20.8928 3.8
    endloop
  endfacet
  facet normal 0.0489209 -0.998803 0
    outer loop
      vertex 37 20.9 3.8
      vertex 36.853 20.8928 2
      vertex 37 20.9 2
    endloop
  endfacet
  facet normal 0.904125 -0.427269 0
    outer loop
      vertex 35.6142 19.974 3.8
      vertex 35.6771 20.1071 2
      vertex 35.6771 20.1071 3.8
    endloop
  endfacet
  facet normal 0.904125 -0.427269 0
    outer loop
      vertex 35.6771 20.1071 2
      vertex 35.6142 19.974 3.8
      vertex 35.6142 19.974 2
    endloop
  endfacet
  facet normal 0.0489209 0.998803 -0
    outer loop
      vertex 37 17.9 2
      vertex 36.853 17.9072 3.8
      vertex 37 17.9 3.8
    endloop
  endfacet
  facet normal 0.0489209 0.998803 0
    outer loop
      vertex 36.853 17.9072 3.8
      vertex 37 17.9 2
      vertex 36.853 17.9072 2
    endloop
  endfacet
  facet normal -0.146746 0.989174 0
    outer loop
      vertex 55.108 17.9288 2
      vertex 54.9624 17.9072 3.8
      vertex 55.108 17.9288 3.8
    endloop
  endfacet
  facet normal -0.146746 0.989174 0
    outer loop
      vertex 54.9624 17.9072 3.8
      vertex 55.108 17.9288 2
      vertex 54.9624 17.9072 2
    endloop
  endfacet
  facet normal -0.243175 -0.969982 0
    outer loop
      vertex 55.108 20.8712 2
      vertex 55.2508 20.8354 3.8
      vertex 55.108 20.8712 3.8
    endloop
  endfacet
  facet normal -0.243175 -0.969982 -0
    outer loop
      vertex 55.2508 20.8354 3.8
      vertex 55.108 20.8712 2
      vertex 55.2508 20.8354 2
    endloop
  endfacet
  facet normal -0.336939 0.941527 0
    outer loop
      vertex 55.3894 18.0142 2
      vertex 55.2508 17.9646 3.8
      vertex 55.3894 18.0142 3.8
    endloop
  endfacet
  facet normal -0.336939 0.941527 0
    outer loop
      vertex 55.2508 17.9646 3.8
      vertex 55.3894 18.0142 2
      vertex 55.2508 17.9646 2
    endloop
  endfacet
  facet normal -0.74123 0.671251 0
    outer loop
      vertex 55.8761 18.3393 2
      vertex 55.9749 18.4484 3.8
      vertex 55.9749 18.4484 2
    endloop
  endfacet
  facet normal -0.74123 0.671251 0
    outer loop
      vertex 55.9749 18.4484 3.8
      vertex 55.8761 18.3393 2
      vertex 55.8761 18.3393 3.8
    endloop
  endfacet
  facet normal 0.989174 -0.146746 0
    outer loop
      vertex 35.5072 19.547 3.8
      vertex 35.5288 19.6926 2
      vertex 35.5288 19.6926 3.8
    endloop
  endfacet
  facet normal 0.989174 -0.146746 0
    outer loop
      vertex 35.5288 19.6926 2
      vertex 35.5072 19.547 3.8
      vertex 35.5072 19.547 2
    endloop
  endfacet
  facet normal -0.514096 -0.857733 0
    outer loop
      vertex 55.5225 20.7229 2
      vertex 55.6488 20.6472 3.8
      vertex 55.5225 20.7229 3.8
    endloop
  endfacet
  facet normal -0.514096 -0.857733 -0
    outer loop
      vertex 55.6488 20.6472 3.8
      vertex 55.5225 20.7229 2
      vertex 55.6488 20.6472 2
    endloop
  endfacet
  facet normal -0.595861 -0.803088 0
    outer loop
      vertex 55.6488 20.6472 2
      vertex 55.767 20.5595 3.8
      vertex 55.6488 20.6472 3.8
    endloop
  endfacet
  facet normal -0.595861 -0.803088 -0
    outer loop
      vertex 55.767 20.5595 3.8
      vertex 55.6488 20.6472 2
      vertex 55.767 20.5595 2
    endloop
  endfacet
  facet normal -0.998803 0.0489209 0
    outer loop
      vertex 56.3082 19.253 2
      vertex 56.3154 19.4 3.8
      vertex 56.3154 19.4 2
    endloop
  endfacet
  facet normal -0.998803 0.0489209 0
    outer loop
      vertex 56.3154 19.4 3.8
      vertex 56.3082 19.253 2
      vertex 56.3082 19.253 3.8
    endloop
  endfacet
  facet normal 0.989174 0.146746 0
    outer loop
      vertex 35.5288 19.1074 3.8
      vertex 35.5072 19.253 2
      vertex 35.5072 19.253 3.8
    endloop
  endfacet
  facet normal 0.989174 0.146746 0
    outer loop
      vertex 35.5072 19.253 2
      vertex 35.5288 19.1074 3.8
      vertex 35.5288 19.1074 2
    endloop
  endfacet
  facet normal -0.243175 0.969982 0
    outer loop
      vertex 55.2508 17.9646 2
      vertex 55.108 17.9288 3.8
      vertex 55.2508 17.9646 3.8
    endloop
  endfacet
  facet normal -0.243175 0.969982 0
    outer loop
      vertex 55.108 17.9288 3.8
      vertex 55.2508 17.9646 2
      vertex 55.108 17.9288 2
    endloop
  endfacet
  facet normal -0.803088 -0.595861 0
    outer loop
      vertex 56.0626 20.2334 2
      vertex 55.9749 20.3516 3.8
      vertex 55.9749 20.3516 2
    endloop
  endfacet
  facet normal -0.803088 -0.595861 0
    outer loop
      vertex 55.9749 20.3516 3.8
      vertex 56.0626 20.2334 2
      vertex 56.0626 20.2334 3.8
    endloop
  endfacet
  facet normal 0.427269 -0.904125 0
    outer loop
      vertex 36.2929 20.7229 2
      vertex 36.426 20.7858 3.8
      vertex 36.2929 20.7229 3.8
    endloop
  endfacet
  facet normal 0.427269 -0.904125 0
    outer loop
      vertex 36.426 20.7858 3.8
      vertex 36.2929 20.7229 2
      vertex 36.426 20.7858 2
    endloop
  endfacet
  facet normal -0.74123 -0.671251 0
    outer loop
      vertex 55.9749 20.3516 2
      vertex 55.8761 20.4607 3.8
      vertex 55.8761 20.4607 2
    endloop
  endfacet
  facet normal -0.74123 -0.671251 0
    outer loop
      vertex 55.8761 20.4607 3.8
      vertex 55.9749 20.3516 2
      vertex 55.9749 20.3516 3.8
    endloop
  endfacet
  facet normal 0.243175 -0.969982 0
    outer loop
      vertex 36.5646 20.8354 2
      vertex 36.7074 20.8712 3.8
      vertex 36.5646 20.8354 3.8
    endloop
  endfacet
  facet normal 0.243175 -0.969982 0
    outer loop
      vertex 36.7074 20.8712 3.8
      vertex 36.5646 20.8354 2
      vertex 36.7074 20.8712 2
    endloop
  endfacet
  facet normal -0.904125 0.427269 0
    outer loop
      vertex 56.1383 18.6929 2
      vertex 56.2012 18.826 3.8
      vertex 56.2012 18.826 2
    endloop
  endfacet
  facet normal -0.904125 0.427269 0
    outer loop
      vertex 56.2012 18.826 3.8
      vertex 56.1383 18.6929 2
      vertex 56.1383 18.6929 3.8
    endloop
  endfacet
  facet normal 0.595861 -0.803088 0
    outer loop
      vertex 36.0484 20.5595 2
      vertex 36.1666 20.6472 3.8
      vertex 36.0484 20.5595 3.8
    endloop
  endfacet
  facet normal 0.595861 -0.803088 0
    outer loop
      vertex 36.1666 20.6472 3.8
      vertex 36.0484 20.5595 2
      vertex 36.1666 20.6472 2
    endloop
  endfacet
  facet normal 0.904125 0.427269 0
    outer loop
      vertex 35.6771 18.6929 3.8
      vertex 35.6142 18.826 2
      vertex 35.6142 18.826 3.8
    endloop
  endfacet
  facet normal 0.904125 0.427269 0
    outer loop
      vertex 35.6142 18.826 2
      vertex 35.6771 18.6929 3.8
      vertex 35.6771 18.6929 2
    endloop
  endfacet
  facet normal 0.146746 0.989174 -0
    outer loop
      vertex 36.853 17.9072 2
      vertex 36.7074 17.9288 3.8
      vertex 36.853 17.9072 3.8
    endloop
  endfacet
  facet normal 0.146746 0.989174 0
    outer loop
      vertex 36.7074 17.9288 3.8
      vertex 36.853 17.9072 2
      vertex 36.7074 17.9288 2
    endloop
  endfacet
  facet normal -0.969982 0.243175 0
    outer loop
      vertex 56.2508 18.9646 2
      vertex 56.2866 19.1074 3.8
      vertex 56.2866 19.1074 2
    endloop
  endfacet
  facet normal -0.969982 0.243175 0
    outer loop
      vertex 56.2866 19.1074 3.8
      vertex 56.2508 18.9646 2
      vertex 56.2508 18.9646 3.8
    endloop
  endfacet
  facet normal 0.336939 0.941527 -0
    outer loop
      vertex 36.5646 17.9646 2
      vertex 36.426 18.0142 3.8
      vertex 36.5646 17.9646 3.8
    endloop
  endfacet
  facet normal 0.336939 0.941527 0
    outer loop
      vertex 36.426 18.0142 3.8
      vertex 36.5646 17.9646 2
      vertex 36.426 18.0142 2
    endloop
  endfacet
  facet normal -0.595861 0.803088 0
    outer loop
      vertex 55.767 18.2405 2
      vertex 55.6488 18.1528 3.8
      vertex 55.767 18.2405 3.8
    endloop
  endfacet
  facet normal -0.595861 0.803088 0
    outer loop
      vertex 55.6488 18.1528 3.8
      vertex 55.767 18.2405 2
      vertex 55.6488 18.1528 2
    endloop
  endfacet
  facet normal -0.514096 0.857733 0
    outer loop
      vertex 55.6488 18.1528 2
      vertex 55.5225 18.0771 3.8
      vertex 55.6488 18.1528 3.8
    endloop
  endfacet
  facet normal -0.514096 0.857733 0
    outer loop
      vertex 55.5225 18.0771 3.8
      vertex 55.6488 18.1528 2
      vertex 55.5225 18.0771 2
    endloop
  endfacet
  facet normal -0.336939 -0.941527 0
    outer loop
      vertex 55.2508 20.8354 2
      vertex 55.3894 20.7858 3.8
      vertex 55.2508 20.8354 3.8
    endloop
  endfacet
  facet normal -0.336939 -0.941527 -0
    outer loop
      vertex 55.3894 20.7858 3.8
      vertex 55.2508 20.8354 2
      vertex 55.3894 20.7858 2
    endloop
  endfacet
  facet normal 0.857733 -0.514096 0
    outer loop
      vertex 35.6771 20.1071 3.8
      vertex 35.7528 20.2334 2
      vertex 35.7528 20.2334 3.8
    endloop
  endfacet
  facet normal 0.857733 -0.514096 0
    outer loop
      vertex 35.7528 20.2334 2
      vertex 35.6771 20.1071 3.8
      vertex 35.6771 20.1071 2
    endloop
  endfacet
  facet normal 0.998803 0.0489209 0
    outer loop
      vertex 35.5072 19.253 3.8
      vertex 35.5 19.4 2
      vertex 35.5 19.4 3.8
    endloop
  endfacet
  facet normal 0.998803 0.0489209 0
    outer loop
      vertex 35.5 19.4 2
      vertex 35.5072 19.253 3.8
      vertex 35.5072 19.253 2
    endloop
  endfacet
  facet normal 0.243175 0.969982 -0
    outer loop
      vertex 36.7074 17.9288 2
      vertex 36.5646 17.9646 3.8
      vertex 36.7074 17.9288 3.8
    endloop
  endfacet
  facet normal 0.243175 0.969982 0
    outer loop
      vertex 36.5646 17.9646 3.8
      vertex 36.7074 17.9288 2
      vertex 36.5646 17.9646 2
    endloop
  endfacet
  facet normal -0.427269 -0.904125 0
    outer loop
      vertex 55.3894 20.7858 2
      vertex 55.5225 20.7229 3.8
      vertex 55.3894 20.7858 3.8
    endloop
  endfacet
  facet normal -0.427269 -0.904125 -0
    outer loop
      vertex 55.5225 20.7229 3.8
      vertex 55.3894 20.7858 2
      vertex 55.5225 20.7229 2
    endloop
  endfacet
  facet normal 0.969982 0.243175 0
    outer loop
      vertex 35.5646 18.9646 3.8
      vertex 35.5288 19.1074 2
      vertex 35.5288 19.1074 3.8
    endloop
  endfacet
  facet normal 0.969982 0.243175 0
    outer loop
      vertex 35.5288 19.1074 2
      vertex 35.5646 18.9646 3.8
      vertex 35.5646 18.9646 2
    endloop
  endfacet
  facet normal 0.74123 -0.671251 0
    outer loop
      vertex 35.8405 20.3516 3.8
      vertex 35.9393 20.4607 2
      vertex 35.9393 20.4607 3.8
    endloop
  endfacet
  facet normal 0.74123 -0.671251 0
    outer loop
      vertex 35.9393 20.4607 2
      vertex 35.8405 20.3516 3.8
      vertex 35.8405 20.3516 2
    endloop
  endfacet
  facet normal -0.671251 0.74123 0
    outer loop
      vertex 55.8761 18.3393 2
      vertex 55.767 18.2405 3.8
      vertex 55.8761 18.3393 3.8
    endloop
  endfacet
  facet normal -0.671251 0.74123 0
    outer loop
      vertex 55.767 18.2405 3.8
      vertex 55.8761 18.3393 2
      vertex 55.767 18.2405 2
    endloop
  endfacet
  facet normal -0.998803 -0.0489209 0
    outer loop
      vertex 56.3154 19.4 2
      vertex 56.3082 19.547 3.8
      vertex 56.3082 19.547 2
    endloop
  endfacet
  facet normal -0.998803 -0.0489209 0
    outer loop
      vertex 56.3082 19.547 3.8
      vertex 56.3154 19.4 2
      vertex 56.3154 19.4 3.8
    endloop
  endfacet
  facet normal 0.671251 0.74123 -0
    outer loop
      vertex 36.0484 18.2405 2
      vertex 35.9393 18.3393 3.8
      vertex 36.0484 18.2405 3.8
    endloop
  endfacet
  facet normal 0.671251 0.74123 0
    outer loop
      vertex 35.9393 18.3393 3.8
      vertex 36.0484 18.2405 2
      vertex 35.9393 18.3393 2
    endloop
  endfacet
  facet normal 0.336939 -0.941527 0
    outer loop
      vertex 36.426 20.7858 2
      vertex 36.5646 20.8354 3.8
      vertex 36.426 20.7858 3.8
    endloop
  endfacet
  facet normal 0.336939 -0.941527 0
    outer loop
      vertex 36.5646 20.8354 3.8
      vertex 36.426 20.7858 2
      vertex 36.5646 20.8354 2
    endloop
  endfacet
  facet normal -0.427269 0.904125 0
    outer loop
      vertex 55.5225 18.0771 2
      vertex 55.3894 18.0142 3.8
      vertex 55.5225 18.0771 3.8
    endloop
  endfacet
  facet normal -0.427269 0.904125 0
    outer loop
      vertex 55.3894 18.0142 3.8
      vertex 55.5225 18.0771 2
      vertex 55.3894 18.0142 2
    endloop
  endfacet
  facet normal 0.998803 -0.0489209 0
    outer loop
      vertex 35.5 19.4 3.8
      vertex 35.5072 19.547 2
      vertex 35.5072 19.547 3.8
    endloop
  endfacet
  facet normal 0.998803 -0.0489209 0
    outer loop
      vertex 35.5072 19.547 2
      vertex 35.5 19.4 3.8
      vertex 35.5 19.4 2
    endloop
  endfacet
  facet normal -0.989174 -0.146746 0
    outer loop
      vertex 56.3082 19.547 2
      vertex 56.2866 19.6926 3.8
      vertex 56.2866 19.6926 2
    endloop
  endfacet
  facet normal -0.989174 -0.146746 0
    outer loop
      vertex 56.2866 19.6926 3.8
      vertex 56.3082 19.547 2
      vertex 56.3082 19.547 3.8
    endloop
  endfacet
  facet normal -0.969982 -0.243175 0
    outer loop
      vertex 56.2866 19.6926 2
      vertex 56.2508 19.8354 3.8
      vertex 56.2508 19.8354 2
    endloop
  endfacet
  facet normal -0.969982 -0.243175 0
    outer loop
      vertex 56.2508 19.8354 3.8
      vertex 56.2866 19.6926 2
      vertex 56.2866 19.6926 3.8
    endloop
  endfacet
  facet normal 0.427269 0.904125 -0
    outer loop
      vertex 36.426 18.0142 2
      vertex 36.2929 18.0771 3.8
      vertex 36.426 18.0142 3.8
    endloop
  endfacet
  facet normal 0.427269 0.904125 0
    outer loop
      vertex 36.2929 18.0771 3.8
      vertex 36.426 18.0142 2
      vertex 36.2929 18.0771 2
    endloop
  endfacet
  facet normal 0.514096 0.857733 -0
    outer loop
      vertex 36.2929 18.0771 2
      vertex 36.1666 18.1528 3.8
      vertex 36.2929 18.0771 3.8
    endloop
  endfacet
  facet normal 0.514096 0.857733 0
    outer loop
      vertex 36.1666 18.1528 3.8
      vertex 36.2929 18.0771 2
      vertex 36.1666 18.1528 2
    endloop
  endfacet
  facet normal 0.803088 0.595861 0
    outer loop
      vertex 35.8405 18.4484 3.8
      vertex 35.7528 18.5666 2
      vertex 35.7528 18.5666 3.8
    endloop
  endfacet
  facet normal 0.803088 0.595861 0
    outer loop
      vertex 35.7528 18.5666 2
      vertex 35.8405 18.4484 3.8
      vertex 35.8405 18.4484 2
    endloop
  endfacet
  facet normal -0.857733 0.514096 0
    outer loop
      vertex 56.0626 18.5666 2
      vertex 56.1383 18.6929 3.8
      vertex 56.1383 18.6929 2
    endloop
  endfacet
  facet normal -0.857733 0.514096 0
    outer loop
      vertex 56.1383 18.6929 3.8
      vertex 56.0626 18.5666 2
      vertex 56.0626 18.5666 3.8
    endloop
  endfacet
  facet normal 0.803088 -0.595861 0
    outer loop
      vertex 35.7528 20.2334 3.8
      vertex 35.8405 20.3516 2
      vertex 35.8405 20.3516 3.8
    endloop
  endfacet
  facet normal 0.803088 -0.595861 0
    outer loop
      vertex 35.8405 20.3516 2
      vertex 35.7528 20.2334 3.8
      vertex 35.7528 20.2334 2
    endloop
  endfacet
  facet normal 0.671251 -0.74123 0
    outer loop
      vertex 35.9393 20.4607 2
      vertex 36.0484 20.5595 3.8
      vertex 35.9393 20.4607 3.8
    endloop
  endfacet
  facet normal 0.671251 -0.74123 0
    outer loop
      vertex 36.0484 20.5595 3.8
      vertex 35.9393 20.4607 2
      vertex 36.0484 20.5595 2
    endloop
  endfacet
  facet normal 0.941527 0.336939 0
    outer loop
      vertex 35.6142 18.826 3.8
      vertex 35.5646 18.9646 2
      vertex 35.5646 18.9646 3.8
    endloop
  endfacet
  facet normal 0.941527 0.336939 0
    outer loop
      vertex 35.5646 18.9646 2
      vertex 35.6142 18.826 3.8
      vertex 35.6142 18.826 2
    endloop
  endfacet
  facet normal -0.989174 0.146746 0
    outer loop
      vertex 56.2866 19.1074 2
      vertex 56.3082 19.253 3.8
      vertex 56.3082 19.253 2
    endloop
  endfacet
  facet normal -0.989174 0.146746 0
    outer loop
      vertex 56.3082 19.253 3.8
      vertex 56.2866 19.1074 2
      vertex 56.2866 19.1074 3.8
    endloop
  endfacet
  facet normal -0.941527 -0.336939 0
    outer loop
      vertex 56.2508 19.8354 2
      vertex 56.2012 19.974 3.8
      vertex 56.2012 19.974 2
    endloop
  endfacet
  facet normal -0.941527 -0.336939 0
    outer loop
      vertex 56.2012 19.974 3.8
      vertex 56.2508 19.8354 2
      vertex 56.2508 19.8354 3.8
    endloop
  endfacet
  facet normal -0.857733 -0.514096 0
    outer loop
      vertex 56.1383 20.1071 2
      vertex 56.0626 20.2334 3.8
      vertex 56.0626 20.2334 2
    endloop
  endfacet
  facet normal -0.857733 -0.514096 0
    outer loop
      vertex 56.0626 20.2334 3.8
      vertex 56.1383 20.1071 2
      vertex 56.1383 20.1071 3.8
    endloop
  endfacet
  facet normal -0.904125 -0.427269 0
    outer loop
      vertex 56.2012 19.974 2
      vertex 56.1383 20.1071 3.8
      vertex 56.1383 20.1071 2
    endloop
  endfacet
  facet normal -0.904125 -0.427269 0
    outer loop
      vertex 56.1383 20.1071 3.8
      vertex 56.2012 19.974 2
      vertex 56.2012 19.974 3.8
    endloop
  endfacet
  facet normal -0.671251 -0.74123 0
    outer loop
      vertex 55.767 20.5595 2
      vertex 55.8761 20.4607 3.8
      vertex 55.767 20.5595 3.8
    endloop
  endfacet
  facet normal -0.671251 -0.74123 -0
    outer loop
      vertex 55.8761 20.4607 3.8
      vertex 55.767 20.5595 2
      vertex 55.8761 20.4607 2
    endloop
  endfacet
  facet normal -0.941527 0.336939 0
    outer loop
      vertex 56.2012 18.826 2
      vertex 56.2508 18.9646 3.8
      vertex 56.2508 18.9646 2
    endloop
  endfacet
  facet normal -0.941527 0.336939 0
    outer loop
      vertex 56.2508 18.9646 3.8
      vertex 56.2012 18.826 2
      vertex 56.2012 18.826 3.8
    endloop
  endfacet
  facet normal 0.941527 -0.336939 0
    outer loop
      vertex 35.5646 19.8354 3.8
      vertex 35.6142 19.974 2
      vertex 35.6142 19.974 3.8
    endloop
  endfacet
  facet normal 0.941527 -0.336939 0
    outer loop
      vertex 35.6142 19.974 2
      vertex 35.5646 19.8354 3.8
      vertex 35.5646 19.8354 2
    endloop
  endfacet
  facet normal 0.514096 0.857733 -0
    outer loop
      vertex 36.2929 12.0771 2
      vertex 36.1666 12.1528 3.8
      vertex 36.2929 12.0771 3.8
    endloop
  endfacet
  facet normal 0.514096 0.857733 0
    outer loop
      vertex 36.1666 12.1528 3.8
      vertex 36.2929 12.0771 2
      vertex 36.1666 12.1528 2
    endloop
  endfacet
  facet normal 0.146746 0.989174 -0
    outer loop
      vertex 36.853 11.9072 2
      vertex 36.7074 11.9288 3.8
      vertex 36.853 11.9072 3.8
    endloop
  endfacet
  facet normal 0.146746 0.989174 0
    outer loop
      vertex 36.7074 11.9288 3.8
      vertex 36.853 11.9072 2
      vertex 36.7074 11.9288 2
    endloop
  endfacet
  facet normal -0.0489209 -0.998803 0
    outer loop
      vertex 54.8154 14.9 2
      vertex 54.9624 14.8928 3.8
      vertex 54.8154 14.9 3.8
    endloop
  endfacet
  facet normal -0.0489209 -0.998803 -0
    outer loop
      vertex 54.9624 14.8928 3.8
      vertex 54.8154 14.9 2
      vertex 54.9624 14.8928 2
    endloop
  endfacet
  facet normal -0.0489209 0.998803 0
    outer loop
      vertex 54.9624 11.9072 2
      vertex 54.8154 11.9 3.8
      vertex 54.9624 11.9072 3.8
    endloop
  endfacet
  facet normal -0.0489209 0.998803 0
    outer loop
      vertex 54.8154 11.9 3.8
      vertex 54.9624 11.9072 2
      vertex 54.8154 11.9 2
    endloop
  endfacet
  facet normal 0.969982 -0.243175 0
    outer loop
      vertex 35.5288 13.6926 3.8
      vertex 35.5646 13.8354 2
      vertex 35.5646 13.8354 3.8
    endloop
  endfacet
  facet normal 0.969982 -0.243175 0
    outer loop
      vertex 35.5646 13.8354 2
      vertex 35.5288 13.6926 3.8
      vertex 35.5288 13.6926 2
    endloop
  endfacet
  facet normal 0.595861 -0.803088 0
    outer loop
      vertex 36.0484 14.5595 2
      vertex 36.1666 14.6472 3.8
      vertex 36.0484 14.5595 3.8
    endloop
  endfacet
  facet normal 0.595861 -0.803088 0
    outer loop
      vertex 36.1666 14.6472 3.8
      vertex 36.0484 14.5595 2
      vertex 36.1666 14.6472 2
    endloop
  endfacet
  facet normal -0.427269 0.904125 0
    outer loop
      vertex 55.5225 12.0771 2
      vertex 55.3894 12.0142 3.8
      vertex 55.5225 12.0771 3.8
    endloop
  endfacet
  facet normal -0.427269 0.904125 0
    outer loop
      vertex 55.3894 12.0142 3.8
      vertex 55.5225 12.0771 2
      vertex 55.3894 12.0142 2
    endloop
  endfacet
  facet normal 0.857733 0.514096 0
    outer loop
      vertex 35.7528 12.5666 3.8
      vertex 35.6771 12.6929 2
      vertex 35.6771 12.6929 3.8
    endloop
  endfacet
  facet normal 0.857733 0.514096 0
    outer loop
      vertex 35.6771 12.6929 2
      vertex 35.7528 12.5666 3.8
      vertex 35.7528 12.5666 2
    endloop
  endfacet
  facet normal 0 1 -0
    outer loop
      vertex 54.8154 11.9 2
      vertex 37 11.9 3.8
      vertex 54.8154 11.9 3.8
    endloop
  endfacet
  facet normal 0 1 0
    outer loop
      vertex 37 11.9 3.8
      vertex 54.8154 11.9 2
      vertex 37 11.9 2
    endloop
  endfacet
  facet normal -0.941527 0.336939 0
    outer loop
      vertex 56.2012 12.826 2
      vertex 56.2508 12.9646 3.8
      vertex 56.2508 12.9646 2
    endloop
  endfacet
  facet normal -0.941527 0.336939 0
    outer loop
      vertex 56.2508 12.9646 3.8
      vertex 56.2012 12.826 2
      vertex 56.2012 12.826 3.8
    endloop
  endfacet
  facet normal -0.857733 0.514096 0
    outer loop
      vertex 56.0626 12.5666 2
      vertex 56.1383 12.6929 3.8
      vertex 56.1383 12.6929 2
    endloop
  endfacet
  facet normal -0.857733 0.514096 0
    outer loop
      vertex 56.1383 12.6929 3.8
      vertex 56.0626 12.5666 2
      vertex 56.0626 12.5666 3.8
    endloop
  endfacet
  facet normal 0.146746 -0.989174 0
    outer loop
      vertex 36.7074 14.8712 2
      vertex 36.853 14.8928 3.8
      vertex 36.7074 14.8712 3.8
    endloop
  endfacet
  facet normal 0.146746 -0.989174 0
    outer loop
      vertex 36.853 14.8928 3.8
      vertex 36.7074 14.8712 2
      vertex 36.853 14.8928 2
    endloop
  endfacet
  facet normal -0.74123 0.671251 0
    outer loop
      vertex 55.8761 12.3393 2
      vertex 55.9749 12.4484 3.8
      vertex 55.9749 12.4484 2
    endloop
  endfacet
  facet normal -0.74123 0.671251 0
    outer loop
      vertex 55.9749 12.4484 3.8
      vertex 55.8761 12.3393 2
      vertex 55.8761 12.3393 3.8
    endloop
  endfacet
  facet normal 0.0489209 0.998803 -0
    outer loop
      vertex 37 11.9 2
      vertex 36.853 11.9072 3.8
      vertex 37 11.9 3.8
    endloop
  endfacet
  facet normal 0.0489209 0.998803 0
    outer loop
      vertex 36.853 11.9072 3.8
      vertex 37 11.9 2
      vertex 36.853 11.9072 2
    endloop
  endfacet
  facet normal 0.74123 -0.671251 0
    outer loop
      vertex 35.8405 14.3516 3.8
      vertex 35.9393 14.4607 2
      vertex 35.9393 14.4607 3.8
    endloop
  endfacet
  facet normal 0.74123 -0.671251 0
    outer loop
      vertex 35.9393 14.4607 2
      vertex 35.8405 14.3516 3.8
      vertex 35.8405 14.3516 2
    endloop
  endfacet
  facet normal -0.243175 -0.969982 0
    outer loop
      vertex 55.108 14.8712 2
      vertex 55.2508 14.8354 3.8
      vertex 55.108 14.8712 3.8
    endloop
  endfacet
  facet normal -0.243175 -0.969982 -0
    outer loop
      vertex 55.2508 14.8354 3.8
      vertex 55.108 14.8712 2
      vertex 55.2508 14.8354 2
    endloop
  endfacet
  facet normal 0 -1 0
    outer loop
      vertex 37 14.9 2
      vertex 54.8154 14.9 3.8
      vertex 37 14.9 3.8
    endloop
  endfacet
  facet normal 0 -1 -0
    outer loop
      vertex 54.8154 14.9 3.8
      vertex 37 14.9 2
      vertex 54.8154 14.9 2
    endloop
  endfacet
  facet normal 0.595861 0.803088 -0
    outer loop
      vertex 36.1666 12.1528 2
      vertex 36.0484 12.2405 3.8
      vertex 36.1666 12.1528 3.8
    endloop
  endfacet
  facet normal 0.595861 0.803088 0
    outer loop
      vertex 36.0484 12.2405 3.8
      vertex 36.1666 12.1528 2
      vertex 36.0484 12.2405 2
    endloop
  endfacet
  facet normal -0.803088 -0.595861 0
    outer loop
      vertex 56.0626 14.2334 2
      vertex 55.9749 14.3516 3.8
      vertex 55.9749 14.3516 2
    endloop
  endfacet
  facet normal -0.803088 -0.595861 0
    outer loop
      vertex 55.9749 14.3516 3.8
      vertex 56.0626 14.2334 2
      vertex 56.0626 14.2334 3.8
    endloop
  endfacet
  facet normal -0.336939 -0.941527 0
    outer loop
      vertex 55.2508 14.8354 2
      vertex 55.3894 14.7858 3.8
      vertex 55.2508 14.8354 3.8
    endloop
  endfacet
  facet normal -0.336939 -0.941527 -0
    outer loop
      vertex 55.3894 14.7858 3.8
      vertex 55.2508 14.8354 2
      vertex 55.3894 14.7858 2
    endloop
  endfacet
  facet normal 0.941527 0.336939 0
    outer loop
      vertex 35.6142 12.826 3.8
      vertex 35.5646 12.9646 2
      vertex 35.5646 12.9646 3.8
    endloop
  endfacet
  facet normal 0.941527 0.336939 0
    outer loop
      vertex 35.5646 12.9646 2
      vertex 35.6142 12.826 3.8
      vertex 35.6142 12.826 2
    endloop
  endfacet
  facet normal 0.336939 -0.941527 0
    outer loop
      vertex 36.426 14.7858 2
      vertex 36.5646 14.8354 3.8
      vertex 36.426 14.7858 3.8
    endloop
  endfacet
  facet normal 0.336939 -0.941527 0
    outer loop
      vertex 36.5646 14.8354 3.8
      vertex 36.426 14.7858 2
      vertex 36.5646 14.8354 2
    endloop
  endfacet
  facet normal 0.998803 -0.0489209 0
    outer loop
      vertex 35.5 13.4 3.8
      vertex 35.5072 13.547 2
      vertex 35.5072 13.547 3.8
    endloop
  endfacet
  facet normal 0.998803 -0.0489209 0
    outer loop
      vertex 35.5072 13.547 2
      vertex 35.5 13.4 3.8
      vertex 35.5 13.4 2
    endloop
  endfacet
  facet normal 0.243175 -0.969982 0
    outer loop
      vertex 36.5646 14.8354 2
      vertex 36.7074 14.8712 3.8
      vertex 36.5646 14.8354 3.8
    endloop
  endfacet
  facet normal 0.243175 -0.969982 0
    outer loop
      vertex 36.7074 14.8712 3.8
      vertex 36.5646 14.8354 2
      vertex 36.7074 14.8712 2
    endloop
  endfacet
  facet normal 0.243175 0.969982 -0
    outer loop
      vertex 36.7074 11.9288 2
      vertex 36.5646 11.9646 3.8
      vertex 36.7074 11.9288 3.8
    endloop
  endfacet
  facet normal 0.243175 0.969982 0
    outer loop
      vertex 36.5646 11.9646 3.8
      vertex 36.7074 11.9288 2
      vertex 36.5646 11.9646 2
    endloop
  endfacet
  facet normal -0.989174 0.146746 0
    outer loop
      vertex 56.2866 13.1074 2
      vertex 56.3082 13.253 3.8
      vertex 56.3082 13.253 2
    endloop
  endfacet
  facet normal -0.989174 0.146746 0
    outer loop
      vertex 56.3082 13.253 3.8
      vertex 56.2866 13.1074 2
      vertex 56.2866 13.1074 3.8
    endloop
  endfacet
  facet normal -0.857733 -0.514096 0
    outer loop
      vertex 56.1383 14.1071 2
      vertex 56.0626 14.2334 3.8
      vertex 56.0626 14.2334 2
    endloop
  endfacet
  facet normal -0.857733 -0.514096 0
    outer loop
      vertex 56.0626 14.2334 3.8
      vertex 56.1383 14.1071 2
      vertex 56.1383 14.1071 3.8
    endloop
  endfacet
  facet normal 0.989174 0.146746 0
    outer loop
      vertex 35.5288 13.1074 3.8
      vertex 35.5072 13.253 2
      vertex 35.5072 13.253 3.8
    endloop
  endfacet
  facet normal 0.989174 0.146746 0
    outer loop
      vertex 35.5072 13.253 2
      vertex 35.5288 13.1074 3.8
      vertex 35.5288 13.1074 2
    endloop
  endfacet
  facet normal -0.671251 0.74123 0
    outer loop
      vertex 55.8761 12.3393 2
      vertex 55.767 12.2405 3.8
      vertex 55.8761 12.3393 3.8
    endloop
  endfacet
  facet normal -0.671251 0.74123 0
    outer loop
      vertex 55.767 12.2405 3.8
      vertex 55.8761 12.3393 2
      vertex 55.767 12.2405 2
    endloop
  endfacet
  facet normal -0.904125 -0.427269 0
    outer loop
      vertex 56.2012 13.974 2
      vertex 56.1383 14.1071 3.8
      vertex 56.1383 14.1071 2
    endloop
  endfacet
  facet normal -0.904125 -0.427269 0
    outer loop
      vertex 56.1383 14.1071 3.8
      vertex 56.2012 13.974 2
      vertex 56.2012 13.974 3.8
    endloop
  endfacet
  facet normal -0.427269 -0.904125 0
    outer loop
      vertex 55.3894 14.7858 2
      vertex 55.5225 14.7229 3.8
      vertex 55.3894 14.7858 3.8
    endloop
  endfacet
  facet normal -0.427269 -0.904125 -0
    outer loop
      vertex 55.5225 14.7229 3.8
      vertex 55.3894 14.7858 2
      vertex 55.5225 14.7229 2
    endloop
  endfacet
  facet normal -0.146746 0.989174 0
    outer loop
      vertex 55.108 11.9288 2
      vertex 54.9624 11.9072 3.8
      vertex 55.108 11.9288 3.8
    endloop
  endfacet
  facet normal -0.146746 0.989174 0
    outer loop
      vertex 54.9624 11.9072 3.8
      vertex 55.108 11.9288 2
      vertex 54.9624 11.9072 2
    endloop
  endfacet
  facet normal -0.671251 -0.74123 0
    outer loop
      vertex 55.767 14.5595 2
      vertex 55.8761 14.4607 3.8
      vertex 55.767 14.5595 3.8
    endloop
  endfacet
  facet normal -0.671251 -0.74123 -0
    outer loop
      vertex 55.8761 14.4607 3.8
      vertex 55.767 14.5595 2
      vertex 55.8761 14.4607 2
    endloop
  endfacet
  facet normal 0.74123 0.671251 0
    outer loop
      vertex 35.9393 12.3393 3.8
      vertex 35.8405 12.4484 2
      vertex 35.8405 12.4484 3.8
    endloop
  endfacet
  facet normal 0.74123 0.671251 0
    outer loop
      vertex 35.8405 12.4484 2
      vertex 35.9393 12.3393 3.8
      vertex 35.9393 12.3393 2
    endloop
  endfacet
  facet normal -0.336939 0.941527 0
    outer loop
      vertex 55.3894 12.0142 2
      vertex 55.2508 11.9646 3.8
      vertex 55.3894 12.0142 3.8
    endloop
  endfacet
  facet normal -0.336939 0.941527 0
    outer loop
      vertex 55.2508 11.9646 3.8
      vertex 55.3894 12.0142 2
      vertex 55.2508 11.9646 2
    endloop
  endfacet
  facet normal -0.998803 -0.0489209 0
    outer loop
      vertex 56.3154 13.4 2
      vertex 56.3082 13.547 3.8
      vertex 56.3082 13.547 2
    endloop
  endfacet
  facet normal -0.998803 -0.0489209 0
    outer loop
      vertex 56.3082 13.547 3.8
      vertex 56.3154 13.4 2
      vertex 56.3154 13.4 3.8
    endloop
  endfacet
  facet normal -0.243175 0.969982 0
    outer loop
      vertex 55.2508 11.9646 2
      vertex 55.108 11.9288 3.8
      vertex 55.2508 11.9646 3.8
    endloop
  endfacet
  facet normal -0.243175 0.969982 0
    outer loop
      vertex 55.108 11.9288 3.8
      vertex 55.2508 11.9646 2
      vertex 55.108 11.9288 2
    endloop
  endfacet
  facet normal -0.904125 0.427269 0
    outer loop
      vertex 56.1383 12.6929 2
      vertex 56.2012 12.826 3.8
      vertex 56.2012 12.826 2
    endloop
  endfacet
  facet normal -0.904125 0.427269 0
    outer loop
      vertex 56.2012 12.826 3.8
      vertex 56.1383 12.6929 2
      vertex 56.1383 12.6929 3.8
    endloop
  endfacet
  facet normal 0.0489209 -0.998803 0
    outer loop
      vertex 36.853 14.8928 2
      vertex 37 14.9 3.8
      vertex 36.853 14.8928 3.8
    endloop
  endfacet
  facet normal 0.0489209 -0.998803 0
    outer loop
      vertex 37 14.9 3.8
      vertex 36.853 14.8928 2
      vertex 37 14.9 2
    endloop
  endfacet
  facet normal -0.595861 0.803088 0
    outer loop
      vertex 55.767 12.2405 2
      vertex 55.6488 12.1528 3.8
      vertex 55.767 12.2405 3.8
    endloop
  endfacet
  facet normal -0.595861 0.803088 0
    outer loop
      vertex 55.6488 12.1528 3.8
      vertex 55.767 12.2405 2
      vertex 55.6488 12.1528 2
    endloop
  endfacet
  facet normal -0.969982 -0.243175 0
    outer loop
      vertex 56.2866 13.6926 2
      vertex 56.2508 13.8354 3.8
      vertex 56.2508 13.8354 2
    endloop
  endfacet
  facet normal -0.969982 -0.243175 0
    outer loop
      vertex 56.2508 13.8354 3.8
      vertex 56.2866 13.6926 2
      vertex 56.2866 13.6926 3.8
    endloop
  endfacet
  facet normal -0.998803 0.0489209 0
    outer loop
      vertex 56.3082 13.253 2
      vertex 56.3154 13.4 3.8
      vertex 56.3154 13.4 2
    endloop
  endfacet
  facet normal -0.998803 0.0489209 0
    outer loop
      vertex 56.3154 13.4 3.8
      vertex 56.3082 13.253 2
      vertex 56.3082 13.253 3.8
    endloop
  endfacet
  facet normal 0.904125 -0.427269 0
    outer loop
      vertex 35.6142 13.974 3.8
      vertex 35.6771 14.1071 2
      vertex 35.6771 14.1071 3.8
    endloop
  endfacet
  facet normal 0.904125 -0.427269 0
    outer loop
      vertex 35.6771 14.1071 2
      vertex 35.6142 13.974 3.8
      vertex 35.6142 13.974 2
    endloop
  endfacet
  facet normal 0.941527 -0.336939 0
    outer loop
      vertex 35.5646 13.8354 3.8
      vertex 35.6142 13.974 2
      vertex 35.6142 13.974 3.8
    endloop
  endfacet
  facet normal 0.941527 -0.336939 0
    outer loop
      vertex 35.6142 13.974 2
      vertex 35.5646 13.8354 3.8
      vertex 35.5646 13.8354 2
    endloop
  endfacet
  facet normal -0.514096 0.857733 0
    outer loop
      vertex 55.6488 12.1528 2
      vertex 55.5225 12.0771 3.8
      vertex 55.6488 12.1528 3.8
    endloop
  endfacet
  facet normal -0.514096 0.857733 0
    outer loop
      vertex 55.5225 12.0771 3.8
      vertex 55.6488 12.1528 2
      vertex 55.5225 12.0771 2
    endloop
  endfacet
  facet normal 0.998803 0.0489209 0
    outer loop
      vertex 35.5072 13.253 3.8
      vertex 35.5 13.4 2
      vertex 35.5 13.4 3.8
    endloop
  endfacet
  facet normal 0.998803 0.0489209 0
    outer loop
      vertex 35.5 13.4 2
      vertex 35.5072 13.253 3.8
      vertex 35.5072 13.253 2
    endloop
  endfacet
  facet normal 0.803088 0.595861 0
    outer loop
      vertex 35.8405 12.4484 3.8
      vertex 35.7528 12.5666 2
      vertex 35.7528 12.5666 3.8
    endloop
  endfacet
  facet normal 0.803088 0.595861 0
    outer loop
      vertex 35.7528 12.5666 2
      vertex 35.8405 12.4484 3.8
      vertex 35.8405 12.4484 2
    endloop
  endfacet
  facet normal -0.74123 -0.671251 0
    outer loop
      vertex 55.9749 14.3516 2
      vertex 55.8761 14.4607 3.8
      vertex 55.8761 14.4607 2
    endloop
  endfacet
  facet normal -0.74123 -0.671251 0
    outer loop
      vertex 55.8761 14.4607 3.8
      vertex 55.9749 14.3516 2
      vertex 55.9749 14.3516 3.8
    endloop
  endfacet
  facet normal 0.671251 0.74123 -0
    outer loop
      vertex 36.0484 12.2405 2
      vertex 35.9393 12.3393 3.8
      vertex 36.0484 12.2405 3.8
    endloop
  endfacet
  facet normal 0.671251 0.74123 0
    outer loop
      vertex 35.9393 12.3393 3.8
      vertex 36.0484 12.2405 2
      vertex 35.9393 12.3393 2
    endloop
  endfacet
  facet normal 0.427269 -0.904125 0
    outer loop
      vertex 36.2929 14.7229 2
      vertex 36.426 14.7858 3.8
      vertex 36.2929 14.7229 3.8
    endloop
  endfacet
  facet normal 0.427269 -0.904125 0
    outer loop
      vertex 36.426 14.7858 3.8
      vertex 36.2929 14.7229 2
      vertex 36.426 14.7858 2
    endloop
  endfacet
  facet normal 0.514096 -0.857733 0
    outer loop
      vertex 36.1666 14.6472 2
      vertex 36.2929 14.7229 3.8
      vertex 36.1666 14.6472 3.8
    endloop
  endfacet
  facet normal 0.514096 -0.857733 0
    outer loop
      vertex 36.2929 14.7229 3.8
      vertex 36.1666 14.6472 2
      vertex 36.2929 14.7229 2
    endloop
  endfacet
  facet normal -0.595861 -0.803088 0
    outer loop
      vertex 55.6488 14.6472 2
      vertex 55.767 14.5595 3.8
      vertex 55.6488 14.6472 3.8
    endloop
  endfacet
  facet normal -0.595861 -0.803088 -0
    outer loop
      vertex 55.767 14.5595 3.8
      vertex 55.6488 14.6472 2
      vertex 55.767 14.5595 2
    endloop
  endfacet
  facet normal -0.146746 -0.989174 0
    outer loop
      vertex 54.9624 14.8928 2
      vertex 55.108 14.8712 3.8
      vertex 54.9624 14.8928 3.8
    endloop
  endfacet
  facet normal -0.146746 -0.989174 -0
    outer loop
      vertex 55.108 14.8712 3.8
      vertex 54.9624 14.8928 2
      vertex 55.108 14.8712 2
    endloop
  endfacet
  facet normal -0.969982 0.243175 0
    outer loop
      vertex 56.2508 12.9646 2
      vertex 56.2866 13.1074 3.8
      vertex 56.2866 13.1074 2
    endloop
  endfacet
  facet normal -0.969982 0.243175 0
    outer loop
      vertex 56.2866 13.1074 3.8
      vertex 56.2508 12.9646 2
      vertex 56.2508 12.9646 3.8
    endloop
  endfacet
  facet normal 0.336939 0.941527 -0
    outer loop
      vertex 36.5646 11.9646 2
      vertex 36.426 12.0142 3.8
      vertex 36.5646 11.9646 3.8
    endloop
  endfacet
  facet normal 0.336939 0.941527 0
    outer loop
      vertex 36.426 12.0142 3.8
      vertex 36.5646 11.9646 2
      vertex 36.426 12.0142 2
    endloop
  endfacet
  facet normal 0.969982 0.243175 0
    outer loop
      vertex 35.5646 12.9646 3.8
      vertex 35.5288 13.1074 2
      vertex 35.5288 13.1074 3.8
    endloop
  endfacet
  facet normal 0.969982 0.243175 0
    outer loop
      vertex 35.5288 13.1074 2
      vertex 35.5646 12.9646 3.8
      vertex 35.5646 12.9646 2
    endloop
  endfacet
  facet normal -0.941527 -0.336939 0
    outer loop
      vertex 56.2508 13.8354 2
      vertex 56.2012 13.974 3.8
      vertex 56.2012 13.974 2
    endloop
  endfacet
  facet normal -0.941527 -0.336939 0
    outer loop
      vertex 56.2012 13.974 3.8
      vertex 56.2508 13.8354 2
      vertex 56.2508 13.8354 3.8
    endloop
  endfacet
  facet normal 0.989174 -0.146746 0
    outer loop
      vertex 35.5072 13.547 3.8
      vertex 35.5288 13.6926 2
      vertex 35.5288 13.6926 3.8
    endloop
  endfacet
  facet normal 0.989174 -0.146746 0
    outer loop
      vertex 35.5288 13.6926 2
      vertex 35.5072 13.547 3.8
      vertex 35.5072 13.547 2
    endloop
  endfacet
  facet normal -0.514096 -0.857733 0
    outer loop
      vertex 55.5225 14.7229 2
      vertex 55.6488 14.6472 3.8
      vertex 55.5225 14.7229 3.8
    endloop
  endfacet
  facet normal -0.514096 -0.857733 -0
    outer loop
      vertex 55.6488 14.6472 3.8
      vertex 55.5225 14.7229 2
      vertex 55.6488 14.6472 2
    endloop
  endfacet
  facet normal 0.427269 0.904125 -0
    outer loop
      vertex 36.426 12.0142 2
      vertex 36.2929 12.0771 3.8
      vertex 36.426 12.0142 3.8
    endloop
  endfacet
  facet normal 0.427269 0.904125 0
    outer loop
      vertex 36.2929 12.0771 3.8
      vertex 36.426 12.0142 2
      vertex 36.2929 12.0771 2
    endloop
  endfacet
  facet normal 0.671251 -0.74123 0
    outer loop
      vertex 35.9393 14.4607 2
      vertex 36.0484 14.5595 3.8
      vertex 35.9393 14.4607 3.8
    endloop
  endfacet
  facet normal 0.671251 -0.74123 0
    outer loop
      vertex 36.0484 14.5595 3.8
      vertex 35.9393 14.4607 2
      vertex 36.0484 14.5595 2
    endloop
  endfacet
  facet normal 0.904125 0.427269 0
    outer loop
      vertex 35.6771 12.6929 3.8
      vertex 35.6142 12.826 2
      vertex 35.6142 12.826 3.8
    endloop
  endfacet
  facet normal 0.904125 0.427269 0
    outer loop
      vertex 35.6142 12.826 2
      vertex 35.6771 12.6929 3.8
      vertex 35.6771 12.6929 2
    endloop
  endfacet
  facet normal -0.989174 -0.146746 0
    outer loop
      vertex 56.3082 13.547 2
      vertex 56.2866 13.6926 3.8
      vertex 56.2866 13.6926 2
    endloop
  endfacet
  facet normal -0.989174 -0.146746 0
    outer loop
      vertex 56.2866 13.6926 3.8
      vertex 56.3082 13.547 2
      vertex 56.3082 13.547 3.8
    endloop
  endfacet
  facet normal -0.803088 0.595861 0
    outer loop
      vertex 55.9749 12.4484 2
      vertex 56.0626 12.5666 3.8
      vertex 56.0626 12.5666 2
    endloop
  endfacet
  facet normal -0.803088 0.595861 0
    outer loop
      vertex 56.0626 12.5666 3.8
      vertex 55.9749 12.4484 2
      vertex 55.9749 12.4484 3.8
    endloop
  endfacet
  facet normal 0.803088 -0.595861 0
    outer loop
      vertex 35.7528 14.2334 3.8
      vertex 35.8405 14.3516 2
      vertex 35.8405 14.3516 3.8
    endloop
  endfacet
  facet normal 0.803088 -0.595861 0
    outer loop
      vertex 35.8405 14.3516 2
      vertex 35.7528 14.2334 3.8
      vertex 35.7528 14.2334 2
    endloop
  endfacet
  facet normal 0.857733 -0.514096 0
    outer loop
      vertex 35.6771 14.1071 3.8
      vertex 35.7528 14.2334 2
      vertex 35.7528 14.2334 3.8
    endloop
  endfacet
  facet normal 0.857733 -0.514096 0
    outer loop
      vertex 35.7528 14.2334 2
      vertex 35.6771 14.1071 3.8
      vertex 35.6771 14.1071 2
    endloop
  endfacet
  facet normal 0 1 -0
    outer loop
      vertex 54.8154 5.9 2
      vertex 37 5.9 3.8
      vertex 54.8154 5.9 3.8
    endloop
  endfacet
  facet normal 0 1 0
    outer loop
      vertex 37 5.9 3.8
      vertex 54.8154 5.9 2
      vertex 37 5.9 2
    endloop
  endfacet
  facet normal 0.0490565 -0.998796 0
    outer loop
      vertex 36.853 8.89278 2
      vertex 37 8.9 3.8
      vertex 36.853 8.89278 3.8
    endloop
  endfacet
  facet normal 0.0490565 -0.998796 0
    outer loop
      vertex 37 8.9 3.8
      vertex 36.853 8.89278 2
      vertex 37 8.9 2
    endloop
  endfacet
  facet normal -0.242983 0.970031 0
    outer loop
      vertex 55.2508 5.96459 2
      vertex 55.108 5.92882 3.8
      vertex 55.2508 5.96459 3.8
    endloop
  endfacet
  facet normal -0.242983 0.970031 0
    outer loop
      vertex 55.108 5.92882 3.8
      vertex 55.2508 5.96459 2
      vertex 55.108 5.92882 2
    endloop
  endfacet
  facet normal 0.941527 -0.336939 0
    outer loop
      vertex 35.5646 7.83543 3.8
      vertex 35.6142 7.97403 2
      vertex 35.6142 7.97403 3.8
    endloop
  endfacet
  facet normal 0.941527 -0.336939 0
    outer loop
      vertex 35.6142 7.97403 2
      vertex 35.5646 7.83543 3.8
      vertex 35.5646 7.83543 2
    endloop
  endfacet
  facet normal 0 -1 0
    outer loop
      vertex 37 8.9 2
      vertex 54.8154 8.9 3.8
      vertex 37 8.9 3.8
    endloop
  endfacet
  facet normal 0 -1 -0
    outer loop
      vertex 54.8154 8.9 3.8
      vertex 37 8.9 2
      vertex 54.8154 8.9 2
    endloop
  endfacet
  facet normal -0.595817 -0.80312 0
    outer loop
      vertex 55.6488 8.64721 2
      vertex 55.767 8.55952 3.8
      vertex 55.6488 8.64721 3.8
    endloop
  endfacet
  facet normal -0.595817 -0.80312 -0
    outer loop
      vertex 55.767 8.55952 3.8
      vertex 55.6488 8.64721 2
      vertex 55.767 8.55952 2
    endloop
  endfacet
  facet normal 0.989176 -0.146736 0
    outer loop
      vertex 35.5072 7.54703 3.8
      vertex 35.5288 7.69264 2
      vertex 35.5288 7.69264 3.8
    endloop
  endfacet
  facet normal 0.989176 -0.146736 0
    outer loop
      vertex 35.5288 7.69264 2
      vertex 35.5072 7.54703 3.8
      vertex 35.5072 7.54703 2
    endloop
  endfacet
  facet normal 0.242983 0.970031 -0
    outer loop
      vertex 36.7074 5.92882 2
      vertex 36.5646 5.96459 3.8
      vertex 36.7074 5.92882 3.8
    endloop
  endfacet
  facet normal 0.242983 0.970031 0
    outer loop
      vertex 36.5646 5.96459 3.8
      vertex 36.7074 5.92882 2
      vertex 36.5646 5.96459 2
    endloop
  endfacet
  facet normal -0.904088 0.427347 0
    outer loop
      vertex 56.1383 6.69291 2
      vertex 56.2012 6.82598 3.8
      vertex 56.2012 6.82598 2
    endloop
  endfacet
  facet normal -0.904088 0.427347 0
    outer loop
      vertex 56.2012 6.82598 3.8
      vertex 56.1383 6.69291 2
      vertex 56.1383 6.69291 3.8
    endloop
  endfacet
  facet normal -0.0490565 0.998796 0
    outer loop
      vertex 54.9624 5.90722 2
      vertex 54.8154 5.9 3.8
      vertex 54.9624 5.90722 3.8
    endloop
  endfacet
  facet normal -0.0490565 0.998796 0
    outer loop
      vertex 54.8154 5.9 3.8
      vertex 54.9624 5.90722 2
      vertex 54.8154 5.9 2
    endloop
  endfacet
  facet normal -0.671438 0.741061 0
    outer loop
      vertex 55.8761 6.33934 2
      vertex 55.767 6.24049 3.8
      vertex 55.8761 6.33934 3.8
    endloop
  endfacet
  facet normal -0.671438 0.741061 0
    outer loop
      vertex 55.767 6.24049 3.8
      vertex 55.8761 6.33934 2
      vertex 55.767 6.24049 2
    endloop
  endfacet
  facet normal -0.857679 0.514186 0
    outer loop
      vertex 56.0626 6.56664 2
      vertex 56.1383 6.69291 3.8
      vertex 56.1383 6.69291 2
    endloop
  endfacet
  facet normal -0.857679 0.514186 0
    outer loop
      vertex 56.1383 6.69291 3.8
      vertex 56.0626 6.56664 2
      vertex 56.0626 6.56664 3.8
    endloop
  endfacet
  facet normal -0.741138 -0.671353 0
    outer loop
      vertex 55.9749 8.35159 2
      vertex 55.8761 8.46066 3.8
      vertex 55.8761 8.46066 2
    endloop
  endfacet
  facet normal -0.741138 -0.671353 0
    outer loop
      vertex 55.8761 8.46066 3.8
      vertex 55.9749 8.35159 2
      vertex 55.9749 8.35159 3.8
    endloop
  endfacet
  facet normal -0.80316 0.595764 0
    outer loop
      vertex 55.9749 6.44841 2
      vertex 56.0626 6.56664 3.8
      vertex 56.0626 6.56664 2
    endloop
  endfacet
  facet normal -0.80316 0.595764 0
    outer loop
      vertex 56.0626 6.56664 3.8
      vertex 55.9749 6.44841 2
      vertex 55.9749 6.44841 3.8
    endloop
  endfacet
  facet normal -0.671475 -0.741027 0
    outer loop
      vertex 55.767 8.55952 2
      vertex 55.8761 8.46066 3.8
      vertex 55.767 8.55952 3.8
    endloop
  endfacet
  facet normal -0.671475 -0.741027 -0
    outer loop
      vertex 55.8761 8.46066 3.8
      vertex 55.767 8.55952 2
      vertex 55.8761 8.46066 2
    endloop
  endfacet
  facet normal -0.336879 0.941548 0
    outer loop
      vertex 55.3894 6.01418 2
      vertex 55.2508 5.96459 3.8
      vertex 55.3894 6.01418 3.8
    endloop
  endfacet
  facet normal -0.336879 0.941548 0
    outer loop
      vertex 55.2508 5.96459 3.8
      vertex 55.3894 6.01418 2
      vertex 55.2508 5.96459 2
    endloop
  endfacet
  facet normal 0.427491 -0.90402 0
    outer loop
      vertex 36.2929 8.72288 2
      vertex 36.426 8.78582 3.8
      vertex 36.2929 8.72288 3.8
    endloop
  endfacet
  facet normal 0.427491 -0.90402 0
    outer loop
      vertex 36.426 8.78582 3.8
      vertex 36.2929 8.72288 2
      vertex 36.426 8.78582 2
    endloop
  endfacet
  facet normal -0.989176 0.146736 0
    outer loop
      vertex 56.2866 7.10736 2
      vertex 56.3082 7.25297 3.8
      vertex 56.3082 7.25297 2
    endloop
  endfacet
  facet normal -0.989176 0.146736 0
    outer loop
      vertex 56.3082 7.25297 3.8
      vertex 56.2866 7.10736 2
      vertex 56.2866 7.10736 3.8
    endloop
  endfacet
  facet normal 0.0490565 0.998796 -0
    outer loop
      vertex 37 5.9 2
      vertex 36.853 5.90722 3.8
      vertex 37 5.9 3.8
    endloop
  endfacet
  facet normal 0.0490565 0.998796 0
    outer loop
      vertex 36.853 5.90722 3.8
      vertex 37 5.9 2
      vertex 36.853 5.90722 2
    endloop
  endfacet
  facet normal -0.80316 -0.595764 0
    outer loop
      vertex 56.0626 8.23336 2
      vertex 55.9749 8.35159 3.8
      vertex 55.9749 8.35159 2
    endloop
  endfacet
  facet normal -0.80316 -0.595764 0
    outer loop
      vertex 55.9749 8.35159 3.8
      vertex 56.0626 8.23336 2
      vertex 56.0626 8.23336 3.8
    endloop
  endfacet
  facet normal 0.904088 -0.427347 0
    outer loop
      vertex 35.6142 7.97403 3.8
      vertex 35.6771 8.1071 2
      vertex 35.6771 8.1071 3.8
    endloop
  endfacet
  facet normal 0.904088 -0.427347 0
    outer loop
      vertex 35.6771 8.1071 2
      vertex 35.6142 7.97403 3.8
      vertex 35.6142 7.97403 2
    endloop
  endfacet
  facet normal -0.146746 -0.989174 0
    outer loop
      vertex 54.9624 8.89278 2
      vertex 55.108 8.87118 3.8
      vertex 54.9624 8.89278 3.8
    endloop
  endfacet
  facet normal -0.146746 -0.989174 -0
    outer loop
      vertex 55.108 8.87118 3.8
      vertex 54.9624 8.89278 2
      vertex 55.108 8.87118 2
    endloop
  endfacet
  facet normal 0.904088 0.427347 0
    outer loop
      vertex 35.6771 6.69291 3.8
      vertex 35.6142 6.82598 2
      vertex 35.6142 6.82598 3.8
    endloop
  endfacet
  facet normal 0.904088 0.427347 0
    outer loop
      vertex 35.6142 6.82598 2
      vertex 35.6771 6.69291 3.8
      vertex 35.6771 6.69291 2
    endloop
  endfacet
  facet normal -0.857661 -0.514216 0
    outer loop
      vertex 56.1383 8.1071 2
      vertex 56.0626 8.23336 3.8
      vertex 56.0626 8.23336 2
    endloop
  endfacet
  facet normal -0.857661 -0.514216 0
    outer loop
      vertex 56.0626 8.23336 3.8
      vertex 56.1383 8.1071 2
      vertex 56.1383 8.1071 3.8
    endloop
  endfacet
  facet normal -0.941527 -0.336939 0
    outer loop
      vertex 56.2508 7.83543 2
      vertex 56.2012 7.97403 3.8
      vertex 56.2012 7.97403 2
    endloop
  endfacet
  facet normal -0.941527 -0.336939 0
    outer loop
      vertex 56.2012 7.97403 3.8
      vertex 56.2508 7.83543 2
      vertex 56.2508 7.83543 3.8
    endloop
  endfacet
  facet normal -0.0490565 -0.998796 0
    outer loop
      vertex 54.8154 8.9 2
      vertex 54.9624 8.89278 3.8
      vertex 54.8154 8.9 3.8
    endloop
  endfacet
  facet normal -0.0490565 -0.998796 -0
    outer loop
      vertex 54.9624 8.89278 3.8
      vertex 54.8154 8.9 2
      vertex 54.9624 8.89278 2
    endloop
  endfacet
  facet normal -0.242983 -0.970031 0
    outer loop
      vertex 55.108 8.87118 2
      vertex 55.2508 8.83541 3.8
      vertex 55.108 8.87118 3.8
    endloop
  endfacet
  facet normal -0.242983 -0.970031 -0
    outer loop
      vertex 55.2508 8.83541 3.8
      vertex 55.108 8.87118 2
      vertex 55.2508 8.83541 2
    endloop
  endfacet
  facet normal -0.427491 -0.90402 0
    outer loop
      vertex 55.3894 8.78582 2
      vertex 55.5225 8.72288 3.8
      vertex 55.3894 8.78582 3.8
    endloop
  endfacet
  facet normal -0.427491 -0.90402 -0
    outer loop
      vertex 55.5225 8.72288 3.8
      vertex 55.3894 8.78582 2
      vertex 55.5225 8.72288 2
    endloop
  endfacet
  facet normal 0.741138 0.671353 0
    outer loop
      vertex 35.9393 6.33934 3.8
      vertex 35.8405 6.44841 2
      vertex 35.8405 6.44841 3.8
    endloop
  endfacet
  facet normal 0.741138 0.671353 0
    outer loop
      vertex 35.8405 6.44841 2
      vertex 35.9393 6.33934 3.8
      vertex 35.9393 6.33934 2
    endloop
  endfacet
  facet normal -0.989176 -0.146736 0
    outer loop
      vertex 56.3082 7.54703 2
      vertex 56.2866 7.69264 3.8
      vertex 56.2866 7.69264 2
    endloop
  endfacet
  facet normal -0.989176 -0.146736 0
    outer loop
      vertex 56.2866 7.69264 3.8
      vertex 56.3082 7.54703 2
      vertex 56.3082 7.54703 3.8
    endloop
  endfacet
  facet normal 0.671438 0.741061 -0
    outer loop
      vertex 36.0484 6.24049 2
      vertex 35.9393 6.33934 3.8
      vertex 36.0484 6.24049 3.8
    endloop
  endfacet
  facet normal 0.671438 0.741061 0
    outer loop
      vertex 35.9393 6.33934 3.8
      vertex 36.0484 6.24049 2
      vertex 35.9393 6.33934 2
    endloop
  endfacet
  facet normal 0.513996 0.857792 -0
    outer loop
      vertex 36.2929 6.07712 2
      vertex 36.1666 6.1528 3.8
      vertex 36.2929 6.07712 3.8
    endloop
  endfacet
  facet normal 0.513996 0.857792 0
    outer loop
      vertex 36.1666 6.1528 3.8
      vertex 36.2929 6.07712 2
      vertex 36.1666 6.1528 2
    endloop
  endfacet
  facet normal -0.904088 -0.427347 0
    outer loop
      vertex 56.2012 7.97403 2
      vertex 56.1383 8.1071 3.8
      vertex 56.1383 8.1071 2
    endloop
  endfacet
  facet normal -0.904088 -0.427347 0
    outer loop
      vertex 56.1383 8.1071 3.8
      vertex 56.2012 7.97403 2
      vertex 56.2012 7.97403 3.8
    endloop
  endfacet
  facet normal -0.513946 -0.857822 0
    outer loop
      vertex 55.5225 8.72288 2
      vertex 55.6488 8.64721 3.8
      vertex 55.5225 8.72288 3.8
    endloop
  endfacet
  facet normal -0.513946 -0.857822 -0
    outer loop
      vertex 55.6488 8.64721 3.8
      vertex 55.5225 8.72288 2
      vertex 55.6488 8.64721 2
    endloop
  endfacet
  facet normal 0.336879 -0.941548 0
    outer loop
      vertex 36.426 8.78582 2
      vertex 36.5646 8.83541 3.8
      vertex 36.426 8.78582 3.8
    endloop
  endfacet
  facet normal 0.336879 -0.941548 0
    outer loop
      vertex 36.5646 8.83541 3.8
      vertex 36.426 8.78582 2
      vertex 36.5646 8.83541 2
    endloop
  endfacet
  facet normal 0.146746 -0.989174 0
    outer loop
      vertex 36.7074 8.87118 2
      vertex 36.853 8.89278 3.8
      vertex 36.7074 8.87118 3.8
    endloop
  endfacet
  facet normal 0.146746 -0.989174 0
    outer loop
      vertex 36.853 8.89278 3.8
      vertex 36.7074 8.87118 2
      vertex 36.853 8.89278 2
    endloop
  endfacet
  facet normal 0.80316 -0.595764 0
    outer loop
      vertex 35.7528 8.23336 3.8
      vertex 35.8405 8.35159 2
      vertex 35.8405 8.35159 3.8
    endloop
  endfacet
  facet normal 0.80316 -0.595764 0
    outer loop
      vertex 35.8405 8.35159 2
      vertex 35.7528 8.23336 3.8
      vertex 35.7528 8.23336 2
    endloop
  endfacet
  facet normal -0.427491 0.90402 0
    outer loop
      vertex 55.5225 6.07712 2
      vertex 55.3894 6.01418 3.8
      vertex 55.5225 6.07712 3.8
    endloop
  endfacet
  facet normal -0.427491 0.90402 0
    outer loop
      vertex 55.3894 6.01418 3.8
      vertex 55.5225 6.07712 2
      vertex 55.3894 6.01418 2
    endloop
  endfacet
  facet normal 0.242983 -0.970031 0
    outer loop
      vertex 36.5646 8.83541 2
      vertex 36.7074 8.87118 3.8
      vertex 36.5646 8.83541 3.8
    endloop
  endfacet
  facet normal 0.242983 -0.970031 0
    outer loop
      vertex 36.7074 8.87118 3.8
      vertex 36.5646 8.83541 2
      vertex 36.7074 8.87118 2
    endloop
  endfacet
  facet normal -0.969978 -0.243191 0
    outer loop
      vertex 56.2866 7.69264 2
      vertex 56.2508 7.83543 3.8
      vertex 56.2508 7.83543 2
    endloop
  endfacet
  facet normal -0.969978 -0.243191 0
    outer loop
      vertex 56.2508 7.83543 3.8
      vertex 56.2866 7.69264 2
      vertex 56.2866 7.69264 3.8
    endloop
  endfacet
  facet normal 0.336879 0.941548 -0
    outer loop
      vertex 36.5646 5.96459 2
      vertex 36.426 6.01418 3.8
      vertex 36.5646 5.96459 3.8
    endloop
  endfacet
  facet normal 0.336879 0.941548 0
    outer loop
      vertex 36.426 6.01418 3.8
      vertex 36.5646 5.96459 2
      vertex 36.426 6.01418 2
    endloop
  endfacet
  facet normal 0.427491 0.90402 -0
    outer loop
      vertex 36.426 6.01418 2
      vertex 36.2929 6.07712 3.8
      vertex 36.426 6.01418 3.8
    endloop
  endfacet
  facet normal 0.427491 0.90402 0
    outer loop
      vertex 36.2929 6.07712 3.8
      vertex 36.426 6.01418 2
      vertex 36.2929 6.07712 2
    endloop
  endfacet
  facet normal 0.595817 -0.80312 0
    outer loop
      vertex 36.0484 8.55952 2
      vertex 36.1666 8.64721 3.8
      vertex 36.0484 8.55952 3.8
    endloop
  endfacet
  facet normal 0.595817 -0.80312 0
    outer loop
      vertex 36.1666 8.64721 3.8
      vertex 36.0484 8.55952 2
      vertex 36.1666 8.64721 2
    endloop
  endfacet
  facet normal -0.513996 0.857792 0
    outer loop
      vertex 55.6488 6.1528 2
      vertex 55.5225 6.07712 3.8
      vertex 55.6488 6.1528 3.8
    endloop
  endfacet
  facet normal -0.513996 0.857792 0
    outer loop
      vertex 55.5225 6.07712 3.8
      vertex 55.6488 6.1528 2
      vertex 55.5225 6.07712 2
    endloop
  endfacet
  facet normal 0.595817 0.80312 -0
    outer loop
      vertex 36.1666 6.1528 2
      vertex 36.0484 6.24049 3.8
      vertex 36.1666 6.1528 3.8
    endloop
  endfacet
  facet normal 0.595817 0.80312 0
    outer loop
      vertex 36.0484 6.24049 3.8
      vertex 36.1666 6.1528 2
      vertex 36.0484 6.24049 2
    endloop
  endfacet
  facet normal 0.857679 0.514186 0
    outer loop
      vertex 35.7528 6.56664 3.8
      vertex 35.6771 6.69291 2
      vertex 35.6771 6.69291 3.8
    endloop
  endfacet
  facet normal 0.857679 0.514186 0
    outer loop
      vertex 35.6771 6.69291 2
      vertex 35.7528 6.56664 3.8
      vertex 35.7528 6.56664 2
    endloop
  endfacet
  facet normal 0.998803 0.048911 0
    outer loop
      vertex 35.5072 7.25297 3.8
      vertex 35.5 7.4 2
      vertex 35.5 7.4 3.8
    endloop
  endfacet
  facet normal 0.998803 0.048911 0
    outer loop
      vertex 35.5 7.4 2
      vertex 35.5072 7.25297 3.8
      vertex 35.5072 7.25297 2
    endloop
  endfacet
  facet normal 0.998803 -0.048911 0
    outer loop
      vertex 35.5 7.4 3.8
      vertex 35.5072 7.54703 2
      vertex 35.5072 7.54703 3.8
    endloop
  endfacet
  facet normal 0.998803 -0.048911 0
    outer loop
      vertex 35.5072 7.54703 2
      vertex 35.5 7.4 3.8
      vertex 35.5 7.4 2
    endloop
  endfacet
  facet normal -0.998803 -0.048911 0
    outer loop
      vertex 56.3154 7.4 2
      vertex 56.3082 7.54703 3.8
      vertex 56.3082 7.54703 2
    endloop
  endfacet
  facet normal -0.998803 -0.048911 0
    outer loop
      vertex 56.3082 7.54703 3.8
      vertex 56.3154 7.4 2
      vertex 56.3154 7.4 3.8
    endloop
  endfacet
  facet normal -0.336879 -0.941548 0
    outer loop
      vertex 55.2508 8.83541 2
      vertex 55.3894 8.78582 3.8
      vertex 55.2508 8.83541 3.8
    endloop
  endfacet
  facet normal -0.336879 -0.941548 -0
    outer loop
      vertex 55.3894 8.78582 3.8
      vertex 55.2508 8.83541 2
      vertex 55.3894 8.78582 2
    endloop
  endfacet
  facet normal -0.998803 0.048911 0
    outer loop
      vertex 56.3082 7.25297 2
      vertex 56.3154 7.4 3.8
      vertex 56.3154 7.4 2
    endloop
  endfacet
  facet normal -0.998803 0.048911 0
    outer loop
      vertex 56.3154 7.4 3.8
      vertex 56.3082 7.25297 2
      vertex 56.3082 7.25297 3.8
    endloop
  endfacet
  facet normal 0.989176 0.146736 0
    outer loop
      vertex 35.5288 7.10736 3.8
      vertex 35.5072 7.25297 2
      vertex 35.5072 7.25297 3.8
    endloop
  endfacet
  facet normal 0.989176 0.146736 0
    outer loop
      vertex 35.5072 7.25297 2
      vertex 35.5288 7.10736 3.8
      vertex 35.5288 7.10736 2
    endloop
  endfacet
  facet normal 0.857661 -0.514216 0
    outer loop
      vertex 35.6771 8.1071 3.8
      vertex 35.7528 8.23336 2
      vertex 35.7528 8.23336 3.8
    endloop
  endfacet
  facet normal 0.857661 -0.514216 0
    outer loop
      vertex 35.7528 8.23336 2
      vertex 35.6771 8.1071 3.8
      vertex 35.6771 8.1071 2
    endloop
  endfacet
  facet normal -0.941519 0.33696 0
    outer loop
      vertex 56.2012 6.82598 2
      vertex 56.2508 6.96457 3.8
      vertex 56.2508 6.96457 2
    endloop
  endfacet
  facet normal -0.941519 0.33696 0
    outer loop
      vertex 56.2508 6.96457 3.8
      vertex 56.2012 6.82598 2
      vertex 56.2012 6.82598 3.8
    endloop
  endfacet
  facet normal -0.969978 0.243191 0
    outer loop
      vertex 56.2508 6.96457 2
      vertex 56.2866 7.10736 3.8
      vertex 56.2866 7.10736 2
    endloop
  endfacet
  facet normal -0.969978 0.243191 0
    outer loop
      vertex 56.2866 7.10736 3.8
      vertex 56.2508 6.96457 2
      vertex 56.2508 6.96457 3.8
    endloop
  endfacet
  facet normal 0.969978 -0.243191 0
    outer loop
      vertex 35.5288 7.69264 3.8
      vertex 35.5646 7.83543 2
      vertex 35.5646 7.83543 3.8
    endloop
  endfacet
  facet normal 0.969978 -0.243191 0
    outer loop
      vertex 35.5646 7.83543 2
      vertex 35.5288 7.69264 3.8
      vertex 35.5288 7.69264 2
    endloop
  endfacet
  facet normal -0.146746 0.989174 0
    outer loop
      vertex 55.108 5.92882 2
      vertex 54.9624 5.90722 3.8
      vertex 55.108 5.92882 3.8
    endloop
  endfacet
  facet normal -0.146746 0.989174 0
    outer loop
      vertex 54.9624 5.90722 3.8
      vertex 55.108 5.92882 2
      vertex 54.9624 5.90722 2
    endloop
  endfacet
  facet normal 0.671475 -0.741027 0
    outer loop
      vertex 35.9393 8.46066 2
      vertex 36.0484 8.55952 3.8
      vertex 35.9393 8.46066 3.8
    endloop
  endfacet
  facet normal 0.671475 -0.741027 0
    outer loop
      vertex 36.0484 8.55952 3.8
      vertex 35.9393 8.46066 2
      vertex 36.0484 8.55952 2
    endloop
  endfacet
  facet normal 0.741138 -0.671353 0
    outer loop
      vertex 35.8405 8.35159 3.8
      vertex 35.9393 8.46066 2
      vertex 35.9393 8.46066 3.8
    endloop
  endfacet
  facet normal 0.741138 -0.671353 0
    outer loop
      vertex 35.9393 8.46066 2
      vertex 35.8405 8.35159 3.8
      vertex 35.8405 8.35159 2
    endloop
  endfacet
  facet normal 0.513946 -0.857822 0
    outer loop
      vertex 36.1666 8.64721 2
      vertex 36.2929 8.72288 3.8
      vertex 36.1666 8.64721 3.8
    endloop
  endfacet
  facet normal 0.513946 -0.857822 0
    outer loop
      vertex 36.2929 8.72288 3.8
      vertex 36.1666 8.64721 2
      vertex 36.2929 8.72288 2
    endloop
  endfacet
  facet normal 0.146746 0.989174 -0
    outer loop
      vertex 36.853 5.90722 2
      vertex 36.7074 5.92882 3.8
      vertex 36.853 5.90722 3.8
    endloop
  endfacet
  facet normal 0.146746 0.989174 0
    outer loop
      vertex 36.7074 5.92882 3.8
      vertex 36.853 5.90722 2
      vertex 36.7074 5.92882 2
    endloop
  endfacet
  facet normal -0.741138 0.671353 0
    outer loop
      vertex 55.8761 6.33934 2
      vertex 55.9749 6.44841 3.8
      vertex 55.9749 6.44841 2
    endloop
  endfacet
  facet normal -0.741138 0.671353 0
    outer loop
      vertex 55.9749 6.44841 3.8
      vertex 55.8761 6.33934 2
      vertex 55.8761 6.33934 3.8
    endloop
  endfacet
  facet normal 0.80316 0.595764 0
    outer loop
      vertex 35.8405 6.44841 3.8
      vertex 35.7528 6.56664 2
      vertex 35.7528 6.56664 3.8
    endloop
  endfacet
  facet normal 0.80316 0.595764 0
    outer loop
      vertex 35.7528 6.56664 2
      vertex 35.8405 6.44841 3.8
      vertex 35.8405 6.44841 2
    endloop
  endfacet
  facet normal 0.941519 0.33696 0
    outer loop
      vertex 35.6142 6.82598 3.8
      vertex 35.5646 6.96457 2
      vertex 35.5646 6.96457 3.8
    endloop
  endfacet
  facet normal 0.941519 0.33696 0
    outer loop
      vertex 35.5646 6.96457 2
      vertex 35.6142 6.82598 3.8
      vertex 35.6142 6.82598 2
    endloop
  endfacet
  facet normal 0.969978 0.243191 0
    outer loop
      vertex 35.5646 6.96457 3.8
      vertex 35.5288 7.10736 2
      vertex 35.5288 7.10736 3.8
    endloop
  endfacet
  facet normal 0.969978 0.243191 0
    outer loop
      vertex 35.5288 7.10736 2
      vertex 35.5646 6.96457 3.8
      vertex 35.5646 6.96457 2
    endloop
  endfacet
  facet normal -0.595817 0.80312 0
    outer loop
      vertex 55.767 6.24049 2
      vertex 55.6488 6.1528 3.8
      vertex 55.767 6.24049 3.8
    endloop
  endfacet
  facet normal -0.595817 0.80312 0
    outer loop
      vertex 55.6488 6.1528 3.8
      vertex 55.767 6.24049 2
      vertex 55.6488 6.1528 2
    endloop
  endfacet
  facet normal -0.608175 0.368222 -0.703233
    outer loop
      vertex -0.904639 30.0689 7.62939e-07
      vertex -1.72588 30.6223 1
      vertex -0.902641 30.0722 7.62939e-07
    endloop
  endfacet
  facet normal -0.609887 0.365534 -0.703152
    outer loop
      vertex -1.72588 30.6223 1
      vertex -0.904639 30.0689 7.62939e-07
      vertex -1.92768 30.2856 1
    endloop
  endfacet
  facet normal -0.642775 0.304 -0.703153
    outer loop
      vertex -1.81868 29.9 0.73365
      vertex -1.92768 30.2856 1
      vertex -1.2063 29.9 0.173854
    endloop
  endfacet
  facet normal -0.64279 0.303989 -0.703144
    outer loop
      vertex -1.92768 30.2856 1
      vertex -1.81868 29.9 0.73365
      vertex -2.09552 29.9307 1
    endloop
  endfacet
  facet normal 0 -0.710615 -0.703581
    outer loop
      vertex 1.6 -1.4099 7.62939e-07
      vertex 63.4 -2.4 1
      vertex 1.6 -2.4 1
    endloop
  endfacet
  facet normal 0 -0.710615 -0.703581
    outer loop
      vertex 63.4 -2.4 1
      vertex 1.6 -1.4099 7.62939e-07
      vertex 63.4 -1.4099 7.62939e-07
    endloop
  endfacet
  facet normal 0.034887 -0.710183 -0.703152
    outer loop
      vertex 63.7921 -2.38074 1
      vertex 63.4039 -1.40971 7.62939e-07
      vertex 63.695 -1.39541 7.62939e-07
    endloop
  endfacet
  facet normal 0.034599 -0.71019 -0.70316
    outer loop
      vertex 63.4039 -1.40971 7.62939e-07
      vertex 63.4 -2.4 1
      vertex 63.4 -1.4099 7.62939e-07
    endloop
  endfacet
  facet normal 0.0348843 -0.710183 -0.703152
    outer loop
      vertex 63.4 -2.4 1
      vertex 63.4039 -1.40971 7.62939e-07
      vertex 63.7921 -2.38074 1
    endloop
  endfacet
  facet normal 0 0.710615 -0.703581
    outer loop
      vertex 63.4 31.4099 7.62939e-07
      vertex 1.6 32.4 1
      vertex 63.4 32.4 1
    endloop
  endfacet
  facet normal 0 0.710615 -0.703581
    outer loop
      vertex 1.6 32.4 1
      vertex 63.4 31.4099 7.62939e-07
      vertex 1.6 31.4099 7.62939e-07
    endloop
  endfacet
  facet normal 0.477545 0.526812 -0.70315
    outer loop
      vertex 65.5283 30.5283 7.62939e-07
      vertex 65.3123 30.7241 7.62939e-07
      vertex 66.2284 31.2284 1
    endloop
  endfacet
  facet normal -0.304012 -0.642771 -0.703151
    outer loop
      vertex 0.44816 -1.18079 7.62939e-07
      vertex 0.0692654 -2.09552 1
      vertex 0.184655 -1.05616 7.62939e-07
    endloop
  endfacet
  facet normal -0.239672 -0.669434 -0.703147
    outer loop
      vertex 0.438861 -2.22776 1
      vertex 0.722612 -1.27899 7.62939e-07
      vertex 0.726271 -1.2803 7.62939e-07
    endloop
  endfacet
  facet normal -0.239537 -0.669478 -0.70315
    outer loop
      vertex 0.722612 -1.27899 7.62939e-07
      vertex 0.438861 -2.22776 1
      vertex 0.0692654 -2.09552 1
    endloop
  endfacet
  facet normal 0.710195 -0.0348828 -0.703141
    outer loop
      vertex 67.3807 1.20793 1
      vertex 66.3954 1.30498 7.62939e-07
      vertex 66.4097 1.59612 7.62939e-07
    endloop
  endfacet
  facet normal 0.52123 0.483999 -0.702897
    outer loop
      vertex 65.7241 30.3123 7.62939e-07
      vertex 66.492 30.9376 1
      vertex 65.7267 30.3095 7.62939e-07
    endloop
  endfacet
  facet normal 0.526817 0.477541 -0.703149
    outer loop
      vertex 66.492 30.9376 1
      vertex 65.7241 30.3123 7.62939e-07
      vertex 66.2284 31.2284 1
    endloop
  endfacet
  facet normal 0.172666 0.689759 -0.703149
    outer loop
      vertex 63.991 31.3511 7.62939e-07
      vertex 64.1804 32.3231 1
      vertex 64.5611 32.2278 1
    endloop
  endfacet
  facet normal 0.181019 0.687872 -0.702897
    outer loop
      vertex 64.1804 32.3231 1
      vertex 63.991 31.3511 7.62939e-07
      vertex 63.9872 31.3521 7.62939e-07
    endloop
  endfacet
  facet normal 0.239537 -0.669485 -0.703144
    outer loop
      vertex 64.5611 -2.22776 1
      vertex 64.2774 -1.27899 7.62939e-07
      vertex 64.9307 -2.09552 1
    endloop
  endfacet
  facet normal 0.237294 -0.67022 -0.703205
    outer loop
      vertex 64.2774 -1.27899 7.62939e-07
      vertex 64.5611 -2.22776 1
      vertex 64.2737 -1.2803 7.62939e-07
    endloop
  endfacet
  facet normal -0.571083 0.423595 -0.703158
    outer loop
      vertex -0.902641 30.0722 7.62939e-07
      vertex -1.72588 30.6223 1
      vertex -0.729 30.3063 7.62939e-07
    endloop
  endfacet
  facet normal 0.36565 0.609823 -0.703147
    outer loop
      vertex 65.0689 30.9046 7.62939e-07
      vertex 64.8189 31.0545 7.62939e-07
      vertex 65.2856 31.9277 1
    endloop
  endfacet
  facet normal -0.239545 0.669486 -0.703141
    outer loop
      vertex 0.44816 31.1808 7.62939e-07
      vertex 0.0692654 32.0955 1
      vertex 0.722612 31.279 7.62939e-07
    endloop
  endfacet
  facet normal 0.172786 -0.689729 -0.70315
    outer loop
      vertex 64.5611 -2.22776 1
      vertex 63.991 -1.35112 7.62939e-07
      vertex 64.2737 -1.2803 7.62939e-07
    endloop
  endfacet
  facet normal -0.576281 0.416903 -0.702917
    outer loop
      vertex -0.729 30.3063 7.62939e-07
      vertex -1.49204 30.9376 1
      vertex -0.726685 30.3095 7.62939e-07
    endloop
  endfacet
  facet normal -0.571104 0.423555 -0.703166
    outer loop
      vertex -1.49204 30.9376 1
      vertex -0.729 30.3063 7.62939e-07
      vertex -1.72588 30.6223 1
    endloop
  endfacet
  facet normal 0.710615 0 -0.703581
    outer loop
      vertex 67.4 1.6 1
      vertex 66.4099 2.9 7.62939e-07
      vertex 67.4 2.9 1
    endloop
  endfacet
  facet normal 0.710615 0 -0.703581
    outer loop
      vertex 66.4099 2.9 7.62939e-07
      vertex 67.4 1.6 1
      vertex 66.4099 1.6 7.62939e-07
    endloop
  endfacet
  facet normal 0.10438 0.703346 -0.703143
    outer loop
      vertex 63.9834 31.3526 7.62939e-07
      vertex 63.695 31.3954 7.62939e-07
      vertex 63.7921 32.3807 1
    endloop
  endfacet
  facet normal 0.642851 0.303946 -0.703107
    outer loop
      vertex 66.8187 29.9 0.73365
      vertex 66.9277 30.2856 1
      vertex 67.0955 29.9307 1
    endloop
  endfacet
  facet normal 0.642761 0.30401 -0.703162
    outer loop
      vertex 66.9277 30.2856 1
      vertex 66.8187 29.9 0.73365
      vertex 66.2063 29.9 0.173854
    endloop
  endfacet
  facet normal 0.0349565 0.710178 -0.703154
    outer loop
      vertex 63.4039 31.4097 7.62939e-07
      vertex 63.4 32.4 1
      vertex 63.7921 32.3807 1
    endloop
  endfacet
  facet normal 0.0364176 0.710144 -0.703114
    outer loop
      vertex 63.4 32.4 1
      vertex 63.4039 31.4097 7.62939e-07
      vertex 63.4 31.4099 7.62939e-07
    endloop
  endfacet
  facet normal 0.104333 -0.703345 -0.70315
    outer loop
      vertex 63.9834 -1.35264 7.62939e-07
      vertex 64.1804 -2.32314 1
      vertex 63.7921 -2.38074 1
    endloop
  endfacet
  facet normal 0.105472 -0.703145 -0.703181
    outer loop
      vertex 64.1804 -2.32314 1
      vertex 63.9834 -1.35264 7.62939e-07
      vertex 63.9872 -1.35207 7.62939e-07
    endloop
  endfacet
  facet normal 0.365562 -0.609876 -0.703146
    outer loop
      vertex 65.2856 -1.92768 1
      vertex 64.8189 -1.05449 7.62939e-07
      vertex 65.0689 -0.904639 7.62939e-07
    endloop
  endfacet
  facet normal 0.571059 0.42363 -0.703156
    outer loop
      vertex 65.729 30.3063 7.62939e-07
      vertex 66.492 30.9376 1
      vertex 66.7259 30.6223 1
    endloop
  endfacet
  facet normal 0.577632 0.415173 -0.702832
    outer loop
      vertex 66.492 30.9376 1
      vertex 65.729 30.3063 7.62939e-07
      vertex 65.7267 30.3095 7.62939e-07
    endloop
  endfacet
  facet normal -0.571152 -0.423516 -0.70315
    outer loop
      vertex -1.49204 -0.937572 1
      vertex -0.729 -0.306339 7.62939e-07
      vertex -0.726685 -0.309461 7.62939e-07
    endloop
  endfacet
  facet normal -0.57111 -0.42357 -0.703152
    outer loop
      vertex -0.729 -0.306339 7.62939e-07
      vertex -1.49204 -0.937572 1
      vertex -1.72588 -0.62228 1
    endloop
  endfacet
  facet normal 0.239581 -0.66946 -0.703153
    outer loop
      vertex 64.9307 -2.09552 1
      vertex 64.2774 -1.27899 7.62939e-07
      vertex 64.5518 -1.18079 7.62939e-07
    endloop
  endfacet
  facet normal -0.0348828 0.710195 -0.703141
    outer loop
      vertex 1.30498 31.3954 7.62939e-07
      vertex 1.20793 32.3807 1
      vertex 1.59612 31.4097 7.62939e-07
    endloop
  endfacet
  facet normal 0.23963 0.669444 -0.703152
    outer loop
      vertex 64.2774 31.279 7.62939e-07
      vertex 64.5611 32.2278 1
      vertex 64.9307 32.0955 1
    endloop
  endfacet
  facet normal 0.235665 0.67074 -0.703257
    outer loop
      vertex 64.5611 32.2278 1
      vertex 64.2774 31.279 7.62939e-07
      vertex 64.2737 31.2803 7.62939e-07
    endloop
  endfacet
  facet normal 0.304018 -0.642772 -0.703148
    outer loop
      vertex 65.2856 -1.92768 1
      vertex 64.5554 -1.17912 7.62939e-07
      vertex 64.8189 -1.05449 7.62939e-07
    endloop
  endfacet
  facet normal 0.526787 -0.477567 -0.703153
    outer loop
      vertex 66.2284 -1.22843 1
      vertex 65.5283 -0.528321 7.62939e-07
      vertex 65.7241 -0.312341 7.62939e-07
    endloop
  endfacet
  facet normal 0.66947 0.239875 -0.703043
    outer loop
      vertex 67.1065 29.9 1
      vertex 67.0571 29.9 0.952959
      vertex 67.0955 29.9307 1
    endloop
  endfacet
  facet normal 0.703015 -0.0915384 -0.70526
    outer loop
      vertex 67.3807 1.20793 1
      vertex 66.3521 1.0128 7.62939e-07
      vertex 66.3526 1.01664 7.62939e-07
    endloop
  endfacet
  facet normal 0.703369 -0.104339 -0.703126
    outer loop
      vertex 66.3521 1.0128 7.62939e-07
      vertex 67.3807 1.20793 1
      vertex 67.3231 0.819639 1
    endloop
  endfacet
  facet normal -0.182377 0.687561 -0.70285
    outer loop
      vertex 1.00903 31.3511 7.62939e-07
      vertex 0.819638 32.3231 1
      vertex 1.0128 31.3521 7.62939e-07
    endloop
  endfacet
  facet normal -0.172633 0.689767 -0.703149
    outer loop
      vertex 0.819638 32.3231 1
      vertex 1.00903 31.3511 7.62939e-07
      vertex 0.438861 32.2278 1
    endloop
  endfacet
  facet normal -0.0348869 -0.710183 -0.703152
    outer loop
      vertex 1.59612 -1.40971 7.62939e-07
      vertex 1.6 -2.4 1
      vertex 1.20793 -2.38074 1
    endloop
  endfacet
  facet normal -0.0347771 -0.710185 -0.703155
    outer loop
      vertex 1.6 -2.4 1
      vertex 1.59612 -1.40971 7.62939e-07
      vertex 1.6 -1.4099 7.62939e-07
    endloop
  endfacet
  facet normal -0.642697 0.304322 -0.703085
    outer loop
      vertex -2.02132 29.9 0.918885
      vertex -2.09552 29.9307 1
      vertex -1.81868 29.9 0.73365
    endloop
  endfacet
  facet normal 0.104307 -0.703344 -0.703155
    outer loop
      vertex 63.7921 -2.38074 1
      vertex 63.695 -1.39541 7.62939e-07
      vertex 63.9834 -1.35264 7.62939e-07
    endloop
  endfacet
  facet normal -0.309662 0.639908 -0.703297
    outer loop
      vertex -0.285586 31.9277 1
      vertex 0.184655 31.0562 7.62939e-07
      vertex 0.181142 31.0545 7.62939e-07
    endloop
  endfacet
  facet normal -0.303965 0.642804 -0.703141
    outer loop
      vertex 0.184655 31.0562 7.62939e-07
      vertex -0.285586 31.9277 1
      vertex 0.0692654 32.0955 1
    endloop
  endfacet
  facet normal -0.303955 0.642807 -0.703143
    outer loop
      vertex 0.184655 31.0562 7.62939e-07
      vertex 0.0692654 32.0955 1
      vertex 0.44816 31.1808 7.62939e-07
    endloop
  endfacet
  facet normal 0.423555 -0.571104 -0.703166
    outer loop
      vertex 65.3063 -0.729 7.62939e-07
      vertex 65.9376 -1.49204 1
      vertex 65.6223 -1.72588 1
    endloop
  endfacet
  facet normal 0.416903 -0.576281 -0.702917
    outer loop
      vertex 65.9376 -1.49204 1
      vertex 65.3063 -0.729 7.62939e-07
      vertex 65.3095 -0.726685 7.62939e-07
    endloop
  endfacet
  facet normal 0.47754 -0.526795 -0.703166
    outer loop
      vertex 65.9376 -1.49204 1
      vertex 65.3123 -0.724075 7.62939e-07
      vertex 66.2284 -1.22843 1
    endloop
  endfacet
  facet normal 0.485015 -0.520322 -0.702869
    outer loop
      vertex 65.3123 -0.724075 7.62939e-07
      vertex 65.9376 -1.49204 1
      vertex 65.3095 -0.726685 7.62939e-07
    endloop
  endfacet
  facet normal 0.104337 0.703367 -0.703128
    outer loop
      vertex 63.9872 31.3521 7.62939e-07
      vertex 63.7921 32.3807 1
      vertex 64.1804 32.3231 1
    endloop
  endfacet
  facet normal 0.0925058 0.703044 -0.705104
    outer loop
      vertex 63.7921 32.3807 1
      vertex 63.9872 31.3521 7.62939e-07
      vertex 63.9834 31.3526 7.62939e-07
    endloop
  endfacet
  facet normal 0.571116 0.423519 -0.703178
    outer loop
      vertex 65.9026 30.0722 7.62939e-07
      vertex 65.729 30.3063 7.62939e-07
      vertex 66.7259 30.6223 1
    endloop
  endfacet
  facet normal 0.0348875 0.710193 -0.703142
    outer loop
      vertex 63.695 31.3954 7.62939e-07
      vertex 63.4039 31.4097 7.62939e-07
      vertex 63.7921 32.3807 1
    endloop
  endfacet
  facet normal -0.710184 -0.0348823 -0.703151
    outer loop
      vertex -1.39541 1.30498 7.62939e-07
      vertex -2.38074 1.20793 1
      vertex -1.40971 1.59612 7.62939e-07
    endloop
  endfacet
  facet normal -0.421782 0.572523 -0.703078
    outer loop
      vertex -0.937572 31.492 1
      vertex -0.306339 30.729 7.62939e-07
      vertex -0.309461 30.7267 7.62939e-07
    endloop
  endfacet
  facet normal -0.423646 0.571065 -0.703142
    outer loop
      vertex -0.306339 30.729 7.62939e-07
      vertex -0.937572 31.492 1
      vertex -0.62228 31.7259 1
    endloop
  endfacet
  facet normal 0.571065 -0.423646 -0.703142
    outer loop
      vertex 66.492 -0.937572 1
      vertex 65.729 -0.306339 7.62939e-07
      vertex 66.7259 -0.62228 1
    endloop
  endfacet
  facet normal 0.572523 -0.421782 -0.703078
    outer loop
      vertex 65.729 -0.306339 7.62939e-07
      vertex 66.492 -0.937572 1
      vertex 65.7267 -0.309461 7.62939e-07
    endloop
  endfacet
  facet normal 0.172802 -0.689722 -0.703153
    outer loop
      vertex 64.1804 -2.32314 1
      vertex 63.991 -1.35112 7.62939e-07
      vertex 64.5611 -2.22776 1
    endloop
  endfacet
  facet normal 0.17245 -0.6898 -0.703162
    outer loop
      vertex 63.991 -1.35112 7.62939e-07
      vertex 64.1804 -2.32314 1
      vertex 63.9872 -1.35207 7.62939e-07
    endloop
  endfacet
  facet normal -0.526867 0.477483 -0.703151
    outer loop
      vertex -0.724075 30.3123 7.62939e-07
      vertex -1.22843 31.2284 1
      vertex -0.528321 30.5283 7.62939e-07
    endloop
  endfacet
  facet normal -0.520322 0.485015 -0.702869
    outer loop
      vertex -1.49204 30.9376 1
      vertex -0.724075 30.3123 7.62939e-07
      vertex -0.726685 30.3095 7.62939e-07
    endloop
  endfacet
  facet normal -0.526795 0.47754 -0.703166
    outer loop
      vertex -0.724075 30.3123 7.62939e-07
      vertex -1.49204 30.9376 1
      vertex -1.22843 31.2284 1
    endloop
  endfacet
  facet normal -0.609885 -0.365537 -0.703152
    outer loop
      vertex -0.904639 -0.0688776 7.62939e-07
      vertex -1.92768 -0.285586 1
      vertex -1.05449 0.181143 7.62939e-07
    endloop
  endfacet
  facet normal -0.669403 0.239852 -0.703115
    outer loop
      vertex -2.05711 29.9 0.952959
      vertex -2.09552 29.9307 1
      vertex -2.02132 29.9 0.918885
    endloop
  endfacet
  facet normal -0.239541 -0.669476 -0.703151
    outer loop
      vertex 0.722612 -1.27899 7.62939e-07
      vertex 0.0692654 -2.09552 1
      vertex 0.44816 -1.18079 7.62939e-07
    endloop
  endfacet
  facet normal -0.669505 0.23967 -0.70308
    outer loop
      vertex -2.05711 29.9 0.952959
      vertex -2.10651 29.9 1
      vertex -2.09552 29.9307 1
    endloop
  endfacet
  facet normal -0.477477 -0.526871 -0.703152
    outer loop
      vertex -0.937572 -1.49204 1
      vertex -0.312341 -0.724075 7.62939e-07
      vertex -0.309461 -0.726685 7.62939e-07
    endloop
  endfacet
  facet normal -0.477497 -0.526853 -0.703151
    outer loop
      vertex -0.312341 -0.724075 7.62939e-07
      vertex -0.937572 -1.49204 1
      vertex -1.22843 -1.22843 1
    endloop
  endfacet
  facet normal 0.710139 -0.0366051 -0.703109
    outer loop
      vertex 67.4 1.6 1
      vertex 66.4097 1.59612 7.62939e-07
      vertex 66.4099 1.6 7.62939e-07
    endloop
  endfacet
  facet normal 0.710178 -0.0349591 -0.703154
    outer loop
      vertex 66.4097 1.59612 7.62939e-07
      vertex 67.4 1.6 1
      vertex 67.3807 1.20793 1
    endloop
  endfacet
  facet normal -0.609893 0.365506 -0.703162
    outer loop
      vertex -1.2063 29.9 0.173854
      vertex -0.904639 30.0689 7.62939e-07
      vertex -1.00586 29.9 7.62939e-07
    endloop
  endfacet
  facet normal -0.609895 0.365516 -0.703155
    outer loop
      vertex -0.904639 30.0689 7.62939e-07
      vertex -1.2063 29.9 0.173854
      vertex -1.92768 30.2856 1
    endloop
  endfacet
  facet normal 0.423519 0.571116 -0.703178
    outer loop
      vertex 65.3063 30.729 7.62939e-07
      vertex 65.0722 30.9026 7.62939e-07
      vertex 65.6223 31.7259 1
    endloop
  endfacet
  facet normal 0.689736 -0.172704 -0.703162
    outer loop
      vertex 67.2278 0.438862 1
      vertex 66.2803 0.726272 7.62939e-07
      vertex 66.3511 1.00903 7.62939e-07
    endloop
  endfacet
  facet normal 0.609831 -0.365625 -0.703153
    outer loop
      vertex 66.9277 -0.285586 1
      vertex 65.9046 -0.0688776 7.62939e-07
      vertex 66.0545 0.181143 7.62939e-07
    endloop
  endfacet
  facet normal -0.703346 -0.104403 -0.703139
    outer loop
      vertex -1.35207 1.0128 7.62939e-07
      vertex -2.38074 1.20793 1
      vertex -1.35264 1.01664 7.62939e-07
    endloop
  endfacet
  facet normal -0.703344 -0.104336 -0.703151
    outer loop
      vertex -2.38074 1.20793 1
      vertex -1.35207 1.0128 7.62939e-07
      vertex -2.32314 0.819639 1
    endloop
  endfacet
  facet normal 0.642831 0.304019 -0.703094
    outer loop
      vertex 67.0213 29.9 0.918885
      vertex 66.8187 29.9 0.73365
      vertex 67.0955 29.9307 1
    endloop
  endfacet
  facet normal 0.368479 0.60799 -0.703258
    outer loop
      vertex 65.0689 30.9046 7.62939e-07
      vertex 65.6223 31.7259 1
      vertex 65.0722 30.9026 7.62939e-07
    endloop
  endfacet
  facet normal 0.365525 0.609872 -0.70317
    outer loop
      vertex 65.6223 31.7259 1
      vertex 65.0689 30.9046 7.62939e-07
      vertex 65.2856 31.9277 1
    endloop
  endfacet
  facet normal 0.415173 0.577632 -0.702832
    outer loop
      vertex 65.3063 30.729 7.62939e-07
      vertex 65.9376 31.492 1
      vertex 65.3095 30.7267 7.62939e-07
    endloop
  endfacet
  facet normal 0.42363 0.571059 -0.703156
    outer loop
      vertex 65.9376 31.492 1
      vertex 65.3063 30.729 7.62939e-07
      vertex 65.6223 31.7259 1
    endloop
  endfacet
  facet normal -0.104335 0.703344 -0.703151
    outer loop
      vertex 1.01664 31.3526 7.62939e-07
      vertex 0.819638 32.3231 1
      vertex 1.20793 32.3807 1
    endloop
  endfacet
  facet normal -0.0918585 0.705473 -0.702759
    outer loop
      vertex 0.819638 32.3231 1
      vertex 1.01664 31.3526 7.62939e-07
      vertex 1.0128 31.3521 7.62939e-07
    endloop
  endfacet
  facet normal -0.710185 -0.0347771 -0.703155
    outer loop
      vertex -1.40971 1.59612 7.62939e-07
      vertex -2.4 1.6 1
      vertex -1.4099 1.6 7.62939e-07
    endloop
  endfacet
  facet normal -0.710183 -0.0348869 -0.703152
    outer loop
      vertex -2.4 1.6 1
      vertex -1.40971 1.59612 7.62939e-07
      vertex -2.38074 1.20793 1
    endloop
  endfacet
  facet normal -0.104335 -0.703344 -0.703151
    outer loop
      vertex 1.0128 -1.35207 7.62939e-07
      vertex 1.20793 -2.38074 1
      vertex 0.819638 -2.32314 1
    endloop
  endfacet
  facet normal -0.104403 -0.703346 -0.703139
    outer loop
      vertex 1.20793 -2.38074 1
      vertex 1.0128 -1.35207 7.62939e-07
      vertex 1.01664 -1.35264 7.62939e-07
    endloop
  endfacet
  facet normal -0.526853 -0.477497 -0.703151
    outer loop
      vertex -1.49204 -0.937572 1
      vertex -0.724075 -0.312341 7.62939e-07
      vertex -1.22843 -1.22843 1
    endloop
  endfacet
  facet normal -0.526871 -0.477477 -0.703152
    outer loop
      vertex -0.724075 -0.312341 7.62939e-07
      vertex -1.49204 -0.937572 1
      vertex -0.726685 -0.309461 7.62939e-07
    endloop
  endfacet
  facet normal 0.669437 -0.239631 -0.703158
    outer loop
      vertex 66.279 0.722613 7.62939e-07
      vertex 67.2278 0.438862 1
      vertex 67.0955 0.0692663 1
    endloop
  endfacet
  facet normal 0.669962 -0.23803 -0.703202
    outer loop
      vertex 67.2278 0.438862 1
      vertex 66.279 0.722613 7.62939e-07
      vertex 66.2803 0.726272 7.62939e-07
    endloop
  endfacet
  facet normal -0.710615 0 -0.703581
    outer loop
      vertex -1.4099 1.6 7.62939e-07
      vertex -2.4 2.9 1
      vertex -1.4099 2.9 7.62939e-07
    endloop
  endfacet
  facet normal -0.710615 -0 -0.703581
    outer loop
      vertex -2.4 2.9 1
      vertex -1.4099 1.6 7.62939e-07
      vertex -2.4 1.6 1
    endloop
  endfacet
  facet normal -0.476458 0.527769 -0.70317
    outer loop
      vertex -0.312341 30.7241 7.62939e-07
      vertex -0.937572 31.492 1
      vertex -0.309461 30.7267 7.62939e-07
    endloop
  endfacet
  facet normal -0.477498 0.526875 -0.703135
    outer loop
      vertex -0.937572 31.492 1
      vertex -0.312341 30.7241 7.62939e-07
      vertex -1.22843 31.2284 1
    endloop
  endfacet
  facet normal -0.477567 0.526787 -0.703153
    outer loop
      vertex -0.528321 30.5283 7.62939e-07
      vertex -1.22843 31.2284 1
      vertex -0.312341 30.7241 7.62939e-07
    endloop
  endfacet
  facet normal -0.0348823 -0.710184 -0.703151
    outer loop
      vertex 1.59612 -1.40971 7.62939e-07
      vertex 1.20793 -2.38074 1
      vertex 1.30498 -1.39541 7.62939e-07
    endloop
  endfacet
  facet normal 0.703346 -0.104402 -0.703139
    outer loop
      vertex 67.3807 1.20793 1
      vertex 66.3526 1.01664 7.62939e-07
      vertex 66.3954 1.30498 7.62939e-07
    endloop
  endfacet
  facet normal 0.30399 -0.642792 -0.703142
    outer loop
      vertex 64.9307 -2.09552 1
      vertex 64.5554 -1.17912 7.62939e-07
      vertex 65.2856 -1.92768 1
    endloop
  endfacet
  facet normal 0.299166 -0.644909 -0.703272
    outer loop
      vertex 64.5554 -1.17912 7.62939e-07
      vertex 64.9307 -2.09552 1
      vertex 64.5518 -1.18079 7.62939e-07
    endloop
  endfacet
  facet normal 0.689767 -0.172633 -0.703149
    outer loop
      vertex 66.3511 1.00903 7.62939e-07
      vertex 67.3231 0.819639 1
      vertex 67.2278 0.438862 1
    endloop
  endfacet
  facet normal 0.687561 -0.182377 -0.70285
    outer loop
      vertex 67.3231 0.819639 1
      vertex 66.3511 1.00903 7.62939e-07
      vertex 66.3521 1.0128 7.62939e-07
    endloop
  endfacet
  facet normal 0.526812 0.477545 -0.70315
    outer loop
      vertex 65.7241 30.3123 7.62939e-07
      vertex 65.5283 30.5283 7.62939e-07
      vertex 66.2284 31.2284 1
    endloop
  endfacet
  facet normal -0.423489 0.571144 -0.703172
    outer loop
      vertex -0.306339 30.729 7.62939e-07
      vertex -0.62228 31.7259 1
      vertex -0.0722112 30.9026 7.62939e-07
    endloop
  endfacet
  facet normal 0.642797 -0.303951 -0.703154
    outer loop
      vertex 66.9277 -0.285586 1
      vertex 66.0545 0.181143 7.62939e-07
      vertex 66.1791 0.444648 7.62939e-07
    endloop
  endfacet
  facet normal -0.365538 -0.609884 -0.703152
    outer loop
      vertex 0.181142 -1.05449 7.62939e-07
      vertex -0.285586 -1.92768 1
      vertex -0.0688776 -0.904639 7.62939e-07
    endloop
  endfacet
  facet normal 0.477541 0.526817 -0.703149
    outer loop
      vertex 65.3123 30.7241 7.62939e-07
      vertex 65.9376 31.492 1
      vertex 66.2284 31.2284 1
    endloop
  endfacet
  facet normal 0.483999 0.52123 -0.702897
    outer loop
      vertex 65.9376 31.492 1
      vertex 65.3123 30.7241 7.62939e-07
      vertex 65.3095 30.7267 7.62939e-07
    endloop
  endfacet
  facet normal -0.477505 -0.526843 -0.703154
    outer loop
      vertex -0.312341 -0.724075 7.62939e-07
      vertex -1.22843 -1.22843 1
      vertex -0.528321 -0.528321 7.62939e-07
    endloop
  endfacet
  facet normal -0.0366051 0.710139 -0.703109
    outer loop
      vertex 1.59612 31.4097 7.62939e-07
      vertex 1.6 32.4 1
      vertex 1.6 31.4099 7.62939e-07
    endloop
  endfacet
  facet normal -0.0349591 0.710178 -0.703154
    outer loop
      vertex 1.6 32.4 1
      vertex 1.59612 31.4097 7.62939e-07
      vertex 1.20793 32.3807 1
    endloop
  endfacet
  facet normal -0.68973 -0.172769 -0.703153
    outer loop
      vertex -2.32314 0.819639 1
      vertex -1.35112 1.00903 7.62939e-07
      vertex -2.22776 0.438862 1
    endloop
  endfacet
  facet normal -0.689511 -0.173749 -0.703126
    outer loop
      vertex -1.35112 1.00903 7.62939e-07
      vertex -2.32314 0.819639 1
      vertex -1.35207 1.0128 7.62939e-07
    endloop
  endfacet
  facet normal -0.365626 0.609831 -0.703153
    outer loop
      vertex -0.0688776 30.9046 7.62939e-07
      vertex -0.285586 31.9277 1
      vertex 0.181142 31.0545 7.62939e-07
    endloop
  endfacet
  facet normal 0.669227 0.240308 -0.703127
    outer loop
      vertex 67.0571 29.9 0.952959
      vertex 67.0213 29.9 0.918885
      vertex 67.0955 29.9307 1
    endloop
  endfacet
  facet normal 0.30393 0.642818 -0.703144
    outer loop
      vertex 64.5554 31.1791 7.62939e-07
      vertex 64.9307 32.0955 1
      vertex 65.2856 31.9277 1
    endloop
  endfacet
  facet normal 0.303618 0.642956 -0.703153
    outer loop
      vertex 64.9307 32.0955 1
      vertex 64.5554 31.1791 7.62939e-07
      vertex 64.5518 31.1808 7.62939e-07
    endloop
  endfacet
  facet normal -0.104402 0.703346 -0.703139
    outer loop
      vertex 1.30498 31.3954 7.62939e-07
      vertex 1.01664 31.3526 7.62939e-07
      vertex 1.20793 32.3807 1
    endloop
  endfacet
  facet normal 0.303957 0.642799 -0.70315
    outer loop
      vertex 64.8189 31.0545 7.62939e-07
      vertex 64.5554 31.1791 7.62939e-07
      vertex 65.2856 31.9277 1
    endloop
  endfacet
  facet normal 0.609869 -0.365529 -0.70317
    outer loop
      vertex 66.7259 -0.62228 1
      vertex 65.9046 -0.0688776 7.62939e-07
      vertex 66.9277 -0.285586 1
    endloop
  endfacet
  facet normal 0.609702 -0.365792 -0.703179
    outer loop
      vertex 65.9046 -0.0688776 7.62939e-07
      vertex 66.7259 -0.62228 1
      vertex 65.9026 -0.0722112 7.62939e-07
    endloop
  endfacet
  facet normal 0.365534 -0.609887 -0.703152
    outer loop
      vertex 65.0689 -0.904639 7.62939e-07
      vertex 65.6223 -1.72588 1
      vertex 65.2856 -1.92768 1
    endloop
  endfacet
  facet normal 0.368222 -0.608175 -0.703233
    outer loop
      vertex 65.6223 -1.72588 1
      vertex 65.0689 -0.904639 7.62939e-07
      vertex 65.0722 -0.902641 7.62939e-07
    endloop
  endfacet
  facet normal 0.423595 -0.571083 -0.703158
    outer loop
      vertex 65.6223 -1.72588 1
      vertex 65.0722 -0.902641 7.62939e-07
      vertex 65.3063 -0.729 7.62939e-07
    endloop
  endfacet
  facet normal -0.172703 0.689736 -0.703162
    outer loop
      vertex 0.726271 31.2803 7.62939e-07
      vertex 0.438861 32.2278 1
      vertex 1.00903 31.3511 7.62939e-07
    endloop
  endfacet
  facet normal -0.23803 0.669962 -0.703202
    outer loop
      vertex 0.722612 31.279 7.62939e-07
      vertex 0.438861 32.2278 1
      vertex 0.726271 31.2803 7.62939e-07
    endloop
  endfacet
  facet normal -0.239631 0.669437 -0.703158
    outer loop
      vertex 0.438861 32.2278 1
      vertex 0.722612 31.279 7.62939e-07
      vertex 0.0692654 32.0955 1
    endloop
  endfacet
  facet normal 0.477483 -0.526867 -0.703151
    outer loop
      vertex 66.2284 -1.22843 1
      vertex 65.3123 -0.724075 7.62939e-07
      vertex 65.5283 -0.528321 7.62939e-07
    endloop
  endfacet
  facet normal 0.526875 -0.477498 -0.703135
    outer loop
      vertex 65.7241 -0.312341 7.62939e-07
      vertex 66.492 -0.937572 1
      vertex 66.2284 -1.22843 1
    endloop
  endfacet
  facet normal 0.527769 -0.476458 -0.70317
    outer loop
      vertex 66.492 -0.937572 1
      vertex 65.7241 -0.312341 7.62939e-07
      vertex 65.7267 -0.309461 7.62939e-07
    endloop
  endfacet
  facet normal 0.571144 -0.423489 -0.703172
    outer loop
      vertex 66.7259 -0.62228 1
      vertex 65.729 -0.306339 7.62939e-07
      vertex 65.9026 -0.0722112 7.62939e-07
    endloop
  endfacet
  facet normal 0.669486 -0.239545 -0.703141
    outer loop
      vertex 67.0955 0.0692663 1
      vertex 66.1808 0.448161 7.62939e-07
      vertex 66.279 0.722613 7.62939e-07
    endloop
  endfacet
  facet normal 0.609872 0.365525 -0.70317
    outer loop
      vertex 65.9046 30.0689 7.62939e-07
      vertex 66.7259 30.6223 1
      vertex 66.9277 30.2856 1
    endloop
  endfacet
  facet normal 0.60799 0.368479 -0.703258
    outer loop
      vertex 66.7259 30.6223 1
      vertex 65.9046 30.0689 7.62939e-07
      vertex 65.9026 30.0722 7.62939e-07
    endloop
  endfacet
  facet normal 0.609889 0.365789 -0.703017
    outer loop
      vertex 65.9046 30.0689 7.62939e-07
      vertex 66.2063 29.9 0.173854
      vertex 66.0059 29.9 7.62939e-07
    endloop
  endfacet
  facet normal 0.609852 0.365575 -0.703161
    outer loop
      vertex 66.2063 29.9 0.173854
      vertex 65.9046 30.0689 7.62939e-07
      vertex 66.9277 30.2856 1
    endloop
  endfacet
  facet normal 0.172737 0.689728 -0.703162
    outer loop
      vertex 64.2737 31.2803 7.62939e-07
      vertex 63.991 31.3511 7.62939e-07
      vertex 64.5611 32.2278 1
    endloop
  endfacet
  facet normal -0.365792 0.609702 -0.703179
    outer loop
      vertex -0.62228 31.7259 1
      vertex -0.0688776 30.9046 7.62939e-07
      vertex -0.0722112 30.9026 7.62939e-07
    endloop
  endfacet
  facet normal -0.365529 0.609869 -0.70317
    outer loop
      vertex -0.0688776 30.9046 7.62939e-07
      vertex -0.62228 31.7259 1
      vertex -0.285586 31.9277 1
    endloop
  endfacet
  facet normal -0.172752 -0.689737 -0.70315
    outer loop
      vertex 1.00903 -1.35112 7.62939e-07
      vertex 0.438861 -2.22776 1
      vertex 0.726271 -1.2803 7.62939e-07
    endloop
  endfacet
  facet normal 0.642792 -0.303959 -0.703156
    outer loop
      vertex 66.1791 0.444648 7.62939e-07
      vertex 67.0955 0.0692663 1
      vertex 66.9277 -0.285586 1
    endloop
  endfacet
  facet normal 0.640198 -0.309802 -0.702972
    outer loop
      vertex 67.0955 0.0692663 1
      vertex 66.1791 0.444648 7.62939e-07
      vertex 66.1808 0.448161 7.62939e-07
    endloop
  endfacet
  facet normal -0.304021 -0.642769 -0.70315
    outer loop
      vertex -0.285586 -1.92768 1
      vertex 0.184655 -1.05616 7.62939e-07
      vertex 0.0692654 -2.09552 1
    endloop
  endfacet
  facet normal -0.30526 -0.642142 -0.703186
    outer loop
      vertex 0.184655 -1.05616 7.62939e-07
      vertex -0.285586 -1.92768 1
      vertex 0.181142 -1.05449 7.62939e-07
    endloop
  endfacet
  facet normal 0.239584 0.66947 -0.703143
    outer loop
      vertex 64.5518 31.1808 7.62939e-07
      vertex 64.2774 31.279 7.62939e-07
      vertex 64.9307 32.0955 1
    endloop
  endfacet
  facet normal -0.609886 -0.365536 -0.703152
    outer loop
      vertex -1.72588 -0.62228 1
      vertex -0.904639 -0.0688776 7.62939e-07
      vertex -0.902641 -0.0722112 7.62939e-07
    endloop
  endfacet
  facet normal -0.609884 -0.365538 -0.703152
    outer loop
      vertex -0.904639 -0.0688776 7.62939e-07
      vertex -1.72588 -0.62228 1
      vertex -1.92768 -0.285586 1
    endloop
  endfacet
  facet normal -0.689737 -0.172753 -0.70315
    outer loop
      vertex -1.2803 0.726272 7.62939e-07
      vertex -2.22776 0.438862 1
      vertex -1.35112 1.00903 7.62939e-07
    endloop
  endfacet
  facet normal -0.669478 -0.239537 -0.70315
    outer loop
      vertex -2.22776 0.438862 1
      vertex -1.27899 0.722613 7.62939e-07
      vertex -2.09552 0.0692663 1
    endloop
  endfacet
  facet normal -0.669434 -0.239672 -0.703147
    outer loop
      vertex -1.27899 0.722613 7.62939e-07
      vertex -2.22776 0.438862 1
      vertex -1.2803 0.726272 7.62939e-07
    endloop
  endfacet
  facet normal -0.669476 -0.239541 -0.703151
    outer loop
      vertex -1.18079 0.448161 7.62939e-07
      vertex -2.09552 0.0692663 1
      vertex -1.27899 0.722613 7.62939e-07
    endloop
  endfacet
  facet normal -0.703344 -0.104328 -0.703152
    outer loop
      vertex -1.35264 1.01664 7.62939e-07
      vertex -2.38074 1.20793 1
      vertex -1.39541 1.30498 7.62939e-07
    endloop
  endfacet
  facet normal -0.104328 -0.703344 -0.703152
    outer loop
      vertex 1.20793 -2.38074 1
      vertex 1.01664 -1.35264 7.62939e-07
      vertex 1.30498 -1.39541 7.62939e-07
    endloop
  endfacet
  facet normal -0.173749 -0.689511 -0.703126
    outer loop
      vertex 0.819638 -2.32314 1
      vertex 1.00903 -1.35112 7.62939e-07
      vertex 1.0128 -1.35207 7.62939e-07
    endloop
  endfacet
  facet normal -0.172769 -0.68973 -0.703153
    outer loop
      vertex 1.00903 -1.35112 7.62939e-07
      vertex 0.819638 -2.32314 1
      vertex 0.438861 -2.22776 1
    endloop
  endfacet
  facet normal -0.526843 -0.477505 -0.703154
    outer loop
      vertex -0.528321 -0.528321 7.62939e-07
      vertex -1.22843 -1.22843 1
      vertex -0.724075 -0.312341 7.62939e-07
    endloop
  endfacet
  facet normal -0.42357 -0.57111 -0.703152
    outer loop
      vertex -0.937572 -1.49204 1
      vertex -0.306339 -0.729 7.62939e-07
      vertex -0.62228 -1.72588 1
    endloop
  endfacet
  facet normal -0.423516 -0.571152 -0.70315
    outer loop
      vertex -0.306339 -0.729 7.62939e-07
      vertex -0.937572 -1.49204 1
      vertex -0.309461 -0.726685 7.62939e-07
    endloop
  endfacet
  facet normal -0.571112 -0.423566 -0.703152
    outer loop
      vertex -0.729 -0.306339 7.62939e-07
      vertex -1.72588 -0.62228 1
      vertex -0.902641 -0.0722112 7.62939e-07
    endloop
  endfacet
  facet normal -0.423566 -0.571112 -0.703152
    outer loop
      vertex -0.0722112 -0.902641 7.62939e-07
      vertex -0.62228 -1.72588 1
      vertex -0.306339 -0.729 7.62939e-07
    endloop
  endfacet
  facet normal -0.365538 -0.609884 -0.703152
    outer loop
      vertex -0.62228 -1.72588 1
      vertex -0.0688776 -0.904639 7.62939e-07
      vertex -0.285586 -1.92768 1
    endloop
  endfacet
  facet normal -0.365536 -0.609886 -0.703152
    outer loop
      vertex -0.0688776 -0.904639 7.62939e-07
      vertex -0.62228 -1.72588 1
      vertex -0.0722112 -0.902641 7.62939e-07
    endloop
  endfacet
  facet normal -0.642765 -0.304019 -0.703154
    outer loop
      vertex -2.09552 0.0692663 1
      vertex -1.17912 0.444648 7.62939e-07
      vertex -1.92768 -0.285586 1
    endloop
  endfacet
  facet normal -0.642204 -0.305289 -0.703116
    outer loop
      vertex -1.17912 0.444648 7.62939e-07
      vertex -2.09552 0.0692663 1
      vertex -1.18079 0.448161 7.62939e-07
    endloop
  endfacet
  facet normal -0.642771 -0.304011 -0.703152
    outer loop
      vertex -1.05449 0.181143 7.62939e-07
      vertex -1.92768 -0.285586 1
      vertex -1.17912 0.444648 7.62939e-07
    endloop
  endfacet
  facet normal 0 0 1
    outer loop
      vertex -0.4 20.2 13.3
      vertex -1.35452 14.35 13.3
      vertex -0.4 8.5 13.3
    endloop
  endfacet
  facet normal 0 0 1
    outer loop
      vertex -0.4 20.2 13.3
      vertex -1.36581 14.5799 13.3
      vertex -1.35452 14.35 13.3
    endloop
  endfacet
  facet normal 0 0 1
    outer loop
      vertex -0.4 20.2 13.3
      vertex -1.40193 15.315 13.3
      vertex -1.36581 14.5799 13.3
    endloop
  endfacet
  facet normal 0 0 1
    outer loop
      vertex -0.4 20.2 13.3
      vertex -1.50993 16.0431 13.3
      vertex -1.40193 15.315 13.3
    endloop
  endfacet
  facet normal 0 0 1
    outer loop
      vertex -0.4 20.2 13.3
      vertex -1.5437 16.2708 13.3
      vertex -1.50993 16.0431 13.3
    endloop
  endfacet
  facet normal 0 0 1
    outer loop
      vertex -0.4 20.2 13.3
      vertex -1.59962 16.494 13.3
      vertex -1.5437 16.2708 13.3
    endloop
  endfacet
  facet normal 0 0 1
    outer loop
      vertex -0.4 20.2 13.3
      vertex -1.77846 17.208 13.3
      vertex -1.59962 16.494 13.3
    endloop
  endfacet
  facet normal 0 0 1
    outer loop
      vertex -0.4 20.2 13.3
      vertex -2.02643 17.901 13.3
      vertex -1.77846 17.208 13.3
    endloop
  endfacet
  facet normal 0 0 1
    outer loop
      vertex -0.4 20.2 13.3
      vertex -2.10396 18.1177 13.3
      vertex -2.02643 17.901 13.3
    endloop
  endfacet
  facet normal 0 0 1
    outer loop
      vertex -2.4 18.7436 13.3
      vertex -0.4 20.2 13.3
      vertex -2.4 20.2 13.3
    endloop
  endfacet
  facet normal 0 0 1
    outer loop
      vertex -0.4 20.2 13.3
      vertex -2.4 18.7436 13.3
      vertex -2.10396 18.1177 13.3
    endloop
  endfacet
  facet normal -0 0 1
    outer loop
      vertex -1.36581 14.1201 13.3
      vertex -0.4 8.5 13.3
      vertex -1.35452 14.35 13.3
    endloop
  endfacet
  facet normal -0 0 1
    outer loop
      vertex -1.40193 13.385 13.3
      vertex -0.4 8.5 13.3
      vertex -1.36581 14.1201 13.3
    endloop
  endfacet
  facet normal -0 0 1
    outer loop
      vertex -1.50993 12.6569 13.3
      vertex -0.4 8.5 13.3
      vertex -1.40193 13.385 13.3
    endloop
  endfacet
  facet normal -0 0 1
    outer loop
      vertex -1.5437 12.4292 13.3
      vertex -0.4 8.5 13.3
      vertex -1.50993 12.6569 13.3
    endloop
  endfacet
  facet normal -0 0 1
    outer loop
      vertex -1.59962 12.206 13.3
      vertex -0.4 8.5 13.3
      vertex -1.5437 12.4292 13.3
    endloop
  endfacet
  facet normal -0 0 1
    outer loop
      vertex -1.77846 11.492 13.3
      vertex -0.4 8.5 13.3
      vertex -1.59962 12.206 13.3
    endloop
  endfacet
  facet normal -0 0 1
    outer loop
      vertex -2.02643 10.799 13.3
      vertex -0.4 8.5 13.3
      vertex -1.77846 11.492 13.3
    endloop
  endfacet
  facet normal -0 0 1
    outer loop
      vertex -2.10396 10.5823 13.3
      vertex -0.4 8.5 13.3
      vertex -2.02643 10.799 13.3
    endloop
  endfacet
  facet normal -0 0 1
    outer loop
      vertex -2.4 9.95638 13.3
      vertex -0.4 8.5 13.3
      vertex -2.10396 10.5823 13.3
    endloop
  endfacet
  facet normal 0 0 1
    outer loop
      vertex -0.4 8.5 13.3
      vertex -2.4 9.95638 13.3
      vertex -2.4 8.5 13.3
    endloop
  endfacet
  facet normal 0 1 -0
    outer loop
      vertex -0.4 8.5 13.3
      vertex -2.4 8.5 15.8
      vertex -0.4 8.5 15.8
    endloop
  endfacet
  facet normal 0 1 0
    outer loop
      vertex -2.4 8.5 15.8
      vertex -0.4 8.5 13.3
      vertex -2.4 8.5 13.3
    endloop
  endfacet
  facet normal 0 -1 0
    outer loop
      vertex -2.4 20.2 13.3
      vertex -0.4 20.2 15.8
      vertex -2.4 20.2 15.8
    endloop
  endfacet
  facet normal 0 -1 -0
    outer loop
      vertex -0.4 20.2 15.8
      vertex -2.4 20.2 13.3
      vertex -0.4 20.2 13.3
    endloop
  endfacet
  facet normal -0.970211 0.143924 0.194873
    outer loop
      vertex -1.68608 12.4576 12.5702
      vertex -1.50993 12.6569 13.3
      vertex -1.5464 13.3992 12.5702
    endloop
  endfacet
  facet normal -0.970214 0.143892 0.194883
    outer loop
      vertex -1.50993 12.6569 13.3
      vertex -1.68608 12.4576 12.5702
      vertex -1.5437 12.4292 13.3
    endloop
  endfacet
  facet normal -0.970215 0.143913 0.194862
    outer loop
      vertex -1.50993 12.6569 13.3
      vertex -1.40193 13.385 13.3
      vertex -1.5464 13.3992 12.5702
    endloop
  endfacet
  facet normal -0.914028 0.135589 0.38232
    outer loop
      vertex -1.96547 12.5131 11.6311
      vertex -2.20364 13.4639 10.7245
      vertex -2.33381 12.5864 10.7245
    endloop
  endfacet
  facet normal -0.865192 0.409147 0.289901
    outer loop
      vertex -2.4 10.2955 12.5702
      vertex -2.23808 10.6379 12.5702
      vertex -2.4 10.7049 11.9924
    endloop
  endfacet
  facet normal -0.914028 -0.135589 0.38232
    outer loop
      vertex -2.20364 15.2361 10.7245
      vertex -1.96547 16.1869 11.6311
      vertex -2.33381 16.1136 10.7245
    endloop
  endfacet
  facet normal -0.955885 0.0469598 0.289962
    outer loop
      vertex -1.5464 13.3992 12.5702
      vertex -1.49969 14.35 12.5702
      vertex -1.78456 14.35 11.6311
    endloop
  endfacet
  facet normal -0.896331 -0.224555 0.382317
    outer loop
      vertex -2.4 16.7728 10.9564
      vertex -2.18998 17.0832 11.6311
      vertex -2.4 17.0195 11.1013
    endloop
  endfacet
  facet normal -0.896344 -0.224521 0.382306
    outer loop
      vertex -2.18998 17.0832 11.6311
      vertex -2.4 16.7728 10.9564
      vertex -1.96547 16.1869 11.6311
    endloop
  endfacet
  facet normal -0.922922 0.0453389 0.382309
    outer loop
      vertex -1.8299 13.4271 11.6311
      vertex -2.16011 14.35 10.7245
      vertex -2.20364 13.4639 10.7245
    endloop
  endfacet
  facet normal -0.979648 0.0481362 0.194866
    outer loop
      vertex -1.40193 13.385 13.3
      vertex -1.36581 14.1201 13.3
      vertex -1.5464 13.3992 12.5702
    endloop
  endfacet
  facet normal -0.979649 0.0481089 0.194869
    outer loop
      vertex -1.49969 14.35 12.5702
      vertex -1.36581 14.1201 13.3
      vertex -1.35452 14.35 13.3
    endloop
  endfacet
  facet normal -0.979647 0.0481272 0.194875
    outer loop
      vertex -1.36581 14.1201 13.3
      vertex -1.49969 14.35 12.5702
      vertex -1.5464 13.3992 12.5702
    endloop
  endfacet
  facet normal -0.955885 0.0469605 0.289962
    outer loop
      vertex -1.5464 13.3992 12.5702
      vertex -1.78456 14.35 11.6311
      vertex -1.8299 13.4271 11.6311
    endloop
  endfacet
  facet normal -0.928363 0.232518 0.28996
    outer loop
      vertex -1.91738 11.5341 12.5702
      vertex -1.68608 12.4576 12.5702
      vertex -2.18998 11.6168 11.6311
    endloop
  endfacet
  facet normal -0.872663 -0.129416 0.470862
    outer loop
      vertex -2.4 15.5008 10.4334
      vertex -2.33381 16.1136 10.7245
      vertex -2.4 16.1004 10.5982
    endloop
  endfacet
  facet normal -0.872628 -0.129447 0.470919
    outer loop
      vertex -2.33381 16.1136 10.7245
      vertex -2.4 15.5008 10.4334
      vertex -2.20364 15.2361 10.7245
    endloop
  endfacet
  facet normal -0.979647 -0.0481272 0.194875
    outer loop
      vertex -1.49969 14.35 12.5702
      vertex -1.36581 14.5799 13.3
      vertex -1.5464 15.3008 12.5702
    endloop
  endfacet
  facet normal -0.979649 -0.0481089 0.194869
    outer loop
      vertex -1.36581 14.5799 13.3
      vertex -1.49969 14.35 12.5702
      vertex -1.35452 14.35 13.3
    endloop
  endfacet
  facet normal -0.901058 -0.32244 0.290045
    outer loop
      vertex -2.18998 17.0832 11.6311
      vertex -2.4 17.9951 11.9924
      vertex -2.4 17.6701 11.6311
    endloop
  endfacet
  facet normal -0.901116 -0.3224 0.289909
    outer loop
      vertex -2.4 17.9951 11.9924
      vertex -2.18998 17.0832 11.6311
      vertex -2.23808 18.0621 12.5702
    endloop
  endfacet
  facet normal -0.928364 0.232542 0.289939
    outer loop
      vertex -1.68608 12.4576 12.5702
      vertex -1.96547 12.5131 11.6311
      vertex -2.18998 11.6168 11.6311
    endloop
  endfacet
  facet normal -0.914035 0.135575 0.382308
    outer loop
      vertex -1.96547 12.5131 11.6311
      vertex -1.8299 13.4271 11.6311
      vertex -2.20364 13.4639 10.7245
    endloop
  endfacet
  facet normal -0.896331 0.224555 0.382317
    outer loop
      vertex -2.18998 11.6168 11.6311
      vertex -2.4 11.9272 10.9564
      vertex -2.4 11.6805 11.1013
    endloop
  endfacet
  facet normal -0.896344 0.224521 0.382306
    outer loop
      vertex -2.4 11.9272 10.9564
      vertex -2.18998 11.6168 11.6311
      vertex -1.96547 12.5131 11.6311
    endloop
  endfacet
  facet normal -0.951419 0.238366 0.194893
    outer loop
      vertex -1.68608 12.4576 12.5702
      vertex -1.59962 12.206 13.3
      vertex -1.5437 12.4292 13.3
    endloop
  endfacet
  facet normal -0.951441 0.238298 0.194872
    outer loop
      vertex -1.59962 12.206 13.3
      vertex -1.68608 12.4576 12.5702
      vertex -1.91738 11.5341 12.5702
    endloop
  endfacet
  facet normal -0.946681 -0.140418 0.28996
    outer loop
      vertex -1.8299 15.2729 11.6311
      vertex -1.5464 15.3008 12.5702
      vertex -1.96547 16.1869 11.6311
    endloop
  endfacet
  facet normal -0.922921 0.045341 0.382311
    outer loop
      vertex -1.8299 13.4271 11.6311
      vertex -1.78456 14.35 11.6311
      vertex -2.16011 14.35 10.7245
    endloop
  endfacet
  facet normal -0.955885 -0.0469598 0.289962
    outer loop
      vertex -1.49969 14.35 12.5702
      vertex -1.5464 15.3008 12.5702
      vertex -1.78456 14.35 11.6311
    endloop
  endfacet
  facet normal -0.914035 -0.135575 0.382308
    outer loop
      vertex -1.8299 15.2729 11.6311
      vertex -1.96547 16.1869 11.6311
      vertex -2.20364 15.2361 10.7245
    endloop
  endfacet
  facet normal -0.970215 -0.143913 0.194862
    outer loop
      vertex -1.40193 15.315 13.3
      vertex -1.50993 16.0431 13.3
      vertex -1.5464 15.3008 12.5702
    endloop
  endfacet
  facet normal -0.870006 -0.311328 0.382315
    outer loop
      vertex -2.4 17.0195 11.1013
      vertex -2.18998 17.0832 11.6311
      vertex -2.4 17.6701 11.6311
    endloop
  endfacet
  facet normal -0.881122 -0.0433068 0.470902
    outer loop
      vertex -2.4 14.8209 10.3189
      vertex -2.20364 15.2361 10.7245
      vertex -2.4 15.2167 10.3553
    endloop
  endfacet
  facet normal -0.870006 0.311328 0.382315
    outer loop
      vertex -2.4 11.0299 11.6311
      vertex -2.18998 11.6168 11.6311
      vertex -2.4 11.6805 11.1013
    endloop
  endfacet
  facet normal -0.855769 0.214315 0.470881
    outer loop
      vertex -2.4 12.3221 10.7245
      vertex -2.33381 12.5864 10.7245
      vertex -2.4 12.5996 10.5982
    endloop
  endfacet
  facet normal -0.901058 0.32244 0.290045
    outer loop
      vertex -2.4 10.7049 11.9924
      vertex -2.18998 11.6168 11.6311
      vertex -2.4 11.0299 11.6311
    endloop
  endfacet
  facet normal -0.901116 0.3224 0.289909
    outer loop
      vertex -2.18998 11.6168 11.6311
      vertex -2.4 10.7049 11.9924
      vertex -2.23808 10.6379 12.5702
    endloop
  endfacet
  facet normal -0.923482 0.330463 0.194872
    outer loop
      vertex -2.23808 10.6379 12.5702
      vertex -2.02643 10.799 13.3
      vertex -1.91738 11.5341 12.5702
    endloop
  endfacet
  facet normal -0.923499 0.330406 0.194889
    outer loop
      vertex -2.02643 10.799 13.3
      vertex -2.23808 10.6379 12.5702
      vertex -2.10396 10.5823 13.3
    endloop
  endfacet
  facet normal -0.901083 0.322447 0.28996
    outer loop
      vertex -1.91738 11.5341 12.5702
      vertex -2.18998 11.6168 11.6311
      vertex -2.23808 10.6379 12.5702
    endloop
  endfacet
  facet normal -0.922922 -0.0453389 0.382309
    outer loop
      vertex -2.16011 14.35 10.7245
      vertex -1.8299 15.2729 11.6311
      vertex -2.20364 15.2361 10.7245
    endloop
  endfacet
  facet normal -0.946684 -0.140434 0.289946
    outer loop
      vertex -1.5464 15.3008 12.5702
      vertex -1.68608 16.2424 12.5702
      vertex -1.96547 16.1869 11.6311
    endloop
  endfacet
  facet normal -0.881137 -0.0432977 0.470875
    outer loop
      vertex -2.16011 14.35 10.7245
      vertex -2.4 14.8209 10.3189
      vertex -2.4 14.35 10.2756
    endloop
  endfacet
  facet normal -0.881132 -0.0432859 0.470886
    outer loop
      vertex -2.4 14.8209 10.3189
      vertex -2.16011 14.35 10.7245
      vertex -2.20364 15.2361 10.7245
    endloop
  endfacet
  facet normal -0.855769 -0.214315 0.470881
    outer loop
      vertex -2.4 16.1004 10.5982
      vertex -2.33381 16.1136 10.7245
      vertex -2.4 16.3779 10.7245
    endloop
  endfacet
  facet normal -0.896343 -0.22451 0.382315
    outer loop
      vertex -2.4 16.3779 10.7245
      vertex -1.96547 16.1869 11.6311
      vertex -2.4 16.7728 10.9564
    endloop
  endfacet
  facet normal -0.896347 -0.224477 0.382324
    outer loop
      vertex -1.96547 16.1869 11.6311
      vertex -2.4 16.3779 10.7245
      vertex -2.33381 16.1136 10.7245
    endloop
  endfacet
  facet normal -0.923493 -0.330445 0.194852
    outer loop
      vertex -1.91738 17.1659 12.5702
      vertex -1.77846 17.208 13.3
      vertex -2.02643 17.901 13.3
    endloop
  endfacet
  facet normal -0.923499 -0.330406 0.194889
    outer loop
      vertex -2.23808 18.0621 12.5702
      vertex -2.02643 17.901 13.3
      vertex -2.10396 18.1177 13.3
    endloop
  endfacet
  facet normal -0.923482 -0.330463 0.194872
    outer loop
      vertex -2.02643 17.901 13.3
      vertex -2.23808 18.0621 12.5702
      vertex -1.91738 17.1659 12.5702
    endloop
  endfacet
  facet normal -0.928364 -0.232542 0.289939
    outer loop
      vertex -1.96547 16.1869 11.6311
      vertex -1.68608 16.2424 12.5702
      vertex -2.18998 17.0832 11.6311
    endloop
  endfacet
  facet normal -0.951441 -0.238298 0.194872
    outer loop
      vertex -1.68608 16.2424 12.5702
      vertex -1.59962 16.494 13.3
      vertex -1.91738 17.1659 12.5702
    endloop
  endfacet
  facet normal -0.951419 -0.238366 0.194893
    outer loop
      vertex -1.59962 16.494 13.3
      vertex -1.68608 16.2424 12.5702
      vertex -1.5437 16.2708 13.3
    endloop
  endfacet
  facet normal -0.886685 -0.419311 0.194854
    outer loop
      vertex -2.4 18.4045 12.5702
      vertex -2.23808 18.0621 12.5702
      vertex -2.4 18.7086 13.2246
    endloop
  endfacet
  facet normal -0.87263 0.129455 0.470913
    outer loop
      vertex -2.4 13.1992 10.4334
      vertex -2.20364 13.4639 10.7245
      vertex -2.4 13.4833 10.3553
    endloop
  endfacet
  facet normal -0.881122 0.0433068 0.470902
    outer loop
      vertex -2.4 13.4833 10.3553
      vertex -2.20364 13.4639 10.7245
      vertex -2.4 13.8791 10.3189
    endloop
  endfacet
  facet normal -0.881137 0.0432977 0.470875
    outer loop
      vertex -2.4 13.8791 10.3189
      vertex -2.16011 14.35 10.7245
      vertex -2.4 14.35 10.2756
    endloop
  endfacet
  facet normal -0.881132 0.0432859 0.470886
    outer loop
      vertex -2.16011 14.35 10.7245
      vertex -2.4 13.8791 10.3189
      vertex -2.20364 13.4639 10.7245
    endloop
  endfacet
  facet normal -0.946681 0.140418 0.28996
    outer loop
      vertex -1.5464 13.3992 12.5702
      vertex -1.8299 13.4271 11.6311
      vertex -1.96547 12.5131 11.6311
    endloop
  endfacet
  facet normal -0.946684 0.140434 0.289946
    outer loop
      vertex -1.68608 12.4576 12.5702
      vertex -1.5464 13.3992 12.5702
      vertex -1.96547 12.5131 11.6311
    endloop
  endfacet
  facet normal -0.872663 0.129416 0.470862
    outer loop
      vertex -2.33381 12.5864 10.7245
      vertex -2.4 13.1992 10.4334
      vertex -2.4 12.5996 10.5982
    endloop
  endfacet
  facet normal -0.872628 0.129447 0.470919
    outer loop
      vertex -2.4 13.1992 10.4334
      vertex -2.33381 12.5864 10.7245
      vertex -2.20364 13.4639 10.7245
    endloop
  endfacet
  facet normal -0.896347 0.224477 0.382324
    outer loop
      vertex -2.4 12.3221 10.7245
      vertex -1.96547 12.5131 11.6311
      vertex -2.33381 12.5864 10.7245
    endloop
  endfacet
  facet normal -0.896343 0.22451 0.382315
    outer loop
      vertex -1.96547 12.5131 11.6311
      vertex -2.4 12.3221 10.7245
      vertex -2.4 11.9272 10.9564
    endloop
  endfacet
  facet normal -0.886651 0.419363 0.194895
    outer loop
      vertex -2.4 9.99143 13.2246
      vertex -2.10396 10.5823 13.3
      vertex -2.23808 10.6379 12.5702
    endloop
  endfacet
  facet normal -0.886646 0.419355 0.194939
    outer loop
      vertex -2.10396 10.5823 13.3
      vertex -2.4 9.99143 13.2246
      vertex -2.4 9.95638 13.3
    endloop
  endfacet
  facet normal -0.886688 0.419312 0.194835
    outer loop
      vertex -2.4 9.99143 13.2246
      vertex -2.23808 10.6379 12.5702
      vertex -2.4 10.2955 12.5702
    endloop
  endfacet
  facet normal -0.923493 0.330445 0.194852
    outer loop
      vertex -1.77846 11.492 13.3
      vertex -1.91738 11.5341 12.5702
      vertex -2.02643 10.799 13.3
    endloop
  endfacet
  facet normal -0.95144 0.238313 0.194857
    outer loop
      vertex -1.77846 11.492 13.3
      vertex -1.59962 12.206 13.3
      vertex -1.91738 11.5341 12.5702
    endloop
  endfacet
  facet normal -0.970214 -0.143892 0.194883
    outer loop
      vertex -1.68608 16.2424 12.5702
      vertex -1.50993 16.0431 13.3
      vertex -1.5437 16.2708 13.3
    endloop
  endfacet
  facet normal -0.970211 -0.143924 0.194873
    outer loop
      vertex -1.50993 16.0431 13.3
      vertex -1.68608 16.2424 12.5702
      vertex -1.5464 15.3008 12.5702
    endloop
  endfacet
  facet normal -0.979648 -0.0481362 0.194866
    outer loop
      vertex -1.36581 14.5799 13.3
      vertex -1.40193 15.315 13.3
      vertex -1.5464 15.3008 12.5702
    endloop
  endfacet
  facet normal -0.865192 -0.409147 0.289901
    outer loop
      vertex -2.4 17.9951 11.9924
      vertex -2.23808 18.0621 12.5702
      vertex -2.4 18.4045 12.5702
    endloop
  endfacet
  facet normal -0.928363 -0.232518 0.28996
    outer loop
      vertex -1.68608 16.2424 12.5702
      vertex -1.91738 17.1659 12.5702
      vertex -2.18998 17.0832 11.6311
    endloop
  endfacet
  facet normal -0.901083 -0.322447 0.28996
    outer loop
      vertex -2.18998 17.0832 11.6311
      vertex -1.91738 17.1659 12.5702
      vertex -2.23808 18.0621 12.5702
    endloop
  endfacet
  facet normal -0.95144 -0.238313 0.194857
    outer loop
      vertex -1.59962 16.494 13.3
      vertex -1.77846 17.208 13.3
      vertex -1.91738 17.1659 12.5702
    endloop
  endfacet
  facet normal -0.87263 -0.129455 0.470913
    outer loop
      vertex -2.4 15.2167 10.3553
      vertex -2.20364 15.2361 10.7245
      vertex -2.4 15.5008 10.4334
    endloop
  endfacet
  facet normal -0.955885 -0.0469605 0.289962
    outer loop
      vertex -1.78456 14.35 11.6311
      vertex -1.5464 15.3008 12.5702
      vertex -1.8299 15.2729 11.6311
    endloop
  endfacet
  facet normal -0.922921 -0.045341 0.382311
    outer loop
      vertex -1.78456 14.35 11.6311
      vertex -1.8299 15.2729 11.6311
      vertex -2.16011 14.35 10.7245
    endloop
  endfacet
  facet normal -0.886688 -0.419388 0.194676
    outer loop
      vertex -2.4 18.7086 13.2246
      vertex -2.10396 18.1177 13.3
      vertex -2.4 18.7436 13.3
    endloop
  endfacet
  facet normal -0.886659 -0.419346 0.194895
    outer loop
      vertex -2.10396 18.1177 13.3
      vertex -2.4 18.7086 13.2246
      vertex -2.23808 18.0621 12.5702
    endloop
  endfacet
  facet normal -0 0 1
    outer loop
      vertex 65.4 14.6 9.8
      vertex 67.4 6.4 9.8
      vertex 67.4 14.6 9.8
    endloop
  endfacet
  facet normal 0 0 1
    outer loop
      vertex 67.4 6.4 9.8
      vertex 65.4 14.6 9.8
      vertex 65.4 6.4 9.8
    endloop
  endfacet
  facet normal 0 1 -0
    outer loop
      vertex 67.4 6.4 9.8
      vertex 65.4 6.4 15.8
      vertex 67.4 6.4 15.8
    endloop
  endfacet
  facet normal 0 1 0
    outer loop
      vertex 65.4 6.4 15.8
      vertex 67.4 6.4 9.8
      vertex 65.4 6.4 9.8
    endloop
  endfacet
  facet normal 0 -1 0
    outer loop
      vertex 65.4 14.6 9.8
      vertex 67.4 14.6 15.8
      vertex 65.4 14.6 15.8
    endloop
  endfacet
  facet normal 0 -1 -0
    outer loop
      vertex 67.4 14.6 15.8
      vertex 65.4 14.6 9.8
      vertex 67.4 14.6 9.8
    endloop
  endfacet
  facet normal 0 -1 0
    outer loop
      vertex -2.05711 29.9 0.952959
      vertex -2.10651 29.9 2
      vertex -2.10651 29.9 1
    endloop
  endfacet
  facet normal 0 -1 0
    outer loop
      vertex -1.2063 29.9 0.173854
      vertex -2.10651 29.9 2
      vertex -1.81868 29.9 0.73365
    endloop
  endfacet
  facet normal 0 -1 0
    outer loop
      vertex -2.02132 29.9 0.918885
      vertex -2.10651 29.9 2
      vertex -2.05711 29.9 0.952959
    endloop
  endfacet
  facet normal 0 -1 0
    outer loop
      vertex -2.10651 29.9 2
      vertex -1.00586 29.9 7.62939e-07
      vertex 67.1065 29.9 2
    endloop
  endfacet
  facet normal 0 -1 0
    outer loop
      vertex -2.10651 29.9 2
      vertex -2.02132 29.9 0.918885
      vertex -1.81868 29.9 0.73365
    endloop
  endfacet
  facet normal -0 -1 0
    outer loop
      vertex 67.0213 29.9 0.918885
      vertex 67.1065 29.9 2
      vertex 66.8187 29.9 0.73365
    endloop
  endfacet
  facet normal 0 -1 -0
    outer loop
      vertex 67.1065 29.9 2
      vertex 67.0571 29.9 0.952959
      vertex 67.1065 29.9 1
    endloop
  endfacet
  facet normal 0 -1 0
    outer loop
      vertex 67.1065 29.9 2
      vertex 67.0213 29.9 0.918885
      vertex 67.0571 29.9 0.952959
    endloop
  endfacet
  facet normal 0 -1 0
    outer loop
      vertex -2.10651 29.9 2
      vertex -1.2063 29.9 0.173854
      vertex -1.00586 29.9 7.62939e-07
    endloop
  endfacet
  facet normal 0 -1 0
    outer loop
      vertex 66.0059 29.9 7.62939e-07
      vertex 67.1065 29.9 2
      vertex -1.00586 29.9 7.62939e-07
    endloop
  endfacet
  facet normal -0 -1 0
    outer loop
      vertex 66.2063 29.9 0.173854
      vertex 67.1065 29.9 2
      vertex 66.0059 29.9 7.62939e-07
    endloop
  endfacet
  facet normal 0 -1 0
    outer loop
      vertex 67.1065 29.9 2
      vertex 66.2063 29.9 0.173854
      vertex 66.8187 29.9 0.73365
    endloop
  endfacet
  facet normal 0 1 0
    outer loop
      vertex 66.4099 2.9 7.62939e-07
      vertex 67.4 2.9 2
      vertex 67.4 2.9 1
    endloop
  endfacet
  facet normal 0 1 0
    outer loop
      vertex 67.4 2.9 2
      vertex 66.4099 2.9 7.62939e-07
      vertex -2.4 2.9 2
    endloop
  endfacet
  facet normal 0 1 -0
    outer loop
      vertex -1.4099 2.9 7.62939e-07
      vertex -2.4 2.9 2
      vertex 66.4099 2.9 7.62939e-07
    endloop
  endfacet
  facet normal 0 1 0
    outer loop
      vertex -2.4 2.9 2
      vertex -1.4099 2.9 7.62939e-07
      vertex -2.4 2.9 1
    endloop
  endfacet
  facet normal 0 0 -1
    outer loop
      vertex 35.6142 19.974 2
      vertex 29.3858 19.974 2
      vertex 35.6771 20.1071 2
    endloop
  endfacet
  facet normal 0 0 -1
    outer loop
      vertex 35.7528 24.5666 2
      vertex 29.4928 25.253 2
      vertex 29.5 25.4 2
    endloop
  endfacet
  facet normal 0 0 -1
    outer loop
      vertex 29.3229 20.1071 2
      vertex 35.6771 20.1071 2
      vertex 29.3858 19.974 2
    endloop
  endfacet
  facet normal 0 0 -1
    outer loop
      vertex 35.7528 24.5666 2
      vertex 29.4712 25.1074 2
      vertex 29.4928 25.253 2
    endloop
  endfacet
  facet normal 0 0 -1
    outer loop
      vertex 35.6771 20.1071 2
      vertex 29.3229 20.1071 2
      vertex 35.7528 20.2334 2
    endloop
  endfacet
  facet normal 0 0 -1
    outer loop
      vertex 35.7528 24.5666 2
      vertex 29.4354 24.9646 2
      vertex 29.4712 25.1074 2
    endloop
  endfacet
  facet normal 0 0 -1
    outer loop
      vertex 29.2472 20.2334 2
      vertex 35.7528 20.2334 2
      vertex 29.3229 20.1071 2
    endloop
  endfacet
  facet normal 0 0 -1
    outer loop
      vertex 35.7528 24.5666 2
      vertex 29.3858 24.826 2
      vertex 29.4354 24.9646 2
    endloop
  endfacet
  facet normal 0 0 -1
    outer loop
      vertex 35.7528 20.2334 2
      vertex 29.2472 20.2334 2
      vertex 35.7528 24.5666 2
    endloop
  endfacet
  facet normal 0 0 -1
    outer loop
      vertex 35.7528 24.5666 2
      vertex 29.3229 24.6929 2
      vertex 29.3858 24.826 2
    endloop
  endfacet
  facet normal 0 0 -1
    outer loop
      vertex 29.2472 24.5666 2
      vertex 35.7528 24.5666 2
      vertex 29.2472 20.2334 2
    endloop
  endfacet
  facet normal 0 0 -1
    outer loop
      vertex 35.7528 24.5666 2
      vertex 29.2472 24.5666 2
      vertex 29.3229 24.6929 2
    endloop
  endfacet
  facet normal 0 0 -1
    outer loop
      vertex 29.1595 20.3516 2
      vertex 29.2472 24.5666 2
      vertex 29.2472 20.2334 2
    endloop
  endfacet
  facet normal 0 0 -1
    outer loop
      vertex 29.1595 20.3516 2
      vertex 29.1595 24.4484 2
      vertex 29.2472 24.5666 2
    endloop
  endfacet
  facet normal 0 0 -1
    outer loop
      vertex 29.0607 20.4607 2
      vertex 29.1595 24.4484 2
      vertex 29.1595 20.3516 2
    endloop
  endfacet
  facet normal 0 0 -1
    outer loop
      vertex 29.0607 20.4607 2
      vertex 29.0607 24.3393 2
      vertex 29.1595 24.4484 2
    endloop
  endfacet
  facet normal 0 0 -1
    outer loop
      vertex 28.9516 20.5595 2
      vertex 29.0607 24.3393 2
      vertex 29.0607 20.4607 2
    endloop
  endfacet
  facet normal 0 0 -1
    outer loop
      vertex 28.9516 20.5595 2
      vertex 28.9516 24.2405 2
      vertex 29.0607 24.3393 2
    endloop
  endfacet
  facet normal 0 0 -1
    outer loop
      vertex 28.8334 20.6472 2
      vertex 28.9516 24.2405 2
      vertex 28.9516 20.5595 2
    endloop
  endfacet
  facet normal 0 0 -1
    outer loop
      vertex 28.8334 20.6472 2
      vertex 28.8334 24.1528 2
      vertex 28.9516 24.2405 2
    endloop
  endfacet
  facet normal 0 0 -1
    outer loop
      vertex 28.7071 20.7229 2
      vertex 28.8334 24.1528 2
      vertex 28.8334 20.6472 2
    endloop
  endfacet
  facet normal 0 0 -1
    outer loop
      vertex 28.7071 20.7229 2
      vertex 28.7071 24.0771 2
      vertex 28.8334 24.1528 2
    endloop
  endfacet
  facet normal 0 0 -1
    outer loop
      vertex 28.574 20.7858 2
      vertex 28.7071 24.0771 2
      vertex 28.7071 20.7229 2
    endloop
  endfacet
  facet normal 0 0 -1
    outer loop
      vertex 28.574 20.7858 2
      vertex 28.574 24.0142 2
      vertex 28.7071 24.0771 2
    endloop
  endfacet
  facet normal 0 0 -1
    outer loop
      vertex 28.4354 20.8354 2
      vertex 28.574 24.0142 2
      vertex 28.574 20.7858 2
    endloop
  endfacet
  facet normal 0 0 -1
    outer loop
      vertex 28.4354 20.8354 2
      vertex 28.4354 23.9646 2
      vertex 28.574 24.0142 2
    endloop
  endfacet
  facet normal 0 0 -1
    outer loop
      vertex 28.2926 20.8712 2
      vertex 28.4354 23.9646 2
      vertex 28.4354 20.8354 2
    endloop
  endfacet
  facet normal 0 0 -1
    outer loop
      vertex 28.2926 20.8712 2
      vertex 28.2926 23.9288 2
      vertex 28.4354 23.9646 2
    endloop
  endfacet
  facet normal 0 0 -1
    outer loop
      vertex 28.147 20.8928 2
      vertex 28.2926 23.9288 2
      vertex 28.2926 20.8712 2
    endloop
  endfacet
  facet normal 0 0 -1
    outer loop
      vertex 28.147 20.8928 2
      vertex 28.147 23.9072 2
      vertex 28.2926 23.9288 2
    endloop
  endfacet
  facet normal 0 0 -1
    outer loop
      vertex 28 20.9 2
      vertex 28.147 23.9072 2
      vertex 28.147 20.8928 2
    endloop
  endfacet
  facet normal 0 0 -1
    outer loop
      vertex 28 20.9 2
      vertex 28 23.9 2
      vertex 28.147 23.9072 2
    endloop
  endfacet
  facet normal 0 0 -1
    outer loop
      vertex 10.1846 20.9 2
      vertex 28 23.9 2
      vertex 28 20.9 2
    endloop
  endfacet
  facet normal 0 0 -1
    outer loop
      vertex 10.1846 20.9 2
      vertex 10.1846 23.9 2
      vertex 28 23.9 2
    endloop
  endfacet
  facet normal 0 0 -1
    outer loop
      vertex 10.0376 20.8928 2
      vertex 10.1846 23.9 2
      vertex 10.1846 20.9 2
    endloop
  endfacet
  facet normal 0 0 -1
    outer loop
      vertex 10.0376 20.8928 2
      vertex 10.0376 23.9072 2
      vertex 10.1846 23.9 2
    endloop
  endfacet
  facet normal 0 0 -1
    outer loop
      vertex 9.89196 20.8712 2
      vertex 10.0376 23.9072 2
      vertex 10.0376 20.8928 2
    endloop
  endfacet
  facet normal 0 0 -1
    outer loop
      vertex 9.89196 20.8712 2
      vertex 9.89196 23.9288 2
      vertex 10.0376 23.9072 2
    endloop
  endfacet
  facet normal 0 0 -1
    outer loop
      vertex 9.74917 20.8354 2
      vertex 9.89196 23.9288 2
      vertex 9.89196 20.8712 2
    endloop
  endfacet
  facet normal 0 0 -1
    outer loop
      vertex 9.74917 20.8354 2
      vertex 9.74917 23.9646 2
      vertex 9.89196 23.9288 2
    endloop
  endfacet
  facet normal 0 0 -1
    outer loop
      vertex 9.61057 20.7858 2
      vertex 9.74917 23.9646 2
      vertex 9.74917 20.8354 2
    endloop
  endfacet
  facet normal 0 0 -1
    outer loop
      vertex 9.61057 20.7858 2
      vertex 9.61057 24.0142 2
      vertex 9.74917 23.9646 2
    endloop
  endfacet
  facet normal 0 0 -1
    outer loop
      vertex 9.4775 20.7229 2
      vertex 9.61057 24.0142 2
      vertex 9.61057 20.7858 2
    endloop
  endfacet
  facet normal 0 0 -1
    outer loop
      vertex 9.4775 20.7229 2
      vertex 9.4775 24.0771 2
      vertex 9.61057 24.0142 2
    endloop
  endfacet
  facet normal 0 0 -1
    outer loop
      vertex 9.35124 20.6472 2
      vertex 9.4775 24.0771 2
      vertex 9.4775 20.7229 2
    endloop
  endfacet
  facet normal 0 0 -1
    outer loop
      vertex 9.35124 20.6472 2
      vertex 9.35124 24.1528 2
      vertex 9.4775 24.0771 2
    endloop
  endfacet
  facet normal 0 0 -1
    outer loop
      vertex 9.233 20.5595 2
      vertex 9.35124 24.1528 2
      vertex 9.35124 20.6472 2
    endloop
  endfacet
  facet normal 0 0 -1
    outer loop
      vertex 9.233 20.5595 2
      vertex 9.233 24.2405 2
      vertex 9.35124 24.1528 2
    endloop
  endfacet
  facet normal 0 0 -1
    outer loop
      vertex 9.12393 20.4607 2
      vertex 9.233 24.2405 2
      vertex 9.233 20.5595 2
    endloop
  endfacet
  facet normal 0 0 -1
    outer loop
      vertex 9.12393 20.4607 2
      vertex 9.12393 24.3393 2
      vertex 9.233 24.2405 2
    endloop
  endfacet
  facet normal 0 0 -1
    outer loop
      vertex 9.02508 20.3516 2
      vertex 9.12393 24.3393 2
      vertex 9.12393 20.4607 2
    endloop
  endfacet
  facet normal 0 0 -1
    outer loop
      vertex 9.02508 20.3516 2
      vertex 9.02508 24.4484 2
      vertex 9.12393 24.3393 2
    endloop
  endfacet
  facet normal 0 0 -1
    outer loop
      vertex 8.93739 20.2334 2
      vertex 9.02508 24.4484 2
      vertex 9.02508 20.3516 2
    endloop
  endfacet
  facet normal 0 0 -1
    outer loop
      vertex 8.93739 20.2334 2
      vertex 8.93739 24.5666 2
      vertex 9.02508 24.4484 2
    endloop
  endfacet
  facet normal 0 0 -1
    outer loop
      vertex 8.86171 20.1071 2
      vertex 8.93739 24.5666 2
      vertex 8.93739 20.2334 2
    endloop
  endfacet
  facet normal 0 0 -1
    outer loop
      vertex 8.86171 20.1071 2
      vertex 8.86171 24.6929 2
      vertex 8.93739 24.5666 2
    endloop
  endfacet
  facet normal 0 0 -1
    outer loop
      vertex 8.79877 19.974 2
      vertex 8.86171 24.6929 2
      vertex 8.86171 20.1071 2
    endloop
  endfacet
  facet normal 0 0 -1
    outer loop
      vertex 8.79877 19.974 2
      vertex 8.79877 24.826 2
      vertex 8.86171 24.6929 2
    endloop
  endfacet
  facet normal 0 0 -1
    outer loop
      vertex 8.74918 19.8354 2
      vertex 8.79877 24.826 2
      vertex 8.79877 19.974 2
    endloop
  endfacet
  facet normal 0 0 -1
    outer loop
      vertex 8.74918 19.8354 2
      vertex 8.74918 24.9646 2
      vertex 8.79877 24.826 2
    endloop
  endfacet
  facet normal 0 0 -1
    outer loop
      vertex -2.4 28.4 2
      vertex 8.74918 19.8354 2
      vertex 8.71341 19.6926 2
    endloop
  endfacet
  facet normal 0 0 -1
    outer loop
      vertex 8.74918 19.8354 2
      vertex -2.4 28.4 2
      vertex 8.74918 24.9646 2
    endloop
  endfacet
  facet normal 0 0 -1
    outer loop
      vertex -2.4 28.4 2
      vertex 8.71341 19.6926 2
      vertex 8.69182 19.547 2
    endloop
  endfacet
  facet normal 0 0 -1
    outer loop
      vertex 8.74918 24.9646 2
      vertex -2.4 28.4 2
      vertex 8.71341 25.1074 2
    endloop
  endfacet
  facet normal 0 0 -1
    outer loop
      vertex -2.4 28.4 2
      vertex 8.69182 19.547 2
      vertex 8.68459 19.4 2
    endloop
  endfacet
  facet normal 0 0 -1
    outer loop
      vertex 8.71341 25.1074 2
      vertex -2.4 28.4 2
      vertex 8.69182 25.253 2
    endloop
  endfacet
  facet normal 0 0 -1
    outer loop
      vertex 35.6142 13.974 2
      vertex 29.3858 13.974 2
      vertex 35.6771 14.1071 2
    endloop
  endfacet
  facet normal 0 0 -1
    outer loop
      vertex 35.7528 18.5666 2
      vertex 29.4928 19.253 2
      vertex 29.5 19.4 2
    endloop
  endfacet
  facet normal 0 0 -1
    outer loop
      vertex 29.3229 14.1071 2
      vertex 35.6771 14.1071 2
      vertex 29.3858 13.974 2
    endloop
  endfacet
  facet normal 0 0 -1
    outer loop
      vertex 35.7528 18.5666 2
      vertex 29.4712 19.1074 2
      vertex 29.4928 19.253 2
    endloop
  endfacet
  facet normal 0 0 -1
    outer loop
      vertex 35.6771 14.1071 2
      vertex 29.3229 14.1071 2
      vertex 35.7528 14.2334 2
    endloop
  endfacet
  facet normal 0 0 -1
    outer loop
      vertex 35.7528 18.5666 2
      vertex 29.4354 18.9646 2
      vertex 29.4712 19.1074 2
    endloop
  endfacet
  facet normal 0 0 -1
    outer loop
      vertex 29.2472 14.2334 2
      vertex 35.7528 14.2334 2
      vertex 29.3229 14.1071 2
    endloop
  endfacet
  facet normal 0 0 -1
    outer loop
      vertex 35.7528 18.5666 2
      vertex 29.3858 18.826 2
      vertex 29.4354 18.9646 2
    endloop
  endfacet
  facet normal 0 0 -1
    outer loop
      vertex 35.7528 14.2334 2
      vertex 29.2472 14.2334 2
      vertex 35.7528 18.5666 2
    endloop
  endfacet
  facet normal 0 0 -1
    outer loop
      vertex 35.7528 18.5666 2
      vertex 29.3229 18.6929 2
      vertex 29.3858 18.826 2
    endloop
  endfacet
  facet normal 0 0 -1
    outer loop
      vertex 29.2472 18.5666 2
      vertex 35.7528 18.5666 2
      vertex 29.2472 14.2334 2
    endloop
  endfacet
  facet normal 0 0 -1
    outer loop
      vertex 35.7528 18.5666 2
      vertex 29.2472 18.5666 2
      vertex 29.3229 18.6929 2
    endloop
  endfacet
  facet normal 0 0 -1
    outer loop
      vertex 29.1595 14.3516 2
      vertex 29.2472 18.5666 2
      vertex 29.2472 14.2334 2
    endloop
  endfacet
  facet normal 0 0 -1
    outer loop
      vertex 29.1595 14.3516 2
      vertex 29.1595 18.4484 2
      vertex 29.2472 18.5666 2
    endloop
  endfacet
  facet normal 0 0 -1
    outer loop
      vertex 29.0607 14.4607 2
      vertex 29.1595 18.4484 2
      vertex 29.1595 14.3516 2
    endloop
  endfacet
  facet normal 0 0 -1
    outer loop
      vertex 29.0607 14.4607 2
      vertex 29.0607 18.3393 2
      vertex 29.1595 18.4484 2
    endloop
  endfacet
  facet normal 0 0 -1
    outer loop
      vertex 28.9516 14.5595 2
      vertex 29.0607 18.3393 2
      vertex 29.0607 14.4607 2
    endloop
  endfacet
  facet normal 0 0 -1
    outer loop
      vertex 28.9516 14.5595 2
      vertex 28.9516 18.2405 2
      vertex 29.0607 18.3393 2
    endloop
  endfacet
  facet normal 0 0 -1
    outer loop
      vertex 28.8334 14.6472 2
      vertex 28.9516 18.2405 2
      vertex 28.9516 14.5595 2
    endloop
  endfacet
  facet normal 0 0 -1
    outer loop
      vertex 28.8334 14.6472 2
      vertex 28.8334 18.1528 2
      vertex 28.9516 18.2405 2
    endloop
  endfacet
  facet normal 0 0 -1
    outer loop
      vertex 28.7071 14.7229 2
      vertex 28.8334 18.1528 2
      vertex 28.8334 14.6472 2
    endloop
  endfacet
  facet normal 0 0 -1
    outer loop
      vertex 28.7071 14.7229 2
      vertex 28.7071 18.0771 2
      vertex 28.8334 18.1528 2
    endloop
  endfacet
  facet normal 0 0 -1
    outer loop
      vertex 28.574 14.7858 2
      vertex 28.7071 18.0771 2
      vertex 28.7071 14.7229 2
    endloop
  endfacet
  facet normal 0 0 -1
    outer loop
      vertex 28.574 14.7858 2
      vertex 28.574 18.0142 2
      vertex 28.7071 18.0771 2
    endloop
  endfacet
  facet normal 0 0 -1
    outer loop
      vertex 28.4354 14.8354 2
      vertex 28.574 18.0142 2
      vertex 28.574 14.7858 2
    endloop
  endfacet
  facet normal 0 0 -1
    outer loop
      vertex 28.4354 14.8354 2
      vertex 28.4354 17.9646 2
      vertex 28.574 18.0142 2
    endloop
  endfacet
  facet normal 0 0 -1
    outer loop
      vertex 28.2926 14.8712 2
      vertex 28.4354 17.9646 2
      vertex 28.4354 14.8354 2
    endloop
  endfacet
  facet normal 0 0 -1
    outer loop
      vertex 28.2926 14.8712 2
      vertex 28.2926 17.9288 2
      vertex 28.4354 17.9646 2
    endloop
  endfacet
  facet normal 0 0 -1
    outer loop
      vertex 28.147 14.8928 2
      vertex 28.2926 17.9288 2
      vertex 28.2926 14.8712 2
    endloop
  endfacet
  facet normal 0 0 -1
    outer loop
      vertex 28.147 14.8928 2
      vertex 28.147 17.9072 2
      vertex 28.2926 17.9288 2
    endloop
  endfacet
  facet normal 0 0 -1
    outer loop
      vertex 28 14.9 2
      vertex 28.147 17.9072 2
      vertex 28.147 14.8928 2
    endloop
  endfacet
  facet normal 0 0 -1
    outer loop
      vertex 28 14.9 2
      vertex 28 17.9 2
      vertex 28.147 17.9072 2
    endloop
  endfacet
  facet normal 0 0 -1
    outer loop
      vertex 10.1846 14.9 2
      vertex 28 17.9 2
      vertex 28 14.9 2
    endloop
  endfacet
  facet normal 0 0 -1
    outer loop
      vertex 10.1846 14.9 2
      vertex 10.1846 17.9 2
      vertex 28 17.9 2
    endloop
  endfacet
  facet normal 0 0 -1
    outer loop
      vertex 10.0376 14.8928 2
      vertex 10.1846 17.9 2
      vertex 10.1846 14.9 2
    endloop
  endfacet
  facet normal 0 0 -1
    outer loop
      vertex 10.0376 14.8928 2
      vertex 10.0376 17.9072 2
      vertex 10.1846 17.9 2
    endloop
  endfacet
  facet normal 0 0 -1
    outer loop
      vertex 9.89196 14.8712 2
      vertex 10.0376 17.9072 2
      vertex 10.0376 14.8928 2
    endloop
  endfacet
  facet normal 0 0 -1
    outer loop
      vertex 9.89196 14.8712 2
      vertex 9.89196 17.9288 2
      vertex 10.0376 17.9072 2
    endloop
  endfacet
  facet normal 0 0 -1
    outer loop
      vertex 9.74917 14.8354 2
      vertex 9.89196 17.9288 2
      vertex 9.89196 14.8712 2
    endloop
  endfacet
  facet normal 0 0 -1
    outer loop
      vertex 9.74917 14.8354 2
      vertex 9.74917 17.9646 2
      vertex 9.89196 17.9288 2
    endloop
  endfacet
  facet normal 0 0 -1
    outer loop
      vertex 9.61057 14.7858 2
      vertex 9.74917 17.9646 2
      vertex 9.74917 14.8354 2
    endloop
  endfacet
  facet normal 0 0 -1
    outer loop
      vertex 9.61057 14.7858 2
      vertex 9.61057 18.0142 2
      vertex 9.74917 17.9646 2
    endloop
  endfacet
  facet normal 0 0 -1
    outer loop
      vertex 9.4775 14.7229 2
      vertex 9.61057 18.0142 2
      vertex 9.61057 14.7858 2
    endloop
  endfacet
  facet normal 0 0 -1
    outer loop
      vertex 9.4775 14.7229 2
      vertex 9.4775 18.0771 2
      vertex 9.61057 18.0142 2
    endloop
  endfacet
  facet normal 0 0 -1
    outer loop
      vertex 9.35124 14.6472 2
      vertex 9.4775 18.0771 2
      vertex 9.4775 14.7229 2
    endloop
  endfacet
  facet normal 0 0 -1
    outer loop
      vertex 9.35124 14.6472 2
      vertex 9.35124 18.1528 2
      vertex 9.4775 18.0771 2
    endloop
  endfacet
  facet normal 0 0 -1
    outer loop
      vertex 9.233 14.5595 2
      vertex 9.35124 18.1528 2
      vertex 9.35124 14.6472 2
    endloop
  endfacet
  facet normal 0 0 -1
    outer loop
      vertex 9.233 14.5595 2
      vertex 9.233 18.2405 2
      vertex 9.35124 18.1528 2
    endloop
  endfacet
  facet normal 0 0 -1
    outer loop
      vertex 9.12393 14.4607 2
      vertex 9.233 18.2405 2
      vertex 9.233 14.5595 2
    endloop
  endfacet
  facet normal 0 0 -1
    outer loop
      vertex 9.12393 14.4607 2
      vertex 9.12393 18.3393 2
      vertex 9.233 18.2405 2
    endloop
  endfacet
  facet normal 0 0 -1
    outer loop
      vertex 9.02508 14.3516 2
      vertex 9.12393 18.3393 2
      vertex 9.12393 14.4607 2
    endloop
  endfacet
  facet normal 0 0 -1
    outer loop
      vertex 9.02508 14.3516 2
      vertex 9.02508 18.4484 2
      vertex 9.12393 18.3393 2
    endloop
  endfacet
  facet normal 0 0 -1
    outer loop
      vertex 8.93739 14.2334 2
      vertex 9.02508 18.4484 2
      vertex 9.02508 14.3516 2
    endloop
  endfacet
  facet normal 0 0 -1
    outer loop
      vertex 8.93739 14.2334 2
      vertex 8.93739 18.5666 2
      vertex 9.02508 18.4484 2
    endloop
  endfacet
  facet normal 0 0 -1
    outer loop
      vertex 8.86171 14.1071 2
      vertex 8.93739 18.5666 2
      vertex 8.93739 14.2334 2
    endloop
  endfacet
  facet normal 0 0 -1
    outer loop
      vertex 8.86171 14.1071 2
      vertex 8.86171 18.6929 2
      vertex 8.93739 18.5666 2
    endloop
  endfacet
  facet normal 0 0 -1
    outer loop
      vertex 8.79877 13.974 2
      vertex 8.86171 18.6929 2
      vertex 8.86171 14.1071 2
    endloop
  endfacet
  facet normal 0 0 -1
    outer loop
      vertex 8.79877 13.974 2
      vertex 8.79877 18.826 2
      vertex 8.86171 18.6929 2
    endloop
  endfacet
  facet normal 0 0 -1
    outer loop
      vertex 8.74918 13.8354 2
      vertex 8.79877 18.826 2
      vertex 8.79877 13.974 2
    endloop
  endfacet
  facet normal 0 0 -1
    outer loop
      vertex 8.74918 13.8354 2
      vertex 8.74918 18.9646 2
      vertex 8.79877 18.826 2
    endloop
  endfacet
  facet normal 0 0 -1
    outer loop
      vertex 8.71341 13.6926 2
      vertex 8.74918 18.9646 2
      vertex 8.74918 13.8354 2
    endloop
  endfacet
  facet normal 0 0 -1
    outer loop
      vertex 8.71341 13.6926 2
      vertex 8.71341 19.1074 2
      vertex 8.74918 18.9646 2
    endloop
  endfacet
  facet normal 0 0 -1
    outer loop
      vertex -2.4 2.9 2
      vertex 8.71341 13.6926 2
      vertex 8.69182 13.547 2
    endloop
  endfacet
  facet normal 0 0 -1
    outer loop
      vertex 8.71341 13.6926 2
      vertex -2.4 28.4 2
      vertex 8.71341 19.1074 2
    endloop
  endfacet
  facet normal 0 0 -1
    outer loop
      vertex -2.4 2.9 2
      vertex 8.69182 13.547 2
      vertex 8.68459 13.4 2
    endloop
  endfacet
  facet normal 0 0 -1
    outer loop
      vertex 8.71341 19.1074 2
      vertex -2.4 28.4 2
      vertex 8.69182 19.253 2
    endloop
  endfacet
  facet normal 0 0 -1
    outer loop
      vertex 35.6142 7.97403 2
      vertex 29.3858 7.97403 2
      vertex 35.6771 8.1071 2
    endloop
  endfacet
  facet normal 0 0 -1
    outer loop
      vertex 35.7528 12.5666 2
      vertex 29.4928 13.253 2
      vertex 29.5 13.4 2
    endloop
  endfacet
  facet normal 0 0 -1
    outer loop
      vertex 29.3229 8.1071 2
      vertex 35.6771 8.1071 2
      vertex 29.3858 7.97403 2
    endloop
  endfacet
  facet normal 0 0 -1
    outer loop
      vertex 35.7528 12.5666 2
      vertex 29.4712 13.1074 2
      vertex 29.4928 13.253 2
    endloop
  endfacet
  facet normal 0 0 -1
    outer loop
      vertex 35.6771 8.1071 2
      vertex 29.3229 8.1071 2
      vertex 35.7528 8.23336 2
    endloop
  endfacet
  facet normal 0 0 -1
    outer loop
      vertex 35.7528 12.5666 2
      vertex 29.4354 12.9646 2
      vertex 29.4712 13.1074 2
    endloop
  endfacet
  facet normal 0 0 -1
    outer loop
      vertex 29.2472 8.23336 2
      vertex 35.7528 8.23336 2
      vertex 29.3229 8.1071 2
    endloop
  endfacet
  facet normal 0 0 -1
    outer loop
      vertex 35.7528 12.5666 2
      vertex 29.3858 12.826 2
      vertex 29.4354 12.9646 2
    endloop
  endfacet
  facet normal 0 0 -1
    outer loop
      vertex 35.7528 8.23336 2
      vertex 29.2472 8.23336 2
      vertex 35.7528 12.5666 2
    endloop
  endfacet
  facet normal 0 0 -1
    outer loop
      vertex 35.7528 12.5666 2
      vertex 29.3229 12.6929 2
      vertex 29.3858 12.826 2
    endloop
  endfacet
  facet normal 0 0 -1
    outer loop
      vertex 29.2472 12.5666 2
      vertex 35.7528 12.5666 2
      vertex 29.2472 8.23336 2
    endloop
  endfacet
  facet normal 0 0 -1
    outer loop
      vertex 35.7528 12.5666 2
      vertex 29.2472 12.5666 2
      vertex 29.3229 12.6929 2
    endloop
  endfacet
  facet normal 0 0 -1
    outer loop
      vertex 29.1595 8.35159 2
      vertex 29.2472 12.5666 2
      vertex 29.2472 8.23336 2
    endloop
  endfacet
  facet normal 0 0 -1
    outer loop
      vertex 29.1595 8.35159 2
      vertex 29.1595 12.4484 2
      vertex 29.2472 12.5666 2
    endloop
  endfacet
  facet normal 0 0 -1
    outer loop
      vertex 29.0607 8.46066 2
      vertex 29.1595 12.4484 2
      vertex 29.1595 8.35159 2
    endloop
  endfacet
  facet normal 0 0 -1
    outer loop
      vertex 29.0607 8.46066 2
      vertex 29.0607 12.3393 2
      vertex 29.1595 12.4484 2
    endloop
  endfacet
  facet normal 0 0 -1
    outer loop
      vertex 28.9516 8.55952 2
      vertex 29.0607 12.3393 2
      vertex 29.0607 8.46066 2
    endloop
  endfacet
  facet normal 0 0 -1
    outer loop
      vertex 28.9516 8.55952 2
      vertex 28.9516 12.2405 2
      vertex 29.0607 12.3393 2
    endloop
  endfacet
  facet normal 0 0 -1
    outer loop
      vertex 28.8334 8.64721 2
      vertex 28.9516 12.2405 2
      vertex 28.9516 8.55952 2
    endloop
  endfacet
  facet normal 0 0 -1
    outer loop
      vertex 28.8334 8.64721 2
      vertex 28.8334 12.1528 2
      vertex 28.9516 12.2405 2
    endloop
  endfacet
  facet normal 0 0 -1
    outer loop
      vertex 28.7071 8.72288 2
      vertex 28.8334 12.1528 2
      vertex 28.8334 8.64721 2
    endloop
  endfacet
  facet normal 0 0 -1
    outer loop
      vertex 28.7071 8.72288 2
      vertex 28.7071 12.0771 2
      vertex 28.8334 12.1528 2
    endloop
  endfacet
  facet normal 0 0 -1
    outer loop
      vertex 28.574 8.78582 2
      vertex 28.7071 12.0771 2
      vertex 28.7071 8.72288 2
    endloop
  endfacet
  facet normal 0 0 -1
    outer loop
      vertex 28.574 8.78582 2
      vertex 28.574 12.0142 2
      vertex 28.7071 12.0771 2
    endloop
  endfacet
  facet normal 0 0 -1
    outer loop
      vertex 28.4354 8.83541 2
      vertex 28.574 12.0142 2
      vertex 28.574 8.78582 2
    endloop
  endfacet
  facet normal 0 0 -1
    outer loop
      vertex 28.4354 8.83541 2
      vertex 28.4354 11.9646 2
      vertex 28.574 12.0142 2
    endloop
  endfacet
  facet normal 0 0 -1
    outer loop
      vertex 28.2926 8.87118 2
      vertex 28.4354 11.9646 2
      vertex 28.4354 8.83541 2
    endloop
  endfacet
  facet normal 0 0 -1
    outer loop
      vertex 28.2926 8.87118 2
      vertex 28.2926 11.9288 2
      vertex 28.4354 11.9646 2
    endloop
  endfacet
  facet normal 0 0 -1
    outer loop
      vertex 28.147 8.89278 2
      vertex 28.2926 11.9288 2
      vertex 28.2926 8.87118 2
    endloop
  endfacet
  facet normal 0 0 -1
    outer loop
      vertex 28.147 8.89278 2
      vertex 28.147 11.9072 2
      vertex 28.2926 11.9288 2
    endloop
  endfacet
  facet normal 0 0 -1
    outer loop
      vertex 28 8.9 2
      vertex 28.147 11.9072 2
      vertex 28.147 8.89278 2
    endloop
  endfacet
  facet normal 0 0 -1
    outer loop
      vertex 28 8.9 2
      vertex 28 11.9 2
      vertex 28.147 11.9072 2
    endloop
  endfacet
  facet normal 0 0 -1
    outer loop
      vertex 10.1846 8.9 2
      vertex 28 11.9 2
      vertex 28 8.9 2
    endloop
  endfacet
  facet normal 0 0 -1
    outer loop
      vertex 10.1846 8.9 2
      vertex 10.1846 11.9 2
      vertex 28 11.9 2
    endloop
  endfacet
  facet normal 0 0 -1
    outer loop
      vertex 10.0376 8.89278 2
      vertex 10.1846 11.9 2
      vertex 10.1846 8.9 2
    endloop
  endfacet
  facet normal 0 0 -1
    outer loop
      vertex 10.0376 8.89278 2
      vertex 10.0376 11.9072 2
      vertex 10.1846 11.9 2
    endloop
  endfacet
  facet normal 0 0 -1
    outer loop
      vertex 9.89196 8.87118 2
      vertex 10.0376 11.9072 2
      vertex 10.0376 8.89278 2
    endloop
  endfacet
  facet normal 0 0 -1
    outer loop
      vertex 9.89196 8.87118 2
      vertex 9.89196 11.9288 2
      vertex 10.0376 11.9072 2
    endloop
  endfacet
  facet normal 0 0 -1
    outer loop
      vertex 9.74917 8.83541 2
      vertex 9.89196 11.9288 2
      vertex 9.89196 8.87118 2
    endloop
  endfacet
  facet normal 0 0 -1
    outer loop
      vertex 9.74917 8.83541 2
      vertex 9.74917 11.9646 2
      vertex 9.89196 11.9288 2
    endloop
  endfacet
  facet normal 0 0 -1
    outer loop
      vertex 9.61057 8.78582 2
      vertex 9.74917 11.9646 2
      vertex 9.74917 8.83541 2
    endloop
  endfacet
  facet normal 0 0 -1
    outer loop
      vertex 9.61057 8.78582 2
      vertex 9.61057 12.0142 2
      vertex 9.74917 11.9646 2
    endloop
  endfacet
  facet normal 0 0 -1
    outer loop
      vertex 9.4775 8.72288 2
      vertex 9.61057 12.0142 2
      vertex 9.61057 8.78582 2
    endloop
  endfacet
  facet normal 0 0 -1
    outer loop
      vertex 9.4775 8.72288 2
      vertex 9.4775 12.0771 2
      vertex 9.61057 12.0142 2
    endloop
  endfacet
  facet normal 0 0 -1
    outer loop
      vertex 9.35124 8.64721 2
      vertex 9.4775 12.0771 2
      vertex 9.4775 8.72288 2
    endloop
  endfacet
  facet normal 0 0 -1
    outer loop
      vertex 9.35124 8.64721 2
      vertex 9.35124 12.1528 2
      vertex 9.4775 12.0771 2
    endloop
  endfacet
  facet normal 0 0 -1
    outer loop
      vertex 9.233 8.55952 2
      vertex 9.35124 12.1528 2
      vertex 9.35124 8.64721 2
    endloop
  endfacet
  facet normal 0 0 -1
    outer loop
      vertex 9.233 8.55952 2
      vertex 9.233 12.2405 2
      vertex 9.35124 12.1528 2
    endloop
  endfacet
  facet normal 0 0 -1
    outer loop
      vertex 9.12393 8.46066 2
      vertex 9.233 12.2405 2
      vertex 9.233 8.55952 2
    endloop
  endfacet
  facet normal 0 0 -1
    outer loop
      vertex 9.12393 8.46066 2
      vertex 9.12393 12.3393 2
      vertex 9.233 12.2405 2
    endloop
  endfacet
  facet normal 0 0 -1
    outer loop
      vertex 9.02508 8.35159 2
      vertex 9.12393 12.3393 2
      vertex 9.12393 8.46066 2
    endloop
  endfacet
  facet normal 0 0 -1
    outer loop
      vertex 9.02508 8.35159 2
      vertex 9.02508 12.4484 2
      vertex 9.12393 12.3393 2
    endloop
  endfacet
  facet normal 0 0 -1
    outer loop
      vertex 8.93739 8.23336 2
      vertex 9.02508 12.4484 2
      vertex 9.02508 8.35159 2
    endloop
  endfacet
  facet normal 0 0 -1
    outer loop
      vertex 8.93739 8.23336 2
      vertex 8.93739 12.5666 2
      vertex 9.02508 12.4484 2
    endloop
  endfacet
  facet normal 0 0 -1
    outer loop
      vertex 8.86171 8.1071 2
      vertex 8.93739 12.5666 2
      vertex 8.93739 8.23336 2
    endloop
  endfacet
  facet normal 0 0 -1
    outer loop
      vertex 8.86171 8.1071 2
      vertex 8.86171 12.6929 2
      vertex 8.93739 12.5666 2
    endloop
  endfacet
  facet normal 0 0 -1
    outer loop
      vertex 8.79877 7.97403 2
      vertex 8.86171 12.6929 2
      vertex 8.86171 8.1071 2
    endloop
  endfacet
  facet normal 0 0 -1
    outer loop
      vertex 8.79877 7.97403 2
      vertex 8.79877 12.826 2
      vertex 8.86171 12.6929 2
    endloop
  endfacet
  facet normal 0 0 -1
    outer loop
      vertex 8.74918 7.83543 2
      vertex 8.79877 12.826 2
      vertex 8.79877 7.97403 2
    endloop
  endfacet
  facet normal 0 0 -1
    outer loop
      vertex 8.74918 7.83543 2
      vertex 8.74918 12.9646 2
      vertex 8.79877 12.826 2
    endloop
  endfacet
  facet normal 0 0 -1
    outer loop
      vertex -2.4 2.9 2
      vertex 8.74918 7.83543 2
      vertex 8.71341 7.69264 2
    endloop
  endfacet
  facet normal -0 0 -1
    outer loop
      vertex 8.74918 7.83543 2
      vertex -2.4 2.9 2
      vertex 8.74918 12.9646 2
    endloop
  endfacet
  facet normal 0 0 -1
    outer loop
      vertex -2.4 2.9 2
      vertex 8.71341 7.69264 2
      vertex 8.69182 7.54703 2
    endloop
  endfacet
  facet normal -0 0 -1
    outer loop
      vertex 8.74918 12.9646 2
      vertex -2.4 2.9 2
      vertex 8.71341 13.1074 2
    endloop
  endfacet
  facet normal 0 0 -1
    outer loop
      vertex -2.4 2.9 2
      vertex 8.69182 7.54703 2
      vertex 8.68459 7.4 2
    endloop
  endfacet
  facet normal -0 0 -1
    outer loop
      vertex 8.71341 13.1074 2
      vertex -2.4 2.9 2
      vertex 8.69182 13.253 2
    endloop
  endfacet
  facet normal 0 0 -1
    outer loop
      vertex 56.2866 19.6926 2
      vertex 67.4 28.4 2
      vertex 56.3082 19.547 2
    endloop
  endfacet
  facet normal 0 0 -1
    outer loop
      vertex 67.4 28.4 2
      vertex 56.3082 25.253 2
      vertex 56.3154 25.4 2
    endloop
  endfacet
  facet normal 0 0 -1
    outer loop
      vertex 56.2508 19.8354 2
      vertex 67.4 28.4 2
      vertex 56.2866 19.6926 2
    endloop
  endfacet
  facet normal 0 0 -1
    outer loop
      vertex 67.4 28.4 2
      vertex 56.2866 25.1074 2
      vertex 56.3082 25.253 2
    endloop
  endfacet
  facet normal 0 0 -1
    outer loop
      vertex 56.2508 24.9646 2
      vertex 67.4 28.4 2
      vertex 56.2508 19.8354 2
    endloop
  endfacet
  facet normal 0 0 -1
    outer loop
      vertex 67.4 28.4 2
      vertex 56.2508 24.9646 2
      vertex 56.2866 25.1074 2
    endloop
  endfacet
  facet normal 0 0 -1
    outer loop
      vertex 56.2012 19.974 2
      vertex 56.2508 24.9646 2
      vertex 56.2508 19.8354 2
    endloop
  endfacet
  facet normal 0 0 -1
    outer loop
      vertex 56.2012 19.974 2
      vertex 56.2012 24.826 2
      vertex 56.2508 24.9646 2
    endloop
  endfacet
  facet normal 0 0 -1
    outer loop
      vertex 56.1383 20.1071 2
      vertex 56.2012 24.826 2
      vertex 56.2012 19.974 2
    endloop
  endfacet
  facet normal 0 0 -1
    outer loop
      vertex 56.1383 20.1071 2
      vertex 56.1383 24.6929 2
      vertex 56.2012 24.826 2
    endloop
  endfacet
  facet normal 0 0 -1
    outer loop
      vertex 56.0626 20.2334 2
      vertex 56.1383 24.6929 2
      vertex 56.1383 20.1071 2
    endloop
  endfacet
  facet normal 0 0 -1
    outer loop
      vertex 56.0626 20.2334 2
      vertex 56.0626 24.5666 2
      vertex 56.1383 24.6929 2
    endloop
  endfacet
  facet normal 0 0 -1
    outer loop
      vertex 55.9749 20.3516 2
      vertex 56.0626 24.5666 2
      vertex 56.0626 20.2334 2
    endloop
  endfacet
  facet normal 0 0 -1
    outer loop
      vertex 55.9749 20.3516 2
      vertex 55.9749 24.4484 2
      vertex 56.0626 24.5666 2
    endloop
  endfacet
  facet normal 0 0 -1
    outer loop
      vertex 55.8761 20.4607 2
      vertex 55.9749 24.4484 2
      vertex 55.9749 20.3516 2
    endloop
  endfacet
  facet normal 0 0 -1
    outer loop
      vertex 55.8761 20.4607 2
      vertex 55.8761 24.3393 2
      vertex 55.9749 24.4484 2
    endloop
  endfacet
  facet normal 0 0 -1
    outer loop
      vertex 55.767 20.5595 2
      vertex 55.8761 24.3393 2
      vertex 55.8761 20.4607 2
    endloop
  endfacet
  facet normal 0 0 -1
    outer loop
      vertex 55.767 20.5595 2
      vertex 55.767 24.2405 2
      vertex 55.8761 24.3393 2
    endloop
  endfacet
  facet normal 0 0 -1
    outer loop
      vertex 55.6488 20.6472 2
      vertex 55.767 24.2405 2
      vertex 55.767 20.5595 2
    endloop
  endfacet
  facet normal 0 0 -1
    outer loop
      vertex 55.6488 20.6472 2
      vertex 55.6488 24.1528 2
      vertex 55.767 24.2405 2
    endloop
  endfacet
  facet normal 0 0 -1
    outer loop
      vertex 55.5225 20.7229 2
      vertex 55.6488 24.1528 2
      vertex 55.6488 20.6472 2
    endloop
  endfacet
  facet normal 0 0 -1
    outer loop
      vertex 55.5225 20.7229 2
      vertex 55.5225 24.0771 2
      vertex 55.6488 24.1528 2
    endloop
  endfacet
  facet normal 0 0 -1
    outer loop
      vertex 55.3894 20.7858 2
      vertex 55.5225 24.0771 2
      vertex 55.5225 20.7229 2
    endloop
  endfacet
  facet normal 0 0 -1
    outer loop
      vertex 55.3894 20.7858 2
      vertex 55.3894 24.0142 2
      vertex 55.5225 24.0771 2
    endloop
  endfacet
  facet normal 0 0 -1
    outer loop
      vertex 55.2508 20.8354 2
      vertex 55.3894 24.0142 2
      vertex 55.3894 20.7858 2
    endloop
  endfacet
  facet normal 0 0 -1
    outer loop
      vertex 55.2508 20.8354 2
      vertex 55.2508 23.9646 2
      vertex 55.3894 24.0142 2
    endloop
  endfacet
  facet normal 0 0 -1
    outer loop
      vertex 55.108 20.8712 2
      vertex 55.2508 23.9646 2
      vertex 55.2508 20.8354 2
    endloop
  endfacet
  facet normal 0 0 -1
    outer loop
      vertex 55.108 20.8712 2
      vertex 55.108 23.9288 2
      vertex 55.2508 23.9646 2
    endloop
  endfacet
  facet normal 0 0 -1
    outer loop
      vertex 54.9624 20.8928 2
      vertex 55.108 23.9288 2
      vertex 55.108 20.8712 2
    endloop
  endfacet
  facet normal 0 0 -1
    outer loop
      vertex 54.9624 20.8928 2
      vertex 54.9624 23.9072 2
      vertex 55.108 23.9288 2
    endloop
  endfacet
  facet normal 0 0 -1
    outer loop
      vertex 54.8154 20.9 2
      vertex 54.9624 23.9072 2
      vertex 54.9624 20.8928 2
    endloop
  endfacet
  facet normal 0 0 -1
    outer loop
      vertex 54.8154 20.9 2
      vertex 54.8154 23.9 2
      vertex 54.9624 23.9072 2
    endloop
  endfacet
  facet normal 0 0 -1
    outer loop
      vertex 37 20.9 2
      vertex 54.8154 23.9 2
      vertex 54.8154 20.9 2
    endloop
  endfacet
  facet normal 0 0 -1
    outer loop
      vertex 37 20.9 2
      vertex 37 23.9 2
      vertex 54.8154 23.9 2
    endloop
  endfacet
  facet normal 0 0 -1
    outer loop
      vertex 36.853 20.8928 2
      vertex 37 23.9 2
      vertex 37 20.9 2
    endloop
  endfacet
  facet normal 0 0 -1
    outer loop
      vertex 36.853 20.8928 2
      vertex 36.853 23.9072 2
      vertex 37 23.9 2
    endloop
  endfacet
  facet normal 0 0 -1
    outer loop
      vertex 36.7074 20.8712 2
      vertex 36.853 23.9072 2
      vertex 36.853 20.8928 2
    endloop
  endfacet
  facet normal 0 0 -1
    outer loop
      vertex 36.7074 20.8712 2
      vertex 36.7074 23.9288 2
      vertex 36.853 23.9072 2
    endloop
  endfacet
  facet normal 0 0 -1
    outer loop
      vertex 36.5646 20.8354 2
      vertex 36.7074 23.9288 2
      vertex 36.7074 20.8712 2
    endloop
  endfacet
  facet normal 0 0 -1
    outer loop
      vertex 36.5646 20.8354 2
      vertex 36.5646 23.9646 2
      vertex 36.7074 23.9288 2
    endloop
  endfacet
  facet normal 0 0 -1
    outer loop
      vertex 36.426 20.7858 2
      vertex 36.5646 23.9646 2
      vertex 36.5646 20.8354 2
    endloop
  endfacet
  facet normal 0 0 -1
    outer loop
      vertex 36.426 20.7858 2
      vertex 36.426 24.0142 2
      vertex 36.5646 23.9646 2
    endloop
  endfacet
  facet normal 0 0 -1
    outer loop
      vertex 36.2929 20.7229 2
      vertex 36.426 24.0142 2
      vertex 36.426 20.7858 2
    endloop
  endfacet
  facet normal 0 0 -1
    outer loop
      vertex 36.2929 20.7229 2
      vertex 36.2929 24.0771 2
      vertex 36.426 24.0142 2
    endloop
  endfacet
  facet normal 0 0 -1
    outer loop
      vertex 36.1666 20.6472 2
      vertex 36.2929 24.0771 2
      vertex 36.2929 20.7229 2
    endloop
  endfacet
  facet normal 0 0 -1
    outer loop
      vertex 36.1666 20.6472 2
      vertex 36.1666 24.1528 2
      vertex 36.2929 24.0771 2
    endloop
  endfacet
  facet normal 0 0 -1
    outer loop
      vertex 36.0484 20.5595 2
      vertex 36.1666 24.1528 2
      vertex 36.1666 20.6472 2
    endloop
  endfacet
  facet normal 0 0 -1
    outer loop
      vertex 36.0484 20.5595 2
      vertex 36.0484 24.2405 2
      vertex 36.1666 24.1528 2
    endloop
  endfacet
  facet normal 0 0 -1
    outer loop
      vertex 35.9393 20.4607 2
      vertex 36.0484 24.2405 2
      vertex 36.0484 20.5595 2
    endloop
  endfacet
  facet normal 0 0 -1
    outer loop
      vertex 35.9393 20.4607 2
      vertex 35.9393 24.3393 2
      vertex 36.0484 24.2405 2
    endloop
  endfacet
  facet normal 0 0 -1
    outer loop
      vertex 35.8405 20.3516 2
      vertex 35.9393 24.3393 2
      vertex 35.9393 20.4607 2
    endloop
  endfacet
  facet normal 0 0 -1
    outer loop
      vertex 35.8405 20.3516 2
      vertex 35.8405 24.4484 2
      vertex 35.9393 24.3393 2
    endloop
  endfacet
  facet normal 0 0 -1
    outer loop
      vertex 35.7528 20.2334 2
      vertex 35.8405 24.4484 2
      vertex 35.8405 20.3516 2
    endloop
  endfacet
  facet normal 0 0 -1
    outer loop
      vertex 35.7528 20.2334 2
      vertex 35.7528 24.5666 2
      vertex 35.8405 24.4484 2
    endloop
  endfacet
  facet normal 0 0 -1
    outer loop
      vertex 29.4354 19.8354 2
      vertex 35.5646 19.8354 2
      vertex 29.4712 19.6926 2
    endloop
  endfacet
  facet normal 0 0 -1
    outer loop
      vertex 35.5646 19.8354 2
      vertex 29.4354 19.8354 2
      vertex 35.6142 19.974 2
    endloop
  endfacet
  facet normal 0 0 -1
    outer loop
      vertex 35.5288 19.6926 2
      vertex 29.4712 19.6926 2
      vertex 35.5646 19.8354 2
    endloop
  endfacet
  facet normal 0 0 -1
    outer loop
      vertex 29.3858 19.974 2
      vertex 35.6142 19.974 2
      vertex 29.4354 19.8354 2
    endloop
  endfacet
  facet normal 0 0 -1
    outer loop
      vertex 29.4712 19.6926 2
      vertex 35.5288 19.6926 2
      vertex 29.4928 19.547 2
    endloop
  endfacet
  facet normal 0 0 -1
    outer loop
      vertex 35.7528 24.5666 2
      vertex 29.5 25.4 2
      vertex 35.6771 24.6929 2
    endloop
  endfacet
  facet normal 0 0 -1
    outer loop
      vertex 35.5072 19.547 2
      vertex 29.4928 19.547 2
      vertex 35.5288 19.6926 2
    endloop
  endfacet
  facet normal 0 0 -1
    outer loop
      vertex 35.6771 24.6929 2
      vertex 29.5 25.4 2
      vertex 35.6142 24.826 2
    endloop
  endfacet
  facet normal 0 0 -1
    outer loop
      vertex 29.4928 19.547 2
      vertex 35.5072 19.547 2
      vertex 29.5 19.4 2
    endloop
  endfacet
  facet normal 0 0 -1
    outer loop
      vertex 35.6142 24.826 2
      vertex 29.5 25.4 2
      vertex 35.5646 24.9646 2
    endloop
  endfacet
  facet normal 0 0 -1
    outer loop
      vertex 29.5 19.4 2
      vertex 35.5072 19.547 2
      vertex 35.5 19.4 2
    endloop
  endfacet
  facet normal 0 0 -1
    outer loop
      vertex 35.5646 24.9646 2
      vertex 29.5 25.4 2
      vertex 35.5288 25.1074 2
    endloop
  endfacet
  facet normal 0 0 -1
    outer loop
      vertex 67.4 2.9 2
      vertex 56.2866 13.6926 2
      vertex 67.4 28.4 2
    endloop
  endfacet
  facet normal 0 0 -1
    outer loop
      vertex 67.4 28.4 2
      vertex 56.3082 19.253 2
      vertex 56.3154 19.4 2
    endloop
  endfacet
  facet normal 0 0 -1
    outer loop
      vertex 56.2866 19.1074 2
      vertex 67.4 28.4 2
      vertex 56.2866 13.6926 2
    endloop
  endfacet
  facet normal 0 0 -1
    outer loop
      vertex 67.4 28.4 2
      vertex 56.2866 19.1074 2
      vertex 56.3082 19.253 2
    endloop
  endfacet
  facet normal 0 0 -1
    outer loop
      vertex 56.2508 13.8354 2
      vertex 56.2866 19.1074 2
      vertex 56.2866 13.6926 2
    endloop
  endfacet
  facet normal 0 0 -1
    outer loop
      vertex 56.2508 13.8354 2
      vertex 56.2508 18.9646 2
      vertex 56.2866 19.1074 2
    endloop
  endfacet
  facet normal 0 0 -1
    outer loop
      vertex 56.2012 13.974 2
      vertex 56.2508 18.9646 2
      vertex 56.2508 13.8354 2
    endloop
  endfacet
  facet normal 0 0 -1
    outer loop
      vertex 56.2012 13.974 2
      vertex 56.2012 18.826 2
      vertex 56.2508 18.9646 2
    endloop
  endfacet
  facet normal 0 0 -1
    outer loop
      vertex 56.1383 14.1071 2
      vertex 56.2012 18.826 2
      vertex 56.2012 13.974 2
    endloop
  endfacet
  facet normal 0 0 -1
    outer loop
      vertex 56.1383 14.1071 2
      vertex 56.1383 18.6929 2
      vertex 56.2012 18.826 2
    endloop
  endfacet
  facet normal 0 0 -1
    outer loop
      vertex 56.0626 14.2334 2
      vertex 56.1383 18.6929 2
      vertex 56.1383 14.1071 2
    endloop
  endfacet
  facet normal 0 0 -1
    outer loop
      vertex 56.0626 14.2334 2
      vertex 56.0626 18.5666 2
      vertex 56.1383 18.6929 2
    endloop
  endfacet
  facet normal 0 0 -1
    outer loop
      vertex 55.9749 14.3516 2
      vertex 56.0626 18.5666 2
      vertex 56.0626 14.2334 2
    endloop
  endfacet
  facet normal 0 0 -1
    outer loop
      vertex 55.9749 14.3516 2
      vertex 55.9749 18.4484 2
      vertex 56.0626 18.5666 2
    endloop
  endfacet
  facet normal 0 0 -1
    outer loop
      vertex 55.8761 14.4607 2
      vertex 55.9749 18.4484 2
      vertex 55.9749 14.3516 2
    endloop
  endfacet
  facet normal 0 0 -1
    outer loop
      vertex 55.8761 14.4607 2
      vertex 55.8761 18.3393 2
      vertex 55.9749 18.4484 2
    endloop
  endfacet
  facet normal 0 0 -1
    outer loop
      vertex 55.767 14.5595 2
      vertex 55.8761 18.3393 2
      vertex 55.8761 14.4607 2
    endloop
  endfacet
  facet normal 0 0 -1
    outer loop
      vertex 55.767 14.5595 2
      vertex 55.767 18.2405 2
      vertex 55.8761 18.3393 2
    endloop
  endfacet
  facet normal 0 0 -1
    outer loop
      vertex 55.6488 14.6472 2
      vertex 55.767 18.2405 2
      vertex 55.767 14.5595 2
    endloop
  endfacet
  facet normal 0 0 -1
    outer loop
      vertex 55.6488 14.6472 2
      vertex 55.6488 18.1528 2
      vertex 55.767 18.2405 2
    endloop
  endfacet
  facet normal 0 0 -1
    outer loop
      vertex 55.5225 14.7229 2
      vertex 55.6488 18.1528 2
      vertex 55.6488 14.6472 2
    endloop
  endfacet
  facet normal 0 0 -1
    outer loop
      vertex 55.5225 14.7229 2
      vertex 55.5225 18.0771 2
      vertex 55.6488 18.1528 2
    endloop
  endfacet
  facet normal 0 0 -1
    outer loop
      vertex 55.3894 14.7858 2
      vertex 55.5225 18.0771 2
      vertex 55.5225 14.7229 2
    endloop
  endfacet
  facet normal 0 0 -1
    outer loop
      vertex 55.3894 14.7858 2
      vertex 55.3894 18.0142 2
      vertex 55.5225 18.0771 2
    endloop
  endfacet
  facet normal 0 0 -1
    outer loop
      vertex 55.2508 14.8354 2
      vertex 55.3894 18.0142 2
      vertex 55.3894 14.7858 2
    endloop
  endfacet
  facet normal 0 0 -1
    outer loop
      vertex 55.2508 14.8354 2
      vertex 55.2508 17.9646 2
      vertex 55.3894 18.0142 2
    endloop
  endfacet
  facet normal 0 0 -1
    outer loop
      vertex 55.108 14.8712 2
      vertex 55.2508 17.9646 2
      vertex 55.2508 14.8354 2
    endloop
  endfacet
  facet normal 0 0 -1
    outer loop
      vertex 55.108 14.8712 2
      vertex 55.108 17.9288 2
      vertex 55.2508 17.9646 2
    endloop
  endfacet
  facet normal 0 0 -1
    outer loop
      vertex 54.9624 14.8928 2
      vertex 55.108 17.9288 2
      vertex 55.108 14.8712 2
    endloop
  endfacet
  facet normal 0 0 -1
    outer loop
      vertex 54.9624 14.8928 2
      vertex 54.9624 17.9072 2
      vertex 55.108 17.9288 2
    endloop
  endfacet
  facet normal 0 0 -1
    outer loop
      vertex 54.8154 14.9 2
      vertex 54.9624 17.9072 2
      vertex 54.9624 14.8928 2
    endloop
  endfacet
  facet normal 0 0 -1
    outer loop
      vertex 54.8154 14.9 2
      vertex 54.8154 17.9 2
      vertex 54.9624 17.9072 2
    endloop
  endfacet
  facet normal 0 0 -1
    outer loop
      vertex 37 14.9 2
      vertex 54.8154 17.9 2
      vertex 54.8154 14.9 2
    endloop
  endfacet
  facet normal 0 0 -1
    outer loop
      vertex 37 14.9 2
      vertex 37 17.9 2
      vertex 54.8154 17.9 2
    endloop
  endfacet
  facet normal 0 0 -1
    outer loop
      vertex 36.853 14.8928 2
      vertex 37 17.9 2
      vertex 37 14.9 2
    endloop
  endfacet
  facet normal 0 0 -1
    outer loop
      vertex 36.853 14.8928 2
      vertex 36.853 17.9072 2
      vertex 37 17.9 2
    endloop
  endfacet
  facet normal 0 0 -1
    outer loop
      vertex 36.7074 14.8712 2
      vertex 36.853 17.9072 2
      vertex 36.853 14.8928 2
    endloop
  endfacet
  facet normal 0 0 -1
    outer loop
      vertex 36.7074 14.8712 2
      vertex 36.7074 17.9288 2
      vertex 36.853 17.9072 2
    endloop
  endfacet
  facet normal 0 0 -1
    outer loop
      vertex 36.5646 14.8354 2
      vertex 36.7074 17.9288 2
      vertex 36.7074 14.8712 2
    endloop
  endfacet
  facet normal 0 0 -1
    outer loop
      vertex 36.5646 14.8354 2
      vertex 36.5646 17.9646 2
      vertex 36.7074 17.9288 2
    endloop
  endfacet
  facet normal 0 0 -1
    outer loop
      vertex 36.426 14.7858 2
      vertex 36.5646 17.9646 2
      vertex 36.5646 14.8354 2
    endloop
  endfacet
  facet normal 0 0 -1
    outer loop
      vertex 36.426 14.7858 2
      vertex 36.426 18.0142 2
      vertex 36.5646 17.9646 2
    endloop
  endfacet
  facet normal 0 0 -1
    outer loop
      vertex 36.2929 14.7229 2
      vertex 36.426 18.0142 2
      vertex 36.426 14.7858 2
    endloop
  endfacet
  facet normal 0 0 -1
    outer loop
      vertex 36.2929 14.7229 2
      vertex 36.2929 18.0771 2
      vertex 36.426 18.0142 2
    endloop
  endfacet
  facet normal 0 0 -1
    outer loop
      vertex 36.1666 14.6472 2
      vertex 36.2929 18.0771 2
      vertex 36.2929 14.7229 2
    endloop
  endfacet
  facet normal 0 0 -1
    outer loop
      vertex 36.1666 14.6472 2
      vertex 36.1666 18.1528 2
      vertex 36.2929 18.0771 2
    endloop
  endfacet
  facet normal 0 0 -1
    outer loop
      vertex 36.0484 14.5595 2
      vertex 36.1666 18.1528 2
      vertex 36.1666 14.6472 2
    endloop
  endfacet
  facet normal 0 0 -1
    outer loop
      vertex 36.0484 14.5595 2
      vertex 36.0484 18.2405 2
      vertex 36.1666 18.1528 2
    endloop
  endfacet
  facet normal 0 0 -1
    outer loop
      vertex 35.9393 14.4607 2
      vertex 36.0484 18.2405 2
      vertex 36.0484 14.5595 2
    endloop
  endfacet
  facet normal 0 0 -1
    outer loop
      vertex 35.9393 14.4607 2
      vertex 35.9393 18.3393 2
      vertex 36.0484 18.2405 2
    endloop
  endfacet
  facet normal 0 0 -1
    outer loop
      vertex 35.8405 14.3516 2
      vertex 35.9393 18.3393 2
      vertex 35.9393 14.4607 2
    endloop
  endfacet
  facet normal 0 0 -1
    outer loop
      vertex 35.8405 14.3516 2
      vertex 35.8405 18.4484 2
      vertex 35.9393 18.3393 2
    endloop
  endfacet
  facet normal 0 0 -1
    outer loop
      vertex 35.7528 14.2334 2
      vertex 35.8405 18.4484 2
      vertex 35.8405 14.3516 2
    endloop
  endfacet
  facet normal 0 0 -1
    outer loop
      vertex 35.7528 14.2334 2
      vertex 35.7528 18.5666 2
      vertex 35.8405 18.4484 2
    endloop
  endfacet
  facet normal 0 0 -1
    outer loop
      vertex 29.4354 13.8354 2
      vertex 35.5646 13.8354 2
      vertex 29.4712 13.6926 2
    endloop
  endfacet
  facet normal 0 0 -1
    outer loop
      vertex 35.5646 13.8354 2
      vertex 29.4354 13.8354 2
      vertex 35.6142 13.974 2
    endloop
  endfacet
  facet normal 0 0 -1
    outer loop
      vertex 35.5288 13.6926 2
      vertex 29.4712 13.6926 2
      vertex 35.5646 13.8354 2
    endloop
  endfacet
  facet normal 0 0 -1
    outer loop
      vertex 29.3858 13.974 2
      vertex 35.6142 13.974 2
      vertex 29.4354 13.8354 2
    endloop
  endfacet
  facet normal 0 0 -1
    outer loop
      vertex 29.4712 13.6926 2
      vertex 35.5288 13.6926 2
      vertex 29.4928 13.547 2
    endloop
  endfacet
  facet normal 0 0 -1
    outer loop
      vertex 35.7528 18.5666 2
      vertex 29.5 19.4 2
      vertex 35.6771 18.6929 2
    endloop
  endfacet
  facet normal 0 0 -1
    outer loop
      vertex 35.5072 13.547 2
      vertex 29.4928 13.547 2
      vertex 35.5288 13.6926 2
    endloop
  endfacet
  facet normal 0 0 -1
    outer loop
      vertex 35.6771 18.6929 2
      vertex 29.5 19.4 2
      vertex 35.6142 18.826 2
    endloop
  endfacet
  facet normal 0 0 -1
    outer loop
      vertex 29.4928 13.547 2
      vertex 35.5072 13.547 2
      vertex 29.5 13.4 2
    endloop
  endfacet
  facet normal 0 0 -1
    outer loop
      vertex 35.6142 18.826 2
      vertex 29.5 19.4 2
      vertex 35.5646 18.9646 2
    endloop
  endfacet
  facet normal 0 0 -1
    outer loop
      vertex 29.5 13.4 2
      vertex 35.5072 13.547 2
      vertex 35.5 13.4 2
    endloop
  endfacet
  facet normal 0 0 -1
    outer loop
      vertex 35.5646 18.9646 2
      vertex 29.5 19.4 2
      vertex 35.5288 19.1074 2
    endloop
  endfacet
  facet normal 0 0 -1
    outer loop
      vertex 56.2866 7.69264 2
      vertex 67.4 2.9 2
      vertex 56.3082 7.54703 2
    endloop
  endfacet
  facet normal 0 0 -1
    outer loop
      vertex 67.4 2.9 2
      vertex 56.3082 13.253 2
      vertex 56.3154 13.4 2
    endloop
  endfacet
  facet normal 0 0 -1
    outer loop
      vertex 56.2508 7.83543 2
      vertex 67.4 2.9 2
      vertex 56.2866 7.69264 2
    endloop
  endfacet
  facet normal 0 0 -1
    outer loop
      vertex 67.4 2.9 2
      vertex 56.2866 13.1074 2
      vertex 56.3082 13.253 2
    endloop
  endfacet
  facet normal 0 0 -1
    outer loop
      vertex 56.2508 12.9646 2
      vertex 67.4 2.9 2
      vertex 56.2508 7.83543 2
    endloop
  endfacet
  facet normal 0 0 -1
    outer loop
      vertex 67.4 2.9 2
      vertex 56.2508 12.9646 2
      vertex 56.2866 13.1074 2
    endloop
  endfacet
  facet normal 0 0 -1
    outer loop
      vertex 56.2012 7.97403 2
      vertex 56.2508 12.9646 2
      vertex 56.2508 7.83543 2
    endloop
  endfacet
  facet normal 0 0 -1
    outer loop
      vertex 56.2012 7.97403 2
      vertex 56.2012 12.826 2
      vertex 56.2508 12.9646 2
    endloop
  endfacet
  facet normal 0 0 -1
    outer loop
      vertex 56.1383 8.1071 2
      vertex 56.2012 12.826 2
      vertex 56.2012 7.97403 2
    endloop
  endfacet
  facet normal 0 0 -1
    outer loop
      vertex 56.1383 8.1071 2
      vertex 56.1383 12.6929 2
      vertex 56.2012 12.826 2
    endloop
  endfacet
  facet normal 0 0 -1
    outer loop
      vertex 56.0626 8.23336 2
      vertex 56.1383 12.6929 2
      vertex 56.1383 8.1071 2
    endloop
  endfacet
  facet normal 0 0 -1
    outer loop
      vertex 56.0626 8.23336 2
      vertex 56.0626 12.5666 2
      vertex 56.1383 12.6929 2
    endloop
  endfacet
  facet normal 0 0 -1
    outer loop
      vertex 55.9749 8.35159 2
      vertex 56.0626 12.5666 2
      vertex 56.0626 8.23336 2
    endloop
  endfacet
  facet normal 0 0 -1
    outer loop
      vertex 55.9749 8.35159 2
      vertex 55.9749 12.4484 2
      vertex 56.0626 12.5666 2
    endloop
  endfacet
  facet normal 0 0 -1
    outer loop
      vertex 55.8761 8.46066 2
      vertex 55.9749 12.4484 2
      vertex 55.9749 8.35159 2
    endloop
  endfacet
  facet normal 0 0 -1
    outer loop
      vertex 55.8761 8.46066 2
      vertex 55.8761 12.3393 2
      vertex 55.9749 12.4484 2
    endloop
  endfacet
  facet normal 0 0 -1
    outer loop
      vertex 55.767 8.55952 2
      vertex 55.8761 12.3393 2
      vertex 55.8761 8.46066 2
    endloop
  endfacet
  facet normal 0 0 -1
    outer loop
      vertex 55.767 8.55952 2
      vertex 55.767 12.2405 2
      vertex 55.8761 12.3393 2
    endloop
  endfacet
  facet normal 0 0 -1
    outer loop
      vertex 55.6488 8.64721 2
      vertex 55.767 12.2405 2
      vertex 55.767 8.55952 2
    endloop
  endfacet
  facet normal 0 0 -1
    outer loop
      vertex 55.6488 8.64721 2
      vertex 55.6488 12.1528 2
      vertex 55.767 12.2405 2
    endloop
  endfacet
  facet normal 0 0 -1
    outer loop
      vertex 55.5225 8.72288 2
      vertex 55.6488 12.1528 2
      vertex 55.6488 8.64721 2
    endloop
  endfacet
  facet normal 0 0 -1
    outer loop
      vertex 55.5225 8.72288 2
      vertex 55.5225 12.0771 2
      vertex 55.6488 12.1528 2
    endloop
  endfacet
  facet normal 0 0 -1
    outer loop
      vertex 55.3894 8.78582 2
      vertex 55.5225 12.0771 2
      vertex 55.5225 8.72288 2
    endloop
  endfacet
  facet normal 0 0 -1
    outer loop
      vertex 55.3894 8.78582 2
      vertex 55.3894 12.0142 2
      vertex 55.5225 12.0771 2
    endloop
  endfacet
  facet normal 0 0 -1
    outer loop
      vertex 55.2508 8.83541 2
      vertex 55.3894 12.0142 2
      vertex 55.3894 8.78582 2
    endloop
  endfacet
  facet normal 0 0 -1
    outer loop
      vertex 55.2508 8.83541 2
      vertex 55.2508 11.9646 2
      vertex 55.3894 12.0142 2
    endloop
  endfacet
  facet normal 0 0 -1
    outer loop
      vertex 55.108 8.87118 2
      vertex 55.2508 11.9646 2
      vertex 55.2508 8.83541 2
    endloop
  endfacet
  facet normal 0 0 -1
    outer loop
      vertex 55.108 8.87118 2
      vertex 55.108 11.9288 2
      vertex 55.2508 11.9646 2
    endloop
  endfacet
  facet normal 0 0 -1
    outer loop
      vertex 54.9624 8.89278 2
      vertex 55.108 11.9288 2
      vertex 55.108 8.87118 2
    endloop
  endfacet
  facet normal 0 0 -1
    outer loop
      vertex 54.9624 8.89278 2
      vertex 54.9624 11.9072 2
      vertex 55.108 11.9288 2
    endloop
  endfacet
  facet normal 0 0 -1
    outer loop
      vertex 54.8154 8.9 2
      vertex 54.9624 11.9072 2
      vertex 54.9624 8.89278 2
    endloop
  endfacet
  facet normal 0 0 -1
    outer loop
      vertex 54.8154 8.9 2
      vertex 54.8154 11.9 2
      vertex 54.9624 11.9072 2
    endloop
  endfacet
  facet normal 0 0 -1
    outer loop
      vertex 37 8.9 2
      vertex 54.8154 11.9 2
      vertex 54.8154 8.9 2
    endloop
  endfacet
  facet normal 0 0 -1
    outer loop
      vertex 37 8.9 2
      vertex 37 11.9 2
      vertex 54.8154 11.9 2
    endloop
  endfacet
  facet normal 0 0 -1
    outer loop
      vertex 36.853 8.89278 2
      vertex 37 11.9 2
      vertex 37 8.9 2
    endloop
  endfacet
  facet normal 0 0 -1
    outer loop
      vertex 36.853 8.89278 2
      vertex 36.853 11.9072 2
      vertex 37 11.9 2
    endloop
  endfacet
  facet normal 0 0 -1
    outer loop
      vertex 36.7074 8.87118 2
      vertex 36.853 11.9072 2
      vertex 36.853 8.89278 2
    endloop
  endfacet
  facet normal 0 0 -1
    outer loop
      vertex 36.7074 8.87118 2
      vertex 36.7074 11.9288 2
      vertex 36.853 11.9072 2
    endloop
  endfacet
  facet normal 0 0 -1
    outer loop
      vertex 36.5646 8.83541 2
      vertex 36.7074 11.9288 2
      vertex 36.7074 8.87118 2
    endloop
  endfacet
  facet normal 0 0 -1
    outer loop
      vertex 36.5646 8.83541 2
      vertex 36.5646 11.9646 2
      vertex 36.7074 11.9288 2
    endloop
  endfacet
  facet normal 0 0 -1
    outer loop
      vertex 36.426 8.78582 2
      vertex 36.5646 11.9646 2
      vertex 36.5646 8.83541 2
    endloop
  endfacet
  facet normal 0 0 -1
    outer loop
      vertex 36.426 8.78582 2
      vertex 36.426 12.0142 2
      vertex 36.5646 11.9646 2
    endloop
  endfacet
  facet normal 0 0 -1
    outer loop
      vertex 36.2929 8.72288 2
      vertex 36.426 12.0142 2
      vertex 36.426 8.78582 2
    endloop
  endfacet
  facet normal 0 0 -1
    outer loop
      vertex 36.2929 8.72288 2
      vertex 36.2929 12.0771 2
      vertex 36.426 12.0142 2
    endloop
  endfacet
  facet normal 0 0 -1
    outer loop
      vertex 36.1666 8.64721 2
      vertex 36.2929 12.0771 2
      vertex 36.2929 8.72288 2
    endloop
  endfacet
  facet normal 0 0 -1
    outer loop
      vertex 36.1666 8.64721 2
      vertex 36.1666 12.1528 2
      vertex 36.2929 12.0771 2
    endloop
  endfacet
  facet normal 0 0 -1
    outer loop
      vertex 36.0484 8.55952 2
      vertex 36.1666 12.1528 2
      vertex 36.1666 8.64721 2
    endloop
  endfacet
  facet normal 0 0 -1
    outer loop
      vertex 36.0484 8.55952 2
      vertex 36.0484 12.2405 2
      vertex 36.1666 12.1528 2
    endloop
  endfacet
  facet normal 0 0 -1
    outer loop
      vertex 35.9393 8.46066 2
      vertex 36.0484 12.2405 2
      vertex 36.0484 8.55952 2
    endloop
  endfacet
  facet normal 0 0 -1
    outer loop
      vertex 35.9393 8.46066 2
      vertex 35.9393 12.3393 2
      vertex 36.0484 12.2405 2
    endloop
  endfacet
  facet normal 0 0 -1
    outer loop
      vertex 35.8405 8.35159 2
      vertex 35.9393 12.3393 2
      vertex 35.9393 8.46066 2
    endloop
  endfacet
  facet normal 0 0 -1
    outer loop
      vertex 35.8405 8.35159 2
      vertex 35.8405 12.4484 2
      vertex 35.9393 12.3393 2
    endloop
  endfacet
  facet normal 0 0 -1
    outer loop
      vertex 35.7528 8.23336 2
      vertex 35.8405 12.4484 2
      vertex 35.8405 8.35159 2
    endloop
  endfacet
  facet normal 0 0 -1
    outer loop
      vertex 35.7528 8.23336 2
      vertex 35.7528 12.5666 2
      vertex 35.8405 12.4484 2
    endloop
  endfacet
  facet normal 0 0 -1
    outer loop
      vertex 29.4354 7.83543 2
      vertex 35.5646 7.83543 2
      vertex 29.4712 7.69264 2
    endloop
  endfacet
  facet normal 0 0 -1
    outer loop
      vertex 35.5646 7.83543 2
      vertex 29.4354 7.83543 2
      vertex 35.6142 7.97403 2
    endloop
  endfacet
  facet normal 0 0 -1
    outer loop
      vertex 35.5288 7.69264 2
      vertex 29.4712 7.69264 2
      vertex 35.5646 7.83543 2
    endloop
  endfacet
  facet normal 0 0 -1
    outer loop
      vertex 29.3858 7.97403 2
      vertex 35.6142 7.97403 2
      vertex 29.4354 7.83543 2
    endloop
  endfacet
  facet normal 0 0 -1
    outer loop
      vertex 29.4712 7.69264 2
      vertex 35.5288 7.69264 2
      vertex 29.4928 7.54703 2
    endloop
  endfacet
  facet normal 0 0 -1
    outer loop
      vertex 35.7528 12.5666 2
      vertex 29.5 13.4 2
      vertex 35.6771 12.6929 2
    endloop
  endfacet
  facet normal 0 0 -1
    outer loop
      vertex 35.5072 7.54703 2
      vertex 29.4928 7.54703 2
      vertex 35.5288 7.69264 2
    endloop
  endfacet
  facet normal 0 0 -1
    outer loop
      vertex 35.6771 12.6929 2
      vertex 29.5 13.4 2
      vertex 35.6142 12.826 2
    endloop
  endfacet
  facet normal 0 0 -1
    outer loop
      vertex 29.4928 7.54703 2
      vertex 35.5072 7.54703 2
      vertex 29.5 7.4 2
    endloop
  endfacet
  facet normal 0 0 -1
    outer loop
      vertex 35.6142 12.826 2
      vertex 29.5 13.4 2
      vertex 35.5646 12.9646 2
    endloop
  endfacet
  facet normal 0 0 -1
    outer loop
      vertex 29.5 7.4 2
      vertex 35.5072 7.54703 2
      vertex 35.5 7.4 2
    endloop
  endfacet
  facet normal 0 0 -1
    outer loop
      vertex 35.5646 12.9646 2
      vertex 29.5 13.4 2
      vertex 35.5288 13.1074 2
    endloop
  endfacet
  facet normal 0 0 -1
    outer loop
      vertex 56.3082 13.547 2
      vertex 67.4 2.9 2
      vertex 56.3154 13.4 2
    endloop
  endfacet
  facet normal 0 0 -1
    outer loop
      vertex 56.2866 13.6926 2
      vertex 67.4 2.9 2
      vertex 56.3082 13.547 2
    endloop
  endfacet
  facet normal 0 0 -1
    outer loop
      vertex 56.3082 19.547 2
      vertex 67.4 28.4 2
      vertex 56.3154 19.4 2
    endloop
  endfacet
  facet normal 0 0 -1
    outer loop
      vertex 56.3082 25.547 2
      vertex 67.4 28.4 2
      vertex 56.3154 25.4 2
    endloop
  endfacet
  facet normal 0 0 -1
    outer loop
      vertex 56.3082 7.54703 2
      vertex 67.4 2.9 2
      vertex 56.3154 7.4 2
    endloop
  endfacet
  facet normal 0 0 -1
    outer loop
      vertex 67.4 2.9 2
      vertex 56.3082 7.25297 2
      vertex 56.3154 7.4 2
    endloop
  endfacet
  facet normal 0 0 -1
    outer loop
      vertex 67.4 2.9 2
      vertex 56.2866 7.10736 2
      vertex 56.3082 7.25297 2
    endloop
  endfacet
  facet normal 0 0 -1
    outer loop
      vertex 67.4 2.9 2
      vertex 56.2508 6.96457 2
      vertex 56.2866 7.10736 2
    endloop
  endfacet
  facet normal 0 0 -1
    outer loop
      vertex 67.4 2.9 2
      vertex 56.2012 6.82598 2
      vertex 56.2508 6.96457 2
    endloop
  endfacet
  facet normal 0 0 -1
    outer loop
      vertex 67.4 2.9 2
      vertex 56.1383 6.69291 2
      vertex 56.2012 6.82598 2
    endloop
  endfacet
  facet normal 0 0 -1
    outer loop
      vertex 67.4 2.9 2
      vertex 56.0626 6.56664 2
      vertex 56.1383 6.69291 2
    endloop
  endfacet
  facet normal 0 0 -1
    outer loop
      vertex 67.4 2.9 2
      vertex 55.9749 6.44841 2
      vertex 56.0626 6.56664 2
    endloop
  endfacet
  facet normal 0 0 -1
    outer loop
      vertex 67.4 2.9 2
      vertex 55.8761 6.33934 2
      vertex 55.9749 6.44841 2
    endloop
  endfacet
  facet normal 0 0 -1
    outer loop
      vertex 67.4 2.9 2
      vertex 55.767 6.24049 2
      vertex 55.8761 6.33934 2
    endloop
  endfacet
  facet normal 0 0 -1
    outer loop
      vertex 67.4 2.9 2
      vertex 55.6488 6.1528 2
      vertex 55.767 6.24049 2
    endloop
  endfacet
  facet normal 0 0 -1
    outer loop
      vertex 67.4 2.9 2
      vertex 55.5225 6.07712 2
      vertex 55.6488 6.1528 2
    endloop
  endfacet
  facet normal 0 0 -1
    outer loop
      vertex 67.4 2.9 2
      vertex 55.3894 6.01418 2
      vertex 55.5225 6.07712 2
    endloop
  endfacet
  facet normal 0 0 -1
    outer loop
      vertex 67.4 2.9 2
      vertex 55.2508 5.96459 2
      vertex 55.3894 6.01418 2
    endloop
  endfacet
  facet normal 0 0 -1
    outer loop
      vertex 67.4 2.9 2
      vertex 55.108 5.92882 2
      vertex 55.2508 5.96459 2
    endloop
  endfacet
  facet normal 0 0 -1
    outer loop
      vertex 67.4 2.9 2
      vertex 54.9624 5.90722 2
      vertex 55.108 5.92882 2
    endloop
  endfacet
  facet normal 0 0 -1
    outer loop
      vertex 67.4 2.9 2
      vertex 54.8154 5.9 2
      vertex 54.9624 5.90722 2
    endloop
  endfacet
  facet normal 0 0 -1
    outer loop
      vertex 67.4 2.9 2
      vertex 37 5.9 2
      vertex 54.8154 5.9 2
    endloop
  endfacet
  facet normal 0 0 -1
    outer loop
      vertex 28 5.9 2
      vertex 37 5.9 2
      vertex 67.4 2.9 2
    endloop
  endfacet
  facet normal 0 0 -1
    outer loop
      vertex 35.5072 13.253 2
      vertex 29.5 13.4 2
      vertex 35.5 13.4 2
    endloop
  endfacet
  facet normal 0 0 -1
    outer loop
      vertex 35.5288 19.1074 2
      vertex 29.5 19.4 2
      vertex 35.5072 19.253 2
    endloop
  endfacet
  facet normal 0 0 -1
    outer loop
      vertex 35.5288 13.1074 2
      vertex 29.5 13.4 2
      vertex 35.5072 13.253 2
    endloop
  endfacet
  facet normal 0 0 -1
    outer loop
      vertex 35.5072 7.25297 2
      vertex 29.5 7.4 2
      vertex 35.5 7.4 2
    endloop
  endfacet
  facet normal 0 0 -1
    outer loop
      vertex 29.4928 7.25297 2
      vertex 35.5072 7.25297 2
      vertex 35.5288 7.10736 2
    endloop
  endfacet
  facet normal 0 0 -1
    outer loop
      vertex 29.4712 7.10736 2
      vertex 35.5288 7.10736 2
      vertex 35.5646 6.96457 2
    endloop
  endfacet
  facet normal 0 0 -1
    outer loop
      vertex 29.4354 6.96457 2
      vertex 35.5646 6.96457 2
      vertex 35.6142 6.82598 2
    endloop
  endfacet
  facet normal 0 0 -1
    outer loop
      vertex 29.3858 6.82598 2
      vertex 35.6142 6.82598 2
      vertex 35.6771 6.69291 2
    endloop
  endfacet
  facet normal 0 0 -1
    outer loop
      vertex 29.3229 6.69291 2
      vertex 35.6771 6.69291 2
      vertex 35.7528 6.56664 2
    endloop
  endfacet
  facet normal 0 0 -1
    outer loop
      vertex 29.2472 6.56664 2
      vertex 35.7528 6.56664 2
      vertex 35.8405 6.44841 2
    endloop
  endfacet
  facet normal 0 0 -1
    outer loop
      vertex 29.1595 6.44841 2
      vertex 35.8405 6.44841 2
      vertex 35.9393 6.33934 2
    endloop
  endfacet
  facet normal 0 0 -1
    outer loop
      vertex 29.0607 6.33934 2
      vertex 35.9393 6.33934 2
      vertex 36.0484 6.24049 2
    endloop
  endfacet
  facet normal 0 0 -1
    outer loop
      vertex 28.9516 6.24049 2
      vertex 36.0484 6.24049 2
      vertex 36.1666 6.1528 2
    endloop
  endfacet
  facet normal 0 0 -1
    outer loop
      vertex 28.8334 6.1528 2
      vertex 36.1666 6.1528 2
      vertex 36.2929 6.07712 2
    endloop
  endfacet
  facet normal 0 0 -1
    outer loop
      vertex 28.7071 6.07712 2
      vertex 36.2929 6.07712 2
      vertex 36.426 6.01418 2
    endloop
  endfacet
  facet normal 0 0 -1
    outer loop
      vertex 28.574 6.01418 2
      vertex 36.426 6.01418 2
      vertex 36.5646 5.96459 2
    endloop
  endfacet
  facet normal 0 0 -1
    outer loop
      vertex 28.4354 5.96459 2
      vertex 36.5646 5.96459 2
      vertex 36.7074 5.92882 2
    endloop
  endfacet
  facet normal 0 0 -1
    outer loop
      vertex 35.5072 7.25297 2
      vertex 29.4928 7.25297 2
      vertex 29.5 7.4 2
    endloop
  endfacet
  facet normal 0 0 -1
    outer loop
      vertex 35.5288 7.10736 2
      vertex 29.4712 7.10736 2
      vertex 29.4928 7.25297 2
    endloop
  endfacet
  facet normal 0 0 -1
    outer loop
      vertex 35.5646 6.96457 2
      vertex 29.4354 6.96457 2
      vertex 29.4712 7.10736 2
    endloop
  endfacet
  facet normal 0 0 -1
    outer loop
      vertex 28.2926 5.92882 2
      vertex 36.7074 5.92882 2
      vertex 36.853 5.90722 2
    endloop
  endfacet
  facet normal 0 0 -1
    outer loop
      vertex 35.6142 6.82598 2
      vertex 29.3858 6.82598 2
      vertex 29.4354 6.96457 2
    endloop
  endfacet
  facet normal 0 0 -1
    outer loop
      vertex 35.6771 6.69291 2
      vertex 29.3229 6.69291 2
      vertex 29.3858 6.82598 2
    endloop
  endfacet
  facet normal 0 0 -1
    outer loop
      vertex 35.7528 6.56664 2
      vertex 29.2472 6.56664 2
      vertex 29.3229 6.69291 2
    endloop
  endfacet
  facet normal 0 0 -1
    outer loop
      vertex 37 5.9 2
      vertex 28 5.9 2
      vertex 36.853 5.90722 2
    endloop
  endfacet
  facet normal 0 0 -1
    outer loop
      vertex 35.8405 6.44841 2
      vertex 29.1595 6.44841 2
      vertex 29.2472 6.56664 2
    endloop
  endfacet
  facet normal 0 0 -1
    outer loop
      vertex 35.9393 6.33934 2
      vertex 29.0607 6.33934 2
      vertex 29.1595 6.44841 2
    endloop
  endfacet
  facet normal 0 0 -1
    outer loop
      vertex 36.0484 6.24049 2
      vertex 28.9516 6.24049 2
      vertex 29.0607 6.33934 2
    endloop
  endfacet
  facet normal 0 0 -1
    outer loop
      vertex 36.1666 6.1528 2
      vertex 28.8334 6.1528 2
      vertex 28.9516 6.24049 2
    endloop
  endfacet
  facet normal 0 0 -1
    outer loop
      vertex 36.2929 6.07712 2
      vertex 28.7071 6.07712 2
      vertex 28.8334 6.1528 2
    endloop
  endfacet
  facet normal 0 0 -1
    outer loop
      vertex 36.426 6.01418 2
      vertex 28.574 6.01418 2
      vertex 28.7071 6.07712 2
    endloop
  endfacet
  facet normal 0 0 -1
    outer loop
      vertex 36.5646 5.96459 2
      vertex 28.4354 5.96459 2
      vertex 28.574 6.01418 2
    endloop
  endfacet
  facet normal 0 0 -1
    outer loop
      vertex 36.7074 5.92882 2
      vertex 28.2926 5.92882 2
      vertex 28.4354 5.96459 2
    endloop
  endfacet
  facet normal 0 0 -1
    outer loop
      vertex 36.853 5.90722 2
      vertex 28.147 5.90722 2
      vertex 28.2926 5.92882 2
    endloop
  endfacet
  facet normal -0 0 -1
    outer loop
      vertex 36.853 5.90722 2
      vertex 28 5.9 2
      vertex 28.147 5.90722 2
    endloop
  endfacet
  facet normal 0 0 -1
    outer loop
      vertex -2.4 2.9 2
      vertex 28 5.9 2
      vertex 67.4 2.9 2
    endloop
  endfacet
  facet normal -0 0 -1
    outer loop
      vertex 28 5.9 2
      vertex -2.4 2.9 2
      vertex 10.1846 5.9 2
    endloop
  endfacet
  facet normal -0 0 -1
    outer loop
      vertex 8.69182 13.253 2
      vertex -2.4 2.9 2
      vertex 8.68459 13.4 2
    endloop
  endfacet
  facet normal -0 0 -1
    outer loop
      vertex 8.71341 13.6926 2
      vertex -2.4 2.9 2
      vertex -2.4 28.4 2
    endloop
  endfacet
  facet normal 0 0 -1
    outer loop
      vertex 8.69182 25.253 2
      vertex -2.4 28.4 2
      vertex 8.68459 25.4 2
    endloop
  endfacet
  facet normal 0 0 -1
    outer loop
      vertex -2.4 2.9 2
      vertex 8.68459 7.4 2
      vertex 8.69182 7.25297 2
    endloop
  endfacet
  facet normal 0 0 -1
    outer loop
      vertex -2.4 2.9 2
      vertex 8.69182 7.25297 2
      vertex 8.71341 7.10736 2
    endloop
  endfacet
  facet normal 0 0 -1
    outer loop
      vertex -2.4 2.9 2
      vertex 8.71341 7.10736 2
      vertex 8.74918 6.96457 2
    endloop
  endfacet
  facet normal 0 0 -1
    outer loop
      vertex -2.4 2.9 2
      vertex 8.74918 6.96457 2
      vertex 8.79877 6.82598 2
    endloop
  endfacet
  facet normal 0 0 -1
    outer loop
      vertex 8.68459 25.4 2
      vertex -2.4 28.4 2
      vertex -2.10651 29.9 2
    endloop
  endfacet
  facet normal 0 0 -1
    outer loop
      vertex -2.4 2.9 2
      vertex 8.79877 6.82598 2
      vertex 8.86171 6.69291 2
    endloop
  endfacet
  facet normal 0 0 -1
    outer loop
      vertex -2.10651 29.9 2
      vertex -2.4 28.4 2
      vertex -2.22776 29.5611 2
    endloop
  endfacet
  facet normal 0 0 -1
    outer loop
      vertex -2.22776 29.5611 2
      vertex -2.4 28.4 2
      vertex -2.32314 29.1804 2
    endloop
  endfacet
  facet normal -0 0 -1
    outer loop
      vertex 10.1846 5.9 2
      vertex -2.4 2.9 2
      vertex 10.0376 5.90722 2
    endloop
  endfacet
  facet normal 0 0 -1
    outer loop
      vertex -2.4 2.9 2
      vertex 9.89196 5.92882 2
      vertex 10.0376 5.90722 2
    endloop
  endfacet
  facet normal 0 0 -1
    outer loop
      vertex -2.4 2.9 2
      vertex 9.74917 5.96459 2
      vertex 9.89196 5.92882 2
    endloop
  endfacet
  facet normal 0 0 -1
    outer loop
      vertex -2.4 2.9 2
      vertex 9.61057 6.01418 2
      vertex 9.74917 5.96459 2
    endloop
  endfacet
  facet normal 0 0 -1
    outer loop
      vertex -2.4 2.9 2
      vertex 9.4775 6.07712 2
      vertex 9.61057 6.01418 2
    endloop
  endfacet
  facet normal 0 0 -1
    outer loop
      vertex -2.4 2.9 2
      vertex 9.35124 6.1528 2
      vertex 9.4775 6.07712 2
    endloop
  endfacet
  facet normal 0 0 -1
    outer loop
      vertex -2.4 2.9 2
      vertex 9.233 6.24049 2
      vertex 9.35124 6.1528 2
    endloop
  endfacet
  facet normal 0 0 -1
    outer loop
      vertex -2.4 2.9 2
      vertex 9.12393 6.33934 2
      vertex 9.233 6.24049 2
    endloop
  endfacet
  facet normal 0 0 -1
    outer loop
      vertex -2.4 2.9 2
      vertex 9.02508 6.44841 2
      vertex 9.12393 6.33934 2
    endloop
  endfacet
  facet normal 0 0 -1
    outer loop
      vertex -2.4 2.9 2
      vertex 8.93739 6.56664 2
      vertex 9.02508 6.44841 2
    endloop
  endfacet
  facet normal 0 0 -1
    outer loop
      vertex -2.4 2.9 2
      vertex 8.86171 6.69291 2
      vertex 8.93739 6.56664 2
    endloop
  endfacet
  facet normal 0 0 -1
    outer loop
      vertex 8.69182 19.253 2
      vertex -2.4 28.4 2
      vertex 8.68459 19.4 2
    endloop
  endfacet
  facet normal 0 0 -1
    outer loop
      vertex -2.32314 29.1804 2
      vertex -2.4 28.4 2
      vertex -2.38074 28.7921 2
    endloop
  endfacet
  facet normal 0 0 -1
    outer loop
      vertex 56.2866 25.6926 2
      vertex 67.4 28.4 2
      vertex 56.3082 25.547 2
    endloop
  endfacet
  facet normal 0 0 -1
    outer loop
      vertex 56.2508 25.8354 2
      vertex 67.4 28.4 2
      vertex 56.2866 25.6926 2
    endloop
  endfacet
  facet normal 0 0 -1
    outer loop
      vertex 56.2012 25.974 2
      vertex 67.4 28.4 2
      vertex 56.2508 25.8354 2
    endloop
  endfacet
  facet normal 0 -0 -1
    outer loop
      vertex 67.1065 29.9 2
      vertex 67.4 28.4 2
      vertex 56.2012 25.974 2
    endloop
  endfacet
  facet normal 0 0 -1
    outer loop
      vertex 67.3807 28.7921 2
      vertex 67.1065 29.9 2
      vertex 67.3231 29.1804 2
    endloop
  endfacet
  facet normal 0 0 -1
    outer loop
      vertex 67.3231 29.1804 2
      vertex 67.1065 29.9 2
      vertex 67.2278 29.5611 2
    endloop
  endfacet
  facet normal 0 0 -1
    outer loop
      vertex 67.4 28.4 2
      vertex 67.1065 29.9 2
      vertex 67.3807 28.7921 2
    endloop
  endfacet
  facet normal 0 0 -1
    outer loop
      vertex 56.1383 26.1071 2
      vertex 67.1065 29.9 2
      vertex 56.2012 25.974 2
    endloop
  endfacet
  facet normal 0 0 -1
    outer loop
      vertex 56.0626 26.2334 2
      vertex 67.1065 29.9 2
      vertex 56.1383 26.1071 2
    endloop
  endfacet
  facet normal 0 0 -1
    outer loop
      vertex 55.9749 26.3516 2
      vertex 67.1065 29.9 2
      vertex 56.0626 26.2334 2
    endloop
  endfacet
  facet normal 0 0 -1
    outer loop
      vertex 55.8761 26.4607 2
      vertex 67.1065 29.9 2
      vertex 55.9749 26.3516 2
    endloop
  endfacet
  facet normal 0 0 -1
    outer loop
      vertex 55.767 26.5595 2
      vertex 67.1065 29.9 2
      vertex 55.8761 26.4607 2
    endloop
  endfacet
  facet normal 0 0 -1
    outer loop
      vertex 55.6488 26.6472 2
      vertex 67.1065 29.9 2
      vertex 55.767 26.5595 2
    endloop
  endfacet
  facet normal 0 0 -1
    outer loop
      vertex 55.5225 26.7229 2
      vertex 67.1065 29.9 2
      vertex 55.6488 26.6472 2
    endloop
  endfacet
  facet normal 0 0 -1
    outer loop
      vertex 55.3894 26.7858 2
      vertex 67.1065 29.9 2
      vertex 55.5225 26.7229 2
    endloop
  endfacet
  facet normal 0 0 -1
    outer loop
      vertex 55.2508 26.8354 2
      vertex 67.1065 29.9 2
      vertex 55.3894 26.7858 2
    endloop
  endfacet
  facet normal 0 0 -1
    outer loop
      vertex 55.108 26.8712 2
      vertex 67.1065 29.9 2
      vertex 55.2508 26.8354 2
    endloop
  endfacet
  facet normal 0 0 -1
    outer loop
      vertex 54.9624 26.8928 2
      vertex 67.1065 29.9 2
      vertex 55.108 26.8712 2
    endloop
  endfacet
  facet normal 0 0 -1
    outer loop
      vertex 54.8154 26.9 2
      vertex 67.1065 29.9 2
      vertex 54.9624 26.8928 2
    endloop
  endfacet
  facet normal 0 0 -1
    outer loop
      vertex 37 26.9 2
      vertex 67.1065 29.9 2
      vertex 54.8154 26.9 2
    endloop
  endfacet
  facet normal 0 0 -1
    outer loop
      vertex 28 26.9 2
      vertex 37 26.9 2
      vertex 36.853 26.8928 2
    endloop
  endfacet
  facet normal 0 0 -1
    outer loop
      vertex 35.5072 19.253 2
      vertex 29.5 19.4 2
      vertex 35.5 19.4 2
    endloop
  endfacet
  facet normal 0 0 -1
    outer loop
      vertex 35.5288 25.1074 2
      vertex 29.5 25.4 2
      vertex 35.5072 25.253 2
    endloop
  endfacet
  facet normal 0 0 -1
    outer loop
      vertex 35.5072 25.253 2
      vertex 29.5 25.4 2
      vertex 35.5 25.4 2
    endloop
  endfacet
  facet normal 0 0 -1
    outer loop
      vertex 35.5 25.4 2
      vertex 29.5 25.4 2
      vertex 35.5072 25.547 2
    endloop
  endfacet
  facet normal 0 0 -1
    outer loop
      vertex 29.4928 25.547 2
      vertex 35.5072 25.547 2
      vertex 29.5 25.4 2
    endloop
  endfacet
  facet normal 0 0 -1
    outer loop
      vertex 35.5072 25.547 2
      vertex 29.4928 25.547 2
      vertex 35.5288 25.6926 2
    endloop
  endfacet
  facet normal 0 0 -1
    outer loop
      vertex 29.4712 25.6926 2
      vertex 35.5288 25.6926 2
      vertex 29.4928 25.547 2
    endloop
  endfacet
  facet normal 0 0 -1
    outer loop
      vertex 35.5288 25.6926 2
      vertex 29.4712 25.6926 2
      vertex 35.5646 25.8354 2
    endloop
  endfacet
  facet normal 0 0 -1
    outer loop
      vertex 29.4354 25.8354 2
      vertex 35.5646 25.8354 2
      vertex 29.4712 25.6926 2
    endloop
  endfacet
  facet normal 0 0 -1
    outer loop
      vertex 35.5646 25.8354 2
      vertex 29.4354 25.8354 2
      vertex 35.6142 25.974 2
    endloop
  endfacet
  facet normal 0 0 -1
    outer loop
      vertex 29.3858 25.974 2
      vertex 35.6142 25.974 2
      vertex 29.4354 25.8354 2
    endloop
  endfacet
  facet normal 0 0 -1
    outer loop
      vertex 35.6142 25.974 2
      vertex 29.3858 25.974 2
      vertex 35.6771 26.1071 2
    endloop
  endfacet
  facet normal 0 0 -1
    outer loop
      vertex 29.3229 26.1071 2
      vertex 35.6771 26.1071 2
      vertex 29.3858 25.974 2
    endloop
  endfacet
  facet normal 0 0 -1
    outer loop
      vertex 35.6771 26.1071 2
      vertex 29.3229 26.1071 2
      vertex 35.7528 26.2334 2
    endloop
  endfacet
  facet normal 0 0 -1
    outer loop
      vertex 29.2472 26.2334 2
      vertex 35.7528 26.2334 2
      vertex 29.3229 26.1071 2
    endloop
  endfacet
  facet normal 0 0 -1
    outer loop
      vertex 35.7528 26.2334 2
      vertex 29.2472 26.2334 2
      vertex 35.8405 26.3516 2
    endloop
  endfacet
  facet normal 0 0 -1
    outer loop
      vertex 29.1595 26.3516 2
      vertex 35.8405 26.3516 2
      vertex 29.2472 26.2334 2
    endloop
  endfacet
  facet normal 0 0 -1
    outer loop
      vertex 35.8405 26.3516 2
      vertex 29.1595 26.3516 2
      vertex 35.9393 26.4607 2
    endloop
  endfacet
  facet normal 0 0 -1
    outer loop
      vertex 29.0607 26.4607 2
      vertex 35.9393 26.4607 2
      vertex 29.1595 26.3516 2
    endloop
  endfacet
  facet normal 0 0 -1
    outer loop
      vertex 35.9393 26.4607 2
      vertex 29.0607 26.4607 2
      vertex 36.0484 26.5595 2
    endloop
  endfacet
  facet normal 0 0 -1
    outer loop
      vertex 28.9516 26.5595 2
      vertex 36.0484 26.5595 2
      vertex 29.0607 26.4607 2
    endloop
  endfacet
  facet normal 0 0 -1
    outer loop
      vertex 36.0484 26.5595 2
      vertex 28.9516 26.5595 2
      vertex 36.1666 26.6472 2
    endloop
  endfacet
  facet normal 0 0 -1
    outer loop
      vertex 28.8334 26.6472 2
      vertex 36.1666 26.6472 2
      vertex 28.9516 26.5595 2
    endloop
  endfacet
  facet normal 0 0 -1
    outer loop
      vertex 36.1666 26.6472 2
      vertex 28.8334 26.6472 2
      vertex 36.2929 26.7229 2
    endloop
  endfacet
  facet normal 0 0 -1
    outer loop
      vertex 28.7071 26.7229 2
      vertex 36.2929 26.7229 2
      vertex 28.8334 26.6472 2
    endloop
  endfacet
  facet normal 0 0 -1
    outer loop
      vertex 36.2929 26.7229 2
      vertex 28.7071 26.7229 2
      vertex 36.426 26.7858 2
    endloop
  endfacet
  facet normal 0 0 -1
    outer loop
      vertex 28.574 26.7858 2
      vertex 36.426 26.7858 2
      vertex 28.7071 26.7229 2
    endloop
  endfacet
  facet normal 0 0 -1
    outer loop
      vertex 36.426 26.7858 2
      vertex 28.574 26.7858 2
      vertex 36.5646 26.8354 2
    endloop
  endfacet
  facet normal 0 0 -1
    outer loop
      vertex 28.4354 26.8354 2
      vertex 36.5646 26.8354 2
      vertex 28.574 26.7858 2
    endloop
  endfacet
  facet normal 0 0 -1
    outer loop
      vertex 36.5646 26.8354 2
      vertex 28.4354 26.8354 2
      vertex 36.7074 26.8712 2
    endloop
  endfacet
  facet normal 0 0 -1
    outer loop
      vertex 28.2926 26.8712 2
      vertex 36.7074 26.8712 2
      vertex 28.4354 26.8354 2
    endloop
  endfacet
  facet normal 0 0 -1
    outer loop
      vertex 36.7074 26.8712 2
      vertex 28.2926 26.8712 2
      vertex 36.853 26.8928 2
    endloop
  endfacet
  facet normal 0 0 -1
    outer loop
      vertex 28.147 26.8928 2
      vertex 36.853 26.8928 2
      vertex 28.2926 26.8712 2
    endloop
  endfacet
  facet normal 0 0 -1
    outer loop
      vertex 28 26.9 2
      vertex 36.853 26.8928 2
      vertex 28.147 26.8928 2
    endloop
  endfacet
  facet normal 0 0 -1
    outer loop
      vertex 37 26.9 2
      vertex 28 26.9 2
      vertex 67.1065 29.9 2
    endloop
  endfacet
  facet normal 0 0 -1
    outer loop
      vertex -2.10651 29.9 2
      vertex 28 26.9 2
      vertex 10.1846 26.9 2
    endloop
  endfacet
  facet normal 0 0 -1
    outer loop
      vertex -2.10651 29.9 2
      vertex 10.1846 26.9 2
      vertex 10.0376 26.8928 2
    endloop
  endfacet
  facet normal 0 0 -1
    outer loop
      vertex 28 26.9 2
      vertex -2.10651 29.9 2
      vertex 67.1065 29.9 2
    endloop
  endfacet
  facet normal 0 0 -1
    outer loop
      vertex 9.89196 26.8712 2
      vertex -2.10651 29.9 2
      vertex 10.0376 26.8928 2
    endloop
  endfacet
  facet normal 0 0 -1
    outer loop
      vertex 9.74917 26.8354 2
      vertex -2.10651 29.9 2
      vertex 9.89196 26.8712 2
    endloop
  endfacet
  facet normal 0 0 -1
    outer loop
      vertex 9.61057 26.7858 2
      vertex -2.10651 29.9 2
      vertex 9.74917 26.8354 2
    endloop
  endfacet
  facet normal 0 0 -1
    outer loop
      vertex 9.4775 26.7229 2
      vertex -2.10651 29.9 2
      vertex 9.61057 26.7858 2
    endloop
  endfacet
  facet normal 0 0 -1
    outer loop
      vertex 9.35124 26.6472 2
      vertex -2.10651 29.9 2
      vertex 9.4775 26.7229 2
    endloop
  endfacet
  facet normal 0 0 -1
    outer loop
      vertex 9.233 26.5595 2
      vertex -2.10651 29.9 2
      vertex 9.35124 26.6472 2
    endloop
  endfacet
  facet normal 0 0 -1
    outer loop
      vertex 9.12393 26.4607 2
      vertex -2.10651 29.9 2
      vertex 9.233 26.5595 2
    endloop
  endfacet
  facet normal 0 0 -1
    outer loop
      vertex 9.02508 26.3516 2
      vertex -2.10651 29.9 2
      vertex 9.12393 26.4607 2
    endloop
  endfacet
  facet normal 0 0 -1
    outer loop
      vertex 8.93739 26.2334 2
      vertex -2.10651 29.9 2
      vertex 9.02508 26.3516 2
    endloop
  endfacet
  facet normal 0 0 -1
    outer loop
      vertex 8.86171 26.1071 2
      vertex -2.10651 29.9 2
      vertex 8.93739 26.2334 2
    endloop
  endfacet
  facet normal 0 0 -1
    outer loop
      vertex 8.79877 25.974 2
      vertex -2.10651 29.9 2
      vertex 8.86171 26.1071 2
    endloop
  endfacet
  facet normal 0 0 -1
    outer loop
      vertex 8.74918 25.8354 2
      vertex -2.10651 29.9 2
      vertex 8.79877 25.974 2
    endloop
  endfacet
  facet normal 0 0 -1
    outer loop
      vertex 8.71341 25.6926 2
      vertex -2.10651 29.9 2
      vertex 8.74918 25.8354 2
    endloop
  endfacet
  facet normal 0 0 -1
    outer loop
      vertex 8.69182 25.547 2
      vertex -2.10651 29.9 2
      vertex 8.71341 25.6926 2
    endloop
  endfacet
  facet normal 0 0 -1
    outer loop
      vertex -2.10651 29.9 2
      vertex 8.69182 25.547 2
      vertex 8.68459 25.4 2
    endloop
  endfacet
endsolid OpenSCAD_Model
