=== CoCo Zero soak log, interval 60s, clock 2026-10-04 19:03:18 from card
=== DATE 2026-10-04
XRoar on RP2350-PiZero (soak log) fw=v0.7.2-292-gd3ec182-dirty env=pizero_stream_60 boot=power-on freezes=0 last=none
=== DATE 2026-10-04
[19:03:18.000] up=0:00:04 [run] fps=1 cpu=10222us render=866us blit=1526us aud=3us | ls=J/FS conn=1 sof=570 usb=0 rpts=0 rfail=0 eperr=0 ints=0 | freezes=0 last=none badfps=1
[19:03:18.000] [aud] fill=800 prod=167/s want=48000/s srv=48000 under=5716/s short=11.9% tone=0/s skips=0 under_total=27336
[19:04:18.000] up=0:01:04 [run] fps=60 cpu=10682us render=200us blit=1601us aud=0us | ls=J/FS conn=1 sof=60575 usb=2 rpts=6800 rfail=0 eperr=0 ints=0 | freezes=0 last=none badfps=3
[19:04:18.000] [aud] fill=3352 prod=48032/s want=48000/s srv=48023 under=0/s short=0.0% tone=0/s skips=0 under_total=31443
[19:05:18.000] up=0:02:04 [run] fps=60 cpu=10683us render=200us blit=1562us aud=1us | ls=J/FS conn=1 sof=120579 usb=2 rpts=14025 rfail=0 eperr=0 ints=0 | freezes=0 last=none badfps=3
[19:05:18.000] [aud] fill=4186 prod=48007/s want=48000/s srv=47997 under=0/s short=0.0% tone=0/s skips=0 under_total=31443
[19:06:18.000] up=0:03:04 [run] fps=60 cpu=10686us render=200us blit=1600us aud=0us | ls=J/FS conn=1 sof=180583 usb=2 rpts=21249 rfail=0 eperr=0 ints=0 | freezes=0 last=none badfps=3
[19:06:18.000] [aud] fill=4324 prod=48002/s want=48000/s srv=47993 under=0/s short=0.0% tone=0/s skips=0 under_total=31443
[19:07:18.000] up=0:04:04 [run] fps=60 cpu=10675us render=200us blit=1559us aud=0us | ls=J/FS conn=1 sof=240586 usb=2 rpts=28479 rfail=0 eperr=0 ints=0 | freezes=0 last=none badfps=3
[19:07:18.000] [aud] fill=4369 prod=48001/s want=48000/s srv=47992 under=0/s short=0.0% tone=0/s skips=0 under_total=31443
[19:08:18.000] up=0:05:04 [run] fps=60 cpu=10679us render=202us blit=1618us aud=1us | ls=J/FS conn=1 sof=300590 usb=2 rpts=35705 rfail=0 eperr=0 ints=0 | freezes=0 last=none badfps=3
[19:08:18.000] [aud] fill=4353 prod=48002/s want=48000/s srv=47992 under=0/s short=0.0% tone=0/s skips=0 under_total=31443
[19:09:18.000] up=0:06:04 [run] fps=60 cpu=10682us render=200us blit=1601us aud=0us | ls=J/FS conn=1 sof=360594 usb=2 rpts=42924 rfail=0 eperr=0 ints=0 | freezes=0 last=none badfps=3
[19:09:18.000] [aud] fill=4349 prod=48001/s want=48000/s srv=47992 under=0/s short=0.0% tone=0/s skips=0 under_total=31443
[19:10:18.000] up=0:07:04 [run] fps=60 cpu=10687us render=199us blit=1600us aud=0us | ls=J/FS conn=1 sof=420597 usb=2 rpts=50149 rfail=0 eperr=0 ints=0 | freezes=0 last=none badfps=3
[19:10:18.000] [aud] fill=4358 prod=48002/s want=48000/s srv=47992 under=0/s short=0.0% tone=0/s skips=0 under_total=31443
[19:11:18.000] up=0:08:04 [run] fps=60 cpu=10675us render=200us blit=1601us aud=0us | ls=J/FS conn=1 sof=480601 usb=2 rpts=57370 rfail=0 eperr=0 ints=0 | freezes=0 last=none badfps=3
[19:11:18.000] [aud] fill=4386 prod=48001/s want=48000/s srv=47991 under=0/s short=0.0% tone=0/s skips=0 under_total=31443
[19:12:18.000] up=0:09:04 [run] fps=60 cpu=10677us render=199us blit=1599us aud=0us | ls=J/FS conn=1 sof=540604 usb=2 rpts=64593 rfail=0 eperr=0 ints=0 | freezes=0 last=none badfps=3
[19:12:18.000] [aud] fill=4370 prod=48002/s want=48000/s srv=47992 under=0/s short=0.0% tone=0/s skips=0 under_total=31443
[19:13:18.000] up=0:10:04 [run] fps=60 cpu=10680us render=199us blit=1601us aud=0us | ls=J/FS conn=1 sof=600608 usb=2 rpts=71826 rfail=0 eperr=0 ints=0 | freezes=0 last=none badfps=3
[19:13:18.000] [aud] fill=4352 prod=48001/s want=48000/s srv=47992 under=0/s short=0.0% tone=0/s skips=0 under_total=31443
[19:14:18.000] up=0:11:04 [run] fps=60 cpu=10685us render=199us blit=1601us aud=1us | ls=J/FS conn=1 sof=660612 usb=2 rpts=79053 rfail=0 eperr=0 ints=0 | freezes=0 last=none badfps=3
[19:14:18.000] [aud] fill=4350 prod=48001/s want=48000/s srv=47992 under=0/s short=0.0% tone=0/s skips=0 under_total=31443
[19:15:18.000] up=0:12:04 [run] fps=60 cpu=10681us render=200us blit=1563us aud=0us | ls=J/FS conn=1 sof=720615 usb=2 rpts=86287 rfail=0 eperr=0 ints=0 | freezes=0 last=none badfps=3
[19:15:18.000] [aud] fill=4361 prod=48002/s want=48000/s srv=47992 under=0/s short=0.0% tone=0/s skips=0 under_total=31443
[19:16:18.000] up=0:13:04 [run] fps=60 cpu=10671us render=199us blit=1600us aud=0us | ls=J/FS conn=1 sof=780619 usb=2 rpts=93510 rfail=0 eperr=0 ints=0 | freezes=0 last=none badfps=3
[19:16:18.000] [aud] fill=4361 prod=48001/s want=48000/s srv=47992 under=0/s short=0.0% tone=0/s skips=0 under_total=31443
[19:17:18.000] up=0:14:04 [run] fps=60 cpu=10668us render=199us blit=1617us aud=1us | ls=J/FS conn=1 sof=840622 usb=2 rpts=100736 rfail=0 eperr=0 ints=0 | freezes=0 last=none badfps=3
[19:17:18.000] [aud] fill=4361 prod=48001/s want=48000/s srv=47992 under=0/s short=0.0% tone=0/s skips=0 under_total=31443
[19:18:18.000] up=0:15:04 [run] fps=60 cpu=10675us render=199us blit=1602us aud=0us | ls=J/FS conn=1 sof=900626 usb=2 rpts=107957 rfail=0 eperr=0 ints=0 | freezes=0 last=none badfps=3
[19:18:18.000] [aud] fill=4351 prod=48001/s want=48000/s srv=47992 under=0/s short=0.0% tone=0/s skips=0 under_total=31443
[19:19:18.000] up=0:16:04 [run] fps=60 cpu=10679us render=199us blit=1602us aud=1us | ls=J/FS conn=1 sof=960630 usb=2 rpts=115175 rfail=0 eperr=0 ints=0 | freezes=0 last=none badfps=3
[19:19:18.000] [aud] fill=4350 prod=48002/s want=48000/s srv=47992 under=0/s short=0.0% tone=0/s skips=0 under_total=31443
[19:20:18.000] up=0:17:04 [run] fps=60 cpu=10679us render=200us blit=1564us aud=1us | ls=J/FS conn=1 sof=1020633 usb=2 rpts=122404 rfail=0 eperr=0 ints=0 | freezes=0 last=none badfps=3
[19:20:18.000] [aud] fill=4357 prod=48001/s want=48000/s srv=47992 under=0/s short=0.0% tone=0/s skips=0 under_total=31443
[19:21:18.000] up=0:18:04 [run] fps=60 cpu=10669us render=198us blit=1598us aud=1us | ls=J/FS conn=1 sof=1080637 usb=2 rpts=129625 rfail=0 eperr=0 ints=0 | freezes=0 last=none badfps=3
[19:21:18.000] [aud] fill=4363 prod=48002/s want=48000/s srv=47992 under=0/s short=0.0% tone=0/s skips=0 under_total=31443
[19:22:18.000] up=0:19:04 [run] fps=60 cpu=10672us render=201us blit=1619us aud=1us | ls=J/FS conn=1 sof=1140640 usb=2 rpts=136849 rfail=0 eperr=0 ints=0 | freezes=0 last=none badfps=3
[19:22:18.000] [aud] fill=4359 prod=48002/s want=48000/s srv=47992 under=0/s short=0.0% tone=0/s skips=0 under_total=31443
[19:23:18.000] up=0:20:04 [run] fps=60 cpu=10682us render=199us blit=1600us aud=1us | ls=J/FS conn=1 sof=1200644 usb=2 rpts=144072 rfail=0 eperr=0 ints=0 | freezes=0 last=none badfps=3
[19:23:18.000] [aud] fill=4351 prod=48002/s want=48000/s srv=47992 under=0/s short=0.0% tone=0/s skips=0 under_total=31443
[19:24:18.000] up=0:21:04 [run] fps=60 cpu=10678us render=199us blit=1602us aud=1us | ls=J/FS conn=1 sof=1260648 usb=2 rpts=151299 rfail=0 eperr=0 ints=0 | freezes=0 last=none badfps=3
[19:24:18.000] [aud] fill=4350 prod=48002/s want=48000/s srv=47992 under=0/s short=0.0% tone=0/s skips=0 under_total=31443
[19:25:18.000] up=0:22:04 [run] fps=60 cpu=10673us render=200us blit=1601us aud=0us | ls=J/FS conn=1 sof=1320651 usb=2 rpts=158527 rfail=0 eperr=0 ints=0 | freezes=0 last=none badfps=3
[19:25:18.000] [aud] fill=4390 prod=48000/s want=48000/s srv=47991 under=0/s short=0.0% tone=0/s skips=0 under_total=31443
[19:26:18.000] up=0:23:04 [run] fps=60 cpu=10665us render=200us blit=1609us aud=1us | ls=J/FS conn=1 sof=1380655 usb=2 rpts=165747 rfail=0 eperr=0 ints=0 | freezes=0 last=none badfps=3
[19:26:18.000] [aud] fill=4358 prod=48002/s want=48000/s srv=47992 under=0/s short=0.0% tone=0/s skips=0 under_total=31443
[19:27:18.000] up=0:24:04 [run] fps=60 cpu=10678us render=200us blit=1601us aud=0us | ls=J/FS conn=1 sof=1440658 usb=2 rpts=172972 rfail=0 eperr=0 ints=0 | freezes=0 last=none badfps=3
[19:27:18.000] [aud] fill=4358 prod=48001/s want=48000/s srv=47992 under=0/s short=0.0% tone=0/s skips=0 under_total=31443
[19:28:18.000] up=0:25:04 [run] fps=60 cpu=10677us render=199us blit=1602us aud=1us | ls=J/FS conn=1 sof=1500662 usb=2 rpts=180197 rfail=0 eperr=0 ints=0 | freezes=0 last=none badfps=3
[19:28:18.000] [aud] fill=4351 prod=48001/s want=48000/s srv=47992 under=0/s short=0.0% tone=0/s skips=0 under_total=31443
[19:29:18.000] up=0:26:04 [run] fps=60 cpu=10680us render=199us blit=1602us aud=1us | ls=J/FS conn=1 sof=1560666 usb=2 rpts=187423 rfail=0 eperr=0 ints=0 | freezes=0 last=none badfps=3
[19:29:18.000] [aud] fill=4350 prod=48002/s want=48000/s srv=47992 under=0/s short=0.0% tone=0/s skips=0 under_total=31443
[19:30:18.000] up=0:27:04 [run] fps=60 cpu=10670us render=200us blit=1561us aud=0us | ls=J/FS conn=1 sof=1620669 usb=2 rpts=194655 rfail=0 eperr=0 ints=0 | freezes=0 last=none badfps=3
[19:30:18.000] [aud] fill=4376 prod=48001/s want=48000/s srv=47991 under=0/s short=0.0% tone=0/s skips=0 under_total=31443
[19:31:18.000] up=0:28:04 [run] fps=60 cpu=10667us render=200us blit=1592us aud=1us | ls=J/FS conn=1 sof=1680673 usb=2 rpts=201878 rfail=0 eperr=0 ints=0 | freezes=0 last=none badfps=3
[19:31:18.000] [aud] fill=4353 prod=48002/s want=48000/s srv=47992 under=0/s short=0.0% tone=0/s skips=0 under_total=31443
[19:32:18.000] up=0:29:04 [run] fps=60 cpu=10676us render=200us blit=1564us aud=1us | ls=J/FS conn=1 sof=1740676 usb=2 rpts=209110 rfail=0 eperr=0 ints=0 | freezes=0 last=none badfps=3
[19:32:18.000] [aud] fill=4357 prod=48002/s want=48000/s srv=47992 under=0/s short=0.0% tone=0/s skips=0 under_total=31443
[19:33:18.000] up=0:30:04 [run] fps=60 cpu=10678us render=199us blit=1563us aud=1us | ls=J/FS conn=1 sof=1800680 usb=2 rpts=216339 rfail=0 eperr=0 ints=0 | freezes=0 last=none badfps=3
[19:33:18.000] [aud] fill=4350 prod=48001/s want=48000/s srv=47992 under=0/s short=0.0% tone=0/s skips=0 under_total=31443
[19:34:18.000] up=0:31:04 [run] fps=60 cpu=10674us render=200us blit=1601us aud=1us | ls=J/FS conn=1 sof=1860684 usb=2 rpts=223555 rfail=0 eperr=0 ints=0 | freezes=0 last=none badfps=3
[19:34:18.000] [aud] fill=4377 prod=48002/s want=48000/s srv=47992 under=0/s short=0.0% tone=0/s skips=0 under_total=31443
[19:35:18.000] up=0:32:04 [run] fps=60 cpu=10673us render=200us blit=1560us aud=0us | ls=J/FS conn=1 sof=1920687 usb=2 rpts=230782 rfail=0 eperr=0 ints=0 | freezes=0 last=none badfps=3
[19:35:18.000] [aud] fill=4374 prod=48001/s want=48000/s srv=47992 under=0/s short=0.0% tone=0/s skips=0 under_total=31443
[19:36:18.000] up=0:33:04 [run] fps=60 cpu=10673us render=199us blit=1600us aud=1us | ls=J/FS conn=1 sof=1980691 usb=2 rpts=237995 rfail=0 eperr=0 ints=0 | freezes=0 last=none badfps=3
[19:36:18.000] [aud] fill=4352 prod=48001/s want=48000/s srv=47992 under=0/s short=0.0% tone=0/s skips=0 under_total=31443
[19:37:18.000] up=0:34:04 [run] fps=60 cpu=10679us render=199us blit=1600us aud=1us | ls=J/FS conn=1 sof=2040694 usb=2 rpts=245211 rfail=0 eperr=0 ints=0 | freezes=0 last=none badfps=3
[19:37:18.000] [aud] fill=4359 prod=48002/s want=48000/s srv=47992 under=0/s short=0.0% tone=0/s skips=0 under_total=31443
[19:38:18.000] up=0:35:04 [run] fps=60 cpu=10676us render=199us blit=1601us aud=0us | ls=J/FS conn=1 sof=2100698 usb=2 rpts=252443 rfail=0 eperr=0 ints=0 | freezes=0 last=none badfps=3
[19:38:18.000] [aud] fill=4351 prod=48002/s want=48000/s srv=47992 under=0/s short=0.0% tone=0/s skips=0 under_total=31443
[19:39:18.000] up=0:36:04 [run] fps=60 cpu=10671us render=199us blit=1598us aud=1us | ls=J/FS conn=1 sof=2160702 usb=2 rpts=259674 rfail=0 eperr=0 ints=0 | freezes=0 last=none badfps=3
[19:39:18.000] [aud] fill=4368 prod=48002/s want=48000/s srv=47992 under=0/s short=0.0% tone=0/s skips=0 under_total=31443
[19:40:18.000] up=0:37:04 [run] fps=60 cpu=10671us render=199us blit=1611us aud=0us | ls=J/FS conn=1 sof=2220705 usb=2 rpts=266901 rfail=0 eperr=0 ints=0 | freezes=0 last=none badfps=3
[19:40:18.000] [aud] fill=4361 prod=48001/s want=48000/s srv=47992 under=0/s short=0.0% tone=0/s skips=0 under_total=31443
[19:41:18.000] up=0:38:04 [run] fps=60 cpu=10677us render=200us blit=1602us aud=0us | ls=J/FS conn=1 sof=2280709 usb=2 rpts=274131 rfail=0 eperr=0 ints=0 | freezes=0 last=none badfps=3
[19:41:18.000] [aud] fill=4350 prod=48001/s want=48000/s srv=47992 under=0/s short=0.0% tone=0/s skips=0 under_total=31443
[19:42:18.000] up=0:39:04 [run] fps=60 cpu=10673us render=200us blit=1601us aud=0us | ls=J/FS conn=1 sof=2340712 usb=2 rpts=281357 rfail=0 eperr=0 ints=0 | freezes=0 last=none badfps=3
[19:42:18.000] [aud] fill=4357 prod=48001/s want=48000/s srv=47992 under=0/s short=0.0% tone=0/s skips=0 under_total=31443
[19:43:18.000] up=0:40:04 [run] fps=60 cpu=10681us render=200us blit=1601us aud=1us | ls=J/FS conn=1 sof=2400716 usb=2 rpts=288577 rfail=0 eperr=0 ints=0 | freezes=0 last=none badfps=3
[19:43:18.000] [aud] fill=4349 prod=48002/s want=48000/s srv=47992 under=0/s short=0.0% tone=0/s skips=0 under_total=31443
[19:44:18.000] up=0:41:04 [run] fps=60 cpu=10666us render=199us blit=1599us aud=1us | ls=J/FS conn=1 sof=2460720 usb=2 rpts=295798 rfail=0 eperr=0 ints=0 | freezes=0 last=none badfps=3
[19:44:18.000] [aud] fill=4362 prod=48001/s want=48000/s srv=47992 under=0/s short=0.0% tone=0/s skips=0 under_total=31443
[19:45:18.000] up=0:42:04 [run] fps=60 cpu=10672us render=202us blit=1622us aud=1us | ls=J/FS conn=1 sof=2520723 usb=2 rpts=303026 rfail=0 eperr=0 ints=0 | freezes=0 last=none badfps=3
[19:45:18.000] [aud] fill=4360 prod=47954/s want=48000/s srv=47992 under=0/s short=0.0% tone=0/s skips=0 under_total=31443
[19:46:18.000] up=0:43:04 [run] fps=60 cpu=10675us render=200us blit=1601us aud=0us | ls=J/FS conn=1 sof=2580727 usb=2 rpts=310248 rfail=0 eperr=0 ints=0 | freezes=0 last=none badfps=3
[19:46:18.000] [aud] fill=4350 prod=48001/s want=48000/s srv=47992 under=0/s short=0.0% tone=0/s skips=0 under_total=31443
[19:47:18.000] up=0:44:04 [run] fps=60 cpu=10643us render=199us blit=1600us aud=0us | ls=J/FS conn=1 sof=2640731 usb=2 rpts=317481 rfail=0 eperr=0 ints=0 | freezes=0 last=none badfps=3
[19:47:18.000] [aud] fill=4350 prod=48001/s want=48000/s srv=47992 under=0/s short=0.0% tone=0/s skips=0 under_total=31443
[19:48:18.000] up=0:45:04 [run] fps=60 cpu=10674us render=200us blit=1600us aud=1us | ls=J/FS conn=1 sof=2700734 usb=2 rpts=324702 rfail=0 eperr=0 ints=0 | freezes=0 last=none badfps=3
[19:48:18.000] [aud] fill=4391 prod=48000/s want=48000/s srv=47991 under=0/s short=0.0% tone=0/s skips=0 under_total=31443
[19:49:18.000] up=0:46:04 [run] fps=60 cpu=10630us render=200us blit=1612us aud=0us | ls=J/FS conn=1 sof=2760738 usb=2 rpts=331937 rfail=0 eperr=0 ints=0 | freezes=0 last=none badfps=3
[19:49:18.000] [aud] fill=4358 prod=48001/s want=48000/s srv=47992 under=0/s short=0.0% tone=0/s skips=0 under_total=31443
[19:50:18.000] up=0:47:04 [run] fps=60 cpu=10674us render=201us blit=1608us aud=1us | ls=J/FS conn=1 sof=2820741 usb=2 rpts=339161 rfail=0 eperr=0 ints=0 | freezes=0 last=none badfps=3
[19:50:18.000] [aud] fill=4359 prod=48002/s want=48000/s srv=47992 under=0/s short=0.0% tone=0/s skips=0 under_total=31443
[19:51:18.000] up=0:48:04 [run] fps=60 cpu=10644us render=201us blit=1599us aud=1us | ls=J/FS conn=1 sof=2880745 usb=2 rpts=346394 rfail=0 eperr=0 ints=0 | freezes=0 last=none badfps=3
[19:51:18.000] [aud] fill=4350 prod=48001/s want=48000/s srv=47992 under=0/s short=0.0% tone=0/s skips=0 under_total=31443
[19:52:18.000] up=0:49:04 [run] fps=60 cpu=10642us render=237us blit=1564us aud=1us | ls=J/FS conn=1 sof=2940749 usb=2 rpts=353620 rfail=0 eperr=0 ints=0 | freezes=0 last=none badfps=3
[19:52:18.000] [aud] fill=4347 prod=48001/s want=48000/s srv=47992 under=0/s short=0.0% tone=0/s skips=0 under_total=31443
[19:53:18.000] up=0:50:04 [run] fps=60 cpu=10634us render=236us blit=1560us aud=1us | ls=J/FS conn=1 sof=3000752 usb=2 rpts=360852 rfail=0 eperr=0 ints=0 | freezes=0 last=none badfps=3
[19:53:18.000] [aud] fill=4374 prod=48001/s want=48000/s srv=47991 under=0/s short=0.0% tone=0/s skips=0 under_total=31443
[19:54:18.000] up=0:51:04 [run] fps=60 cpu=10631us render=239us blit=1581us aud=0us | ls=J/FS conn=1 sof=3060756 usb=2 rpts=368074 rfail=0 eperr=0 ints=0 | freezes=0 last=none badfps=3
[19:54:18.000] [aud] fill=4351 prod=48001/s want=48000/s srv=47992 under=0/s short=0.0% tone=0/s skips=0 under_total=31443
[19:55:18.000] up=0:52:04 [run] fps=60 cpu=10641us render=200us blit=1600us aud=1us | ls=J/FS conn=1 sof=3120759 usb=2 rpts=375304 rfail=0 eperr=0 ints=0 | freezes=0 last=none badfps=3
[19:55:18.000] [aud] fill=4360 prod=48002/s want=48000/s srv=47992 under=0/s short=0.0% tone=0/s skips=0 under_total=31443
[19:56:18.000] up=0:53:04 [run] fps=60 cpu=10637us render=237us blit=1563us aud=1us | ls=J/FS conn=1 sof=3180763 usb=2 rpts=382529 rfail=0 eperr=0 ints=0 | freezes=0 last=none badfps=3
[19:56:18.000] [aud] fill=4348 prod=48002/s want=48000/s srv=47992 under=0/s short=0.0% tone=0/s skips=0 under_total=31443
[19:57:18.000] up=0:54:04 [run] fps=60 cpu=10637us render=237us blit=1562us aud=1us | ls=J/FS conn=1 sof=3240767 usb=2 rpts=389750 rfail=0 eperr=0 ints=0 | freezes=0 last=none badfps=3
[19:57:18.000] [aud] fill=4385 prod=48000/s want=48000/s srv=47991 under=0/s short=0.0% tone=0/s skips=0 under_total=31443
[19:58:18.000] up=0:55:04 [run] fps=60 cpu=10631us render=237us blit=1562us aud=0us | ls=J/FS conn=1 sof=3300770 usb=2 rpts=396975 rfail=0 eperr=0 ints=0 | freezes=0 last=none badfps=3
[19:58:18.000] [aud] fill=4369 prod=48002/s want=48000/s srv=47992 under=0/s short=0.0% tone=0/s skips=0 under_total=31443
[19:59:18.000] up=0:56:04 [run] fps=60 cpu=10681us render=200us blit=1564us aud=0us | ls=J/FS conn=1 sof=3360775 usb=2 rpts=404223 rfail=0 eperr=0 ints=0 | freezes=0 last=none badfps=3
[19:59:18.000] [aud] fill=4340 prod=48003/s want=48000/s srv=47993 under=0/s short=0.0% tone=0/s skips=0 under_total=31443
[20:00:18.000] up=0:57:04 [run] fps=60 cpu=10677us render=200us blit=1564us aud=0us | ls=J/FS conn=1 sof=3420778 usb=2 rpts=411454 rfail=0 eperr=0 ints=0 | freezes=0 last=none badfps=3
[20:00:18.000] [aud] fill=4354 prod=48001/s want=48000/s srv=47992 under=0/s short=0.0% tone=0/s skips=0 under_total=31443
[20:01:18.000] up=0:58:04 [run] fps=60 cpu=10682us render=199us blit=1564us aud=0us | ls=J/FS conn=1 sof=3480782 usb=2 rpts=418685 rfail=0 eperr=0 ints=0 | freezes=0 last=none badfps=3
[20:01:18.000] [aud] fill=4350 prod=48002/s want=48000/s srv=47992 under=0/s short=0.0% tone=0/s skips=0 under_total=31443
[20:02:18.000] up=0:59:04 [run] fps=60 cpu=10668us render=200us blit=1597us aud=1us | ls=J/FS conn=1 sof=3540786 usb=2 rpts=425912 rfail=0 eperr=0 ints=0 | freezes=0 last=none badfps=3
[20:02:18.000] [aud] fill=4359 prod=48001/s want=48000/s srv=47992 under=0/s short=0.0% tone=0/s skips=0 under_total=31443
[20:03:18.000] up=1:00:05 [run] fps=60 cpu=10675us render=200us blit=1625us aud=1us | ls=J/FS conn=1 sof=3600789 usb=2 rpts=433137 rfail=0 eperr=0 ints=0 | freezes=0 last=none badfps=3
[20:03:18.000] [aud] fill=4358 prod=48001/s want=48000/s srv=47992 under=0/s short=0.0% tone=0/s skips=0 under_total=31443
[20:04:18.000] up=1:01:05 [run] fps=60 cpu=10678us render=200us blit=1601us aud=0us | ls=J/FS conn=1 sof=3660793 usb=2 rpts=440369 rfail=0 eperr=0 ints=0 | freezes=0 last=none badfps=3
[20:04:18.000] [aud] fill=4350 prod=48001/s want=48000/s srv=47992 under=0/s short=0.0% tone=0/s skips=0 under_total=31443
[20:05:18.000] up=1:02:05 [run] fps=60 cpu=10682us render=201us blit=1600us aud=0us | ls=J/FS conn=1 sof=3720796 usb=2 rpts=447603 rfail=0 eperr=0 ints=0 | freezes=0 last=none badfps=3
[20:05:18.000] [aud] fill=4358 prod=48002/s want=48000/s srv=47992 under=0/s short=0.0% tone=0/s skips=0 under_total=31443
[20:06:18.000] up=1:03:05 [run] fps=60 cpu=10686us render=199us blit=1599us aud=1us | ls=J/FS conn=1 sof=3780800 usb=2 rpts=454834 rfail=0 eperr=0 ints=0 | freezes=0 last=none badfps=3
[20:06:18.000] [aud] fill=4359 prod=48002/s want=48000/s srv=47992 under=0/s short=0.0% tone=0/s skips=0 under_total=31443
[20:07:18.000] up=1:04:05 [run] fps=60 cpu=10673us render=200us blit=1597us aud=1us | ls=J/FS conn=1 sof=3840804 usb=2 rpts=462063 rfail=0 eperr=0 ints=0 | freezes=0 last=none badfps=3
[20:07:18.000] [aud] fill=4361 prod=48002/s want=48000/s srv=47992 under=0/s short=0.0% tone=0/s skips=0 under_total=31443
[20:08:18.000] up=1:05:05 [run] fps=60 cpu=10679us render=201us blit=1610us aud=0us | ls=J/FS conn=1 sof=3900807 usb=2 rpts=469287 rfail=0 eperr=0 ints=0 | freezes=0 last=none badfps=3
[20:08:18.000] [aud] fill=4359 prod=48001/s want=48000/s srv=47992 under=0/s short=0.0% tone=0/s skips=0 under_total=31443
[20:09:18.000] up=1:06:05 [run] fps=60 cpu=10646us render=200us blit=1600us aud=0us | ls=J/FS conn=1 sof=3960811 usb=2 rpts=476520 rfail=0 eperr=0 ints=0 | freezes=0 last=none badfps=3
[20:09:18.000] [aud] fill=4349 prod=48001/s want=48000/s srv=47992 under=0/s short=0.0% tone=0/s skips=0 under_total=31443
[20:10:18.000] up=1:07:05 [run] fps=60 cpu=10686us render=200us blit=1600us aud=0us | ls=J/FS conn=1 sof=4020814 usb=2 rpts=483750 rfail=0 eperr=0 ints=0 | freezes=0 last=none badfps=3
[20:10:18.000] [aud] fill=4359 prod=48002/s want=48000/s srv=47992 under=0/s short=0.0% tone=0/s skips=0 under_total=31443
[20:11:18.000] up=1:08:05 [run] fps=60 cpu=10676us render=200us blit=1600us aud=0us | ls=J/FS conn=1 sof=4080818 usb=2 rpts=490978 rfail=0 eperr=0 ints=0 | freezes=0 last=none badfps=3
[20:11:18.000] [aud] fill=4385 prod=47953/s want=48000/s srv=47991 under=0/s short=0.0% tone=0/s skips=0 under_total=31443
[20:12:18.000] up=1:09:05 [run] fps=60 cpu=10676us render=199us blit=1622us aud=1us | ls=J/FS conn=1 sof=4140822 usb=2 rpts=498208 rfail=0 eperr=0 ints=0 | freezes=0 last=none badfps=3
[20:12:18.000] [aud] fill=4354 prod=48001/s want=48000/s srv=47992 under=0/s short=0.0% tone=0/s skips=0 under_total=31443
[20:13:18.000] up=1:10:05 [run] fps=60 cpu=10685us render=199us blit=1602us aud=1us | ls=J/FS conn=1 sof=4200825 usb=2 rpts=505443 rfail=0 eperr=0 ints=0 | freezes=0 last=none badfps=3
[20:13:18.000] [aud] fill=4358 prod=48002/s want=48000/s srv=47992 under=0/s short=0.0% tone=0/s skips=0 under_total=31443
[20:14:18.000] up=1:11:05 [run] fps=60 cpu=10685us render=199us blit=1601us aud=0us | ls=J/FS conn=1 sof=4260829 usb=2 rpts=512669 rfail=0 eperr=0 ints=0 | freezes=0 last=none badfps=3
[20:14:18.000] [aud] fill=4351 prod=47954/s want=48000/s srv=47992 under=0/s short=0.0% tone=0/s skips=0 under_total=31443
[20:15:18.000] up=1:12:05 [run] fps=60 cpu=10686us render=199us blit=1601us aud=1us | ls=J/FS conn=1 sof=4320832 usb=2 rpts=519899 rfail=0 eperr=0 ints=0 | freezes=0 last=none badfps=3
[20:15:18.000] [aud] fill=4357 prod=48001/s want=48000/s srv=47992 under=0/s short=0.0% tone=0/s skips=0 under_total=31443
[20:16:18.000] up=1:13:05 [run] fps=60 cpu=10683us render=200us blit=1598us aud=0us | ls=J/FS conn=1 sof=4380836 usb=2 rpts=527127 rfail=0 eperr=0 ints=0 | freezes=0 last=none badfps=3
[20:16:18.000] [aud] fill=4363 prod=48002/s want=48000/s srv=47992 under=0/s short=0.0% tone=0/s skips=0 under_total=31443
[20:17:18.000] up=1:14:05 [run] fps=60 cpu=10680us render=202us blit=1610us aud=1us | ls=J/FS conn=1 sof=4440840 usb=2 rpts=534359 rfail=0 eperr=0 ints=0 | freezes=0 last=none badfps=3
[20:17:18.000] [aud] fill=4350 prod=48001/s want=48000/s srv=47992 under=0/s short=0.0% tone=0/s skips=0 under_total=31443
[20:18:18.000] up=1:15:05 [run] fps=60 cpu=10686us render=200us blit=1600us aud=0us | ls=J/FS conn=1 sof=4500843 usb=2 rpts=541587 rfail=0 eperr=0 ints=0 | freezes=0 last=none badfps=3
[20:18:18.000] [aud] fill=4358 prod=48002/s want=48000/s srv=47992 under=0/s short=0.0% tone=0/s skips=0 under_total=31443
[20:19:18.000] up=1:16:05 [run] fps=60 cpu=10686us render=200us blit=1601us aud=1us | ls=J/FS conn=1 sof=4560847 usb=2 rpts=548806 rfail=0 eperr=0 ints=0 | freezes=0 last=none badfps=3
[20:19:18.000] [aud] fill=4350 prod=48001/s want=48000/s srv=47992 under=0/s short=0.0% tone=0/s skips=0 under_total=31443
[20:20:18.000] up=1:17:05 [run] fps=60 cpu=10671us render=200us blit=1600us aud=1us | ls=J/FS conn=1 sof=4620851 usb=2 rpts=556029 rfail=0 eperr=0 ints=0 | freezes=0 last=none badfps=3
[20:20:18.000] [aud] fill=4387 prod=48001/s want=48000/s srv=47991 under=0/s short=0.0% tone=0/s skips=0 under_total=31443
[20:21:18.000] up=1:18:05 [run] fps=60 cpu=10669us render=199us blit=1598us aud=0us | ls=J/FS conn=1 sof=4680854 usb=2 rpts=563248 rfail=0 eperr=0 ints=0 | freezes=0 last=none badfps=3
[20:21:18.000] [aud] fill=4369 prod=48001/s want=48000/s srv=47992 under=0/s short=0.0% tone=0/s skips=0 under_total=31443
[20:22:18.000] up=1:19:05 [run] fps=60 cpu=10680us render=200us blit=1602us aud=0us | ls=J/FS conn=1 sof=4740858 usb=2 rpts=570483 rfail=0 eperr=0 ints=0 | freezes=0 last=none badfps=3
[20:22:18.000] [aud] fill=4351 prod=48001/s want=48000/s srv=47992 under=0/s short=0.0% tone=0/s skips=0 under_total=31443
[20:23:18.000] up=1:20:05 [run] fps=60 cpu=10680us render=200us blit=1600us aud=1us | ls=J/FS conn=1 sof=4800861 usb=2 rpts=577704 rfail=0 eperr=0 ints=0 | freezes=0 last=none badfps=3
[20:23:18.000] [aud] fill=4357 prod=48001/s want=48000/s srv=47992 under=0/s short=0.0% tone=0/s skips=0 under_total=31443
[20:24:18.000] up=1:21:05 [run] fps=60 cpu=10680us render=200us blit=1600us aud=0us | ls=J/FS conn=1 sof=4860865 usb=2 rpts=584936 rfail=0 eperr=0 ints=0 | freezes=0 last=none badfps=3
[20:24:18.000] [aud] fill=4351 prod=48001/s want=48000/s srv=47992 under=0/s short=0.0% tone=0/s skips=0 under_total=31443
[20:25:18.000] up=1:22:05 [run] fps=60 cpu=10672us render=199us blit=1598us aud=1us | ls=J/FS conn=1 sof=4920869 usb=2 rpts=592166 rfail=0 eperr=0 ints=0 | freezes=0 last=none badfps=3
[20:25:18.000] [aud] fill=4361 prod=48001/s want=48000/s srv=47992 under=0/s short=0.0% tone=0/s skips=0 under_total=31443
[20:26:18.000] up=1:23:05 [run] fps=60 cpu=10668us render=199us blit=1618us aud=1us | ls=J/FS conn=1 sof=4980872 usb=2 rpts=599387 rfail=0 eperr=0 ints=0 | freezes=0 last=none badfps=3
[20:26:18.000] [aud] fill=4359 prod=48001/s want=48000/s srv=47992 under=0/s short=0.0% tone=0/s skips=0 under_total=31443
[20:27:18.000] up=1:24:05 [run] fps=60 cpu=10680us render=200us blit=1600us aud=1us | ls=J/FS conn=1 sof=5040876 usb=2 rpts=606622 rfail=0 eperr=0 ints=0 | freezes=0 last=none badfps=3
[20:27:18.000] [aud] fill=4350 prod=48001/s want=48000/s srv=47992 under=0/s short=0.0% tone=0/s skips=0 under_total=31443
[20:28:18.000] up=1:25:05 [run] fps=60 cpu=10678us render=200us blit=1601us aud=1us | ls=J/FS conn=1 sof=5100879 usb=2 rpts=613849 rfail=0 eperr=0 ints=0 | freezes=0 last=none badfps=3
[20:28:18.000] [aud] fill=4356 prod=48001/s want=48000/s srv=47992 under=0/s short=0.0% tone=0/s skips=0 under_total=31443
[20:29:18.000] up=1:26:05 [run] fps=60 cpu=10691us render=199us blit=1602us aud=1us | ls=J/FS conn=1 sof=5160883 usb=2 rpts=621086 rfail=0 eperr=0 ints=0 | freezes=0 last=none badfps=3
[20:29:18.000] [aud] fill=4349 prod=47954/s want=48000/s srv=47992 under=0/s short=0.0% tone=0/s skips=0 under_total=31443
[20:30:18.000] up=1:27:05 [run] fps=60 cpu=10672us render=199us blit=1599us aud=0us | ls=J/FS conn=1 sof=5220887 usb=2 rpts=628312 rfail=0 eperr=0 ints=0 | freezes=0 last=none badfps=3
[20:30:18.000] [aud] fill=4359 prod=48001/s want=48000/s srv=47992 under=0/s short=0.0% tone=0/s skips=0 under_total=31443
[20:31:18.000] up=1:28:05 [run] fps=60 cpu=10677us render=202us blit=1611us aud=1us | ls=J/FS conn=1 sof=5280890 usb=2 rpts=635531 rfail=0 eperr=0 ints=0 | freezes=0 last=none badfps=3
[20:31:18.000] [aud] fill=4359 prod=48001/s want=48000/s srv=47992 under=0/s short=0.0% tone=0/s skips=0 under_total=31443
[20:32:18.000] up=1:29:05 [run] fps=60 cpu=10640us render=200us blit=1602us aud=1us | ls=J/FS conn=1 sof=5340894 usb=2 rpts=642759 rfail=0 eperr=0 ints=0 | freezes=0 last=none badfps=3
[20:32:18.000] [aud] fill=4350 prod=48001/s want=48000/s srv=47992 under=0/s short=0.0% tone=0/s skips=0 under_total=31443
[20:33:18.000] up=1:30:05 [run] fps=60 cpu=10642us render=200us blit=1600us aud=1us | ls=J/FS conn=1 sof=5400897 usb=2 rpts=649987 rfail=0 eperr=0 ints=0 | freezes=0 last=none badfps=3
[20:33:18.000] [aud] fill=4356 prod=48001/s want=48000/s srv=47992 under=0/s short=0.0% tone=0/s skips=0 under_total=31443
[20:34:18.000] up=1:31:05 [run] fps=60 cpu=10633us render=200us blit=1600us aud=1us | ls=J/FS conn=1 sof=5460901 usb=2 rpts=657215 rfail=0 eperr=0 ints=0 | freezes=0 last=none badfps=3
[20:34:18.000] [aud] fill=4383 prod=48000/s want=48000/s srv=47991 under=0/s short=0.0% tone=0/s skips=0 under_total=31443
[20:35:18.000] up=1:32:05 [run] fps=60 cpu=10674us render=199us blit=1562us aud=0us | ls=J/FS conn=1 sof=5520919 usb=2 rpts=664438 rfail=0 eperr=0 ints=0 | freezes=0 last=none badfps=3
[20:35:18.000] [aud] fill=4255 prod=48004/s want=48000/s srv=47995 under=0/s short=0.0% tone=0/s skips=0 under_total=31443
[20:36:18.000] up=1:33:05 [run] fps=60 cpu=10631us render=237us blit=1575us aud=0us | ls=J/FS conn=1 sof=5580922 usb=2 rpts=671662 rfail=0 eperr=0 ints=0 | freezes=0 last=none badfps=3
[20:36:18.000] [aud] fill=4345 prod=48002/s want=48000/s srv=47992 under=0/s short=0.0% tone=0/s skips=0 under_total=31443
[20:37:18.000] up=1:34:05 [run] fps=60 cpu=10643us render=238us blit=1563us aud=1us | ls=J/FS conn=1 sof=5640925 usb=2 rpts=678889 rfail=0 eperr=0 ints=0 | freezes=0 last=none badfps=3
[20:37:18.000] [aud] fill=4348 prod=48002/s want=48000/s srv=47992 under=0/s short=0.0% tone=0/s skips=0 under_total=31443
[20:38:18.000] up=1:35:05 [run] fps=60 cpu=10640us render=236us blit=1564us aud=1us | ls=J/FS conn=1 sof=5700928 usb=2 rpts=686120 rfail=0 eperr=0 ints=0 | freezes=0 last=none badfps=3
[20:38:18.000] [aud] fill=4355 prod=48001/s want=48000/s srv=47992 under=0/s short=0.0% tone=0/s skips=0 under_total=31443
[20:39:18.000] up=1:36:05 [run] fps=60 cpu=10683us render=199us blit=1565us aud=0us | ls=J/FS conn=1 sof=5760933 usb=2 rpts=693353 rfail=0 eperr=0 ints=0 | freezes=0 last=none badfps=3
[20:39:18.000] [aud] fill=4351 prod=48002/s want=48000/s srv=47992 under=0/s short=0.0% tone=0/s skips=0 under_total=31443
[20:40:18.000] up=1:37:05 [run] fps=60 cpu=10672us render=200us blit=1562us aud=0us | ls=J/FS conn=1 sof=5820937 usb=2 rpts=700586 rfail=0 eperr=0 ints=0 | freezes=0 last=none badfps=3
[20:40:18.000] [aud] fill=4360 prod=48001/s want=48000/s srv=47992 under=0/s short=0.0% tone=0/s skips=0 under_total=31443
[20:41:18.000] up=1:38:05 [run] fps=60 cpu=10671us render=202us blit=1585us aud=1us | ls=J/FS conn=1 sof=5880940 usb=2 rpts=707815 rfail=0 eperr=0 ints=0 | freezes=0 last=none badfps=3
[20:41:18.000] [aud] fill=4360 prod=48002/s want=48000/s srv=47992 under=0/s short=0.0% tone=0/s skips=0 under_total=31443
[20:42:18.000] up=1:39:05 [run] fps=60 cpu=10679us render=200us blit=1564us aud=1us | ls=J/FS conn=1 sof=5940944 usb=2 rpts=715036 rfail=0 eperr=0 ints=0 | freezes=0 last=none badfps=3
[20:42:18.000] [aud] fill=4350 prod=48001/s want=48000/s srv=47992 under=0/s short=0.0% tone=0/s skips=0 under_total=31443
[20:43:18.000] up=1:40:05 [run] fps=60 cpu=10680us render=200us blit=1564us aud=0us | ls=J/FS conn=1 sof=6000947 usb=2 rpts=722262 rfail=0 eperr=0 ints=0 | freezes=0 last=none badfps=3
[20:43:18.000] [aud] fill=4358 prod=48001/s want=48000/s srv=47992 under=0/s short=0.0% tone=0/s skips=0 under_total=31443
[20:44:18.000] up=1:41:05 [run] fps=60 cpu=10675us render=199us blit=1562us aud=1us | ls=J/FS conn=1 sof=6060951 usb=2 rpts=729493 rfail=0 eperr=0 ints=0 | freezes=0 last=none badfps=3
[20:44:18.000] [aud] fill=4384 prod=48001/s want=48000/s srv=47991 under=0/s short=0.0% tone=0/s skips=0 under_total=31443
[20:45:18.000] up=1:42:05 [run] fps=60 cpu=10680us render=199us blit=1571us aud=0us | ls=J/FS conn=1 sof=6120955 usb=2 rpts=736718 rfail=0 eperr=0 ints=0 | freezes=0 last=none badfps=3
[20:45:18.000] [aud] fill=4358 prod=48001/s want=48000/s srv=47992 under=0/s short=0.0% tone=0/s skips=0 under_total=31443
[20:46:18.000] up=1:43:05 [run] fps=60 cpu=10675us render=200us blit=1562us aud=1us | ls=J/FS conn=1 sof=6180958 usb=2 rpts=743948 rfail=0 eperr=0 ints=0 | freezes=0 last=none badfps=3
[20:46:18.000] [aud] fill=4360 prod=48001/s want=48000/s srv=47992 under=0/s short=0.0% tone=0/s skips=0 under_total=31443
[20:47:18.000] up=1:44:05 [run] fps=60 cpu=10682us render=200us blit=1563us aud=0us | ls=J/FS conn=1 sof=6240962 usb=2 rpts=751179 rfail=0 eperr=0 ints=0 | freezes=0 last=none badfps=3
[20:47:18.000] [aud] fill=4351 prod=48002/s want=48000/s srv=47992 under=0/s short=0.0% tone=0/s skips=0 under_total=31443
[20:48:18.000] up=1:45:05 [run] fps=60 cpu=10642us render=237us blit=1562us aud=1us | ls=J/FS conn=1 sof=6300964 usb=2 rpts=758396 rfail=0 eperr=0 ints=0 | freezes=0 last=none badfps=3
[20:48:18.000] [aud] fill=4357 prod=48001/s want=48000/s srv=47992 under=0/s short=0.0% tone=0/s skips=0 under_total=31443
[20:49:18.000] up=1:46:05 [run] fps=60 cpu=10676us render=200us blit=1561us aud=0us | ls=J/FS conn=1 sof=6360969 usb=2 rpts=765623 rfail=0 eperr=0 ints=0 | freezes=0 last=none badfps=3
[20:49:18.000] [aud] fill=4368 prod=48001/s want=48000/s srv=47992 under=0/s short=0.0% tone=0/s skips=0 under_total=31443
[20:50:18.000] up=1:47:05 [run] fps=60 cpu=10668us render=200us blit=1594us aud=1us | ls=J/FS conn=1 sof=6420973 usb=2 rpts=772858 rfail=0 eperr=0 ints=0 | freezes=0 last=none badfps=3
[20:50:18.000] [aud] fill=4351 prod=48001/s want=48000/s srv=47992 under=0/s short=0.0% tone=0/s skips=0 under_total=31443
[20:51:18.000] up=1:48:05 [run] fps=60 cpu=10677us render=200us blit=1564us aud=1us | ls=J/FS conn=1 sof=6480976 usb=2 rpts=780080 rfail=0 eperr=0 ints=0 | freezes=0 last=none badfps=3
[20:51:18.000] [aud] fill=4357 prod=48002/s want=48000/s srv=47992 under=0/s short=0.0% tone=0/s skips=0 under_total=31443
[20:52:18.000] up=1:49:05 [run] fps=60 cpu=10679us render=200us blit=1602us aud=1us | ls=J/FS conn=1 sof=6540980 usb=2 rpts=787306 rfail=0 eperr=0 ints=0 | freezes=0 last=none badfps=3
[20:52:18.000] [aud] fill=4349 prod=48001/s want=48000/s srv=47992 under=0/s short=0.0% tone=0/s skips=0 under_total=31443
[20:53:18.000] up=1:50:05 [run] fps=60 cpu=10681us render=200us blit=1600us aud=0us | ls=J/FS conn=1 sof=6600983 usb=2 rpts=794524 rfail=0 eperr=0 ints=0 | freezes=0 last=none badfps=3
[20:53:18.000] [aud] fill=4356 prod=48001/s want=48000/s srv=47992 under=0/s short=0.0% tone=0/s skips=0 under_total=31443
[20:54:18.000] up=1:51:05 [run] fps=60 cpu=10669us render=200us blit=1599us aud=0us | ls=J/FS conn=1 sof=6660987 usb=2 rpts=801757 rfail=0 eperr=0 ints=0 | freezes=0 last=none badfps=3
[20:54:18.000] [aud] fill=4361 prod=48001/s want=48000/s srv=47992 under=0/s short=0.0% tone=0/s skips=0 under_total=31443
[20:55:18.000] up=1:52:05 [run] fps=60 cpu=10682us render=199us blit=1601us aud=1us | ls=J/FS conn=1 sof=6720991 usb=2 rpts=808996 rfail=0 eperr=0 ints=0 | freezes=0 last=none badfps=3
[20:55:18.000] [aud] fill=4350 prod=48001/s want=48000/s srv=47992 under=0/s short=0.0% tone=0/s skips=0 under_total=31443
[20:56:18.000] up=1:53:05 [run] fps=60 cpu=10680us render=199us blit=1601us aud=0us | ls=J/FS conn=1 sof=6780994 usb=2 rpts=816231 rfail=0 eperr=0 ints=0 | freezes=0 last=none badfps=3
[20:56:18.000] [aud] fill=4358 prod=47954/s want=48000/s srv=47992 under=0/s short=0.0% tone=0/s skips=0 under_total=31443
[20:57:18.000] up=1:54:05 [run] fps=60 cpu=10679us render=201us blit=1599us aud=1us | ls=J/FS conn=1 sof=6840998 usb=2 rpts=823451 rfail=0 eperr=0 ints=0 | freezes=0 last=none badfps=3
[20:57:18.000] [aud] fill=4350 prod=48002/s want=48000/s srv=47992 under=0/s short=0.0% tone=0/s skips=0 under_total=31443
[20:58:18.000] up=1:55:05 [run] fps=60 cpu=10640us render=237us blit=1560us aud=1us | ls=J/FS conn=1 sof=6901002 usb=2 rpts=830678 rfail=0 eperr=0 ints=0 | freezes=0 last=none badfps=3
[20:58:18.000] [aud] fill=4358 prod=48001/s want=48000/s srv=47992 under=0/s short=0.0% tone=0/s skips=0 under_total=31443
[20:59:18.000] up=1:56:05 [run] fps=60 cpu=10633us render=238us blit=1588us aud=0us | ls=J/FS conn=1 sof=6961005 usb=2 rpts=837909 rfail=0 eperr=0 ints=0 | freezes=0 last=none badfps=3
[20:59:18.000] [aud] fill=4357 prod=48001/s want=48000/s srv=47992 under=0/s short=0.0% tone=0/s skips=0 under_total=31443
[21:00:18.000] up=1:57:05 [run] fps=60 cpu=10640us render=237us blit=1563us aud=1us | ls=J/FS conn=1 sof=7021009 usb=2 rpts=845131 rfail=0 eperr=0 ints=0 | freezes=0 last=none badfps=3
[21:00:18.000] [aud] fill=4348 prod=48002/s want=48000/s srv=47992 under=0/s short=0.0% tone=0/s skips=0 under_total=31443
[21:01:18.000] up=1:58:05 [run] fps=60 cpu=10642us render=238us blit=1564us aud=1us | ls=J/FS conn=1 sof=7081012 usb=2 rpts=852364 rfail=0 eperr=0 ints=0 | freezes=0 last=none badfps=3
[21:01:18.000] [aud] fill=4356 prod=48002/s want=48000/s srv=47992 under=0/s short=0.0% tone=0/s skips=0 under_total=31443
[21:02:18.000] up=1:59:05 [run] fps=60 cpu=10680us render=200us blit=1600us aud=0us | ls=J/FS conn=1 sof=7141017 usb=2 rpts=859590 rfail=0 eperr=0 ints=0 | freezes=0 last=none badfps=3
[21:02:18.000] [aud] fill=4365 prod=48001/s want=48000/s srv=47992 under=0/s short=0.0% tone=0/s skips=0 under_total=31443
[21:03:18.000] up=2:00:05 [run] fps=60 cpu=10669us render=200us blit=1598us aud=1us | ls=J/FS conn=1 sof=7201021 usb=2 rpts=866810 rfail=0 eperr=0 ints=0 | freezes=0 last=none badfps=3
[21:03:18.000] [aud] fill=4360 prod=48001/s want=48000/s srv=47992 under=0/s short=0.0% tone=0/s skips=0 under_total=31443
[21:04:18.000] up=2:01:05 [run] fps=60 cpu=10676us render=201us blit=1603us aud=1us | ls=J/FS conn=1 sof=7261024 usb=2 rpts=874029 rfail=0 eperr=0 ints=0 | freezes=0 last=none badfps=3
[21:04:18.000] [aud] fill=4360 prod=48002/s want=48000/s srv=47992 under=0/s short=0.0% tone=0/s skips=0 under_total=31443
[21:05:18.000] up=2:02:05 [run] fps=60 cpu=10687us render=200us blit=1601us aud=1us | ls=J/FS conn=1 sof=7321028 usb=2 rpts=881255 rfail=0 eperr=0 ints=0 | freezes=0 last=none badfps=3
[21:05:18.000] [aud] fill=4350 prod=48001/s want=48000/s srv=47992 under=0/s short=0.0% tone=0/s skips=0 under_total=31443
[21:06:18.000] up=2:03:05 [run] fps=60 cpu=10683us render=200us blit=1600us aud=0us | ls=J/FS conn=1 sof=7381031 usb=2 rpts=888477 rfail=0 eperr=0 ints=0 | freezes=0 last=none badfps=3
[21:06:18.000] [aud] fill=4358 prod=48001/s want=48000/s srv=47992 under=0/s short=0.0% tone=0/s skips=0 under_total=31443
[21:07:18.000] up=2:04:05 [run] fps=60 cpu=10680us render=200us blit=1599us aud=1us | ls=J/FS conn=1 sof=7441035 usb=2 rpts=895710 rfail=0 eperr=0 ints=0 | freezes=0 last=none badfps=3
[21:07:18.000] [aud] fill=4376 prod=48001/s want=48000/s srv=47991 under=0/s short=0.0% tone=0/s skips=0 under_total=31443
[21:08:18.000] up=2:05:05 [run] fps=60 cpu=10672us render=200us blit=1629us aud=1us | ls=J/FS conn=1 sof=7501039 usb=2 rpts=902936 rfail=0 eperr=0 ints=0 | freezes=0 last=none badfps=3
[21:08:18.000] [aud] fill=4353 prod=48002/s want=48000/s srv=47992 under=0/s short=0.0% tone=0/s skips=0 under_total=31443
[21:09:18.000] up=2:06:05 [run] fps=60 cpu=10688us render=199us blit=1599us aud=1us | ls=J/FS conn=1 sof=7561042 usb=2 rpts=910157 rfail=0 eperr=0 ints=0 | freezes=0 last=none badfps=3
[21:09:18.000] [aud] fill=4358 prod=48002/s want=48000/s srv=47992 under=0/s short=0.0% tone=0/s skips=0 under_total=31443
[21:10:18.000] up=2:07:05 [run] fps=60 cpu=10684us render=200us blit=1600us aud=0us | ls=J/FS conn=1 sof=7621046 usb=2 rpts=917389 rfail=0 eperr=0 ints=0 | freezes=0 last=none badfps=3
[21:10:18.000] [aud] fill=4349 prod=48001/s want=48000/s srv=47992 under=0/s short=0.0% tone=0/s skips=0 under_total=31443
[21:11:18.000] up=2:08:05 [run] fps=60 cpu=10699us render=200us blit=1600us aud=0us | ls=J/FS conn=1 sof=7681049 usb=2 rpts=924610 rfail=0 eperr=0 ints=0 | freezes=0 last=none badfps=3
[21:11:18.000] [aud] fill=4357 prod=48001/s want=48000/s srv=47992 under=0/s short=0.0% tone=0/s skips=0 under_total=31443
[21:12:18.000] up=2:09:05 [run] fps=60 cpu=10678us render=200us blit=1598us aud=1us | ls=J/FS conn=1 sof=7741053 usb=2 rpts=931837 rfail=0 eperr=0 ints=0 | freezes=0 last=none badfps=3
[21:12:18.000] [aud] fill=4361 prod=48001/s want=48000/s srv=47992 under=0/s short=0.0% tone=0/s skips=0 under_total=31443
[21:13:18.000] up=2:10:05 [run] fps=60 cpu=10682us render=201us blit=1610us aud=1us | ls=J/FS conn=1 sof=7801057 usb=2 rpts=939059 rfail=0 eperr=0 ints=0 | freezes=0 last=none badfps=3
[21:13:18.000] [aud] fill=4352 prod=48002/s want=48000/s srv=47992 under=0/s short=0.0% tone=0/s skips=0 under_total=31443
[21:14:18.000] up=2:11:05 [run] fps=60 cpu=10682us render=200us blit=1563us aud=0us | ls=J/FS conn=1 sof=7861060 usb=2 rpts=946291 rfail=0 eperr=0 ints=0 | freezes=0 last=none badfps=3
[21:14:18.000] [aud] fill=4359 prod=48001/s want=48000/s srv=47992 under=0/s short=0.0% tone=0/s skips=0 under_total=31443
[21:15:18.000] up=2:12:05 [run] fps=60 cpu=10692us render=199us blit=1565us aud=0us | ls=J/FS conn=1 sof=7921064 usb=2 rpts=953517 rfail=0 eperr=0 ints=0 | freezes=0 last=none badfps=3
[21:15:18.000] [aud] fill=4351 prod=48002/s want=48000/s srv=47992 under=0/s short=0.0% tone=0/s skips=0 under_total=31443
[21:16:18.000] up=2:13:05 [run] fps=60 cpu=10685us render=200us blit=1563us aud=1us | ls=J/FS conn=1 sof=7981066 usb=2 rpts=960747 rfail=0 eperr=0 ints=0 | freezes=0 last=none badfps=3
[21:16:18.000] [aud] fill=4363 prod=48002/s want=48000/s srv=47992 under=0/s short=0.0% tone=0/s skips=0 under_total=31443
[21:17:18.000] up=2:14:05 [run] fps=60 cpu=10678us render=200us blit=1560us aud=1us | ls=J/FS conn=1 sof=8041071 usb=2 rpts=967974 rfail=0 eperr=0 ints=0 | freezes=0 last=none badfps=3
[21:17:18.000] [aud] fill=4363 prod=48001/s want=48000/s srv=47992 under=0/s short=0.0% tone=0/s skips=0 under_total=31443
[21:18:18.000] up=2:15:05 [run] fps=60 cpu=10683us render=200us blit=1562us aud=1us | ls=J/FS conn=1 sof=8101075 usb=2 rpts=975203 rfail=0 eperr=0 ints=0 | freezes=0 last=none badfps=3
[21:18:18.000] [aud] fill=4351 prod=48002/s want=48000/s srv=47992 under=0/s short=0.0% tone=0/s skips=0 under_total=31443
[21:19:18.000] up=2:16:05 [run] fps=60 cpu=10687us render=200us blit=1564us aud=1us | ls=J/FS conn=1 sof=8161078 usb=2 rpts=982431 rfail=0 eperr=0 ints=0 | freezes=0 last=none badfps=3
[21:19:18.000] [aud] fill=4357 prod=48001/s want=48000/s srv=47992 under=0/s short=0.0% tone=0/s skips=0 under_total=31443
[21:20:18.000] up=2:17:05 [run] fps=60 cpu=10679us render=199us blit=1601us aud=0us | ls=J/FS conn=1 sof=8221082 usb=2 rpts=989655 rfail=0 eperr=0 ints=0 | freezes=0 last=none badfps=3
[21:20:18.000] [aud] fill=4349 prod=48001/s want=48000/s srv=47992 under=0/s short=0.0% tone=0/s skips=0 under_total=31443
[21:21:18.000] up=2:18:05 [run] fps=60 cpu=10674us render=199us blit=1599us aud=1us | ls=J/FS conn=1 sof=8281085 usb=2 rpts=996875 rfail=0 eperr=0 ints=0 | freezes=0 last=none badfps=3
[21:21:18.000] [aud] fill=4386 prod=48000/s want=48000/s srv=47991 under=0/s short=0.0% tone=0/s skips=0 under_total=31443
[21:22:18.000] up=2:19:05 [run] fps=60 cpu=10669us render=200us blit=1626us aud=1us | ls=J/FS conn=1 sof=8341089 usb=2 rpts=1004106 rfail=0 eperr=0 ints=0 | freezes=0 last=none badfps=3
[21:22:18.000] [aud] fill=4355 prod=48002/s want=48000/s srv=47992 under=0/s short=0.0% tone=0/s skips=0 under_total=31443
[21:23:18.000] up=2:20:05 [run] fps=60 cpu=10678us render=200us blit=1600us aud=1us | ls=J/FS conn=1 sof=8401093 usb=2 rpts=1011339 rfail=0 eperr=0 ints=0 | freezes=0 last=none badfps=3
[21:23:18.000] [aud] fill=4349 prod=48001/s want=48000/s srv=47992 under=0/s short=0.0% tone=0/s skips=0 under_total=31443
[21:24:18.000] up=2:21:05 [run] fps=60 cpu=10685us render=200us blit=1600us aud=0us | ls=J/FS conn=1 sof=8461096 usb=2 rpts=1018565 rfail=0 eperr=0 ints=0 | freezes=0 last=none badfps=3
[21:24:18.000] [aud] fill=4358 prod=48002/s want=48000/s srv=47992 under=0/s short=0.0% tone=0/s skips=0 under_total=31443
[21:25:18.000] up=2:22:05 [run] fps=60 cpu=10679us render=200us blit=1601us aud=0us | ls=J/FS conn=1 sof=8521100 usb=2 rpts=1025790 rfail=0 eperr=0 ints=0 | freezes=0 last=none badfps=3
[21:25:18.000] [aud] fill=4364 prod=48001/s want=48000/s srv=47992 under=0/s short=0.0% tone=0/s skips=0 under_total=31443
[21:26:18.000] up=2:23:05 [run] fps=60 cpu=10672us render=200us blit=1600us aud=0us | ls=J/FS conn=1 sof=8581103 usb=2 rpts=1033022 rfail=0 eperr=0 ints=0 | freezes=0 last=none badfps=3
[21:26:18.000] [aud] fill=4374 prod=48000/s want=48000/s srv=47992 under=0/s short=0.0% tone=0/s skips=0 under_total=31443
[21:27:18.000] up=2:24:05 [run] fps=60 cpu=10679us render=201us blit=1605us aud=1us | ls=J/FS conn=1 sof=8641107 usb=2 rpts=1040251 rfail=0 eperr=0 ints=0 | freezes=0 last=none badfps=3
[21:27:18.000] [aud] fill=4352 prod=48002/s want=48000/s srv=47992 under=0/s short=0.0% tone=0/s skips=0 under_total=31443
[21:28:18.000] up=2:25:05 [run] fps=60 cpu=10640us render=237us blit=1565us aud=1us | ls=J/FS conn=1 sof=8701111 usb=2 rpts=1047473 rfail=0 eperr=0 ints=0 | freezes=0 last=none badfps=3
[21:28:18.000] [aud] fill=4345 prod=48001/s want=48000/s srv=47992 under=0/s short=0.0% tone=0/s skips=0 under_total=31443
[21:29:18.000] up=2:26:05 [run] fps=60 cpu=10646us render=200us blit=1599us aud=1us | ls=J/FS conn=1 sof=8761114 usb=2 rpts=1054710 rfail=0 eperr=0 ints=0 | freezes=0 last=none badfps=3
[21:29:18.000] [aud] fill=4359 prod=48002/s want=48000/s srv=47992 under=0/s short=0.0% tone=0/s skips=0 under_total=31443
[21:30:18.000] up=2:27:05 [run] fps=60 cpu=10630us render=200us blit=1598us aud=1us | ls=J/FS conn=1 sof=8821118 usb=2 rpts=1061944 rfail=0 eperr=0 ints=0 | freezes=0 last=none badfps=3
[21:30:18.000] [aud] fill=4374 prod=48000/s want=48000/s srv=47992 under=0/s short=0.0% tone=0/s skips=0 under_total=31443
[21:31:18.000] up=2:28:05 [run] fps=60 cpu=10632us render=237us blit=1594us aud=1us | ls=J/FS conn=1 sof=8881122 usb=2 rpts=1069167 rfail=0 eperr=0 ints=0 | freezes=0 last=none badfps=3
[21:31:18.000] [aud] fill=4351 prod=48001/s want=48000/s srv=47992 under=0/s short=0.0% tone=0/s skips=0 under_total=31443
[21:32:18.000] up=2:29:05 [run] fps=60 cpu=10642us render=237us blit=1564us aud=0us | ls=J/FS conn=1 sof=8941125 usb=2 rpts=1076402 rfail=0 eperr=0 ints=0 | freezes=0 last=none badfps=3
[21:32:18.000] [aud] fill=4355 prod=48001/s want=48000/s srv=47992 under=0/s short=0.0% tone=0/s skips=0 under_total=31443
[21:33:18.000] up=2:30:05 [run] fps=60 cpu=10642us render=238us blit=1564us aud=0us | ls=J/FS conn=1 sof=9001129 usb=2 rpts=1083623 rfail=0 eperr=0 ints=0 | freezes=0 last=none badfps=3
[21:33:18.000] [aud] fill=4348 prod=48002/s want=48000/s srv=47992 under=0/s short=0.0% tone=0/s skips=0 under_total=31443
[21:34:18.000] up=2:31:05 [run] fps=60 cpu=10643us render=236us blit=1564us aud=1us | ls=J/FS conn=1 sof=9061132 usb=2 rpts=1090858 rfail=0 eperr=0 ints=0 | freezes=0 last=none badfps=3
[21:34:18.000] [aud] fill=4355 prod=48001/s want=48000/s srv=47992 under=0/s short=0.0% tone=0/s skips=0 under_total=31443
[21:35:18.000] up=2:32:05 [run] fps=60 cpu=10636us render=237us blit=1560us aud=1us | ls=J/FS conn=1 sof=9121136 usb=2 rpts=1098078 rfail=0 eperr=0 ints=0 | freezes=0 last=none badfps=3
[21:35:18.000] [aud] fill=4359 prod=48002/s want=48000/s srv=47992 under=0/s short=0.0% tone=0/s skips=0 under_total=31443
[21:36:18.000] up=2:33:05 [run] fps=60 cpu=10639us render=239us blit=1564us aud=1us | ls=J/FS conn=1 sof=9181141 usb=2 rpts=1105303 rfail=0 eperr=0 ints=0 | freezes=0 last=none badfps=3
[21:36:18.000] [aud] fill=4348 prod=48001/s want=48000/s srv=47992 under=0/s short=0.0% tone=0/s skips=0 under_total=31443
[21:37:18.000] up=2:34:05 [run] fps=60 cpu=10644us render=237us blit=1564us aud=1us | ls=J/FS conn=1 sof=9241143 usb=2 rpts=1112523 rfail=0 eperr=0 ints=0 | freezes=0 last=none badfps=3
[21:37:18.000] [aud] fill=4355 prod=48002/s want=48000/s srv=47992 under=0/s short=0.0% tone=0/s skips=0 under_total=31443
[21:38:18.000] up=2:35:05 [run] fps=60 cpu=10677us render=199us blit=1565us aud=1us | ls=J/FS conn=1 sof=9301148 usb=2 rpts=1119753 rfail=0 eperr=0 ints=0 | freezes=0 last=none badfps=3
[21:38:18.000] [aud] fill=4350 prod=48001/s want=48000/s srv=47992 under=0/s short=0.0% tone=0/s skips=0 under_total=31443
[21:39:18.000] up=2:36:05 [run] fps=60 cpu=10642us render=237us blit=1563us aud=0us | ls=J/FS conn=1 sof=9361150 usb=2 rpts=1126974 rfail=0 eperr=0 ints=0 | freezes=0 last=none badfps=3
[21:39:18.000] [aud] fill=4387 prod=48001/s want=48000/s srv=47991 under=0/s short=0.0% tone=0/s skips=0 under_total=31443
[21:40:18.000] up=2:37:05 [run] fps=60 cpu=10629us render=237us blit=1565us aud=0us | ls=J/FS conn=1 sof=9421154 usb=2 rpts=1134196 rfail=0 eperr=0 ints=0 | freezes=0 last=none badfps=3
[21:40:18.000] [aud] fill=4359 prod=48002/s want=48000/s srv=47992 under=0/s short=0.0% tone=0/s skips=0 under_total=31443
[21:41:18.000] up=2:38:05 [run] fps=60 cpu=10682us render=200us blit=1564us aud=1us | ls=J/FS conn=1 sof=9481158 usb=2 rpts=1141428 rfail=0 eperr=0 ints=0 | freezes=0 last=none badfps=3
[21:41:18.000] [aud] fill=4348 prod=48001/s want=48000/s srv=47992 under=0/s short=0.0% tone=0/s skips=0 under_total=31443
[21:42:18.000] up=2:39:05 [run] fps=60 cpu=10639us render=236us blit=1563us aud=1us | ls=J/FS conn=1 sof=9541161 usb=2 rpts=1148647 rfail=0 eperr=0 ints=0 | freezes=0 last=none badfps=3
[21:42:18.000] [aud] fill=4356 prod=48002/s want=48000/s srv=47992 under=0/s short=0.0% tone=0/s skips=0 under_total=31443
[21:43:18.000] up=2:40:05 [run] fps=60 cpu=10642us render=237us blit=1563us aud=1us | ls=J/FS conn=1 sof=9601165 usb=2 rpts=1155872 rfail=0 eperr=0 ints=0 | freezes=0 last=none badfps=3
[21:43:18.000] [aud] fill=4348 prod=48001/s want=48000/s srv=47992 under=0/s short=0.0% tone=0/s skips=0 under_total=31443
[21:44:18.000] up=2:41:05 [run] fps=60 cpu=10635us render=238us blit=1560us aud=1us | ls=J/FS conn=1 sof=9661168 usb=2 rpts=1163098 rfail=0 eperr=0 ints=0 | freezes=0 last=none badfps=3
[21:44:18.000] [aud] fill=4374 prod=48001/s want=48000/s srv=47992 under=0/s short=0.0% tone=0/s skips=0 under_total=31443
[21:45:18.000] up=2:42:05 [run] fps=60 cpu=10670us render=200us blit=1595us aud=1us | ls=J/FS conn=1 sof=9721173 usb=2 rpts=1170329 rfail=0 eperr=0 ints=0 | freezes=0 last=none badfps=3
[21:45:18.000] [aud] fill=4351 prod=48001/s want=48000/s srv=47992 under=0/s short=0.0% tone=0/s skips=0 under_total=31443
[21:46:18.000] up=2:43:05 [run] fps=60 cpu=10676us render=200us blit=1563us aud=1us | ls=J/FS conn=1 sof=9781177 usb=2 rpts=1177557 rfail=0 eperr=0 ints=0 | freezes=0 last=none badfps=3
[21:46:18.000] [aud] fill=4348 prod=48001/s want=48000/s srv=47992 under=0/s short=0.0% tone=0/s skips=0 under_total=31443
[21:47:18.000] up=2:44:05 [run] fps=60 cpu=10640us render=238us blit=1568us aud=1us | ls=J/FS conn=1 sof=9841190 usb=2 rpts=1184788 rfail=0 eperr=0 ints=0 | freezes=0 last=none badfps=3
[21:47:18.000] [aud] fill=4279 prod=48004/s want=48000/s srv=47994 under=0/s short=0.0% tone=0/s skips=0 under_total=31443
[21:48:18.000] up=2:45:05 [run] fps=60 cpu=10677us render=200us blit=1563us aud=1us | ls=J/FS conn=1 sof=9901195 usb=2 rpts=1192013 rfail=0 eperr=0 ints=0 | freezes=0 last=none badfps=3
[21:48:18.000] [aud] fill=4339 prod=48002/s want=48000/s srv=47993 under=0/s short=0.0% tone=0/s skips=0 under_total=31443
[21:49:18.000] up=2:46:05 [run] fps=60 cpu=10643us render=237us blit=1562us aud=1us | ls=J/FS conn=1 sof=9961197 usb=2 rpts=1199246 rfail=0 eperr=0 ints=0 | freezes=0 last=none badfps=3
[21:49:18.000] [aud] fill=4353 prod=48001/s want=48000/s srv=47992 under=0/s short=0.0% tone=0/s skips=0 under_total=31443
[21:50:18.000] up=2:47:05 [run] fps=60 cpu=10666us render=200us blit=1563us aud=0us | ls=J/FS conn=1 sof=10021202 usb=2 rpts=1206478 rfail=0 eperr=0 ints=0 | freezes=0 last=none badfps=3
[21:50:18.000] [aud] fill=4375 prod=48001/s want=48000/s srv=47992 under=0/s short=0.0% tone=0/s skips=0 under_total=31443
[21:51:18.000] up=2:48:05 [run] fps=60 cpu=10669us render=200us blit=1631us aud=0us | ls=J/FS conn=1 sof=10081206 usb=2 rpts=1213703 rfail=0 eperr=0 ints=0 | freezes=0 last=none badfps=3
[21:51:18.000] [aud] fill=4353 prod=48002/s want=48000/s srv=47992 under=0/s short=0.0% tone=0/s skips=0 under_total=31443
[21:52:18.000] up=2:49:05 [run] fps=60 cpu=10678us render=201us blit=1599us aud=0us | ls=J/FS conn=1 sof=10141209 usb=2 rpts=1220923 rfail=0 eperr=0 ints=0 | freezes=0 last=none badfps=3
[21:52:18.000] [aud] fill=4356 prod=48001/s want=48000/s srv=47992 under=0/s short=0.0% tone=0/s skips=0 under_total=31443
[21:53:18.000] up=2:50:05 [run] fps=60 cpu=10690us render=200us blit=1600us aud=1us | ls=J/FS conn=1 sof=10201213 usb=2 rpts=1228148 rfail=0 eperr=0 ints=0 | freezes=0 last=none badfps=3
[21:53:18.000] [aud] fill=4351 prod=48001/s want=48000/s srv=47992 under=0/s short=0.0% tone=0/s skips=0 under_total=31443
[21:54:18.000] up=2:51:05 [run] fps=60 cpu=10676us render=200us blit=1564us aud=1us | ls=J/FS conn=1 sof=10261216 usb=2 rpts=1235377 rfail=0 eperr=0 ints=0 | freezes=0 last=none badfps=3
[21:54:18.000] [aud] fill=4359 prod=48002/s want=48000/s srv=47992 under=0/s short=0.0% tone=0/s skips=0 under_total=31443
[21:55:18.000] up=2:52:05 [run] fps=60 cpu=10672us render=199us blit=1600us aud=0us | ls=J/FS conn=1 sof=10321220 usb=2 rpts=1242604 rfail=0 eperr=0 ints=0 | freezes=0 last=none badfps=3
[21:55:18.000] [aud] fill=4359 prod=47954/s want=48000/s srv=47992 under=0/s short=0.0% tone=0/s skips=0 under_total=31443
[21:56:18.000] up=2:53:05 [run] fps=60 cpu=10678us render=201us blit=1599us aud=1us | ls=J/FS conn=1 sof=10381224 usb=2 rpts=1249832 rfail=0 eperr=0 ints=0 | freezes=0 last=none badfps=3
[21:56:18.000] [aud] fill=4350 prod=48001/s want=48000/s srv=47992 under=0/s short=0.0% tone=0/s skips=0 under_total=31443
[21:57:18.000] up=2:54:05 [run] fps=60 cpu=10680us render=200us blit=1600us aud=0us | ls=J/FS conn=1 sof=10441227 usb=2 rpts=1257064 rfail=0 eperr=0 ints=0 | freezes=0 last=none badfps=3
[21:57:18.000] [aud] fill=4357 prod=48002/s want=48000/s srv=47992 under=0/s short=0.0% tone=0/s skips=0 under_total=31443
[21:58:18.000] up=2:55:05 [run] fps=60 cpu=10678us render=200us blit=1601us aud=0us | ls=J/FS conn=1 sof=10501231 usb=2 rpts=1264288 rfail=0 eperr=0 ints=0 | freezes=0 last=none badfps=3
[21:58:18.000] [aud] fill=4350 prod=47953/s want=48000/s srv=47992 under=0/s short=0.0% tone=0/s skips=0 under_total=31443
[21:59:18.000] up=2:56:05 [run] fps=60 cpu=10672us render=199us blit=1599us aud=1us | ls=J/FS conn=1 sof=10561235 usb=2 rpts=1271513 rfail=0 eperr=0 ints=0 | freezes=0 last=none badfps=3
[21:59:18.000] [aud] fill=4375 prod=48001/s want=48000/s srv=47992 under=0/s short=0.0% tone=0/s skips=0 under_total=31443
[22:00:18.000] up=2:57:05 [run] fps=60 cpu=10669us render=200us blit=1605us aud=0us | ls=J/FS conn=1 sof=10621238 usb=2 rpts=1278745 rfail=0 eperr=0 ints=0 | freezes=0 last=none badfps=3
[22:00:18.000] [aud] fill=4363 prod=48002/s want=48000/s srv=47992 under=0/s short=0.0% tone=0/s skips=0 under_total=31443
[22:01:18.000] up=2:58:05 [run] fps=60 cpu=10678us render=201us blit=1600us aud=1us | ls=J/FS conn=1 sof=10681242 usb=2 rpts=1285968 rfail=0 eperr=0 ints=0 | freezes=0 last=none badfps=3
[22:01:18.000] [aud] fill=4350 prod=48001/s want=48000/s srv=47992 under=0/s short=0.0% tone=0/s skips=0 under_total=31443
[22:02:18.000] up=2:59:05 [run] fps=60 cpu=10679us render=199us blit=1601us aud=0us | ls=J/FS conn=1 sof=10741245 usb=2 rpts=1293200 rfail=0 eperr=0 ints=0 | freezes=0 last=none badfps=3
[22:02:18.000] [aud] fill=4357 prod=48001/s want=48000/s srv=47992 under=0/s short=0.0% tone=0/s skips=0 under_total=31443
[22:03:18.000] up=3:00:05 [run] fps=60 cpu=10681us render=201us blit=1599us aud=0us | ls=J/FS conn=1 sof=10801249 usb=2 rpts=1300421 rfail=0 eperr=0 ints=0 | freezes=0 last=none badfps=3
[22:03:18.000] [aud] fill=4350 prod=48001/s want=48000/s srv=47992 under=0/s short=0.0% tone=0/s skips=0 under_total=31443
[22:04:18.000] up=3:01:05 [run] fps=60 cpu=10631us render=199us blit=1597us aud=1us | ls=J/FS conn=1 sof=10861253 usb=2 rpts=1307650 rfail=0 eperr=0 ints=0 | freezes=0 last=none badfps=3
[22:04:18.000] [aud] fill=4360 prod=48001/s want=48000/s srv=47992 under=0/s short=0.0% tone=0/s skips=0 under_total=31443
[22:05:18.000] up=3:02:05 [run] fps=60 cpu=10637us render=203us blit=1622us aud=1us | ls=J/FS conn=1 sof=10921256 usb=2 rpts=1314880 rfail=0 eperr=0 ints=0 | freezes=0 last=none badfps=3
[22:05:18.000] [aud] fill=4358 prod=48001/s want=48000/s srv=47992 under=0/s short=0.0% tone=0/s skips=0 under_total=31443
[22:06:19.000] up=3:03:05 [run] fps=60 cpu=10694us render=199us blit=1600us aud=0us | ls=J/FS conn=1 sof=10981260 usb=2 rpts=1322101 rfail=0 eperr=0 ints=0 | freezes=0 last=none badfps=3
[22:06:19.000] [aud] fill=4351 prod=48002/s want=48000/s srv=47992 under=0/s short=0.0% tone=0/s skips=0 under_total=31443
[22:07:19.000] up=3:04:05 [run] fps=60 cpu=10684us render=200us blit=1600us aud=1us | ls=J/FS conn=1 sof=11041263 usb=2 rpts=1329335 rfail=0 eperr=0 ints=0 | freezes=0 last=none badfps=3
[22:07:19.000] [aud] fill=4359 prod=48001/s want=48000/s srv=47992 under=0/s short=0.0% tone=0/s skips=0 under_total=31443
[22:08:19.000] up=3:05:05 [run] fps=60 cpu=10689us render=200us blit=1600us aud=0us | ls=J/FS conn=1 sof=11101267 usb=2 rpts=1336568 rfail=0 eperr=0 ints=0 | freezes=0 last=none badfps=3
[22:08:19.000] [aud] fill=4375 prod=48001/s want=48000/s srv=47992 under=0/s short=0.0% tone=0/s skips=0 under_total=31443
[22:09:19.000] up=3:06:05 [run] fps=60 cpu=10677us render=199us blit=1601us aud=0us | ls=J/FS conn=1 sof=11161271 usb=2 rpts=1343798 rfail=0 eperr=0 ints=0 | freezes=0 last=none badfps=3
[22:09:19.000] [aud] fill=4361 prod=48002/s want=48000/s srv=47992 under=0/s short=0.0% tone=0/s skips=0 under_total=31443
[22:10:19.000] up=3:07:05 [run] fps=60 cpu=10681us render=201us blit=1600us aud=0us | ls=J/FS conn=1 sof=11221274 usb=2 rpts=1351028 rfail=0 eperr=0 ints=0 | freezes=0 last=none badfps=3
[22:10:19.000] [aud] fill=4359 prod=48002/s want=48000/s srv=47992 under=0/s short=0.0% tone=0/s skips=0 under_total=31443
[22:11:19.000] up=3:08:05 [run] fps=60 cpu=10686us render=199us blit=1599us aud=1us | ls=J/FS conn=1 sof=11281278 usb=2 rpts=1358251 rfail=0 eperr=0 ints=0 | freezes=0 last=none badfps=3
[22:11:19.000] [aud] fill=4349 prod=48001/s want=48000/s srv=47992 under=0/s short=0.0% tone=0/s skips=0 under_total=31443
[22:12:19.000] up=3:09:05 [run] fps=60 cpu=10687us render=200us blit=1601us aud=1us | ls=J/FS conn=1 sof=11341281 usb=2 rpts=1365468 rfail=0 eperr=0 ints=0 | freezes=0 last=none badfps=3
[22:12:19.000] [aud] fill=4357 prod=48002/s want=48000/s srv=47992 under=0/s short=0.0% tone=0/s skips=0 under_total=31443
[22:13:19.000] up=3:10:05 [run] fps=60 cpu=10639us render=199us blit=1599us aud=0us | ls=J/FS conn=1 sof=11401285 usb=2 rpts=1372699 rfail=0 eperr=0 ints=0 | freezes=0 last=none badfps=3
[22:13:19.000] [aud] fill=4366 prod=48001/s want=48000/s srv=47992 under=0/s short=0.0% tone=0/s skips=0 under_total=31443
[22:14:19.000] up=3:11:05 [run] fps=60 cpu=10637us render=238us blit=1591us aud=1us | ls=J/FS conn=1 sof=11461289 usb=2 rpts=1379929 rfail=0 eperr=0 ints=0 | freezes=0 last=none badfps=3
[22:14:19.000] [aud] fill=4349 prod=48002/s want=48000/s srv=47992 under=0/s short=0.0% tone=0/s skips=0 under_total=31443
[22:15:19.000] up=3:12:05 [run] fps=60 cpu=10647us render=236us blit=1564us aud=1us | ls=J/FS conn=1 sof=11521292 usb=2 rpts=1387160 rfail=0 eperr=0 ints=0 | freezes=0 last=none badfps=3
[22:15:19.000] [aud] fill=4355 prod=48001/s want=48000/s srv=47992 under=0/s short=0.0% tone=0/s skips=0 under_total=31443
[22:16:19.000] up=3:13:05 [run] fps=60 cpu=10686us render=200us blit=1563us aud=1us | ls=J/FS conn=1 sof=11581297 usb=2 rpts=1394396 rfail=0 eperr=0 ints=0 | freezes=0 last=none badfps=3
[22:16:19.000] [aud] fill=4347 prod=48001/s want=48000/s srv=47992 under=0/s short=0.0% tone=0/s skips=0 under_total=31443
[22:17:19.000] up=3:14:05 [run] fps=60 cpu=10679us render=200us blit=1564us aud=1us | ls=J/FS conn=1 sof=11641301 usb=2 rpts=1401619 rfail=0 eperr=0 ints=0 | freezes=0 last=none badfps=3
[22:17:19.000] [aud] fill=4383 prod=48002/s want=48000/s srv=47992 under=0/s short=0.0% tone=0/s skips=0 under_total=31443
[22:18:19.000] up=3:15:05 [run] fps=60 cpu=10676us render=199us blit=1561us aud=0us | ls=J/FS conn=1 sof=11701304 usb=2 rpts=1408845 rfail=0 eperr=0 ints=0 | freezes=0 last=none badfps=3
[22:18:19.000] [aud] fill=4371 prod=48001/s want=48000/s srv=47992 under=0/s short=0.0% tone=0/s skips=0 under_total=31443
[22:19:19.000] up=3:16:05 [run] fps=60 cpu=10685us render=199us blit=1564us aud=1us | ls=J/FS conn=1 sof=11761308 usb=2 rpts=1416077 rfail=0 eperr=0 ints=0 | freezes=0 last=none badfps=3
[22:19:19.000] [aud] fill=4352 prod=48001/s want=48000/s srv=47992 under=0/s short=0.0% tone=0/s skips=0 under_total=31443
[22:20:19.000] up=3:17:05 [run] fps=60 cpu=10640us render=237us blit=1563us aud=1us | ls=J/FS conn=1 sof=11821310 usb=2 rpts=1423297 rfail=0 eperr=0 ints=0 | freezes=0 last=none badfps=3
[22:20:19.000] [aud] fill=4356 prod=48001/s want=48000/s srv=47992 under=0/s short=0.0% tone=0/s skips=0 under_total=31443
[22:21:19.000] up=3:18:05 [run] fps=60 cpu=10680us render=200us blit=1600us aud=1us | ls=J/FS conn=1 sof=11881315 usb=2 rpts=1430520 rfail=0 eperr=0 ints=0 | freezes=0 last=none badfps=3
[22:21:19.000] [aud] fill=4348 prod=48001/s want=48000/s srv=47992 under=0/s short=0.0% tone=0/s skips=0 under_total=31443
[22:22:19.000] up=3:19:05 [run] fps=60 cpu=10674us render=199us blit=1598us aud=1us | ls=J/FS conn=1 sof=11941319 usb=2 rpts=1437736 rfail=0 eperr=0 ints=0 | freezes=0 last=none badfps=3
[22:22:19.000] [aud] fill=4363 prod=48001/s want=48000/s srv=47992 under=0/s short=0.0% tone=0/s skips=0 under_total=31443
[22:23:19.000] up=3:20:05 [run] fps=60 cpu=10671us render=200us blit=1616us aud=1us | ls=J/FS conn=1 sof=12001322 usb=2 rpts=1444958 rfail=0 eperr=0 ints=0 | freezes=0 last=none badfps=3
[22:23:19.000] [aud] fill=4360 prod=48002/s want=48000/s srv=47992 under=0/s short=0.0% tone=0/s skips=0 under_total=31443
[22:24:19.000] up=3:21:05 [run] fps=60 cpu=10679us render=199us blit=1603us aud=0us | ls=J/FS conn=1 sof=12061326 usb=2 rpts=1452179 rfail=0 eperr=0 ints=0 | freezes=0 last=none badfps=3
[22:24:19.000] [aud] fill=4349 prod=48001/s want=48000/s srv=47992 under=0/s short=0.0% tone=0/s skips=0 under_total=31443
[22:25:19.000] up=3:22:05 [run] fps=60 cpu=10682us render=200us blit=1601us aud=1us | ls=J/FS conn=1 sof=12121329 usb=2 rpts=1459403 rfail=0 eperr=0 ints=0 | freezes=0 last=none badfps=3
[22:25:19.000] [aud] fill=4357 prod=48002/s want=48000/s srv=47992 under=0/s short=0.0% tone=0/s skips=0 under_total=31443
[22:26:19.000] up=3:23:05 [run] fps=60 cpu=10679us render=200us blit=1601us aud=1us | ls=J/FS conn=1 sof=12181333 usb=2 rpts=1466630 rfail=0 eperr=0 ints=0 | freezes=0 last=none badfps=3
[22:26:19.000] [aud] fill=4349 prod=48001/s want=48000/s srv=47992 under=0/s short=0.0% tone=0/s skips=0 under_total=31443
[22:27:19.000] up=3:24:05 [run] fps=60 cpu=10676us render=200us blit=1597us aud=1us | ls=J/FS conn=1 sof=12241337 usb=2 rpts=1473861 rfail=0 eperr=0 ints=0 | freezes=0 last=none badfps=3
[22:27:19.000] [aud] fill=4359 prod=48002/s want=48000/s srv=47992 under=0/s short=0.0% tone=0/s skips=0 under_total=31443
[22:28:19.000] up=3:25:05 [run] fps=60 cpu=10672us render=202us blit=1617us aud=1us | ls=J/FS conn=1 sof=12301340 usb=2 rpts=1481084 rfail=0 eperr=0 ints=0 | freezes=0 last=none badfps=3
[22:28:19.000] [aud] fill=4360 prod=48002/s want=48000/s srv=47992 under=0/s short=0.0% tone=0/s skips=0 under_total=31443
[22:29:19.000] up=3:26:05 [run] fps=60 cpu=10681us render=200us blit=1601us aud=1us | ls=J/FS conn=1 sof=12361344 usb=2 rpts=1488310 rfail=0 eperr=0 ints=0 | freezes=0 last=none badfps=3
[22:29:19.000] [aud] fill=4350 prod=48002/s want=48000/s srv=47992 under=0/s short=0.0% tone=0/s skips=0 under_total=31443
[22:30:19.000] up=3:27:05 [run] fps=60 cpu=10683us render=200us blit=1600us aud=0us | ls=J/FS conn=1 sof=12421347 usb=2 rpts=1495532 rfail=0 eperr=0 ints=0 | freezes=0 last=none badfps=3
[22:30:19.000] [aud] fill=4358 prod=48001/s want=48000/s srv=47992 under=0/s short=0.0% tone=0/s skips=0 under_total=31443
[22:31:19.000] up=3:28:05 [run] fps=60 cpu=10676us render=199us blit=1600us aud=0us | ls=J/FS conn=1 sof=12481351 usb=2 rpts=1502762 rfail=0 eperr=0 ints=0 | freezes=0 last=none badfps=3
[22:31:19.000] [aud] fill=4386 prod=48001/s want=48000/s srv=47991 under=0/s short=0.0% tone=0/s skips=0 under_total=31443
[22:32:19.000] up=3:29:05 [run] fps=60 cpu=10670us render=199us blit=1611us aud=1us | ls=J/FS conn=1 sof=12541355 usb=2 rpts=1509994 rfail=0 eperr=0 ints=0 | freezes=0 last=none badfps=3
[22:32:19.000] [aud] fill=4357 prod=48001/s want=48000/s srv=47992 under=0/s short=0.0% tone=0/s skips=0 under_total=31443
[22:33:19.000] up=3:30:05 [run] fps=60 cpu=10681us render=200us blit=1565us aud=0us | ls=J/FS conn=1 sof=12601358 usb=2 rpts=1517229 rfail=0 eperr=0 ints=0 | freezes=0 last=none badfps=3
[22:33:19.000] [aud] fill=4360 prod=48002/s want=48000/s srv=47992 under=0/s short=0.0% tone=0/s skips=0 under_total=31443
[22:34:19.000] up=3:31:05 [run] fps=60 cpu=10677us render=199us blit=1603us aud=0us | ls=J/FS conn=1 sof=12661362 usb=2 rpts=1524447 rfail=0 eperr=0 ints=0 | freezes=0 last=none badfps=3
[22:34:19.000] [aud] fill=4351 prod=48002/s want=48000/s srv=47992 under=0/s short=0.0% tone=0/s skips=0 under_total=31443
[22:35:19.000] up=3:32:05 [run] fps=60 cpu=10681us render=200us blit=1565us aud=0us | ls=J/FS conn=1 sof=12721365 usb=2 rpts=1531679 rfail=0 eperr=0 ints=0 | freezes=0 last=none badfps=3
[22:35:19.000] [aud] fill=4358 prod=48001/s want=48000/s srv=47992 under=0/s short=0.0% tone=0/s skips=0 under_total=31443
[22:36:19.000] up=3:33:05 [run] fps=60 cpu=10675us render=199us blit=1562us aud=1us | ls=J/FS conn=1 sof=12781369 usb=2 rpts=1538903 rfail=0 eperr=0 ints=0 | freezes=0 last=none badfps=3
[22:36:19.000] [aud] fill=4370 prod=48002/s want=48000/s srv=47992 under=0/s short=0.0% tone=0/s skips=0 under_total=31443
[22:37:19.000] up=3:34:05 [run] fps=60 cpu=10672us render=201us blit=1592us aud=1us | ls=J/FS conn=1 sof=12841373 usb=2 rpts=1546130 rfail=0 eperr=0 ints=0 | freezes=0 last=none badfps=3
[22:37:19.000] [aud] fill=4352 prod=48002/s want=48000/s srv=47992 under=0/s short=0.0% tone=0/s skips=0 under_total=31443
[22:38:19.000] up=3:35:05 [run] fps=60 cpu=10682us render=200us blit=1564us aud=1us | ls=J/FS conn=1 sof=12901376 usb=2 rpts=1553357 rfail=0 eperr=0 ints=0 | freezes=0 last=none badfps=3
[22:38:19.000] [aud] fill=4358 prod=48002/s want=48000/s srv=47992 under=0/s short=0.0% tone=0/s skips=0 under_total=31443
[22:39:19.000] up=3:36:05 [run] fps=60 cpu=10679us render=201us blit=1563us aud=1us | ls=J/FS conn=1 sof=12961380 usb=2 rpts=1560582 rfail=0 eperr=0 ints=0 | freezes=0 last=none badfps=3
[22:39:19.000] [aud] fill=4350 prod=48001/s want=48000/s srv=47992 under=0/s short=0.0% tone=0/s skips=0 under_total=31443
[22:40:19.000] up=3:37:05 [run] fps=60 cpu=10676us render=199us blit=1600us aud=1us | ls=J/FS conn=1 sof=13021384 usb=2 rpts=1567808 rfail=0 eperr=0 ints=0 | freezes=0 last=none badfps=3
[22:40:19.000] [aud] fill=4377 prod=48002/s want=48000/s srv=47992 under=0/s short=0.0% tone=0/s skips=0 under_total=31443
[22:41:19.000] up=3:38:05 [run] fps=60 cpu=10671us render=199us blit=1598us aud=1us | ls=J/FS conn=1 sof=13081387 usb=2 rpts=1575032 rfail=0 eperr=0 ints=0 | freezes=0 last=none badfps=3
[22:41:19.000] [aud] fill=4373 prod=48001/s want=48000/s srv=47992 under=0/s short=0.0% tone=0/s skips=0 under_total=31443
[22:42:19.000] up=3:39:05 [run] fps=60 cpu=10680us render=200us blit=1602us aud=0us | ls=J/FS conn=1 sof=13141391 usb=2 rpts=1582255 rfail=0 eperr=0 ints=0 | freezes=0 last=none badfps=3
[22:42:19.000] [aud] fill=4352 prod=48002/s want=48000/s srv=47992 under=0/s short=0.0% tone=0/s skips=0 under_total=31443
[22:43:19.000] up=3:40:05 [run] fps=60 cpu=10682us render=200us blit=1601us aud=1us | ls=J/FS conn=1 sof=13201394 usb=2 rpts=1589478 rfail=0 eperr=0 ints=0 | freezes=0 last=none badfps=3
[22:43:19.000] [aud] fill=4358 prod=48002/s want=48000/s srv=47992 under=0/s short=0.0% tone=0/s skips=0 under_total=31443
[22:44:19.000] up=3:41:05 [run] fps=60 cpu=10681us render=200us blit=1601us aud=1us | ls=J/FS conn=1 sof=13261398 usb=2 rpts=1596716 rfail=0 eperr=0 ints=0 | freezes=0 last=none badfps=3
[22:44:19.000] [aud] fill=4349 prod=48001/s want=48000/s srv=47992 under=0/s short=0.0% tone=0/s skips=0 under_total=31443
[22:45:19.000] up=3:42:05 [run] fps=60 cpu=10674us render=199us blit=1599us aud=1us | ls=J/FS conn=1 sof=13321402 usb=2 rpts=1603950 rfail=0 eperr=0 ints=0 | freezes=0 last=none badfps=3
[22:45:19.000] [aud] fill=4367 prod=48002/s want=48000/s srv=47992 under=0/s short=0.0% tone=0/s skips=0 under_total=31443
[22:46:19.000] up=3:43:05 [run] fps=60 cpu=10668us render=200us blit=1610us aud=1us | ls=J/FS conn=1 sof=13381405 usb=2 rpts=1611173 rfail=0 eperr=0 ints=0 | freezes=0 last=none badfps=3
[22:46:19.000] [aud] fill=4361 prod=48001/s want=48000/s srv=47992 under=0/s short=0.0% tone=0/s skips=0 under_total=31443
[22:47:19.000] up=3:44:05 [run] fps=60 cpu=10642us render=201us blit=1600us aud=0us | ls=J/FS conn=1 sof=13441409 usb=2 rpts=1618402 rfail=0 eperr=0 ints=0 | freezes=0 last=none badfps=3
[22:47:19.000] [aud] fill=4349 prod=48002/s want=48000/s srv=47992 under=0/s short=0.0% tone=0/s skips=0 under_total=31443
[22:48:19.000] up=3:45:05 [run] fps=60 cpu=10678us render=200us blit=1600us aud=1us | ls=J/FS conn=1 sof=13501412 usb=2 rpts=1625633 rfail=0 eperr=0 ints=0 | freezes=0 last=none badfps=3
[22:48:19.000] [aud] fill=4358 prod=48002/s want=48000/s srv=47992 under=0/s short=0.0% tone=0/s skips=0 under_total=31443
[22:49:19.000] up=3:46:05 [run] fps=60 cpu=10683us render=199us blit=1602us aud=0us | ls=J/FS conn=1 sof=13561416 usb=2 rpts=1632861 rfail=0 eperr=0 ints=0 | freezes=0 last=none badfps=3
[22:49:19.000] [aud] fill=4350 prod=47953/s want=48000/s srv=47992 under=0/s short=0.0% tone=0/s skips=0 under_total=31443
[22:50:19.000] up=3:47:05 [run] fps=60 cpu=10674us render=200us blit=1598us aud=0us | ls=J/FS conn=1 sof=13621420 usb=2 rpts=1640090 rfail=0 eperr=0 ints=0 | freezes=0 last=none badfps=3
[22:50:19.000] [aud] fill=4361 prod=48001/s want=48000/s srv=47992 under=0/s short=0.0% tone=0/s skips=0 under_total=31443
[22:51:19.000] up=3:48:05 [run] fps=60 cpu=10672us render=202us blit=1620us aud=1us | ls=J/FS conn=1 sof=13681423 usb=2 rpts=1647327 rfail=0 eperr=0 ints=0 | freezes=0 last=none badfps=3
[22:51:19.000] [aud] fill=4359 prod=47954/s want=48000/s srv=47992 under=0/s short=0.0% tone=0/s skips=0 under_total=31443
[22:52:19.000] up=3:49:05 [run] fps=60 cpu=10682us render=200us blit=1600us aud=0us | ls=J/FS conn=1 sof=13741427 usb=2 rpts=1654548 rfail=0 eperr=0 ints=0 | freezes=0 last=none badfps=3
[22:52:19.000] [aud] fill=4349 prod=48001/s want=48000/s srv=47992 under=0/s short=0.0% tone=0/s skips=0 under_total=31443
[22:53:19.000] up=3:50:05 [run] fps=60 cpu=10684us render=198us blit=1602us aud=1us | ls=J/FS conn=1 sof=13801430 usb=2 rpts=1661771 rfail=0 eperr=0 ints=0 | freezes=0 last=none badfps=3
[22:53:19.000] [aud] fill=4357 prod=48001/s want=48000/s srv=47992 under=0/s short=0.0% tone=0/s skips=0 under_total=31443
[22:54:19.000] up=3:51:05 [run] fps=60 cpu=10676us render=200us blit=1601us aud=0us | ls=J/FS conn=1 sof=13861434 usb=2 rpts=1668995 rfail=0 eperr=0 ints=0 | freezes=0 last=none badfps=3
[22:54:19.000] [aud] fill=4385 prod=48001/s want=48000/s srv=47991 under=0/s short=0.0% tone=0/s skips=0 under_total=31443
[22:55:19.000] up=3:52:05 [run] fps=60 cpu=10635us render=199us blit=1612us aud=1us | ls=J/FS conn=1 sof=13921438 usb=2 rpts=1676223 rfail=0 eperr=0 ints=0 | freezes=0 last=none badfps=3
[22:55:19.000] [aud] fill=4357 prod=48002/s want=48000/s srv=47992 under=0/s short=0.0% tone=0/s skips=0 under_total=31443
[22:56:19.000] up=3:53:05 [run] fps=60 cpu=10646us render=199us blit=1601us aud=0us | ls=J/FS conn=1 sof=13981441 usb=2 rpts=1683453 rfail=0 eperr=0 ints=0 | freezes=0 last=none badfps=3
[22:56:19.000] [aud] fill=4358 prod=48002/s want=48000/s srv=47992 under=0/s short=0.0% tone=0/s skips=0 under_total=31443
[22:57:19.000] up=3:54:05 [run] fps=60 cpu=10641us render=238us blit=1562us aud=1us | ls=J/FS conn=1 sof=14041445 usb=2 rpts=1690680 rfail=0 eperr=0 ints=0 | freezes=0 last=none badfps=3
[22:57:19.000] [aud] fill=4347 prod=48001/s want=48000/s srv=47992 under=0/s short=0.0% tone=0/s skips=0 under_total=31443
[22:58:19.000] up=3:55:05 [run] fps=60 cpu=10643us render=236us blit=1564us aud=1us | ls=J/FS conn=1 sof=14101448 usb=2 rpts=1697908 rfail=0 eperr=0 ints=0 | freezes=0 last=none badfps=3
[22:58:19.000] [aud] fill=4355 prod=48002/s want=48000/s srv=47992 under=0/s short=0.0% tone=0/s skips=0 under_total=31443
[22:59:19.000] up=3:56:05 [run] fps=60 cpu=10636us render=237us blit=1561us aud=0us | ls=J/FS conn=1 sof=14161452 usb=2 rpts=1705133 rfail=0 eperr=0 ints=0 | freezes=0 last=none badfps=3
[22:59:19.000] [aud] fill=4361 prod=48001/s want=48000/s srv=47992 under=0/s short=0.0% tone=0/s skips=0 under_total=31443
[23:00:19.000] up=3:57:05 [run] fps=60 cpu=10637us render=238us blit=1582us aud=0us | ls=J/FS conn=1 sof=14221456 usb=2 rpts=1712354 rfail=0 eperr=0 ints=0 | freezes=0 last=none badfps=3
[23:00:19.000] [aud] fill=4348 prod=48002/s want=48000/s srv=47992 under=0/s short=0.0% tone=0/s skips=0 under_total=31443
[23:01:19.000] up=3:58:05 [run] fps=60 cpu=10642us render=237us blit=1563us aud=1us | ls=J/FS conn=1 sof=14281459 usb=2 rpts=1719586 rfail=0 eperr=0 ints=0 | freezes=0 last=none badfps=3
[23:01:19.000] [aud] fill=4356 prod=48001/s want=48000/s srv=47992 under=0/s short=0.0% tone=0/s skips=0 under_total=31443
[23:02:19.000] up=3:59:05 [run] fps=60 cpu=10644us render=237us blit=1563us aud=0us | ls=J/FS conn=1 sof=14341463 usb=2 rpts=1726809 rfail=0 eperr=0 ints=0 | freezes=0 last=none badfps=3
[23:02:19.000] [aud] fill=4348 prod=48002/s want=48000/s srv=47992 under=0/s short=0.0% tone=0/s skips=0 under_total=31443
[23:03:19.000] up=4:00:05 [run] fps=60 cpu=10677us render=200us blit=1563us aud=0us | ls=J/FS conn=1 sof=14401468 usb=2 rpts=1734037 rfail=0 eperr=0 ints=0 | freezes=0 last=none badfps=3
[23:03:19.000] [aud] fill=4385 prod=48000/s want=48000/s srv=47991 under=0/s short=0.0% tone=0/s skips=0 under_total=31443
[23:04:19.000] up=4:01:05 [run] fps=60 cpu=10632us render=236us blit=1562us aud=1us | ls=J/FS conn=1 sof=14461471 usb=2 rpts=1741270 rfail=0 eperr=0 ints=0 | freezes=0 last=none badfps=3
[23:04:19.000] [aud] fill=4366 prod=48001/s want=48000/s srv=47992 under=0/s short=0.0% tone=0/s skips=0 under_total=31443
[23:05:19.000] up=4:02:05 [run] fps=60 cpu=10686us render=200us blit=1564us aud=1us | ls=J/FS conn=1 sof=14521475 usb=2 rpts=1748496 rfail=0 eperr=0 ints=0 | freezes=0 last=none badfps=3
[23:05:19.000] [aud] fill=4348 prod=48001/s want=48000/s srv=47992 under=0/s short=0.0% tone=0/s skips=0 under_total=31443
[23:06:19.000] up=4:03:05 [run] fps=60 cpu=10686us render=199us blit=1601us aud=1us | ls=J/FS conn=1 sof=14581478 usb=2 rpts=1755729 rfail=0 eperr=0 ints=0 | freezes=0 last=none badfps=3
[23:06:19.000] [aud] fill=4356 prod=48002/s want=48000/s srv=47992 under=0/s short=0.0% tone=0/s skips=0 under_total=31443
[23:07:19.000] up=4:04:05 [run] fps=60 cpu=10688us render=199us blit=1601us aud=1us | ls=J/FS conn=1 sof=14641482 usb=2 rpts=1762963 rfail=0 eperr=0 ints=0 | freezes=0 last=none badfps=3
[23:07:19.000] [aud] fill=4349 prod=48002/s want=48000/s srv=47992 under=0/s short=0.0% tone=0/s skips=0 under_total=31443
[23:08:19.000] up=4:05:05 [run] fps=60 cpu=10677us render=200us blit=1598us aud=1us | ls=J/FS conn=1 sof=14701486 usb=2 rpts=1770194 rfail=0 eperr=0 ints=0 | freezes=0 last=none badfps=3
[23:08:19.000] [aud] fill=4360 prod=48002/s want=48000/s srv=47992 under=0/s short=0.0% tone=0/s skips=0 under_total=31443
[23:09:19.000] up=4:06:05 [run] fps=60 cpu=10683us render=200us blit=1630us aud=0us | ls=J/FS conn=1 sof=14761489 usb=2 rpts=1777424 rfail=0 eperr=0 ints=0 | freezes=0 last=none badfps=3
[23:09:19.000] [aud] fill=4359 prod=48002/s want=48000/s srv=47992 under=0/s short=0.0% tone=0/s skips=0 under_total=31443
[23:10:19.000] up=4:07:05 [run] fps=60 cpu=10684us render=200us blit=1602us aud=0us | ls=J/FS conn=1 sof=14821493 usb=2 rpts=1784641 rfail=0 eperr=0 ints=0 | freezes=0 last=none badfps=3
[23:10:19.000] [aud] fill=4349 prod=48002/s want=48000/s srv=47992 under=0/s short=0.0% tone=0/s skips=0 under_total=31443
[23:11:19.000] up=4:08:05 [run] fps=60 cpu=10683us render=200us blit=1599us aud=1us | ls=J/FS conn=1 sof=14881496 usb=2 rpts=1791864 rfail=0 eperr=0 ints=0 | freezes=0 last=none badfps=3
[23:11:19.000] [aud] fill=4357 prod=48001/s want=48000/s srv=47992 under=0/s short=0.0% tone=0/s skips=0 under_total=31443
[23:12:19.000] up=4:09:05 [run] fps=60 cpu=10687us render=199us blit=1600us aud=1us | ls=J/FS conn=1 sof=14941500 usb=2 rpts=1799088 rfail=0 eperr=0 ints=0 | freezes=0 last=none badfps=3
[23:12:19.000] [aud] fill=4366 prod=48002/s want=48000/s srv=47992 under=0/s short=0.0% tone=0/s skips=0 under_total=31443
[23:13:19.000] up=4:10:05 [run] fps=60 cpu=10642us render=237us blit=1563us aud=1us | ls=J/FS conn=1 sof=15001504 usb=2 rpts=1806312 rfail=0 eperr=0 ints=0 | freezes=0 last=none badfps=3
[23:13:19.000] [aud] fill=4355 prod=48001/s want=48000/s srv=47992 under=0/s short=0.0% tone=0/s skips=0 under_total=31443
[23:14:19.000] up=4:11:05 [run] fps=60 cpu=10656us render=202us blit=1601us aud=0us | ls=J/FS conn=1 sof=15061507 usb=2 rpts=1813538 rfail=0 eperr=0 ints=0 | freezes=0 last=none badfps=3
[23:14:19.000] [aud] fill=4359 prod=48001/s want=48000/s srv=47992 under=0/s short=0.0% tone=0/s skips=0 under_total=31443
[23:15:19.000] up=4:12:05 [run] fps=60 cpu=10649us render=199us blit=1600us aud=0us | ls=J/FS conn=1 sof=15121511 usb=2 rpts=1820774 rfail=0 eperr=0 ints=0 | freezes=0 last=none badfps=3
[23:15:19.000] [aud] fill=4351 prod=48001/s want=48000/s srv=47992 under=0/s short=0.0% tone=0/s skips=0 under_total=31443
[23:16:19.000] up=4:13:05 [run] fps=60 cpu=10649us render=200us blit=1601us aud=0us | ls=J/FS conn=1 sof=15181514 usb=2 rpts=1828003 rfail=0 eperr=0 ints=0 | freezes=0 last=none badfps=3
[23:16:19.000] [aud] fill=4357 prod=48001/s want=48000/s srv=47992 under=0/s short=0.0% tone=0/s skips=0 under_total=31443
[23:17:19.000] up=4:14:05 [run] fps=60 cpu=10644us render=237us blit=1562us aud=1us | ls=J/FS conn=1 sof=15241518 usb=2 rpts=1835229 rfail=0 eperr=0 ints=0 | freezes=0 last=none badfps=3
[23:17:19.000] [aud] fill=4373 prod=48002/s want=48000/s srv=47992 under=0/s short=0.0% tone=0/s skips=0 under_total=31443
[23:18:19.000] up=4:15:05 [run] fps=60 cpu=10638us render=238us blit=1595us aud=0us | ls=J/FS conn=1 sof=15301522 usb=2 rpts=1842459 rfail=0 eperr=0 ints=0 | freezes=0 last=none badfps=3
[23:18:19.000] [aud] fill=4349 prod=48001/s want=48000/s srv=47992 under=0/s short=0.0% tone=0/s skips=0 under_total=31443
[23:19:19.000] up=4:16:05 [run] fps=60 cpu=10642us render=238us blit=1564us aud=1us | ls=J/FS conn=1 sof=15361525 usb=2 rpts=1849681 rfail=0 eperr=0 ints=0 | freezes=0 last=none badfps=3
[23:19:19.000] [aud] fill=4354 prod=48001/s want=48000/s srv=47992 under=0/s short=0.0% tone=0/s skips=0 under_total=31443
[23:20:19.000] up=4:17:05 [run] fps=60 cpu=10680us render=200us blit=1564us aud=0us | ls=J/FS conn=1 sof=15421530 usb=2 rpts=1856910 rfail=0 eperr=0 ints=0 | freezes=0 last=none badfps=3
[23:20:19.000] [aud] fill=4350 prod=48001/s want=48000/s srv=47992 under=0/s short=0.0% tone=0/s skips=0 under_total=31443
[23:21:19.000] up=4:18:05 [run] fps=60 cpu=10681us render=200us blit=1565us aud=1us | ls=J/FS conn=1 sof=15481534 usb=2 rpts=1864148 rfail=0 eperr=0 ints=0 | freezes=0 last=none badfps=3
[23:21:19.000] [aud] fill=4372 prod=48001/s want=48000/s srv=47992 under=0/s short=0.0% tone=0/s skips=0 under_total=31443
[23:22:19.000] up=4:19:05 [run] fps=60 cpu=10672us render=199us blit=1562us aud=1us | ls=J/FS conn=1 sof=15541537 usb=2 rpts=1871374 rfail=0 eperr=0 ints=0 | freezes=0 last=none badfps=3
[23:22:19.000] [aud] fill=4373 prod=48001/s want=48000/s srv=47992 under=0/s short=0.0% tone=0/s skips=0 under_total=31443
[23:23:19.000] up=4:20:05 [run] fps=60 cpu=10678us render=201us blit=1564us aud=1us | ls=J/FS conn=1 sof=15601541 usb=2 rpts=1878598 rfail=0 eperr=0 ints=0 | freezes=0 last=none badfps=3
[23:23:19.000] [aud] fill=4352 prod=48001/s want=48000/s srv=47992 under=0/s short=0.0% tone=0/s skips=0 under_total=31443
[23:24:19.000] up=4:21:05 [run] fps=60 cpu=10683us render=199us blit=1565us aud=1us | ls=J/FS conn=1 sof=15661544 usb=2 rpts=1885831 rfail=0 eperr=0 ints=0 | freezes=0 last=none badfps=3
[23:24:19.000] [aud] fill=4357 prod=48002/s want=48000/s srv=47992 under=0/s short=0.0% tone=0/s skips=0 under_total=31443
[23:25:19.000] up=4:22:05 [run] fps=60 cpu=10641us render=237us blit=1562us aud=1us | ls=J/FS conn=1 sof=15721547 usb=2 rpts=1893058 rfail=0 eperr=0 ints=0 | freezes=0 last=none badfps=3
[23:25:19.000] [aud] fill=4349 prod=48002/s want=48000/s srv=47992 under=0/s short=0.0% tone=0/s skips=0 under_total=31443
[23:26:19.000] up=4:23:05 [run] fps=60 cpu=10675us render=199us blit=1563us aud=1us | ls=J/FS conn=1 sof=15781552 usb=2 rpts=1900285 rfail=0 eperr=0 ints=0 | freezes=0 last=none badfps=3
[23:26:19.000] [aud] fill=4374 prod=48000/s want=48000/s srv=47992 under=0/s short=0.0% tone=0/s skips=0 under_total=31443
[23:27:19.000] up=4:24:05 [run] fps=60 cpu=10641us render=237us blit=1564us aud=1us | ls=J/FS conn=1 sof=15841554 usb=2 rpts=1907507 rfail=0 eperr=0 ints=0 | freezes=0 last=none badfps=3
[23:27:19.000] [aud] fill=4361 prod=48002/s want=48000/s srv=47992 under=0/s short=0.0% tone=0/s skips=0 under_total=31443
[23:28:19.000] up=4:25:05 [run] fps=60 cpu=10677us render=200us blit=1565us aud=0us | ls=J/FS conn=1 sof=15901559 usb=2 rpts=1914742 rfail=0 eperr=0 ints=0 | freezes=0 last=none badfps=3
[23:28:19.000] [aud] fill=4348 prod=48001/s want=48000/s srv=47992 under=0/s short=0.0% tone=0/s skips=0 under_total=31443
[23:29:19.000] up=4:26:05 [run] fps=60 cpu=10643us render=237us blit=1563us aud=0us | ls=J/FS conn=1 sof=15961561 usb=2 rpts=1921971 rfail=0 eperr=0 ints=0 | freezes=0 last=none badfps=3
[23:29:19.000] [aud] fill=4354 prod=48001/s want=48000/s srv=47992 under=0/s short=0.0% tone=0/s skips=0 under_total=31443
[23:30:19.000] up=4:27:05 [run] fps=60 cpu=10683us render=199us blit=1564us aud=0us | ls=J/FS conn=1 sof=16021566 usb=2 rpts=1929204 rfail=0 eperr=0 ints=0 | freezes=0 last=none badfps=3
[23:30:19.000] [aud] fill=4351 prod=48002/s want=48000/s srv=47992 under=0/s short=0.0% tone=0/s skips=0 under_total=31443
[23:31:19.000] up=4:28:05 [run] fps=60 cpu=10671us render=199us blit=1599us aud=0us | ls=J/FS conn=1 sof=16081570 usb=2 rpts=1936425 rfail=0 eperr=0 ints=0 | freezes=0 last=none badfps=3
[23:31:19.000] [aud] fill=4358 prod=48001/s want=48000/s srv=47992 under=0/s short=0.0% tone=0/s skips=0 under_total=31443
[23:32:19.000] up=4:29:05 [run] fps=60 cpu=10674us render=202us blit=1626us aud=0us | ls=J/FS conn=1 sof=16141573 usb=2 rpts=1943647 rfail=0 eperr=0 ints=0 | freezes=0 last=none badfps=3
[23:32:19.000] [aud] fill=4359 prod=48001/s want=48000/s srv=47992 under=0/s short=0.0% tone=0/s skips=0 under_total=31443
[23:33:19.000] up=4:30:05 [run] fps=60 cpu=10683us render=200us blit=1602us aud=0us | ls=J/FS conn=1 sof=16201577 usb=2 rpts=1950874 rfail=0 eperr=0 ints=0 | freezes=0 last=none badfps=3
[23:33:19.000] [aud] fill=4350 prod=48002/s want=48000/s srv=47992 under=0/s short=0.0% tone=0/s skips=0 under_total=31443
[23:34:19.000] up=4:31:05 [run] fps=60 cpu=10680us render=200us blit=1602us aud=1us | ls=J/FS conn=1 sof=16261580 usb=2 rpts=1958100 rfail=0 eperr=0 ints=0 | freezes=0 last=none badfps=3
[23:34:19.000] [aud] fill=4357 prod=48001/s want=48000/s srv=47992 under=0/s short=0.0% tone=0/s skips=0 under_total=31443
[23:35:19.000] up=4:32:05 [run] fps=60 cpu=10679us render=199us blit=1602us aud=1us | ls=J/FS conn=1 sof=16321584 usb=2 rpts=1965326 rfail=0 eperr=0 ints=0 | freezes=0 last=none badfps=3
[23:35:19.000] [aud] fill=4383 prod=48001/s want=48000/s srv=47992 under=0/s short=0.0% tone=0/s skips=0 under_total=31443
[23:36:19.000] up=4:33:05 [run] fps=60 cpu=10670us render=200us blit=1607us aud=1us | ls=J/FS conn=1 sof=16381588 usb=2 rpts=1972555 rfail=0 eperr=0 ints=0 | freezes=0 last=none badfps=3
[23:36:19.000] [aud] fill=4359 prod=48002/s want=48000/s srv=47992 under=0/s short=0.0% tone=0/s skips=0 under_total=31443
[23:37:19.000] up=4:34:05 [run] fps=60 cpu=10680us render=200us blit=1599us aud=1us | ls=J/FS conn=1 sof=16441591 usb=2 rpts=1979784 rfail=0 eperr=0 ints=0 | freezes=0 last=none badfps=3
[23:37:19.000] [aud] fill=4359 prod=48001/s want=48000/s srv=47992 under=0/s short=0.0% tone=0/s skips=0 under_total=31443
[23:38:19.000] up=4:35:05 [run] fps=60 cpu=10681us render=200us blit=1602us aud=0us | ls=J/FS conn=1 sof=16501595 usb=2 rpts=1987018 rfail=0 eperr=0 ints=0 | freezes=0 last=none badfps=3
[23:38:19.000] [aud] fill=4351 prod=48002/s want=48000/s srv=47992 under=0/s short=0.0% tone=0/s skips=0 under_total=31443
[23:39:19.000] up=4:36:05 [run] fps=60 cpu=10683us render=199us blit=1603us aud=0us | ls=J/FS conn=1 sof=16561598 usb=2 rpts=1994247 rfail=0 eperr=0 ints=0 | freezes=0 last=none badfps=3
[23:39:19.000] [aud] fill=4359 prod=48002/s want=48000/s srv=47992 under=0/s short=0.0% tone=0/s skips=0 under_total=31443
[23:40:19.000] up=4:37:05 [run] fps=60 cpu=10641us render=200us blit=1601us aud=0us | ls=J/FS conn=1 sof=16621602 usb=2 rpts=2001474 rfail=0 eperr=0 ints=0 | freezes=0 last=none badfps=3
[23:40:19.000] [aud] fill=4358 prod=48001/s want=48000/s srv=47992 under=0/s short=0.0% tone=0/s skips=0 under_total=31443
[23:41:19.000] up=4:38:05 [run] fps=60 cpu=10637us render=202us blit=1621us aud=0us | ls=J/FS conn=1 sof=16681606 usb=2 rpts=2008710 rfail=0 eperr=0 ints=0 | freezes=0 last=none badfps=3
[23:41:19.000] [aud] fill=4351 prod=48002/s want=48000/s srv=47992 under=0/s short=0.0% tone=0/s skips=0 under_total=31443
[23:42:19.000] up=4:39:05 [run] fps=60 cpu=10643us render=200us blit=1600us aud=0us | ls=J/FS conn=1 sof=16741609 usb=2 rpts=2015937 rfail=0 eperr=0 ints=0 | freezes=0 last=none badfps=3
[23:42:19.000] [aud] fill=4356 prod=48001/s want=48000/s srv=47992 under=0/s short=0.0% tone=0/s skips=0 under_total=31443
[23:43:19.000] up=4:40:05 [run] fps=60 cpu=10639us render=237us blit=1564us aud=0us | ls=J/FS conn=1 sof=16801613 usb=2 rpts=2023155 rfail=0 eperr=0 ints=0 | freezes=0 last=none badfps=3
[23:43:19.000] [aud] fill=4348 prod=48001/s want=48000/s srv=47992 under=0/s short=0.0% tone=0/s skips=0 under_total=31443
[23:44:19.000] up=4:41:05 [run] fps=60 cpu=10641us render=237us blit=1563us aud=0us | ls=J/FS conn=1 sof=16861617 usb=2 rpts=2030374 rfail=0 eperr=0 ints=0 | freezes=0 last=none badfps=3
[23:44:19.000] [aud] fill=4384 prod=48000/s want=48000/s srv=47991 under=0/s short=0.0% tone=0/s skips=0 under_total=31443
[23:45:19.000] up=4:42:05 [run] fps=60 cpu=10635us render=237us blit=1561us aud=0us | ls=J/FS conn=1 sof=16921620 usb=2 rpts=2037596 rfail=0 eperr=0 ints=0 | freezes=0 last=none badfps=3
[23:45:19.000] [aud] fill=4367 prod=48002/s want=48000/s srv=47992 under=0/s short=0.0% tone=0/s skips=0 under_total=31443
[23:46:19.000] up=4:43:05 [run] fps=60 cpu=10681us render=199us blit=1565us aud=0us | ls=J/FS conn=1 sof=16981625 usb=2 rpts=2044831 rfail=0 eperr=0 ints=0 | freezes=0 last=none badfps=3
[23:46:19.000] [aud] fill=4350 prod=48001/s want=48000/s srv=47992 under=0/s short=0.0% tone=0/s skips=0 under_total=31443
[23:47:19.000] up=4:44:05 [run] fps=60 cpu=10643us render=237us blit=1563us aud=0us | ls=J/FS conn=1 sof=17041627 usb=2 rpts=2052049 rfail=0 eperr=0 ints=0 | freezes=0 last=none badfps=3
[23:47:19.000] [aud] fill=4356 prod=48001/s want=48000/s srv=47992 under=0/s short=0.0% tone=0/s skips=0 under_total=31443
[23:48:19.000] up=4:45:05 [run] fps=60 cpu=10679us render=199us blit=1563us aud=1us | ls=J/FS conn=1 sof=17101632 usb=2 rpts=2059276 rfail=0 eperr=0 ints=0 | freezes=0 last=none badfps=3
[23:48:19.000] [aud] fill=4349 prod=48001/s want=48000/s srv=47992 under=0/s short=0.0% tone=0/s skips=0 under_total=31443
[23:49:19.000] up=4:46:05 [run] fps=60 cpu=10674us render=199us blit=1560us aud=1us | ls=J/FS conn=1 sof=17161636 usb=2 rpts=2066504 rfail=0 eperr=0 ints=0 | freezes=0 last=none badfps=3
[23:49:19.000] [aud] fill=4360 prod=48001/s want=48000/s srv=47992 under=0/s short=0.0% tone=0/s skips=0 under_total=31443
[23:50:19.000] up=4:47:05 [run] fps=60 cpu=10672us render=200us blit=1583us aud=0us | ls=J/FS conn=1 sof=17221639 usb=2 rpts=2073729 rfail=0 eperr=0 ints=0 | freezes=0 last=none badfps=3
[23:50:19.000] [aud] fill=4360 prod=48002/s want=48000/s srv=47992 under=0/s short=0.0% tone=0/s skips=0 under_total=31443
[23:51:19.000] up=4:48:05 [run] fps=60 cpu=10680us render=199us blit=1563us aud=1us | ls=J/FS conn=1 sof=17281643 usb=2 rpts=2080956 rfail=0 eperr=0 ints=0 | freezes=0 last=none badfps=3
[23:51:19.000] [aud] fill=4350 prod=48002/s want=48000/s srv=47992 under=0/s short=0.0% tone=0/s skips=0 under_total=31443
[23:52:19.000] up=4:49:05 [run] fps=60 cpu=10645us render=237us blit=1564us aud=1us | ls=J/FS conn=1 sof=17341645 usb=2 rpts=2088184 rfail=0 eperr=0 ints=0 | freezes=0 last=none badfps=3
[23:52:19.000] [aud] fill=4356 prod=48001/s want=48000/s srv=47992 under=0/s short=0.0% tone=0/s skips=0 under_total=31443
[23:53:19.000] up=4:50:05 [run] fps=60 cpu=10654us render=237us blit=1563us aud=1us | ls=J/FS conn=1 sof=17401649 usb=2 rpts=2095410 rfail=0 eperr=0 ints=0 | freezes=0 last=none badfps=3
[23:53:19.000] [aud] fill=4349 prod=48002/s want=48000/s srv=47992 under=0/s short=0.0% tone=0/s skips=0 under_total=31443
[23:54:19.000] up=4:51:05 [run] fps=60 cpu=10634us render=236us blit=1560us aud=1us | ls=J/FS conn=1 sof=17461653 usb=2 rpts=2102628 rfail=0 eperr=0 ints=0 | freezes=0 last=none badfps=3
[23:54:19.000] [aud] fill=4359 prod=48002/s want=48000/s srv=47992 under=0/s short=0.0% tone=0/s skips=0 under_total=31443
[23:55:19.000] up=4:52:05 [run] fps=60 cpu=10631us render=239us blit=1581us aud=1us | ls=J/FS conn=1 sof=17521656 usb=2 rpts=2109853 rfail=0 eperr=0 ints=0 | freezes=0 last=none badfps=3
[23:55:19.000] [aud] fill=4357 prod=48002/s want=48000/s srv=47992 under=0/s short=0.0% tone=0/s skips=0 under_total=31443
[23:56:19.000] up=4:53:05 [run] fps=60 cpu=10681us render=199us blit=1564us aud=0us | ls=J/FS conn=1 sof=17581661 usb=2 rpts=2117083 rfail=0 eperr=0 ints=0 | freezes=0 last=none badfps=3
[23:56:19.000] [aud] fill=4350 prod=48002/s want=48000/s srv=47992 under=0/s short=0.0% tone=0/s skips=0 under_total=31443
[23:57:19.000] up=4:54:05 [run] fps=60 cpu=10677us render=200us blit=1563us aud=1us | ls=J/FS conn=1 sof=17641664 usb=2 rpts=2124314 rfail=0 eperr=0 ints=0 | freezes=0 last=none badfps=3
[23:57:19.000] [aud] fill=4357 prod=48002/s want=48000/s srv=47992 under=0/s short=0.0% tone=0/s skips=0 under_total=31443
[23:58:19.000] up=4:55:05 [run] fps=60 cpu=10676us render=201us blit=1600us aud=1us | ls=J/FS conn=1 sof=17701668 usb=2 rpts=2131537 rfail=0 eperr=0 ints=0 | freezes=0 last=none badfps=3
[23:58:19.000] [aud] fill=4388 prod=48001/s want=48000/s srv=47991 under=0/s short=0.0% tone=0/s skips=0 under_total=31443
[23:59:19.000] up=4:56:05 [run] fps=60 cpu=10669us render=199us blit=1620us aud=1us | ls=J/FS conn=1 sof=17761672 usb=2 rpts=2138766 rfail=0 eperr=0 ints=0 | freezes=0 last=none badfps=3
[23:59:19.000] [aud] fill=4355 prod=48001/s want=48000/s srv=47992 under=0/s short=0.0% tone=0/s skips=0 under_total=31443
=== DATE 2026-10-05
[00:00:19.000] up=4:57:05 [run] fps=60 cpu=10679us render=200us blit=1601us aud=0us | ls=J/FS conn=1 sof=17821675 usb=2 rpts=2145986 rfail=0 eperr=0 ints=0 | freezes=0 last=none badfps=3
[00:00:19.000] [aud] fill=4357 prod=48001/s want=48000/s srv=47992 under=0/s short=0.0% tone=0/s skips=0 under_total=31443
[00:01:19.000] up=4:58:05 [run] fps=60 cpu=10681us render=200us blit=1600us aud=1us | ls=J/FS conn=1 sof=17881679 usb=2 rpts=2153212 rfail=0 eperr=0 ints=0 | freezes=0 last=none badfps=3
[00:01:19.000] [aud] fill=4349 prod=48001/s want=48000/s srv=47992 under=0/s short=0.0% tone=0/s skips=0 under_total=31443
[00:02:19.000] up=4:59:05 [run] fps=60 cpu=10682us render=200us blit=1601us aud=0us | ls=J/FS conn=1 sof=17941683 usb=2 rpts=2160435 rfail=0 eperr=0 ints=0 | freezes=0 last=none badfps=3
[00:02:19.000] [aud] fill=4350 prod=48001/s want=48000/s srv=47992 under=0/s short=0.0% tone=0/s skips=0 under_total=31443
[00:03:19.000] up=5:00:05 [run] fps=60 cpu=10673us render=199us blit=1597us aud=1us | ls=J/FS conn=1 sof=18001686 usb=2 rpts=2167665 rfail=0 eperr=0 ints=0 | freezes=0 last=none badfps=3
[00:03:19.000] [aud] fill=4376 prod=48001/s want=48000/s srv=47991 under=0/s short=0.0% tone=0/s skips=0 under_total=31443
[00:04:19.000] up=5:01:05 [run] fps=60 cpu=10684us render=201us blit=1612us aud=0us | ls=J/FS conn=1 sof=18061690 usb=2 rpts=2174894 rfail=0 eperr=0 ints=0 | freezes=0 last=none badfps=3
[00:04:19.000] [aud] fill=4353 prod=48002/s want=48000/s srv=47992 under=0/s short=0.0% tone=0/s skips=0 under_total=31443
[00:05:19.000] up=5:02:05 [run] fps=60 cpu=10686us render=199us blit=1600us aud=1us | ls=J/FS conn=1 sof=18121693 usb=2 rpts=2182121 rfail=0 eperr=0 ints=0 | freezes=0 last=none badfps=3
[00:05:19.000] [aud] fill=4359 prod=48002/s want=48000/s srv=47992 under=0/s short=0.0% tone=0/s skips=0 under_total=31443
[00:06:19.000] up=5:03:05 [run] fps=60 cpu=10653us render=199us blit=1601us aud=1us | ls=J/FS conn=1 sof=18181697 usb=2 rpts=2189345 rfail=0 eperr=0 ints=0 | freezes=0 last=none badfps=3
[00:06:19.000] [aud] fill=4350 prod=48002/s want=48000/s srv=47992 under=0/s short=0.0% tone=0/s skips=0 under_total=31443
[00:07:19.000] up=5:04:05 [run] fps=60 cpu=10639us render=200us blit=1601us aud=0us | ls=J/FS conn=1 sof=18241701 usb=2 rpts=2196575 rfail=0 eperr=0 ints=0 | freezes=0 last=none badfps=3
[00:07:19.000] [aud] fill=4388 prod=48000/s want=48000/s srv=47991 under=0/s short=0.0% tone=0/s skips=0 under_total=31443
[00:08:19.000] up=5:05:05 [run] fps=60 cpu=10676us render=199us blit=1598us aud=0us | ls=J/FS conn=1 sof=18301704 usb=2 rpts=2203800 rfail=0 eperr=0 ints=0 | freezes=0 last=none badfps=3
[00:08:19.000] [aud] fill=4364 prod=48001/s want=48000/s srv=47992 under=0/s short=0.0% tone=0/s skips=0 under_total=31443
[00:09:19.000] up=5:06:05 [run] fps=60 cpu=10648us render=200us blit=1602us aud=0us | ls=J/FS conn=1 sof=18361708 usb=2 rpts=2211037 rfail=0 eperr=0 ints=0 | freezes=0 last=none badfps=3
[00:09:19.000] [aud] fill=4350 prod=48001/s want=48000/s srv=47992 under=0/s short=0.0% tone=0/s skips=0 under_total=31443
[00:10:19.000] up=5:07:05 [run] fps=60 cpu=10688us render=199us blit=1601us aud=0us | ls=J/FS conn=1 sof=18421711 usb=2 rpts=2218261 rfail=0 eperr=0 ints=0 | freezes=0 last=none badfps=3
[00:10:19.000] [aud] fill=4358 prod=48002/s want=48000/s srv=47992 under=0/s short=0.0% tone=0/s skips=0 under_total=31443
[00:11:19.000] up=5:08:05 [run] fps=60 cpu=10647us render=200us blit=1599us aud=1us | ls=J/FS conn=1 sof=18481715 usb=2 rpts=2225489 rfail=0 eperr=0 ints=0 | freezes=0 last=none badfps=3
[00:11:19.000] [aud] fill=4350 prod=48001/s want=48000/s srv=47992 under=0/s short=0.0% tone=0/s skips=0 under_total=31443
[00:12:19.000] up=5:09:05 [run] fps=60 cpu=10639us render=201us blit=1599us aud=0us | ls=J/FS conn=1 sof=18541719 usb=2 rpts=2232718 rfail=0 eperr=0 ints=0 | freezes=0 last=none badfps=3
[00:12:19.000] [aud] fill=4360 prod=48001/s want=48000/s srv=47992 under=0/s short=0.0% tone=0/s skips=0 under_total=31443
[00:13:19.000] up=5:10:05 [run] fps=60 cpu=10637us render=199us blit=1630us aud=0us | ls=J/FS conn=1 sof=18601722 usb=2 rpts=2239943 rfail=0 eperr=0 ints=0 | freezes=0 last=none badfps=3
[00:13:19.000] [aud] fill=4358 prod=48001/s want=48000/s srv=47992 under=0/s short=0.0% tone=0/s skips=0 under_total=31443
[00:14:19.000] up=5:11:05 [run] fps=60 cpu=10647us render=237us blit=1564us aud=0us | ls=J/FS conn=1 sof=18661726 usb=2 rpts=2247162 rfail=0 eperr=0 ints=0 | freezes=0 last=none badfps=3
[00:14:19.000] [aud] fill=4348 prod=48001/s want=48000/s srv=47992 under=0/s short=0.0% tone=0/s skips=0 under_total=31443
[00:15:19.000] up=5:12:05 [run] fps=60 cpu=10648us render=237us blit=1563us aud=0us | ls=J/FS conn=1 sof=18721729 usb=2 rpts=2254401 rfail=0 eperr=0 ints=0 | freezes=0 last=none badfps=3
[00:15:19.000] [aud] fill=4356 prod=48002/s want=48000/s srv=47992 under=0/s short=0.0% tone=0/s skips=0 under_total=31443
[00:16:19.000] up=5:13:05 [run] fps=60 cpu=10650us render=237us blit=1564us aud=1us | ls=J/FS conn=1 sof=18781733 usb=2 rpts=2261624 rfail=0 eperr=0 ints=0 | freezes=0 last=none badfps=3
[00:16:19.000] [aud] fill=4367 prod=48002/s want=48000/s srv=47992 under=0/s short=0.0% tone=0/s skips=0 under_total=31443
[00:17:19.000] up=5:14:05 [run] fps=60 cpu=10636us render=236us blit=1562us aud=1us | ls=J/FS conn=1 sof=18841737 usb=2 rpts=2268845 rfail=0 eperr=0 ints=0 | freezes=0 last=none badfps=3
[00:17:19.000] [aud] fill=4358 prod=48001/s want=48000/s srv=47992 under=0/s short=0.0% tone=0/s skips=0 under_total=31443
[00:18:19.000] up=5:15:05 [run] fps=60 cpu=10643us render=201us blit=1607us aud=0us | ls=J/FS conn=1 sof=18901740 usb=2 rpts=2276077 rfail=0 eperr=0 ints=0 | freezes=0 last=none badfps=3
[00:18:19.000] [aud] fill=4360 prod=48002/s want=48000/s srv=47992 under=0/s short=0.0% tone=0/s skips=0 under_total=31443
[00:19:19.000] up=5:16:05 [run] fps=60 cpu=10638us render=237us blit=1564us aud=0us | ls=J/FS conn=1 sof=18961744 usb=2 rpts=2283300 rfail=0 eperr=0 ints=0 | freezes=0 last=none badfps=3
[00:19:19.000] [aud] fill=4348 prod=48001/s want=48000/s srv=47992 under=0/s short=0.0% tone=0/s skips=0 under_total=31443
[00:20:19.000] up=5:17:05 [run] fps=60 cpu=10642us render=200us blit=1601us aud=0us | ls=J/FS conn=1 sof=19021747 usb=2 rpts=2290529 rfail=0 eperr=0 ints=0 | freezes=0 last=none badfps=3
[00:20:19.000] [aud] fill=4359 prod=48001/s want=48000/s srv=47992 under=0/s short=0.0% tone=0/s skips=0 under_total=31443
[00:21:19.000] up=5:18:05 [run] fps=60 cpu=10636us render=200us blit=1600us aud=0us | ls=J/FS conn=1 sof=19081751 usb=2 rpts=2297769 rfail=0 eperr=0 ints=0 | freezes=0 last=none badfps=3
[00:21:19.000] [aud] fill=4384 prod=48001/s want=48000/s srv=47991 under=0/s short=0.0% tone=0/s skips=0 under_total=31443
[00:22:19.000] up=5:19:05 [run] fps=60 cpu=10633us render=237us blit=1588us aud=0us | ls=J/FS conn=1 sof=19141755 usb=2 rpts=2304990 rfail=0 eperr=0 ints=0 | freezes=0 last=none badfps=3
[00:22:19.000] [aud] fill=4350 prod=48001/s want=48000/s srv=47992 under=0/s short=0.0% tone=0/s skips=0 under_total=31443
[00:23:19.000] up=5:20:05 [run] fps=60 cpu=10640us render=237us blit=1563us aud=1us | ls=J/FS conn=1 sof=19201758 usb=2 rpts=2312225 rfail=0 eperr=0 ints=0 | freezes=0 last=none badfps=3
[00:23:19.000] [aud] fill=4356 prod=48002/s want=48000/s srv=47992 under=0/s short=0.0% tone=0/s skips=0 under_total=31443
[00:24:19.000] up=5:21:05 [run] fps=60 cpu=10680us render=199us blit=1564us aud=1us | ls=J/FS conn=1 sof=19261763 usb=2 rpts=2319455 rfail=0 eperr=0 ints=0 | freezes=0 last=none badfps=3
[00:24:19.000] [aud] fill=4348 prod=48001/s want=48000/s srv=47992 under=0/s short=0.0% tone=0/s skips=0 under_total=31443
[00:25:19.000] up=5:22:05 [run] fps=60 cpu=10683us render=201us blit=1563us aud=0us | ls=J/FS conn=1 sof=19321767 usb=2 rpts=2326683 rfail=0 eperr=0 ints=0 | freezes=0 last=none badfps=3
[00:25:19.000] [aud] fill=4360 prod=48001/s want=48000/s srv=47992 under=0/s short=0.0% tone=0/s skips=0 under_total=31443
[00:26:19.000] up=5:23:05 [run] fps=60 cpu=10673us render=200us blit=1561us aud=1us | ls=J/FS conn=1 sof=19381770 usb=2 rpts=2333919 rfail=0 eperr=0 ints=0 | freezes=0 last=none badfps=3
[00:26:19.000] [aud] fill=4374 prod=48000/s want=48000/s srv=47991 under=0/s short=0.0% tone=0/s skips=0 under_total=31443
[00:27:19.000] up=5:24:05 [run] fps=60 cpu=10675us render=201us blit=1603us aud=1us | ls=J/FS conn=1 sof=19441774 usb=2 rpts=2341147 rfail=0 eperr=0 ints=0 | freezes=0 last=none badfps=3
[00:27:19.000] [aud] fill=4352 prod=48001/s want=48000/s srv=47992 under=0/s short=0.0% tone=0/s skips=0 under_total=31443
[00:28:19.000] up=5:25:05 [run] fps=60 cpu=10683us render=199us blit=1601us aud=0us | ls=J/FS conn=1 sof=19501777 usb=2 rpts=2348367 rfail=0 eperr=0 ints=0 | freezes=0 last=none badfps=3
[00:28:19.000] [aud] fill=4357 prod=48002/s want=48000/s srv=47992 under=0/s short=0.0% tone=0/s skips=0 under_total=31443
[00:29:19.000] up=5:26:05 [run] fps=60 cpu=10677us render=199us blit=1601us aud=0us | ls=J/FS conn=1 sof=19561781 usb=2 rpts=2355599 rfail=0 eperr=0 ints=0 | freezes=0 last=none badfps=3
[00:29:19.000] [aud] fill=4349 prod=48001/s want=48000/s srv=47992 under=0/s short=0.0% tone=0/s skips=0 under_total=31443
[00:30:19.000] up=5:27:05 [run] fps=60 cpu=10676us render=199us blit=1598us aud=1us | ls=J/FS conn=1 sof=19621785 usb=2 rpts=2362822 rfail=0 eperr=0 ints=0 | freezes=0 last=none badfps=3
[00:30:19.000] [aud] fill=4375 prod=48001/s want=48000/s srv=47991 under=0/s short=0.0% tone=0/s skips=0 under_total=31443
[00:31:19.000] up=5:28:06 [run] fps=60 cpu=10668us render=200us blit=1602us aud=1us | ls=J/FS conn=1 sof=19681788 usb=2 rpts=2370039 rfail=0 eperr=0 ints=0 | freezes=0 last=none badfps=3
[00:31:19.000] [aud] fill=4362 prod=48001/s want=48000/s srv=47992 under=0/s short=0.0% tone=0/s skips=0 under_total=31443
[00:32:19.000] up=5:29:06 [run] fps=60 cpu=10678us render=200us blit=1601us aud=1us | ls=J/FS conn=1 sof=19741792 usb=2 rpts=2377265 rfail=0 eperr=0 ints=0 | freezes=0 last=none badfps=3
[00:32:19.000] [aud] fill=4349 prod=48002/s want=48000/s srv=47992 under=0/s short=0.0% tone=0/s skips=0 under_total=31443
[00:33:19.000] up=5:30:06 [run] fps=60 cpu=10677us render=199us blit=1600us aud=1us | ls=J/FS conn=1 sof=19801795 usb=2 rpts=2384494 rfail=0 eperr=0 ints=0 | freezes=0 last=none badfps=3
[00:33:19.000] [aud] fill=4357 prod=48001/s want=48000/s srv=47992 under=0/s short=0.0% tone=0/s skips=0 under_total=31443
[00:34:19.000] up=5:31:06 [run] fps=60 cpu=10680us render=200us blit=1601us aud=0us | ls=J/FS conn=1 sof=19861799 usb=2 rpts=2391722 rfail=0 eperr=0 ints=0 | freezes=0 last=none badfps=3
[00:34:19.000] [aud] fill=4350 prod=48001/s want=48000/s srv=47992 under=0/s short=0.0% tone=0/s skips=0 under_total=31443
[00:35:19.000] up=5:32:06 [run] fps=60 cpu=10673us render=199us blit=1597us aud=1us | ls=J/FS conn=1 sof=19921803 usb=2 rpts=2398950 rfail=0 eperr=0 ints=0 | freezes=0 last=none badfps=3
[00:35:19.000] [aud] fill=4361 prod=48002/s want=48000/s srv=47992 under=0/s short=0.0% tone=0/s skips=0 under_total=31443
[00:36:19.000] up=5:33:06 [run] fps=60 cpu=10671us render=199us blit=1633us aud=1us | ls=J/FS conn=1 sof=19981806 usb=2 rpts=2406176 rfail=0 eperr=0 ints=0 | freezes=0 last=none badfps=3
[00:36:19.000] [aud] fill=4360 prod=48001/s want=48000/s srv=47992 under=0/s short=0.0% tone=0/s skips=0 under_total=31443
[00:37:19.000] up=5:34:06 [run] fps=60 cpu=10678us render=199us blit=1598us aud=1us | ls=J/FS conn=1 sof=20041810 usb=2 rpts=2413395 rfail=0 eperr=0 ints=0 | freezes=0 last=none badfps=3
[00:37:19.000] [aud] fill=4350 prod=48002/s want=48000/s srv=47992 under=0/s short=0.0% tone=0/s skips=0 under_total=31443
[00:38:19.000] up=5:35:06 [run] fps=60 cpu=10679us render=201us blit=1600us aud=1us | ls=J/FS conn=1 sof=20101813 usb=2 rpts=2420619 rfail=0 eperr=0 ints=0 | freezes=0 last=none badfps=3
[00:38:19.000] [aud] fill=4356 prod=48001/s want=48000/s srv=47992 under=0/s short=0.0% tone=0/s skips=0 under_total=31443
[00:39:19.000] up=5:36:06 [run] fps=60 cpu=10678us render=200us blit=1600us aud=1us | ls=J/FS conn=1 sof=20161817 usb=2 rpts=2427841 rfail=0 eperr=0 ints=0 | freezes=0 last=none badfps=3
[00:39:19.000] [aud] fill=4370 prod=48002/s want=48000/s srv=47992 under=0/s short=0.0% tone=0/s skips=0 under_total=31443
[00:40:19.000] up=5:37:06 [run] fps=60 cpu=10672us render=200us blit=1599us aud=0us | ls=J/FS conn=1 sof=20221821 usb=2 rpts=2435068 rfail=0 eperr=0 ints=0 | freezes=0 last=none badfps=3
[00:40:19.000] [aud] fill=4360 prod=48001/s want=48000/s srv=47992 under=0/s short=0.0% tone=0/s skips=0 under_total=31443
[00:41:19.000] up=5:38:06 [run] fps=60 cpu=10678us render=201us blit=1603us aud=1us | ls=J/FS conn=1 sof=20281824 usb=2 rpts=2442292 rfail=0 eperr=0 ints=0 | freezes=0 last=none badfps=3
[00:41:19.000] [aud] fill=4359 prod=48002/s want=48000/s srv=47992 under=0/s short=0.0% tone=0/s skips=0 under_total=31443
[00:42:19.000] up=5:39:06 [run] fps=60 cpu=10681us render=200us blit=1599us aud=0us | ls=J/FS conn=1 sof=20341828 usb=2 rpts=2449519 rfail=0 eperr=0 ints=0 | freezes=0 last=none badfps=3
[00:42:19.000] [aud] fill=4349 prod=48002/s want=48000/s srv=47992 under=0/s short=0.0% tone=0/s skips=0 under_total=31443
[00:43:19.000] up=5:40:06 [run] fps=60 cpu=10680us render=200us blit=1600us aud=1us | ls=J/FS conn=1 sof=20401832 usb=2 rpts=2456744 rfail=0 eperr=0 ints=0 | freezes=0 last=none badfps=3
[00:43:19.000] [aud] fill=4350 prod=48001/s want=48000/s srv=47992 under=0/s short=0.0% tone=0/s skips=0 under_total=31443
[00:44:19.000] up=5:41:06 [run] fps=60 cpu=10670us render=200us blit=1563us aud=0us | ls=J/FS conn=1 sof=20461835 usb=2 rpts=2463973 rfail=0 eperr=0 ints=0 | freezes=0 last=none badfps=3
[00:44:19.000] [aud] fill=4390 prod=48001/s want=48000/s srv=47991 under=0/s short=0.0% tone=0/s skips=0 under_total=31443
[00:45:19.000] up=5:42:06 [run] fps=60 cpu=10667us render=200us blit=1586us aud=0us | ls=J/FS conn=1 sof=20521839 usb=2 rpts=2471203 rfail=0 eperr=0 ints=0 | freezes=0 last=none badfps=3
[00:45:19.000] [aud] fill=4354 prod=48001/s want=48000/s srv=47992 under=0/s short=0.0% tone=0/s skips=0 under_total=31443
[00:46:19.000] up=5:43:06 [run] fps=60 cpu=10642us render=238us blit=1561us aud=1us | ls=J/FS conn=1 sof=20581841 usb=2 rpts=2478428 rfail=0 eperr=0 ints=0 | freezes=0 last=none badfps=3
[00:46:19.000] [aud] fill=4358 prod=48002/s want=48000/s srv=47992 under=0/s short=0.0% tone=0/s skips=0 under_total=31443
[00:47:19.000] up=5:44:06 [run] fps=60 cpu=10679us render=199us blit=1563us aud=0us | ls=J/FS conn=1 sof=20641846 usb=2 rpts=2485663 rfail=0 eperr=0 ints=0 | freezes=0 last=none badfps=3
[00:47:19.000] [aud] fill=4349 prod=48001/s want=48000/s srv=47992 under=0/s short=0.0% tone=0/s skips=0 under_total=31443
[00:48:19.000] up=5:45:06 [run] fps=60 cpu=10682us render=199us blit=1564us aud=1us | ls=J/FS conn=1 sof=20701850 usb=2 rpts=2492893 rfail=0 eperr=0 ints=0 | freezes=0 last=none badfps=3
[00:48:19.000] [aud] fill=4348 prod=48001/s want=48000/s srv=47992 under=0/s short=0.0% tone=0/s skips=0 under_total=31443
[00:49:19.000] up=5:46:06 [run] fps=60 cpu=10672us render=201us blit=1561us aud=1us | ls=J/FS conn=1 sof=20761853 usb=2 rpts=2500119 rfail=0 eperr=0 ints=0 | freezes=0 last=none badfps=3
[00:49:19.000] [aud] fill=4375 prod=48001/s want=48000/s srv=47991 under=0/s short=0.0% tone=0/s skips=0 under_total=31443
[00:50:19.000] up=5:47:06 [run] fps=60 cpu=10676us render=201us blit=1612us aud=0us | ls=J/FS conn=1 sof=20821857 usb=2 rpts=2507343 rfail=0 eperr=0 ints=0 | freezes=0 last=none badfps=3
[00:50:19.000] [aud] fill=4352 prod=48001/s want=48000/s srv=47992 under=0/s short=0.0% tone=0/s skips=0 under_total=31443
[00:51:19.000] up=5:48:06 [run] fps=60 cpu=10676us render=199us blit=1601us aud=1us | ls=J/FS conn=1 sof=20881860 usb=2 rpts=2514564 rfail=0 eperr=0 ints=0 | freezes=0 last=none badfps=3
[00:51:19.000] [aud] fill=4358 prod=48002/s want=48000/s srv=47992 under=0/s short=0.0% tone=0/s skips=0 under_total=31443
[00:52:19.000] up=5:49:06 [run] fps=60 cpu=10678us render=200us blit=1601us aud=0us | ls=J/FS conn=1 sof=20941864 usb=2 rpts=2521792 rfail=0 eperr=0 ints=0 | freezes=0 last=none badfps=3
[00:52:19.000] [aud] fill=4350 prod=48002/s want=48000/s srv=47992 under=0/s short=0.0% tone=0/s skips=0 under_total=31443
[00:53:19.000] up=5:50:06 [run] fps=60 cpu=10674us render=199us blit=1598us aud=1us | ls=J/FS conn=1 sof=21001868 usb=2 rpts=2529017 rfail=0 eperr=0 ints=0 | freezes=0 last=none badfps=3
[00:53:19.000] [aud] fill=4382 prod=48000/s want=48000/s srv=47991 under=0/s short=0.0% tone=0/s skips=0 under_total=31443
[00:54:19.000] up=5:51:06 [run] fps=60 cpu=10673us render=200us blit=1599us aud=1us | ls=J/FS conn=1 sof=21061871 usb=2 rpts=2536248 rfail=0 eperr=0 ints=0 | freezes=0 last=none badfps=3
[00:54:19.000] [aud] fill=4365 prod=48001/s want=48000/s srv=47992 under=0/s short=0.0% tone=0/s skips=0 under_total=31443
[00:55:19.000] up=5:52:06 [run] fps=60 cpu=10678us render=200us blit=1602us aud=1us | ls=J/FS conn=1 sof=21121875 usb=2 rpts=2543471 rfail=0 eperr=0 ints=0 | freezes=0 last=none badfps=3
[00:55:19.000] [aud] fill=4350 prod=48001/s want=48000/s srv=47992 under=0/s short=0.0% tone=0/s skips=0 under_total=31443
[00:56:19.000] up=5:53:06 [run] fps=60 cpu=10681us render=200us blit=1599us aud=0us | ls=J/FS conn=1 sof=21181878 usb=2 rpts=2550699 rfail=0 eperr=0 ints=0 | freezes=0 last=none badfps=3
[00:56:19.000] [aud] fill=4356 prod=48002/s want=48000/s srv=47992 under=0/s short=0.0% tone=0/s skips=0 under_total=31443
[00:57:19.000] up=5:54:06 [run] fps=60 cpu=10678us render=200us blit=1601us aud=0us | ls=J/FS conn=1 sof=21241882 usb=2 rpts=2557928 rfail=0 eperr=0 ints=0 | freezes=0 last=none badfps=3
[00:57:19.000] [aud] fill=4351 prod=47954/s want=48000/s srv=47992 under=0/s short=0.0% tone=0/s skips=0 under_total=31443
[00:58:19.000] up=5:55:06 [run] fps=60 cpu=10636us render=236us blit=1563us aud=0us | ls=J/FS conn=1 sof=21301886 usb=2 rpts=2565151 rfail=0 eperr=0 ints=0 | freezes=0 last=none badfps=3
[00:58:19.000] [aud] fill=4354 prod=48001/s want=48000/s srv=47992 under=0/s short=0.0% tone=0/s skips=0 under_total=31443
[00:59:19.000] up=5:56:06 [run] fps=60 cpu=10634us render=199us blit=1631us aud=1us | ls=J/FS conn=1 sof=21361889 usb=2 rpts=2572389 rfail=0 eperr=0 ints=0 | freezes=0 last=none badfps=3
[00:59:19.000] [aud] fill=4359 prod=48002/s want=48000/s srv=47992 under=0/s short=0.0% tone=0/s skips=0 under_total=31443
[01:00:19.000] up=5:57:06 [run] fps=60 cpu=10645us render=200us blit=1601us aud=0us | ls=J/FS conn=1 sof=21421893 usb=2 rpts=2579621 rfail=0 eperr=0 ints=0 | freezes=0 last=none badfps=3
[01:00:19.000] [aud] fill=4350 prod=48001/s want=48000/s srv=47992 under=0/s short=0.0% tone=0/s skips=0 under_total=31443
[01:01:19.000] up=5:58:06 [run] fps=60 cpu=10641us render=200us blit=1607us aud=1us | ls=J/FS conn=1 sof=21481896 usb=2 rpts=2586857 rfail=0 eperr=0 ints=0 | freezes=0 last=none badfps=3
[01:01:19.000] [aud] fill=4357 prod=48002/s want=48000/s srv=47992 under=0/s short=0.0% tone=0/s skips=0 under_total=31443
[01:02:19.000] up=5:59:06 [run] fps=60 cpu=10643us render=199us blit=1599us aud=0us | ls=J/FS conn=1 sof=21541900 usb=2 rpts=2594086 rfail=0 eperr=0 ints=0 | freezes=0 last=none badfps=3
[01:02:19.000] [aud] fill=4375 prod=48002/s want=48000/s srv=47992 under=0/s short=0.0% tone=0/s skips=0 under_total=31443
[01:03:19.000] up=6:00:06 [run] fps=60 cpu=10631us render=236us blit=1564us aud=1us | ls=J/FS conn=1 sof=21601904 usb=2 rpts=2601320 rfail=0 eperr=0 ints=0 | freezes=0 last=none badfps=3
[01:03:19.000] [aud] fill=4359 prod=48001/s want=48000/s srv=47992 under=0/s short=0.0% tone=0/s skips=0 under_total=31443
[01:04:19.000] up=6:01:06 [run] fps=60 cpu=10645us render=237us blit=1564us aud=1us | ls=J/FS conn=1 sof=21661907 usb=2 rpts=2608549 rfail=0 eperr=0 ints=0 | freezes=0 last=none badfps=3
[01:04:19.000] [aud] fill=4357 prod=48002/s want=48000/s srv=47992 under=0/s short=0.0% tone=0/s skips=0 under_total=31443
[01:05:19.000] up=6:02:06 [run] fps=60 cpu=10645us render=237us blit=1565us aud=1us | ls=J/FS conn=1 sof=21721911 usb=2 rpts=2615773 rfail=0 eperr=0 ints=0 | freezes=0 last=none badfps=3
[01:05:19.000] [aud] fill=4348 prod=48001/s want=48000/s srv=47992 under=0/s short=0.0% tone=0/s skips=0 under_total=31443
[01:06:19.000] up=6:03:06 [run] fps=60 cpu=10650us render=237us blit=1564us aud=1us | ls=J/FS conn=1 sof=21781915 usb=2 rpts=2622997 rfail=0 eperr=0 ints=0 | freezes=0 last=none badfps=3
[01:06:19.000] [aud] fill=4347 prod=48002/s want=48000/s srv=47992 under=0/s short=0.0% tone=0/s skips=0 under_total=31443
[01:07:19.000] up=6:04:06 [run] fps=60 cpu=10645us render=236us blit=1561us aud=1us | ls=J/FS conn=1 sof=21841918 usb=2 rpts=2630221 rfail=0 eperr=0 ints=0 | freezes=0 last=none badfps=3
[01:07:19.000] [aud] fill=4372 prod=48001/s want=48000/s srv=47992 under=0/s short=0.0% tone=0/s skips=0 under_total=31443
[01:08:19.000] up=6:05:06 [run] fps=60 cpu=10641us render=237us blit=1594us aud=1us | ls=J/FS conn=1 sof=21901922 usb=2 rpts=2637452 rfail=0 eperr=0 ints=0 | freezes=0 last=none badfps=3
[01:08:19.000] [aud] fill=4349 prod=48001/s want=48000/s srv=47992 under=0/s short=0.0% tone=0/s skips=0 under_total=31443
[01:09:19.000] up=6:06:06 [run] fps=60 cpu=10647us render=236us blit=1565us aud=1us | ls=J/FS conn=1 sof=21961925 usb=2 rpts=2644673 rfail=0 eperr=0 ints=0 | freezes=0 last=none badfps=3
[01:09:19.000] [aud] fill=4355 prod=48001/s want=48000/s srv=47992 under=0/s short=0.0% tone=0/s skips=0 under_total=31443
[01:10:19.000] up=6:07:06 [run] fps=60 cpu=10646us render=236us blit=1563us aud=1us | ls=J/FS conn=1 sof=22021929 usb=2 rpts=2651892 rfail=0 eperr=0 ints=0 | freezes=0 last=none badfps=3
[01:10:19.000] [aud] fill=4348 prod=48001/s want=48000/s srv=47992 under=0/s short=0.0% tone=0/s skips=0 under_total=31443
[01:11:19.000] up=6:08:06 [run] fps=60 cpu=10648us render=237us blit=1563us aud=1us | ls=J/FS conn=1 sof=22081933 usb=2 rpts=2659107 rfail=0 eperr=0 ints=0 | freezes=0 last=none badfps=3
[01:11:19.000] [aud] fill=4368 prod=48001/s want=48000/s srv=47992 under=0/s short=0.0% tone=0/s skips=0 under_total=31443
[01:12:19.000] up=6:09:06 [run] fps=60 cpu=10639us render=237us blit=1562us aud=0us | ls=J/FS conn=1 sof=22141936 usb=2 rpts=2666335 rfail=0 eperr=0 ints=0 | freezes=0 last=none badfps=3
[01:12:19.000] [aud] fill=4374 prod=48001/s want=48000/s srv=47991 under=0/s short=0.0% tone=0/s skips=0 under_total=31443
[01:13:19.000] up=6:10:06 [run] fps=60 cpu=10646us render=239us blit=1567us aud=1us | ls=J/FS conn=1 sof=22201940 usb=2 rpts=2673558 rfail=0 eperr=0 ints=0 | freezes=0 last=none badfps=3
[01:13:19.000] [aud] fill=4351 prod=48001/s want=48000/s srv=47992 under=0/s short=0.0% tone=0/s skips=0 under_total=31443
[01:14:19.000] up=6:11:06 [run] fps=60 cpu=10654us render=236us blit=1565us aud=0us | ls=J/FS conn=1 sof=22261943 usb=2 rpts=2680784 rfail=0 eperr=0 ints=0 | freezes=0 last=none badfps=3
[01:14:19.000] [aud] fill=4356 prod=48002/s want=48000/s srv=47992 under=0/s short=0.0% tone=0/s skips=0 under_total=31443
[01:15:19.000] up=6:12:06 [run] fps=60 cpu=10648us render=237us blit=1563us aud=0us | ls=J/FS conn=1 sof=22321947 usb=2 rpts=2688014 rfail=0 eperr=0 ints=0 | freezes=0 last=none badfps=3
[01:15:19.000] [aud] fill=4347 prod=48001/s want=48000/s srv=47992 under=0/s short=0.0% tone=0/s skips=0 under_total=31443
[01:16:19.000] up=6:13:06 [run] fps=60 cpu=10677us render=200us blit=1562us aud=0us | ls=J/FS conn=1 sof=22381952 usb=2 rpts=2695239 rfail=0 eperr=0 ints=0 | freezes=0 last=none badfps=3
[01:16:19.000] [aud] fill=4375 prod=48000/s want=48000/s srv=47992 under=0/s short=0.0% tone=0/s skips=0 under_total=31443
[01:17:19.000] up=6:14:06 [run] fps=60 cpu=10640us render=236us blit=1565us aud=0us | ls=J/FS conn=1 sof=22441954 usb=2 rpts=2702465 rfail=0 eperr=0 ints=0 | freezes=0 last=none badfps=3
[01:17:19.000] [aud] fill=4360 prod=48001/s want=48000/s srv=47992 under=0/s short=0.0% tone=0/s skips=0 under_total=31443
[01:18:19.000] up=6:15:06 [run] fps=60 cpu=10683us render=199us blit=1564us aud=0us | ls=J/FS conn=1 sof=22501959 usb=2 rpts=2709697 rfail=0 eperr=0 ints=0 | freezes=0 last=none badfps=3
[01:18:19.000] [aud] fill=4350 prod=48001/s want=48000/s srv=47992 under=0/s short=0.0% tone=0/s skips=0 under_total=31443
[01:19:19.000] up=6:16:06 [run] fps=60 cpu=10678us render=199us blit=1564us aud=0us | ls=J/FS conn=1 sof=22561962 usb=2 rpts=2716926 rfail=0 eperr=0 ints=0 | freezes=0 last=none badfps=3
[01:19:19.000] [aud] fill=4358 prod=48001/s want=48000/s srv=47992 under=0/s short=0.0% tone=0/s skips=0 under_total=31443
[01:20:19.000] up=6:17:06 [run] fps=60 cpu=10684us render=199us blit=1601us aud=1us | ls=J/FS conn=1 sof=22621966 usb=2 rpts=2724152 rfail=0 eperr=0 ints=0 | freezes=0 last=none badfps=3
[01:20:19.000] [aud] fill=4350 prod=48001/s want=48000/s srv=47992 under=0/s short=0.0% tone=0/s skips=0 under_total=31443
[01:21:19.000] up=6:18:06 [run] fps=60 cpu=10670us render=201us blit=1599us aud=0us | ls=J/FS conn=1 sof=22681970 usb=2 rpts=2731375 rfail=0 eperr=0 ints=0 | freezes=0 last=none badfps=3
[01:21:19.000] [aud] fill=4361 prod=48002/s want=48000/s srv=47992 under=0/s short=0.0% tone=0/s skips=0 under_total=31443
[01:22:19.000] up=6:19:06 [run] fps=60 cpu=10668us render=202us blit=1626us aud=1us | ls=J/FS conn=1 sof=22741973 usb=2 rpts=2738595 rfail=0 eperr=0 ints=0 | freezes=0 last=none badfps=3
[01:22:19.000] [aud] fill=4360 prod=48002/s want=48000/s srv=47992 under=0/s short=0.0% tone=0/s skips=0 under_total=31443
[01:23:19.000] up=6:20:06 [run] fps=60 cpu=10679us render=199us blit=1601us aud=0us | ls=J/FS conn=1 sof=22801977 usb=2 rpts=2745819 rfail=0 eperr=0 ints=0 | freezes=0 last=none badfps=3
[01:23:19.000] [aud] fill=4351 prod=48001/s want=48000/s srv=47992 under=0/s short=0.0% tone=0/s skips=0 under_total=31443
[01:24:19.000] up=6:21:06 [run] fps=60 cpu=10680us render=200us blit=1565us aud=0us | ls=J/FS conn=1 sof=22861980 usb=2 rpts=2753051 rfail=0 eperr=0 ints=0 | freezes=0 last=none badfps=3
[01:24:19.000] [aud] fill=4357 prod=48001/s want=48000/s srv=47992 under=0/s short=0.0% tone=0/s skips=0 under_total=31443
[01:25:19.000] up=6:22:06 [run] fps=60 cpu=10679us render=199us blit=1602us aud=1us | ls=J/FS conn=1 sof=22921984 usb=2 rpts=2760280 rfail=0 eperr=0 ints=0 | freezes=0 last=none badfps=3
[01:25:19.000] [aud] fill=4381 prod=48001/s want=48000/s srv=47992 under=0/s short=0.0% tone=0/s skips=0 under_total=31443
[01:26:19.000] up=6:23:06 [run] fps=60 cpu=10672us render=199us blit=1604us aud=1us | ls=J/FS conn=1 sof=22981988 usb=2 rpts=2767504 rfail=0 eperr=0 ints=0 | freezes=0 last=none badfps=3
[01:26:19.000] [aud] fill=4359 prod=48001/s want=48000/s srv=47992 under=0/s short=0.0% tone=0/s skips=0 under_total=31443
[01:27:19.000] up=6:24:06 [run] fps=60 cpu=10690us render=199us blit=1601us aud=1us | ls=J/FS conn=1 sof=23041991 usb=2 rpts=2774728 rfail=0 eperr=0 ints=0 | freezes=0 last=none badfps=3
[01:27:19.000] [aud] fill=4359 prod=48001/s want=48000/s srv=47992 under=0/s short=0.0% tone=0/s skips=0 under_total=31443
[01:28:19.000] up=6:25:06 [run] fps=60 cpu=10681us render=200us blit=1599us aud=1us | ls=J/FS conn=1 sof=23101995 usb=2 rpts=2781959 rfail=0 eperr=0 ints=0 | freezes=0 last=none badfps=3
[01:28:19.000] [aud] fill=4351 prod=48002/s want=48000/s srv=47992 under=0/s short=0.0% tone=0/s skips=0 under_total=31443
[01:29:19.000] up=6:26:06 [run] fps=60 cpu=10677us render=199us blit=1601us aud=1us | ls=J/FS conn=1 sof=23161999 usb=2 rpts=2789194 rfail=0 eperr=0 ints=0 | freezes=0 last=none badfps=3
[01:29:19.000] [aud] fill=4350 prod=48002/s want=48000/s srv=47992 under=0/s short=0.0% tone=0/s skips=0 under_total=31443
[01:30:19.000] up=6:27:06 [run] fps=60 cpu=10673us render=200us blit=1601us aud=1us | ls=J/FS conn=1 sof=23222002 usb=2 rpts=2796417 rfail=0 eperr=0 ints=0 | freezes=0 last=none badfps=3
[01:30:19.000] [aud] fill=4374 prod=48001/s want=48000/s srv=47991 under=0/s short=0.0% tone=0/s skips=0 under_total=31443
[01:31:19.000] up=6:28:06 [run] fps=60 cpu=10669us render=199us blit=1631us aud=0us | ls=J/FS conn=1 sof=23282006 usb=2 rpts=2803636 rfail=0 eperr=0 ints=0 | freezes=0 last=none badfps=3
[01:31:19.000] [aud] fill=4353 prod=48001/s want=48000/s srv=47992 under=0/s short=0.0% tone=0/s skips=0 under_total=31443
[01:32:19.000] up=6:29:06 [run] fps=60 cpu=10677us render=200us blit=1602us aud=0us | ls=J/FS conn=1 sof=23342009 usb=2 rpts=2810858 rfail=0 eperr=0 ints=0 | freezes=0 last=none badfps=3
[01:32:19.000] [aud] fill=4357 prod=48001/s want=48000/s srv=47992 under=0/s short=0.0% tone=0/s skips=0 under_total=31443
[01:33:19.000] up=6:30:06 [run] fps=60 cpu=10678us render=199us blit=1601us aud=1us | ls=J/FS conn=1 sof=23402013 usb=2 rpts=2818079 rfail=0 eperr=0 ints=0 | freezes=0 last=none badfps=3
[01:33:19.000] [aud] fill=4350 prod=48001/s want=48000/s srv=47992 under=0/s short=0.0% tone=0/s skips=0 under_total=31443
[01:34:19.000] up=6:31:06 [run] fps=60 cpu=10678us render=200us blit=1601us aud=0us | ls=J/FS conn=1 sof=23462017 usb=2 rpts=2825303 rfail=0 eperr=0 ints=0 | freezes=0 last=none badfps=3
[01:34:19.000] [aud] fill=4369 prod=48002/s want=48000/s srv=47992 under=0/s short=0.0% tone=0/s skips=0 under_total=31443
[01:35:19.000] up=6:32:06 [run] fps=60 cpu=10673us render=200us blit=1597us aud=1us | ls=J/FS conn=1 sof=23522020 usb=2 rpts=2832525 rfail=0 eperr=0 ints=0 | freezes=0 last=none badfps=3
[01:35:19.000] [aud] fill=4376 prod=48001/s want=48000/s srv=47991 under=0/s short=0.0% tone=0/s skips=0 under_total=31443
[01:36:19.000] up=6:33:06 [run] fps=60 cpu=10678us render=202us blit=1602us aud=1us | ls=J/FS conn=1 sof=23582024 usb=2 rpts=2839750 rfail=0 eperr=0 ints=0 | freezes=0 last=none badfps=3
[01:36:19.000] [aud] fill=4353 prod=48002/s want=48000/s srv=47992 under=0/s short=0.0% tone=0/s skips=0 under_total=31443
[01:37:19.000] up=6:34:06 [run] fps=60 cpu=10677us render=199us blit=1563us aud=1us | ls=J/FS conn=1 sof=23642027 usb=2 rpts=2846978 rfail=0 eperr=0 ints=0 | freezes=0 last=none badfps=3
[01:37:19.000] [aud] fill=4358 prod=48001/s want=48000/s srv=47992 under=0/s short=0.0% tone=0/s skips=0 under_total=31443
[01:38:19.000] up=6:35:06 [run] fps=60 cpu=10681us render=199us blit=1564us aud=0us | ls=J/FS conn=1 sof=23702031 usb=2 rpts=2854214 rfail=0 eperr=0 ints=0 | freezes=0 last=none badfps=3
[01:38:19.000] [aud] fill=4350 prod=48001/s want=48000/s srv=47992 under=0/s short=0.0% tone=0/s skips=0 under_total=31443
[01:39:19.000] up=6:36:06 [run] fps=60 cpu=10672us render=199us blit=1564us aud=0us | ls=J/FS conn=1 sof=23762035 usb=2 rpts=2861443 rfail=0 eperr=0 ints=0 | freezes=0 last=none badfps=3
[01:39:19.000] [aud] fill=4384 prod=48001/s want=48000/s srv=47991 under=0/s short=0.0% tone=0/s skips=0 under_total=31443
[01:40:19.000] up=6:37:06 [run] fps=60 cpu=10680us render=200us blit=1562us aud=1us | ls=J/FS conn=1 sof=23822038 usb=2 rpts=2868671 rfail=0 eperr=0 ints=0 | freezes=0 last=none badfps=3
[01:40:19.000] [aud] fill=4364 prod=48002/s want=48000/s srv=47992 under=0/s short=0.0% tone=0/s skips=0 under_total=31443
[01:41:19.000] up=6:38:06 [run] fps=60 cpu=10674us render=200us blit=1562us aud=1us | ls=J/FS conn=1 sof=23882042 usb=2 rpts=2875895 rfail=0 eperr=0 ints=0 | freezes=0 last=none badfps=3
[01:41:19.000] [aud] fill=4350 prod=48001/s want=48000/s srv=47992 under=0/s short=0.0% tone=0/s skips=0 under_total=31443
[01:42:19.000] up=6:39:06 [run] fps=60 cpu=10679us render=200us blit=1565us aud=0us | ls=J/FS conn=1 sof=23942045 usb=2 rpts=2883120 rfail=0 eperr=0 ints=0 | freezes=0 last=none badfps=3
[01:42:19.000] [aud] fill=4358 prod=48001/s want=48000/s srv=47992 under=0/s short=0.0% tone=0/s skips=0 under_total=31443
[01:43:19.000] up=6:40:06 [run] fps=60 cpu=10678us render=199us blit=1601us aud=1us | ls=J/FS conn=1 sof=24002049 usb=2 rpts=2890343 rfail=0 eperr=0 ints=0 | freezes=0 last=none badfps=3
[01:43:19.000] [aud] fill=4350 prod=48001/s want=48000/s srv=47992 under=0/s short=0.0% tone=0/s skips=0 under_total=31443
[01:44:19.000] up=6:41:06 [run] fps=60 cpu=10672us render=200us blit=1599us aud=0us | ls=J/FS conn=1 sof=24062053 usb=2 rpts=2897567 rfail=0 eperr=0 ints=0 | freezes=0 last=none badfps=3
[01:44:19.000] [aud] fill=4359 prod=48001/s want=48000/s srv=47992 under=0/s short=0.0% tone=0/s skips=0 under_total=31443
[01:45:19.000] up=6:42:06 [run] fps=60 cpu=10667us render=200us blit=1630us aud=1us | ls=J/FS conn=1 sof=24122056 usb=2 rpts=2904792 rfail=0 eperr=0 ints=0 | freezes=0 last=none badfps=3
[01:45:19.000] [aud] fill=4359 prod=48001/s want=48000/s srv=47992 under=0/s short=0.0% tone=0/s skips=0 under_total=31443
[01:46:19.000] up=6:43:06 [run] fps=60 cpu=10681us render=199us blit=1600us aud=1us | ls=J/FS conn=1 sof=24182060 usb=2 rpts=2912021 rfail=0 eperr=0 ints=0 | freezes=0 last=none badfps=3
[01:46:19.000] [aud] fill=4349 prod=48001/s want=48000/s srv=47992 under=0/s short=0.0% tone=0/s skips=0 under_total=31443
[01:47:19.000] up=6:44:06 [run] fps=60 cpu=10676us render=200us blit=1599us aud=1us | ls=J/FS conn=1 sof=24242064 usb=2 rpts=2919256 rfail=0 eperr=0 ints=0 | freezes=0 last=none badfps=3
[01:47:19.000] [aud] fill=4350 prod=48002/s want=48000/s srv=47992 under=0/s short=0.0% tone=0/s skips=0 under_total=31443
[01:48:19.000] up=6:45:06 [run] fps=60 cpu=10681us render=200us blit=1601us aud=1us | ls=J/FS conn=1 sof=24302067 usb=2 rpts=2926489 rfail=0 eperr=0 ints=0 | freezes=0 last=none badfps=3
[01:48:19.000] [aud] fill=4384 prod=47952/s want=48000/s srv=47991 under=0/s short=0.0% tone=0/s skips=0 under_total=31443
[01:49:19.000] up=6:46:06 [run] fps=60 cpu=10670us render=200us blit=1600us aud=1us | ls=J/FS conn=1 sof=24362071 usb=2 rpts=2933723 rfail=0 eperr=0 ints=0 | freezes=0 last=none badfps=3
[01:49:19.000] [aud] fill=4363 prod=48002/s want=48000/s srv=47992 under=0/s short=0.0% tone=0/s skips=0 under_total=31443
[01:50:19.000] up=6:47:06 [run] fps=60 cpu=10680us render=201us blit=1602us aud=0us | ls=J/FS conn=1 sof=24422074 usb=2 rpts=2940950 rfail=0 eperr=0 ints=0 | freezes=0 last=none badfps=3
[01:50:19.000] [aud] fill=4359 prod=48001/s want=48000/s srv=47992 under=0/s short=0.0% tone=0/s skips=0 under_total=31443
[01:51:19.000] up=6:48:06 [run] fps=60 cpu=10642us render=200us blit=1601us aud=0us | ls=J/FS conn=1 sof=24482078 usb=2 rpts=2948179 rfail=0 eperr=0 ints=0 | freezes=0 last=none badfps=3
[01:51:19.000] [aud] fill=4347 prod=48001/s want=48000/s srv=47992 under=0/s short=0.0% tone=0/s skips=0 under_total=31443
[01:52:19.000] up=6:49:06 [run] fps=60 cpu=10648us render=200us blit=1599us aud=0us | ls=J/FS conn=1 sof=24542082 usb=2 rpts=2955409 rfail=0 eperr=0 ints=0 | freezes=0 last=none badfps=3
[01:52:19.000] [aud] fill=4350 prod=48002/s want=48000/s srv=47992 under=0/s short=0.0% tone=0/s skips=0 under_total=31443
[01:53:19.000] up=6:50:06 [run] fps=60 cpu=10645us render=199us blit=1599us aud=1us | ls=J/FS conn=1 sof=24602085 usb=2 rpts=2962643 rfail=0 eperr=0 ints=0 | freezes=0 last=none badfps=3
[01:53:19.000] [aud] fill=4374 prod=48001/s want=48000/s srv=47992 under=0/s short=0.0% tone=0/s skips=0 under_total=31443
[01:54:19.000] up=6:51:06 [run] fps=60 cpu=10633us render=238us blit=1593us aud=0us | ls=J/FS conn=1 sof=24662089 usb=2 rpts=2969880 rfail=0 eperr=0 ints=0 | freezes=0 last=none badfps=3
[01:54:19.000] [aud] fill=4350 prod=48002/s want=48000/s srv=47992 under=0/s short=0.0% tone=0/s skips=0 under_total=31443
[01:55:19.000] up=6:52:06 [run] fps=60 cpu=10639us render=200us blit=1600us aud=1us | ls=J/FS conn=1 sof=24722092 usb=2 rpts=2977113 rfail=0 eperr=0 ints=0 | freezes=0 last=none badfps=3
[01:55:19.000] [aud] fill=4358 prod=48002/s want=48000/s srv=47992 under=0/s short=0.0% tone=0/s skips=0 under_total=31443
[01:56:19.000] up=6:53:06 [run] fps=60 cpu=10641us render=236us blit=1563us aud=0us | ls=J/FS conn=1 sof=24782096 usb=2 rpts=2984336 rfail=0 eperr=0 ints=0 | freezes=0 last=none badfps=3
[01:56:19.000] [aud] fill=4347 prod=48001/s want=48000/s srv=47992 under=0/s short=0.0% tone=0/s skips=0 under_total=31443
[01:57:19.000] up=6:54:06 [run] fps=60 cpu=10640us render=237us blit=1564us aud=0us | ls=J/FS conn=1 sof=24842100 usb=2 rpts=2991566 rfail=0 eperr=0 ints=0 | freezes=0 last=none badfps=3
[01:57:19.000] [aud] fill=4379 prod=48001/s want=48000/s srv=47992 under=0/s short=0.0% tone=0/s skips=0 under_total=31443
[01:58:19.000] up=6:55:06 [run] fps=60 cpu=10635us render=237us blit=1561us aud=1us | ls=J/FS conn=1 sof=24902103 usb=2 rpts=2998795 rfail=0 eperr=0 ints=0 | freezes=0 last=none badfps=3
[01:58:19.000] [aud] fill=4371 prod=48002/s want=48000/s srv=47992 under=0/s short=0.0% tone=0/s skips=0 under_total=31443
[01:59:19.000] up=6:56:06 [run] fps=60 cpu=10679us render=200us blit=1563us aud=1us | ls=J/FS conn=1 sof=24962108 usb=2 rpts=3006022 rfail=0 eperr=0 ints=0 | freezes=0 last=none badfps=3
[01:59:19.000] [aud] fill=4351 prod=48001/s want=48000/s srv=47992 under=0/s short=0.0% tone=0/s skips=0 under_total=31443
[02:00:19.000] up=6:57:06 [run] fps=60 cpu=10678us render=199us blit=1563us aud=1us | ls=J/FS conn=1 sof=25022111 usb=2 rpts=3013254 rfail=0 eperr=0 ints=0 | freezes=0 last=none badfps=3
[02:00:19.000] [aud] fill=4357 prod=48002/s want=48000/s srv=47992 under=0/s short=0.0% tone=0/s skips=0 under_total=31443
[02:01:19.000] up=6:58:06 [run] fps=60 cpu=10678us render=200us blit=1565us aud=0us | ls=J/FS conn=1 sof=25082115 usb=2 rpts=3020477 rfail=0 eperr=0 ints=0 | freezes=0 last=none badfps=3
[02:01:19.000] [aud] fill=4350 prod=48002/s want=48000/s srv=47992 under=0/s short=0.0% tone=0/s skips=0 under_total=31443
[02:02:19.000] up=6:59:06 [run] fps=60 cpu=10676us render=199us blit=1562us aud=0us | ls=J/FS conn=1 sof=25142119 usb=2 rpts=3027709 rfail=0 eperr=0 ints=0 | freezes=0 last=none badfps=3
[02:02:19.000] [aud] fill=4366 prod=48002/s want=48000/s srv=47992 under=0/s short=0.0% tone=0/s skips=0 under_total=31443
[02:03:19.000] up=7:00:06 [run] fps=60 cpu=10635us render=236us blit=1573us aud=1us | ls=J/FS conn=1 sof=25202121 usb=2 rpts=3034928 rfail=0 eperr=0 ints=0 | freezes=0 last=none badfps=3
[02:03:19.000] [aud] fill=4359 prod=48002/s want=48000/s srv=47992 under=0/s short=0.0% tone=0/s skips=0 under_total=31443
[02:04:19.000] up=7:01:06 [run] fps=60 cpu=10690us render=200us blit=1600us aud=1us | ls=J/FS conn=1 sof=25262130 usb=2 rpts=3042150 rfail=0 eperr=0 ints=0 | freezes=0 last=none badfps=3
[02:04:19.000] [aud] fill=4314 prod=48003/s want=48000/s srv=47993 under=0/s short=0.0% tone=0/s skips=0 under_total=31443
[02:05:19.000] up=7:02:06 [run] fps=60 cpu=10686us render=199us blit=1601us aud=1us | ls=J/FS conn=1 sof=25322133 usb=2 rpts=3049375 rfail=0 eperr=0 ints=0 | freezes=0 last=none badfps=3
[02:05:19.000] [aud] fill=4352 prod=47953/s want=48000/s srv=47992 under=0/s short=0.0% tone=0/s skips=0 under_total=31443
[02:06:19.000] up=7:03:06 [run] fps=60 cpu=10676us render=199us blit=1600us aud=0us | ls=J/FS conn=1 sof=25382137 usb=2 rpts=3056611 rfail=0 eperr=0 ints=0 | freezes=0 last=none badfps=3
[02:06:19.000] [aud] fill=4361 prod=48002/s want=48000/s srv=47992 under=0/s short=0.0% tone=0/s skips=0 under_total=31443
[02:07:19.000] up=7:04:06 [run] fps=60 cpu=10684us render=200us blit=1602us aud=0us | ls=J/FS conn=1 sof=25442141 usb=2 rpts=3063837 rfail=0 eperr=0 ints=0 | freezes=0 last=none badfps=3
[02:07:19.000] [aud] fill=4350 prod=48001/s want=48000/s srv=47992 under=0/s short=0.0% tone=0/s skips=0 under_total=31443
[02:08:19.000] up=7:05:06 [run] fps=60 cpu=10687us render=199us blit=1601us aud=1us | ls=J/FS conn=1 sof=25502144 usb=2 rpts=3071058 rfail=0 eperr=0 ints=0 | freezes=0 last=none badfps=3
[02:08:19.000] [aud] fill=4356 prod=48001/s want=48000/s srv=47992 under=0/s short=0.0% tone=0/s skips=0 under_total=31443
[02:09:19.000] up=7:06:06 [run] fps=60 cpu=10650us render=200us blit=1601us aud=1us | ls=J/FS conn=1 sof=25562148 usb=2 rpts=3078285 rfail=0 eperr=0 ints=0 | freezes=0 last=none badfps=3
[02:09:19.000] [aud] fill=4348 prod=48001/s want=48000/s srv=47992 under=0/s short=0.0% tone=0/s skips=0 under_total=31443
[02:10:19.000] up=7:07:06 [run] fps=60 cpu=10643us render=236us blit=1561us aud=1us | ls=J/FS conn=1 sof=25622152 usb=2 rpts=3085502 rfail=0 eperr=0 ints=0 | freezes=0 last=none badfps=3
[02:10:19.000] [aud] fill=4358 prod=48002/s want=48000/s srv=47992 under=0/s short=0.0% tone=0/s skips=0 under_total=31443
[02:11:19.000] up=7:08:06 [run] fps=60 cpu=10633us render=237us blit=1588us aud=1us | ls=J/FS conn=1 sof=25682155 usb=2 rpts=3092733 rfail=0 eperr=0 ints=0 | freezes=0 last=none badfps=3
[02:11:19.000] [aud] fill=4358 prod=48002/s want=48000/s srv=47992 under=0/s short=0.0% tone=0/s skips=0 under_total=31443
[02:12:19.000] up=7:09:06 [run] fps=60 cpu=10683us render=200us blit=1561us aud=1us | ls=J/FS conn=1 sof=25742160 usb=2 rpts=3099965 rfail=0 eperr=0 ints=0 | freezes=0 last=none badfps=3
[02:12:19.000] [aud] fill=4348 prod=48002/s want=48000/s srv=47992 under=0/s short=0.0% tone=0/s skips=0 under_total=31443
[02:13:19.000] up=7:10:06 [run] fps=60 cpu=10682us render=201us blit=1562us aud=1us | ls=J/FS conn=1 sof=25802162 usb=2 rpts=3107189 rfail=0 eperr=0 ints=0 | freezes=0 last=none badfps=3
[02:13:19.000] [aud] fill=4354 prod=48001/s want=48000/s srv=47992 under=0/s short=0.0% tone=0/s skips=0 under_total=31443
[02:14:19.000] up=7:11:06 [run] fps=60 cpu=10686us render=200us blit=1563us aud=1us | ls=J/FS conn=1 sof=25862167 usb=2 rpts=3114426 rfail=0 eperr=0 ints=0 | freezes=0 last=none badfps=3
[02:14:19.000] [aud] fill=4360 prod=48001/s want=48000/s srv=47992 under=0/s short=0.0% tone=0/s skips=0 under_total=31443
[02:15:19.000] up=7:12:06 [run] fps=60 cpu=10676us render=199us blit=1562us aud=0us | ls=J/FS conn=1 sof=25922171 usb=2 rpts=3121649 rfail=0 eperr=0 ints=0 | freezes=0 last=none badfps=3
[02:15:19.000] [aud] fill=4360 prod=48001/s want=48000/s srv=47992 under=0/s short=0.0% tone=0/s skips=0 under_total=31443
[02:16:19.000] up=7:13:06 [run] fps=60 cpu=10648us render=238us blit=1572us aud=1us | ls=J/FS conn=1 sof=25982173 usb=2 rpts=3128868 rfail=0 eperr=0 ints=0 | freezes=0 last=none badfps=3
[02:16:19.000] [aud] fill=4358 prod=48002/s want=48000/s srv=47992 under=0/s short=0.0% tone=0/s skips=0 under_total=31443
[02:17:19.000] up=7:14:06 [run] fps=60 cpu=10684us render=200us blit=1601us aud=0us | ls=J/FS conn=1 sof=26042178 usb=2 rpts=3136089 rfail=0 eperr=0 ints=0 | freezes=0 last=none badfps=3
[02:17:19.000] [aud] fill=4348 prod=48001/s want=48000/s srv=47992 under=0/s short=0.0% tone=0/s skips=0 under_total=31443
[02:18:19.000] up=7:15:06 [run] fps=60 cpu=10687us render=199us blit=1564us aud=1us | ls=J/FS conn=1 sof=26102181 usb=2 rpts=3143322 rfail=0 eperr=0 ints=0 | freezes=0 last=none badfps=3
[02:18:19.000] [aud] fill=4358 prod=48001/s want=48000/s srv=47992 under=0/s short=0.0% tone=0/s skips=0 under_total=31443
[02:19:19.000] up=7:16:06 [run] fps=60 cpu=10675us render=200us blit=1563us aud=1us | ls=J/FS conn=1 sof=26162185 usb=2 rpts=3150554 rfail=0 eperr=0 ints=0 | freezes=0 last=none badfps=3
[02:19:19.000] [aud] fill=4384 prod=48000/s want=48000/s srv=47991 under=0/s short=0.0% tone=0/s skips=0 under_total=31443
[02:20:19.000] up=7:17:06 [run] fps=60 cpu=10670us render=200us blit=1582us aud=1us | ls=J/FS conn=1 sof=26222189 usb=2 rpts=3157780 rfail=0 eperr=0 ints=0 | freezes=0 last=none badfps=3
[02:20:19.000] [aud] fill=4354 prod=48001/s want=48000/s srv=47992 under=0/s short=0.0% tone=0/s skips=0 under_total=31443
[02:21:19.000] up=7:18:06 [run] fps=60 cpu=10680us render=200us blit=1563us aud=1us | ls=J/FS conn=1 sof=26282191 usb=2 rpts=3165009 rfail=0 eperr=0 ints=0 | freezes=0 last=none badfps=3
[02:21:19.000] [aud] fill=4357 prod=48001/s want=48000/s srv=47992 under=0/s short=0.0% tone=0/s skips=0 under_total=31443
[02:22:19.000] up=7:19:06 [run] fps=60 cpu=10682us render=200us blit=1573us aud=0us | ls=J/FS conn=1 sof=26342196 usb=2 rpts=3172240 rfail=0 eperr=0 ints=0 | freezes=0 last=none badfps=3
[02:22:19.000] [aud] fill=4350 prod=48002/s want=48000/s srv=47992 under=0/s short=0.0% tone=0/s skips=0 under_total=31443
[02:23:19.000] up=7:20:06 [run] fps=60 cpu=10681us render=200us blit=1564us aud=1us | ls=J/FS conn=1 sof=26402199 usb=2 rpts=3179459 rfail=0 eperr=0 ints=0 | freezes=0 last=none badfps=3
[02:23:19.000] [aud] fill=4356 prod=48002/s want=48000/s srv=47992 under=0/s short=0.0% tone=0/s skips=0 under_total=31443
[02:24:19.000] up=7:21:06 [run] fps=60 cpu=10675us render=200us blit=1562us aud=1us | ls=J/FS conn=1 sof=26462203 usb=2 rpts=3186684 rfail=0 eperr=0 ints=0 | freezes=0 last=none badfps=3
[02:24:19.000] [aud] fill=4361 prod=48001/s want=48000/s srv=47992 under=0/s short=0.0% tone=0/s skips=0 under_total=31443
[02:25:19.000] up=7:22:06 [run] fps=60 cpu=10672us render=202us blit=1613us aud=1us | ls=J/FS conn=1 sof=26522207 usb=2 rpts=3193904 rfail=0 eperr=0 ints=0 | freezes=0 last=none badfps=3
[02:25:19.000] [aud] fill=4350 prod=48001/s want=48000/s srv=47992 under=0/s short=0.0% tone=0/s skips=0 under_total=31443
[02:26:19.000] up=7:23:06 [run] fps=60 cpu=10679us render=200us blit=1563us aud=1us | ls=J/FS conn=1 sof=26582210 usb=2 rpts=3201133 rfail=0 eperr=0 ints=0 | freezes=0 last=none badfps=3
[02:26:19.000] [aud] fill=4359 prod=48002/s want=48000/s srv=47992 under=0/s short=0.0% tone=0/s skips=0 under_total=31443
[02:27:19.000] up=7:24:06 [run] fps=60 cpu=10682us render=200us blit=1601us aud=1us | ls=J/FS conn=1 sof=26642214 usb=2 rpts=3208351 rfail=0 eperr=0 ints=0 | freezes=0 last=none badfps=3
[02:27:19.000] [aud] fill=4351 prod=48002/s want=48000/s srv=47992 under=0/s short=0.0% tone=0/s skips=0 under_total=31443
[02:28:19.000] up=7:25:06 [run] fps=60 cpu=10683us render=200us blit=1564us aud=0us | ls=J/FS conn=1 sof=26702217 usb=2 rpts=3215577 rfail=0 eperr=0 ints=0 | freezes=0 last=none badfps=3
[02:28:19.000] [aud] fill=4367 prod=48001/s want=48000/s srv=47992 under=0/s short=0.0% tone=0/s skips=0 under_total=31443
[02:29:19.000] up=7:26:06 [run] fps=60 cpu=10668us render=199us blit=1560us aud=1us | ls=J/FS conn=1 sof=26762221 usb=2 rpts=3222805 rfail=0 eperr=0 ints=0 | freezes=0 last=none badfps=3
[02:29:19.000] [aud] fill=4362 prod=48002/s want=48000/s srv=47992 under=0/s short=0.0% tone=0/s skips=0 under_total=31443
[02:30:19.000] up=7:27:06 [run] fps=60 cpu=10680us render=199us blit=1563us aud=1us | ls=J/FS conn=1 sof=26822225 usb=2 rpts=3230033 rfail=0 eperr=0 ints=0 | freezes=0 last=none badfps=3
[02:30:19.000] [aud] fill=4350 prod=48001/s want=48000/s srv=47992 under=0/s short=0.0% tone=0/s skips=0 under_total=31443
[02:31:19.000] up=7:28:06 [run] fps=60 cpu=10638us render=236us blit=1563us aud=1us | ls=J/FS conn=1 sof=26882227 usb=2 rpts=3237254 rfail=0 eperr=0 ints=0 | freezes=0 last=none badfps=3
[02:31:19.000] [aud] fill=4356 prod=48002/s want=48000/s srv=47992 under=0/s short=0.0% tone=0/s skips=0 under_total=31443
[02:32:19.000] up=7:29:06 [run] fps=60 cpu=10642us render=237us blit=1563us aud=0us | ls=J/FS conn=1 sof=26942231 usb=2 rpts=3244473 rfail=0 eperr=0 ints=0 | freezes=0 last=none badfps=3
[02:32:19.000] [aud] fill=4349 prod=48001/s want=48000/s srv=47992 under=0/s short=0.0% tone=0/s skips=0 under_total=31443
[02:33:19.000] up=7:30:06 [run] fps=60 cpu=10672us render=200us blit=1561us aud=1us | ls=J/FS conn=1 sof=27002236 usb=2 rpts=3251701 rfail=0 eperr=0 ints=0 | freezes=0 last=none badfps=3
[02:33:19.000] [aud] fill=4360 prod=48001/s want=48000/s srv=47992 under=0/s short=0.0% tone=0/s skips=0 under_total=31443
[02:34:19.000] up=7:31:06 [run] fps=60 cpu=10635us render=237us blit=1583us aud=0us | ls=J/FS conn=1 sof=27062238 usb=2 rpts=3258934 rfail=0 eperr=0 ints=0 | freezes=0 last=none badfps=3
[02:34:19.000] [aud] fill=4356 prod=48001/s want=48000/s srv=47992 under=0/s short=0.0% tone=0/s skips=0 under_total=31443
[02:35:19.000] up=7:32:06 [run] fps=60 cpu=10689us render=199us blit=1564us aud=0us | ls=J/FS conn=1 sof=27122243 usb=2 rpts=3266160 rfail=0 eperr=0 ints=0 | freezes=0 last=none badfps=3
[02:35:19.000] [aud] fill=4350 prod=48001/s want=48000/s srv=47992 under=0/s short=0.0% tone=0/s skips=0 under_total=31443
[02:36:19.000] up=7:33:06 [run] fps=60 cpu=10682us render=200us blit=1562us aud=1us | ls=J/FS conn=1 sof=27182246 usb=2 rpts=3273400 rfail=0 eperr=0 ints=0 | freezes=0 last=none badfps=3
[02:36:19.000] [aud] fill=4356 prod=48001/s want=48000/s srv=47992 under=0/s short=0.0% tone=0/s skips=0 under_total=31443
[02:37:19.000] up=7:34:06 [run] fps=60 cpu=10683us render=199us blit=1601us aud=1us | ls=J/FS conn=1 sof=27242250 usb=2 rpts=3280622 rfail=0 eperr=0 ints=0 | freezes=0 last=none badfps=3
[02:37:19.000] [aud] fill=4349 prod=48001/s want=48000/s srv=47992 under=0/s short=0.0% tone=0/s skips=0 under_total=31443
[02:38:19.000] up=7:35:06 [run] fps=60 cpu=10670us render=199us blit=1599us aud=1us | ls=J/FS conn=1 sof=27302254 usb=2 rpts=3287860 rfail=0 eperr=0 ints=0 | freezes=0 last=none badfps=3
[02:38:19.000] [aud] fill=4358 prod=48001/s want=48000/s srv=47992 under=0/s short=0.0% tone=0/s skips=0 under_total=31443
[02:39:19.000] up=7:36:06 [run] fps=60 cpu=10675us render=202us blit=1610us aud=1us | ls=J/FS conn=1 sof=27362257 usb=2 rpts=3295083 rfail=0 eperr=0 ints=0 | freezes=0 last=none badfps=3
[02:39:19.000] [aud] fill=4358 prod=48001/s want=48000/s srv=47992 under=0/s short=0.0% tone=0/s skips=0 under_total=31443
[02:40:20.000] up=7:37:06 [run] fps=60 cpu=10677us render=199us blit=1601us aud=1us | ls=J/FS conn=1 sof=27422261 usb=2 rpts=3302312 rfail=0 eperr=0 ints=0 | freezes=0 last=none badfps=3
[02:40:20.000] [aud] fill=4349 prod=48001/s want=48000/s srv=47992 under=0/s short=0.0% tone=0/s skips=0 under_total=31443
[02:41:20.000] up=7:38:06 [run] fps=60 cpu=10679us render=200us blit=1599us aud=1us | ls=J/FS conn=1 sof=27482264 usb=2 rpts=3309542 rfail=0 eperr=0 ints=0 | freezes=0 last=none badfps=3
[02:41:20.000] [aud] fill=4358 prod=48001/s want=48000/s srv=47992 under=0/s short=0.0% tone=0/s skips=0 under_total=31443
[02:42:20.000] up=7:39:06 [run] fps=60 cpu=10676us render=199us blit=1598us aud=1us | ls=J/FS conn=1 sof=27542268 usb=2 rpts=3316771 rfail=0 eperr=0 ints=0 | freezes=0 last=none badfps=3
[02:42:20.000] [aud] fill=4389 prod=48000/s want=48000/s srv=47991 under=0/s short=0.0% tone=0/s skips=0 under_total=31443
[02:43:20.000] up=7:40:06 [run] fps=60 cpu=10631us render=200us blit=1627us aud=0us | ls=J/FS conn=1 sof=27602272 usb=2 rpts=3323998 rfail=0 eperr=0 ints=0 | freezes=0 last=none badfps=3
[02:43:20.000] [aud] fill=4352 prod=48002/s want=48000/s srv=47992 under=0/s short=0.0% tone=0/s skips=0 under_total=31443
[02:44:20.000] up=7:41:06 [run] fps=60 cpu=10680us render=200us blit=1601us aud=1us | ls=J/FS conn=1 sof=27662275 usb=2 rpts=3331228 rfail=0 eperr=0 ints=0 | freezes=0 last=none badfps=3
[02:44:20.000] [aud] fill=4360 prod=48002/s want=48000/s srv=47992 under=0/s short=0.0% tone=0/s skips=0 under_total=31443
[02:45:20.000] up=7:42:06 [run] fps=60 cpu=10676us render=200us blit=1602us aud=0us | ls=J/FS conn=1 sof=27722279 usb=2 rpts=3338452 rfail=0 eperr=0 ints=0 | freezes=0 last=none badfps=3
[02:45:20.000] [aud] fill=4351 prod=48002/s want=48000/s srv=47992 under=0/s short=0.0% tone=0/s skips=0 under_total=31443
[02:46:20.000] up=7:43:06 [run] fps=60 cpu=10683us render=199us blit=1601us aud=0us | ls=J/FS conn=1 sof=27782282 usb=2 rpts=3345684 rfail=0 eperr=0 ints=0 | freezes=0 last=none badfps=3
[02:46:20.000] [aud] fill=4357 prod=48002/s want=48000/s srv=47992 under=0/s short=0.0% tone=0/s skips=0 under_total=31443
[02:47:20.000] up=7:44:06 [run] fps=60 cpu=10674us render=199us blit=1598us aud=0us | ls=J/FS conn=1 sof=27842286 usb=2 rpts=3352914 rfail=0 eperr=0 ints=0 | freezes=0 last=none badfps=3
[02:47:20.000] [aud] fill=4361 prod=47953/s want=48000/s srv=47992 under=0/s short=0.0% tone=0/s skips=0 under_total=31443
[02:48:20.000] up=7:45:06 [run] fps=60 cpu=10682us render=201us blit=1614us aud=0us | ls=J/FS conn=1 sof=27902290 usb=2 rpts=3360141 rfail=0 eperr=0 ints=0 | freezes=0 last=none badfps=3
[02:48:20.000] [aud] fill=4351 prod=48001/s want=48000/s srv=47992 under=0/s short=0.0% tone=0/s skips=0 under_total=31443
[02:49:20.000] up=7:46:06 [run] fps=60 cpu=10678us render=199us blit=1601us aud=1us | ls=J/FS conn=1 sof=27962293 usb=2 rpts=3367372 rfail=0 eperr=0 ints=0 | freezes=0 last=none badfps=3
[02:49:20.000] [aud] fill=4358 prod=48001/s want=48000/s srv=47992 under=0/s short=0.0% tone=0/s skips=0 under_total=31443
[02:50:20.000] up=7:47:06 [run] fps=60 cpu=10679us render=199us blit=1602us aud=1us | ls=J/FS conn=1 sof=28022297 usb=2 rpts=3374610 rfail=0 eperr=0 ints=0 | freezes=0 last=none badfps=3
[02:50:20.000] [aud] fill=4351 prod=48002/s want=48000/s srv=47992 under=0/s short=0.0% tone=0/s skips=0 under_total=31443
[02:51:20.000] up=7:48:06 [run] fps=60 cpu=10674us render=200us blit=1600us aud=1us | ls=J/FS conn=1 sof=28082301 usb=2 rpts=3381840 rfail=0 eperr=0 ints=0 | freezes=0 last=none badfps=3
[02:51:20.000] [aud] fill=4387 prod=48000/s want=48000/s srv=47991 under=0/s short=0.0% tone=0/s skips=0 under_total=31443
[02:52:20.000] up=7:49:06 [run] fps=60 cpu=10673us render=199us blit=1597us aud=1us | ls=J/FS conn=1 sof=28142304 usb=2 rpts=3389071 rfail=0 eperr=0 ints=0 | freezes=0 last=none badfps=3
[02:52:20.000] [aud] fill=4367 prod=48002/s want=48000/s srv=47992 under=0/s short=0.0% tone=0/s skips=0 under_total=31443
[02:53:20.000] up=7:50:06 [run] fps=60 cpu=10682us render=200us blit=1602us aud=1us | ls=J/FS conn=1 sof=28202308 usb=2 rpts=3396298 rfail=0 eperr=0 ints=0 | freezes=0 last=none badfps=3
[02:53:20.000] [aud] fill=4352 prod=48001/s want=48000/s srv=47992 under=0/s short=0.0% tone=0/s skips=0 under_total=31443
[02:54:20.000] up=7:51:06 [run] fps=60 cpu=10681us render=199us blit=1600us aud=1us | ls=J/FS conn=1 sof=28262311 usb=2 rpts=3403524 rfail=0 eperr=0 ints=0 | freezes=0 last=none badfps=3
[02:54:20.000] [aud] fill=4357 prod=47954/s want=48000/s srv=47992 under=0/s short=0.0% tone=0/s skips=0 under_total=31443
[02:55:20.000] up=7:52:06 [run] fps=60 cpu=10681us render=200us blit=1600us aud=1us | ls=J/FS conn=1 sof=28322315 usb=2 rpts=3410750 rfail=0 eperr=0 ints=0 | freezes=0 last=none badfps=3
[02:55:20.000] [aud] fill=4351 prod=48002/s want=48000/s srv=47992 under=0/s short=0.0% tone=0/s skips=0 under_total=31443
[02:56:20.000] up=7:53:06 [run] fps=60 cpu=10675us render=200us blit=1599us aud=0us | ls=J/FS conn=1 sof=28382319 usb=2 rpts=3417974 rfail=0 eperr=0 ints=0 | freezes=0 last=none badfps=3
[02:56:20.000] [aud] fill=4361 prod=48002/s want=48000/s srv=47992 under=0/s short=0.0% tone=0/s skips=0 under_total=31443
[02:57:20.000] up=7:54:06 [run] fps=60 cpu=10670us render=199us blit=1620us aud=1us | ls=J/FS conn=1 sof=28442322 usb=2 rpts=3425208 rfail=0 eperr=0 ints=0 | freezes=0 last=none badfps=3
[02:57:20.000] [aud] fill=4361 prod=48002/s want=48000/s srv=47992 under=0/s short=0.0% tone=0/s skips=0 under_total=31443
[02:58:20.000] up=7:55:06 [run] fps=60 cpu=10679us render=199us blit=1601us aud=0us | ls=J/FS conn=1 sof=28502326 usb=2 rpts=3432439 rfail=0 eperr=0 ints=0 | freezes=0 last=none badfps=3
[02:58:20.000] [aud] fill=4349 prod=48001/s want=48000/s srv=47992 under=0/s short=0.0% tone=0/s skips=0 under_total=31443
[02:59:20.000] up=7:56:06 [run] fps=60 cpu=10681us render=199us blit=1601us aud=0us | ls=J/FS conn=1 sof=28562329 usb=2 rpts=3439665 rfail=0 eperr=0 ints=0 | freezes=0 last=none badfps=3
[02:59:20.000] [aud] fill=4357 prod=48002/s want=48000/s srv=47992 under=0/s short=0.0% tone=0/s skips=0 under_total=31443
[03:00:20.000] up=7:57:06 [run] fps=60 cpu=10683us render=200us blit=1601us aud=0us | ls=J/FS conn=1 sof=28622333 usb=2 rpts=3446892 rfail=0 eperr=0 ints=0 | freezes=0 last=none badfps=3
[03:00:20.000] [aud] fill=4351 prod=48002/s want=48000/s srv=47992 under=0/s short=0.0% tone=0/s skips=0 under_total=31443
[03:01:20.000] up=7:58:06 [run] fps=60 cpu=10561us render=200us blit=1600us aud=0us | ls=J/FS conn=1 sof=28682337 usb=2 rpts=3454119 rfail=0 eperr=0 ints=0 | freezes=0 last=none badfps=3
[03:01:20.000] [aud] fill=4359 prod=48002/s want=48000/s srv=47992 under=0/s short=0.0% tone=0/s skips=0 under_total=31443
[03:02:20.000] up=7:59:06 [run] fps=60 cpu=10638us render=201us blit=1609us aud=1us | ls=J/FS conn=1 sof=28742340 usb=2 rpts=3461352 rfail=0 eperr=0 ints=0 | freezes=0 last=none badfps=3
[03:02:20.000] [aud] fill=4358 prod=48002/s want=48000/s srv=47992 under=0/s short=0.0% tone=0/s skips=0 under_total=31443
[03:03:20.000] up=8:00:06 [run] fps=60 cpu=10643us render=237us blit=1561us aud=1us | ls=J/FS conn=1 sof=28802344 usb=2 rpts=3468581 rfail=0 eperr=0 ints=0 | freezes=0 last=none badfps=3
[03:03:20.000] [aud] fill=4348 prod=48001/s want=48000/s srv=47992 under=0/s short=0.0% tone=0/s skips=0 under_total=31443
[03:04:20.000] up=8:01:06 [run] fps=60 cpu=10651us render=237us blit=1564us aud=0us | ls=J/FS conn=1 sof=28862347 usb=2 rpts=3475815 rfail=0 eperr=0 ints=0 | freezes=0 last=none badfps=3
[03:04:20.000] [aud] fill=4354 prod=48001/s want=48000/s srv=47992 under=0/s short=0.0% tone=0/s skips=0 under_total=31443
[03:05:20.000] up=8:02:06 [run] fps=60 cpu=10644us render=237us blit=1563us aud=1us | ls=J/FS conn=1 sof=28922351 usb=2 rpts=3483036 rfail=0 eperr=0 ints=0 | freezes=0 last=none badfps=3
[03:05:20.000] [aud] fill=4373 prod=48000/s want=48000/s srv=47991 under=0/s short=0.0% tone=0/s skips=0 under_total=31443
[03:06:20.000] up=8:03:06 [run] fps=60 cpu=10673us render=199us blit=1593us aud=1us | ls=J/FS conn=1 sof=28982356 usb=2 rpts=3490267 rfail=0 eperr=0 ints=0 | freezes=0 last=none badfps=3
[03:06:20.000] [aud] fill=4350 prod=48001/s want=48000/s srv=47992 under=0/s short=0.0% tone=0/s skips=0 under_total=31443
[03:07:20.000] up=8:04:06 [run] fps=60 cpu=10651us render=237us blit=1563us aud=0us | ls=J/FS conn=1 sof=29042358 usb=2 rpts=3497495 rfail=0 eperr=0 ints=0 | freezes=0 last=none badfps=3
[03:07:20.000] [aud] fill=4356 prod=48002/s want=48000/s srv=47992 under=0/s short=0.0% tone=0/s skips=0 under_total=31443
[03:08:20.000] up=8:05:06 [run] fps=60 cpu=10680us render=200us blit=1563us aud=1us | ls=J/FS conn=1 sof=29102363 usb=2 rpts=3504728 rfail=0 eperr=0 ints=0 | freezes=0 last=none badfps=3
[03:08:20.000] [aud] fill=4348 prod=48001/s want=48000/s srv=47992 under=0/s short=0.0% tone=0/s skips=0 under_total=31443
[03:09:20.000] up=8:06:06 [run] fps=60 cpu=10653us render=237us blit=1564us aud=0us | ls=J/FS conn=1 sof=29162365 usb=2 rpts=3511949 rfail=0 eperr=0 ints=0 | freezes=0 last=none badfps=3
[03:09:20.000] [aud] fill=4356 prod=48001/s want=48000/s srv=47992 under=0/s short=0.0% tone=0/s skips=0 under_total=31443
[03:10:20.000] up=8:07:06 [run] fps=60 cpu=10677us render=200us blit=1599us aud=0us | ls=J/FS conn=1 sof=29222370 usb=2 rpts=3519174 rfail=0 eperr=0 ints=0 | freezes=0 last=none badfps=3
[03:10:20.000] [aud] fill=4357 prod=48001/s want=48000/s srv=47992 under=0/s short=0.0% tone=0/s skips=0 under_total=31443
[03:11:20.000] up=8:08:06 [run] fps=60 cpu=10683us render=201us blit=1603us aud=0us | ls=J/FS conn=1 sof=29282374 usb=2 rpts=3526400 rfail=0 eperr=0 ints=0 | freezes=0 last=none badfps=3
[03:11:20.000] [aud] fill=4350 prod=48001/s want=48000/s srv=47992 under=0/s short=0.0% tone=0/s skips=0 under_total=31443
[03:12:20.000] up=8:09:06 [run] fps=60 cpu=10687us render=200us blit=1600us aud=1us | ls=J/FS conn=1 sof=29342377 usb=2 rpts=3533620 rfail=0 eperr=0 ints=0 | freezes=0 last=none badfps=3
[03:12:20.000] [aud] fill=4357 prod=48002/s want=48000/s srv=47992 under=0/s short=0.0% tone=0/s skips=0 under_total=31443
[03:13:20.000] up=8:10:06 [run] fps=60 cpu=10689us render=201us blit=1599us aud=1us | ls=J/FS conn=1 sof=29402381 usb=2 rpts=3540842 rfail=0 eperr=0 ints=0 | freezes=0 last=none badfps=3
[03:13:20.000] [aud] fill=4349 prod=48001/s want=48000/s srv=47992 under=0/s short=0.0% tone=0/s skips=0 under_total=31443
[03:14:20.000] up=8:11:06 [run] fps=60 cpu=10685us render=200us blit=1599us aud=0us | ls=J/FS conn=1 sof=29462385 usb=2 rpts=3548064 rfail=0 eperr=0 ints=0 | freezes=0 last=none badfps=3
[03:14:20.000] [aud] fill=4375 prod=48001/s want=48000/s srv=47992 under=0/s short=0.0% tone=0/s skips=0 under_total=31443
[03:15:20.000] up=8:12:06 [run] fps=60 cpu=10677us render=199us blit=1601us aud=0us | ls=J/FS conn=1 sof=29522388 usb=2 rpts=3555289 rfail=0 eperr=0 ints=0 | freezes=0 last=none badfps=3
[03:15:20.000] [aud] fill=4362 prod=48001/s want=48000/s srv=47992 under=0/s short=0.0% tone=0/s skips=0 under_total=31443
[03:16:20.000] up=8:13:06 [run] fps=60 cpu=10683us render=199us blit=1600us aud=0us | ls=J/FS conn=1 sof=29582392 usb=2 rpts=3562513 rfail=0 eperr=0 ints=0 | freezes=0 last=none badfps=3
[03:16:20.000] [aud] fill=4352 prod=48002/s want=48000/s srv=47992 under=0/s short=0.0% tone=0/s skips=0 under_total=31443
[03:17:20.000] up=8:14:06 [run] fps=60 cpu=10686us render=200us blit=1600us aud=1us | ls=J/FS conn=1 sof=29642395 usb=2 rpts=3569737 rfail=0 eperr=0 ints=0 | freezes=0 last=none badfps=3
[03:17:20.000] [aud] fill=4357 prod=48001/s want=48000/s srv=47992 under=0/s short=0.0% tone=0/s skips=0 under_total=31443
[03:18:20.000] up=8:15:06 [run] fps=60 cpu=10688us render=199us blit=1601us aud=1us | ls=J/FS conn=1 sof=29702399 usb=2 rpts=3576958 rfail=0 eperr=0 ints=0 | freezes=0 last=none badfps=3
[03:18:20.000] [aud] fill=4350 prod=48002/s want=48000/s srv=47992 under=0/s short=0.0% tone=0/s skips=0 under_total=31443
[03:19:20.000] up=8:16:06 [run] fps=60 cpu=10670us render=200us blit=1599us aud=0us | ls=J/FS conn=1 sof=29762403 usb=2 rpts=3584192 rfail=0 eperr=0 ints=0 | freezes=0 last=none badfps=3
[03:19:20.000] [aud] fill=4360 prod=48002/s want=48000/s srv=47992 under=0/s short=0.0% tone=0/s skips=0 under_total=31443
[03:20:20.000] up=8:17:06 [run] fps=60 cpu=10673us render=200us blit=1630us aud=1us | ls=J/FS conn=1 sof=29822406 usb=2 rpts=3591419 rfail=0 eperr=0 ints=0 | freezes=0 last=none badfps=3
[03:20:20.000] [aud] fill=4360 prod=48001/s want=48000/s srv=47992 under=0/s short=0.0% tone=0/s skips=0 under_total=31443
[03:21:20.000] up=8:18:06 [run] fps=60 cpu=10683us render=200us blit=1600us aud=0us | ls=J/FS conn=1 sof=29882410 usb=2 rpts=3598643 rfail=0 eperr=0 ints=0 | freezes=0 last=none badfps=3
[03:21:20.000] [aud] fill=4350 prod=48001/s want=48000/s srv=47992 under=0/s short=0.0% tone=0/s skips=0 under_total=31443
[03:22:20.000] up=8:19:06 [run] fps=60 cpu=10681us render=199us blit=1564us aud=1us | ls=J/FS conn=1 sof=29942413 usb=2 rpts=3605869 rfail=0 eperr=0 ints=0 | freezes=0 last=none badfps=3
[03:22:20.000] [aud] fill=4358 prod=48001/s want=48000/s srv=47992 under=0/s short=0.0% tone=0/s skips=0 under_total=31443
[03:23:20.000] up=8:20:06 [run] fps=60 cpu=10686us render=199us blit=1563us aud=1us | ls=J/FS conn=1 sof=30002417 usb=2 rpts=3613099 rfail=0 eperr=0 ints=0 | freezes=0 last=none badfps=3
[03:23:20.000] [aud] fill=4358 prod=48001/s want=48000/s srv=47992 under=0/s short=0.0% tone=0/s skips=0 under_total=31443
[03:24:20.000] up=8:21:06 [run] fps=60 cpu=10671us render=200us blit=1562us aud=0us | ls=J/FS conn=1 sof=30062421 usb=2 rpts=3620329 rfail=0 eperr=0 ints=0 | freezes=0 last=none badfps=3
[03:24:20.000] [aud] fill=4361 prod=48002/s want=48000/s srv=47992 under=0/s short=0.0% tone=0/s skips=0 under_total=31443
[03:25:20.000] up=8:22:06 [run] fps=60 cpu=10679us render=201us blit=1571us aud=1us | ls=J/FS conn=1 sof=30122424 usb=2 rpts=3627559 rfail=0 eperr=0 ints=0 | freezes=0 last=none badfps=3
[03:25:20.000] [aud] fill=4356 prod=48001/s want=48000/s srv=47992 under=0/s short=0.0% tone=0/s skips=0 under_total=31443
[03:26:20.000] up=8:23:06 [run] fps=60 cpu=10679us render=200us blit=1564us aud=0us | ls=J/FS conn=1 sof=30182428 usb=2 rpts=3634785 rfail=0 eperr=0 ints=0 | freezes=0 last=none badfps=3
[03:26:20.000] [aud] fill=4349 prod=48002/s want=48000/s srv=47992 under=0/s short=0.0% tone=0/s skips=0 under_total=31443
[03:27:20.000] up=8:24:06 [run] fps=60 cpu=10692us render=200us blit=1564us aud=1us | ls=J/FS conn=1 sof=30242431 usb=2 rpts=3642016 rfail=0 eperr=0 ints=0 | freezes=0 last=none badfps=3
[03:27:20.000] [aud] fill=4358 prod=48001/s want=48000/s srv=47992 under=0/s short=0.0% tone=0/s skips=0 under_total=31443
[03:28:20.000] up=8:25:06 [run] fps=60 cpu=10673us render=200us blit=1600us aud=1us | ls=J/FS conn=1 sof=30302435 usb=2 rpts=3649234 rfail=0 eperr=0 ints=0 | freezes=0 last=none badfps=3
[03:28:20.000] [aud] fill=4377 prod=48001/s want=48000/s srv=47991 under=0/s short=0.0% tone=0/s skips=0 under_total=31443
[03:29:20.000] up=8:26:06 [run] fps=60 cpu=10671us render=199us blit=1628us aud=0us | ls=J/FS conn=1 sof=30362439 usb=2 rpts=3656466 rfail=0 eperr=0 ints=0 | freezes=0 last=none badfps=3
[03:29:20.000] [aud] fill=4351 prod=48002/s want=48000/s srv=47992 under=0/s short=0.0% tone=0/s skips=0 under_total=31443
[03:30:20.000] up=8:27:06 [run] fps=60 cpu=10679us render=200us blit=1600us aud=0us | ls=J/FS conn=1 sof=30422442 usb=2 rpts=3663699 rfail=0 eperr=0 ints=0 | freezes=0 last=none badfps=3
[03:30:20.000] [aud] fill=4357 prod=48002/s want=48000/s srv=47992 under=0/s short=0.0% tone=0/s skips=0 under_total=31443
[03:31:20.000] up=8:28:06 [run] fps=60 cpu=10679us render=200us blit=1599us aud=1us | ls=J/FS conn=1 sof=30482446 usb=2 rpts=3670928 rfail=0 eperr=0 ints=0 | freezes=0 last=none badfps=3
[03:31:20.000] [aud] fill=4350 prod=48002/s want=48000/s srv=47992 under=0/s short=0.0% tone=0/s skips=0 under_total=31443
[03:32:20.000] up=8:29:06 [run] fps=60 cpu=10680us render=200us blit=1601us aud=1us | ls=J/FS conn=1 sof=30542449 usb=2 rpts=3678156 rfail=0 eperr=0 ints=0 | freezes=0 last=none badfps=3
[03:32:20.000] [aud] fill=4357 prod=48001/s want=48000/s srv=47992 under=0/s short=0.0% tone=0/s skips=0 under_total=31443
[03:33:20.000] up=8:30:06 [run] fps=60 cpu=10668us render=200us blit=1597us aud=0us | ls=J/FS conn=1 sof=30602453 usb=2 rpts=3685386 rfail=0 eperr=0 ints=0 | freezes=0 last=none badfps=3
[03:33:20.000] [aud] fill=4360 prod=48001/s want=48000/s srv=47992 under=0/s short=0.0% tone=0/s skips=0 under_total=31443
[03:34:20.000] up=8:31:06 [run] fps=60 cpu=10675us render=201us blit=1607us aud=0us | ls=J/FS conn=1 sof=30662457 usb=2 rpts=3692610 rfail=0 eperr=0 ints=0 | freezes=0 last=none badfps=3
[03:34:20.000] [aud] fill=4351 prod=48002/s want=48000/s srv=47992 under=0/s short=0.0% tone=0/s skips=0 under_total=31443
[03:35:20.000] up=8:32:06 [run] fps=60 cpu=10681us render=199us blit=1601us aud=1us | ls=J/FS conn=1 sof=30722460 usb=2 rpts=3699839 rfail=0 eperr=0 ints=0 | freezes=0 last=none badfps=3
[03:35:20.000] [aud] fill=4357 prod=48001/s want=48000/s srv=47992 under=0/s short=0.0% tone=0/s skips=0 under_total=31443
[03:36:20.000] up=8:33:06 [run] fps=60 cpu=10643us render=199us blit=1601us aud=1us | ls=J/FS conn=1 sof=30782464 usb=2 rpts=3707063 rfail=0 eperr=0 ints=0 | freezes=0 last=none badfps=3
[03:36:20.000] [aud] fill=4349 prod=48002/s want=48000/s srv=47992 under=0/s short=0.0% tone=0/s skips=0 under_total=31443
[03:37:20.000] up=8:34:06 [run] fps=60 cpu=10636us render=200us blit=1597us aud=1us | ls=J/FS conn=1 sof=30842468 usb=2 rpts=3714296 rfail=0 eperr=0 ints=0 | freezes=0 last=none badfps=3
[03:37:20.000] [aud] fill=4374 prod=48000/s want=48000/s srv=47992 under=0/s short=0.0% tone=0/s skips=0 under_total=31443
[03:38:20.000] up=8:35:06 [run] fps=60 cpu=10635us render=200us blit=1603us aud=0us | ls=J/FS conn=1 sof=30902471 usb=2 rpts=3721524 rfail=0 eperr=0 ints=0 | freezes=0 last=none badfps=3
[03:38:20.000] [aud] fill=4363 prod=48002/s want=48000/s srv=47992 under=0/s short=0.0% tone=0/s skips=0 under_total=31443
[03:39:20.000] up=8:36:06 [run] fps=60 cpu=10643us render=199us blit=1600us aud=1us | ls=J/FS conn=1 sof=30962475 usb=2 rpts=3728756 rfail=0 eperr=0 ints=0 | freezes=0 last=none badfps=3
[03:39:20.000] [aud] fill=4351 prod=48002/s want=48000/s srv=47992 under=0/s short=0.0% tone=0/s skips=0 under_total=31443
[03:40:20.000] up=8:37:06 [run] fps=60 cpu=10644us render=199us blit=1600us aud=1us | ls=J/FS conn=1 sof=31022478 usb=2 rpts=3735982 rfail=0 eperr=0 ints=0 | freezes=0 last=none badfps=3
[03:40:20.000] [aud] fill=4357 prod=48001/s want=48000/s srv=47992 under=0/s short=0.0% tone=0/s skips=0 under_total=31443
[03:41:20.000] up=8:38:06 [run] fps=60 cpu=10645us render=237us blit=1564us aud=0us | ls=J/FS conn=1 sof=31082482 usb=2 rpts=3743204 rfail=0 eperr=0 ints=0 | freezes=0 last=none badfps=3
[03:41:20.000] [aud] fill=4349 prod=48002/s want=48000/s srv=47992 under=0/s short=0.0% tone=0/s skips=0 under_total=31443
[03:42:20.000] up=8:39:06 [run] fps=60 cpu=10672us render=199us blit=1562us aud=0us | ls=J/FS conn=1 sof=31142487 usb=2 rpts=3750438 rfail=0 eperr=0 ints=0 | freezes=0 last=none badfps=3
[03:42:20.000] [aud] fill=4358 prod=48002/s want=48000/s srv=47992 under=0/s short=0.0% tone=0/s skips=0 under_total=31443
[03:43:20.000] up=8:40:06 [run] fps=60 cpu=10634us render=240us blit=1588us aud=1us | ls=J/FS conn=1 sof=31202489 usb=2 rpts=3757661 rfail=0 eperr=0 ints=0 | freezes=0 last=none badfps=3
[03:43:20.000] [aud] fill=4357 prod=48001/s want=48000/s srv=47992 under=0/s short=0.0% tone=0/s skips=0 under_total=31443
[03:44:20.000] up=8:41:06 [run] fps=60 cpu=10683us render=200us blit=1564us aud=0us | ls=J/FS conn=1 sof=31262494 usb=2 rpts=3764892 rfail=0 eperr=0 ints=0 | freezes=0 last=none badfps=3
[03:44:20.000] [aud] fill=4349 prod=48002/s want=48000/s srv=47992 under=0/s short=0.0% tone=0/s skips=0 under_total=31443
[03:45:20.000] up=8:42:06 [run] fps=60 cpu=10679us render=201us blit=1563us aud=1us | ls=J/FS conn=1 sof=31322497 usb=2 rpts=3772120 rfail=0 eperr=0 ints=0 | freezes=0 last=none badfps=3
[03:45:20.000] [aud] fill=4357 prod=48002/s want=48000/s srv=47992 under=0/s short=0.0% tone=0/s skips=0 under_total=31443
[03:46:20.000] up=8:43:06 [run] fps=60 cpu=10677us render=200us blit=1563us aud=1us | ls=J/FS conn=1 sof=31382501 usb=2 rpts=3779351 rfail=0 eperr=0 ints=0 | freezes=0 last=none badfps=3
[03:46:20.000] [aud] fill=4384 prod=48001/s want=48000/s srv=47991 under=0/s short=0.0% tone=0/s skips=0 under_total=31443
[03:47:20.000] up=8:44:06 [run] fps=60 cpu=10672us render=199us blit=1566us aud=1us | ls=J/FS conn=1 sof=31442505 usb=2 rpts=3786578 rfail=0 eperr=0 ints=0 | freezes=0 last=none badfps=3
[03:47:20.000] [aud] fill=4358 prod=48001/s want=48000/s srv=47992 under=0/s short=0.0% tone=0/s skips=0 under_total=31443
[03:48:20.000] up=8:45:06 [run] fps=60 cpu=10641us render=239us blit=1562us aud=1us | ls=J/FS conn=1 sof=31502507 usb=2 rpts=3793801 rfail=0 eperr=0 ints=0 | freezes=0 last=none badfps=3
[03:48:20.000] [aud] fill=4358 prod=48002/s want=48000/s srv=47992 under=0/s short=0.0% tone=0/s skips=0 under_total=31443
[03:49:20.000] up=8:46:06 [run] fps=60 cpu=10644us render=236us blit=1563us aud=1us | ls=J/FS conn=1 sof=31562511 usb=2 rpts=3801023 rfail=0 eperr=0 ints=0 | freezes=0 last=none badfps=3
[03:49:20.000] [aud] fill=4348 prod=48002/s want=48000/s srv=47992 under=0/s short=0.0% tone=0/s skips=0 under_total=31443
[03:50:20.000] up=8:47:06 [run] fps=60 cpu=10643us render=237us blit=1566us aud=0us | ls=J/FS conn=1 sof=31622514 usb=2 rpts=3808254 rfail=0 eperr=0 ints=0 | freezes=0 last=none badfps=3
[03:50:20.000] [aud] fill=4356 prod=48001/s want=48000/s srv=47992 under=0/s short=0.0% tone=0/s skips=0 under_total=31443
[03:51:20.000] up=8:48:06 [run] fps=60 cpu=10635us render=237us blit=1563us aud=1us | ls=J/FS conn=1 sof=31682518 usb=2 rpts=3815472 rfail=0 eperr=0 ints=0 | freezes=0 last=none badfps=3
[03:51:20.000] [aud] fill=4372 prod=48001/s want=48000/s srv=47991 under=0/s short=0.0% tone=0/s skips=0 under_total=31443
[03:52:20.000] up=8:49:06 [run] fps=60 cpu=10668us render=201us blit=1595us aud=1us | ls=J/FS conn=1 sof=31742523 usb=2 rpts=3822706 rfail=0 eperr=0 ints=0 | freezes=0 last=none badfps=3
[03:52:20.000] [aud] fill=4351 prod=48002/s want=48000/s srv=47992 under=0/s short=0.0% tone=0/s skips=0 under_total=31443
[03:53:20.000] up=8:50:06 [run] fps=60 cpu=10679us render=199us blit=1564us aud=1us | ls=J/FS conn=1 sof=31802526 usb=2 rpts=3829940 rfail=0 eperr=0 ints=0 | freezes=0 last=none badfps=3
[03:53:20.000] [aud] fill=4355 prod=48001/s want=48000/s srv=47992 under=0/s short=0.0% tone=0/s skips=0 under_total=31443
[03:54:20.000] up=8:51:06 [run] fps=60 cpu=10681us render=199us blit=1564us aud=1us | ls=J/FS conn=1 sof=31862530 usb=2 rpts=3837167 rfail=0 eperr=0 ints=0 | freezes=0 last=none badfps=3
[03:54:20.000] [aud] fill=4350 prod=48002/s want=48000/s srv=47992 under=0/s short=0.0% tone=0/s skips=0 under_total=31443
[03:55:20.000] up=8:52:06 [run] fps=60 cpu=10679us render=199us blit=1602us aud=0us | ls=J/FS conn=1 sof=31922534 usb=2 rpts=3844392 rfail=0 eperr=0 ints=0 | freezes=0 last=none badfps=3
[03:55:20.000] [aud] fill=4378 prod=48001/s want=48000/s srv=47992 under=0/s short=0.0% tone=0/s skips=0 under_total=31443
[03:56:20.000] up=8:53:06 [run] fps=60 cpu=10671us render=200us blit=1598us aud=1us | ls=J/FS conn=1 sof=31982537 usb=2 rpts=3851612 rfail=0 eperr=0 ints=0 | freezes=0 last=none badfps=3
[03:56:20.000] [aud] fill=4373 prod=48001/s want=48000/s srv=47992 under=0/s short=0.0% tone=0/s skips=0 under_total=31443
[03:57:20.000] up=8:54:06 [run] fps=60 cpu=10680us render=200us blit=1600us aud=1us | ls=J/FS conn=1 sof=32042541 usb=2 rpts=3858841 rfail=0 eperr=0 ints=0 | freezes=0 last=none badfps=3
[03:57:20.000] [aud] fill=4352 prod=48001/s want=48000/s srv=47992 under=0/s short=0.0% tone=0/s skips=0 under_total=31443
[03:58:20.000] up=8:55:06 [run] fps=60 cpu=10680us render=200us blit=1602us aud=0us | ls=J/FS conn=1 sof=32102544 usb=2 rpts=3866071 rfail=0 eperr=0 ints=0 | freezes=0 last=none badfps=3
[03:58:20.000] [aud] fill=4358 prod=48002/s want=48000/s srv=47992 under=0/s short=0.0% tone=0/s skips=0 under_total=31443
[03:59:20.000] up=8:56:06 [run] fps=60 cpu=10680us render=200us blit=1601us aud=0us | ls=J/FS conn=1 sof=32162548 usb=2 rpts=3873303 rfail=0 eperr=0 ints=0 | freezes=0 last=none badfps=3
[03:59:20.000] [aud] fill=4350 prod=48002/s want=48000/s srv=47992 under=0/s short=0.0% tone=0/s skips=0 under_total=31443
[04:00:20.000] up=8:57:06 [run] fps=60 cpu=10672us render=200us blit=1597us aud=1us | ls=J/FS conn=1 sof=32222552 usb=2 rpts=3880535 rfail=0 eperr=0 ints=0 | freezes=0 last=none badfps=3
[04:00:20.000] [aud] fill=4364 prod=48001/s want=48000/s srv=47992 under=0/s short=0.0% tone=0/s skips=0 under_total=31443
[04:01:20.000] up=8:58:06 [run] fps=60 cpu=10671us render=199us blit=1610us aud=0us | ls=J/FS conn=1 sof=32282555 usb=2 rpts=3887768 rfail=0 eperr=0 ints=0 | freezes=0 last=none badfps=3
[04:01:20.000] [aud] fill=4360 prod=48001/s want=48000/s srv=47992 under=0/s short=0.0% tone=0/s skips=0 under_total=31443
[04:02:20.000] up=8:59:06 [run] fps=60 cpu=10646us render=199us blit=1601us aud=1us | ls=J/FS conn=1 sof=32342559 usb=2 rpts=3894998 rfail=0 eperr=0 ints=0 | freezes=0 last=none badfps=3
[04:02:20.000] [aud] fill=4349 prod=48001/s want=48000/s srv=47992 under=0/s short=0.0% tone=0/s skips=0 under_total=31443
[04:03:20.000] up=9:00:06 [run] fps=60 cpu=10680us render=200us blit=1600us aud=1us | ls=J/FS conn=1 sof=32402562 usb=2 rpts=3902217 rfail=0 eperr=0 ints=0 | freezes=0 last=none badfps=3
[04:03:20.000] [aud] fill=4358 prod=48002/s want=48000/s srv=47992 under=0/s short=0.0% tone=0/s skips=0 under_total=31443
[04:04:20.000] up=9:01:06 [run] fps=60 cpu=10688us render=200us blit=1602us aud=1us | ls=J/FS conn=1 sof=32462566 usb=2 rpts=3909435 rfail=0 eperr=0 ints=0 | freezes=0 last=none badfps=3
[04:04:20.000] [aud] fill=4350 prod=48001/s want=48000/s srv=47992 under=0/s short=0.0% tone=0/s skips=0 under_total=31443
[04:05:20.000] up=9:02:06 [run] fps=60 cpu=10675us render=200us blit=1598us aud=1us | ls=J/FS conn=1 sof=32522570 usb=2 rpts=3916651 rfail=0 eperr=0 ints=0 | freezes=0 last=none badfps=3
[04:05:20.000] [aud] fill=4359 prod=48001/s want=48000/s srv=47992 under=0/s short=0.0% tone=0/s skips=0 under_total=31443
[04:06:20.000] up=9:03:06 [run] fps=60 cpu=10679us render=201us blit=1618us aud=0us | ls=J/FS conn=1 sof=32582573 usb=2 rpts=3923875 rfail=0 eperr=0 ints=0 | freezes=0 last=none badfps=3
[04:06:20.000] [aud] fill=4360 prod=48001/s want=48000/s srv=47992 under=0/s short=0.0% tone=0/s skips=0 under_total=31443
[04:07:20.000] up=9:04:06 [run] fps=60 cpu=10684us render=200us blit=1600us aud=0us | ls=J/FS conn=1 sof=32642577 usb=2 rpts=3931100 rfail=0 eperr=0 ints=0 | freezes=0 last=none badfps=3
[04:07:20.000] [aud] fill=4351 prod=48002/s want=48000/s srv=47992 under=0/s short=0.0% tone=0/s skips=0 under_total=31443
[04:08:20.000] up=9:05:06 [run] fps=60 cpu=10685us render=199us blit=1601us aud=1us | ls=J/FS conn=1 sof=32702580 usb=2 rpts=3938327 rfail=0 eperr=0 ints=0 | freezes=0 last=none badfps=3
[04:08:20.000] [aud] fill=4357 prod=48001/s want=48000/s srv=47992 under=0/s short=0.0% tone=0/s skips=0 under_total=31443
[04:09:20.000] up=9:06:06 [run] fps=60 cpu=10682us render=200us blit=1600us aud=1us | ls=J/FS conn=1 sof=32762584 usb=2 rpts=3945554 rfail=0 eperr=0 ints=0 | freezes=0 last=none badfps=3
[04:09:20.000] [aud] fill=4385 prod=48000/s want=48000/s srv=47991 under=0/s short=0.0% tone=0/s skips=0 under_total=31443
[04:10:20.000] up=9:07:06 [run] fps=60 cpu=10637us render=200us blit=1612us aud=1us | ls=J/FS conn=1 sof=32822588 usb=2 rpts=3952784 rfail=0 eperr=0 ints=0 | freezes=0 last=none badfps=3
[04:10:20.000] [aud] fill=4357 prod=48002/s want=48000/s srv=47992 under=0/s short=0.0% tone=0/s skips=0 under_total=31443
[04:11:20.000] up=9:08:06 [run] fps=60 cpu=10688us render=200us blit=1601us aud=0us | ls=J/FS conn=1 sof=32882591 usb=2 rpts=3960007 rfail=0 eperr=0 ints=0 | freezes=0 last=none badfps=3
[04:11:20.000] [aud] fill=4358 prod=48002/s want=48000/s srv=47992 under=0/s short=0.0% tone=0/s skips=0 under_total=31443
[04:12:20.000] up=9:09:06 [run] fps=60 cpu=10649us render=199us blit=1602us aud=1us | ls=J/FS conn=1 sof=32942595 usb=2 rpts=3967237 rfail=0 eperr=0 ints=0 | freezes=0 last=none badfps=3
[04:12:20.000] [aud] fill=4349 prod=48001/s want=48000/s srv=47992 under=0/s short=0.0% tone=0/s skips=0 under_total=31443
[04:13:20.000] up=9:10:06 [run] fps=60 cpu=10648us render=200us blit=1601us aud=1us | ls=J/FS conn=1 sof=33002598 usb=2 rpts=3974464 rfail=0 eperr=0 ints=0 | freezes=0 last=none badfps=3
[04:13:20.000] [aud] fill=4358 prod=48002/s want=48000/s srv=47992 under=0/s short=0.0% tone=0/s skips=0 under_total=31443
[04:14:20.000] up=9:11:06 [run] fps=60 cpu=10643us render=200us blit=1600us aud=1us | ls=J/FS conn=1 sof=33062602 usb=2 rpts=3981697 rfail=0 eperr=0 ints=0 | freezes=0 last=none badfps=3
[04:14:20.000] [aud] fill=4364 prod=48001/s want=48000/s srv=47992 under=0/s short=0.0% tone=0/s skips=0 under_total=31443
[04:15:20.000] up=9:12:06 [run] fps=60 cpu=10640us render=202us blit=1623us aud=1us | ls=J/FS conn=1 sof=33122606 usb=2 rpts=3988923 rfail=0 eperr=0 ints=0 | freezes=0 last=none badfps=3
[04:15:20.000] [aud] fill=4351 prod=48001/s want=48000/s srv=47992 under=0/s short=0.0% tone=0/s skips=0 under_total=31443
[04:16:20.000] up=9:13:06 [run] fps=60 cpu=10689us render=199us blit=1600us aud=0us | ls=J/FS conn=1 sof=33182609 usb=2 rpts=3996145 rfail=0 eperr=0 ints=0 | freezes=0 last=none badfps=3
[04:16:20.000] [aud] fill=4357 prod=48001/s want=48000/s srv=47992 under=0/s short=0.0% tone=0/s skips=0 under_total=31443
[04:17:20.000] up=9:14:06 [run] fps=60 cpu=10649us render=200us blit=1600us aud=1us | ls=J/FS conn=1 sof=33242613 usb=2 rpts=4003378 rfail=0 eperr=0 ints=0 | freezes=0 last=none badfps=3
[04:17:20.000] [aud] fill=4351 prod=48002/s want=48000/s srv=47992 under=0/s short=0.0% tone=0/s skips=0 under_total=31443
[04:18:20.000] up=9:15:06 [run] fps=60 cpu=10646us render=237us blit=1563us aud=1us | ls=J/FS conn=1 sof=33302617 usb=2 rpts=4010607 rfail=0 eperr=0 ints=0 | freezes=0 last=none badfps=3
[04:18:20.000] [aud] fill=4383 prod=48001/s want=48000/s srv=47992 under=0/s short=0.0% tone=0/s skips=0 under_total=31443
[04:19:20.000] up=9:16:06 [run] fps=60 cpu=10636us render=236us blit=1561us aud=1us | ls=J/FS conn=1 sof=33362620 usb=2 rpts=4017840 rfail=0 eperr=0 ints=0 | freezes=0 last=none badfps=3
[04:19:20.000] [aud] fill=4369 prod=48001/s want=48000/s srv=47992 under=0/s short=0.0% tone=0/s skips=0 under_total=31443
[04:20:20.000] up=9:17:06 [run] fps=60 cpu=10675us render=199us blit=1565us aud=0us | ls=J/FS conn=1 sof=33422625 usb=2 rpts=4025067 rfail=0 eperr=0 ints=0 | freezes=0 last=none badfps=3
[04:20:20.000] [aud] fill=4350 prod=48002/s want=48000/s srv=47992 under=0/s short=0.0% tone=0/s skips=0 under_total=31443
[04:21:20.000] up=9:18:06 [run] fps=60 cpu=10682us render=200us blit=1563us aud=1us | ls=J/FS conn=1 sof=33482628 usb=2 rpts=4032299 rfail=0 eperr=0 ints=0 | freezes=0 last=none badfps=3
[04:21:20.000] [aud] fill=4354 prod=48001/s want=48000/s srv=47992 under=0/s short=0.0% tone=0/s skips=0 under_total=31443
[04:22:20.000] up=9:19:06 [run] fps=60 cpu=10688us render=200us blit=1601us aud=0us | ls=J/FS conn=1 sof=33542632 usb=2 rpts=4039528 rfail=0 eperr=0 ints=0 | freezes=0 last=none badfps=3
[04:22:20.000] [aud] fill=4349 prod=48002/s want=48000/s srv=47992 under=0/s short=0.0% tone=0/s skips=0 under_total=31443
[04:23:20.000] up=9:20:06 [run] fps=60 cpu=10672us render=199us blit=1597us aud=1us | ls=J/FS conn=1 sof=33602636 usb=2 rpts=4046751 rfail=0 eperr=0 ints=0 | freezes=0 last=none badfps=3
[04:23:20.000] [aud] fill=4359 prod=48002/s want=48000/s srv=47992 under=0/s short=0.0% tone=0/s skips=0 under_total=31443
[04:24:20.000] up=9:21:06 [run] fps=60 cpu=10669us render=200us blit=1626us aud=1us | ls=J/FS conn=1 sof=33662639 usb=2 rpts=4053973 rfail=0 eperr=0 ints=0 | freezes=0 last=none badfps=3
[04:24:20.000] [aud] fill=4360 prod=48002/s want=48000/s srv=47992 under=0/s short=0.0% tone=0/s skips=0 under_total=31443
[04:25:20.000] up=9:22:06 [run] fps=60 cpu=10676us render=201us blit=1600us aud=1us | ls=J/FS conn=1 sof=33722643 usb=2 rpts=4061204 rfail=0 eperr=0 ints=0 | freezes=0 last=none badfps=3
[04:25:20.000] [aud] fill=4350 prod=48001/s want=48000/s srv=47992 under=0/s short=0.0% tone=0/s skips=0 under_total=31443
[04:26:20.000] up=9:23:06 [run] fps=60 cpu=10679us render=199us blit=1600us aud=1us | ls=J/FS conn=1 sof=33782646 usb=2 rpts=4068419 rfail=0 eperr=0 ints=0 | freezes=0 last=none badfps=3
[04:26:20.000] [aud] fill=4357 prod=48002/s want=48000/s srv=47992 under=0/s short=0.0% tone=0/s skips=0 under_total=31443
[04:27:20.000] up=9:24:06 [run] fps=60 cpu=10683us render=200us blit=1598us aud=1us | ls=J/FS conn=1 sof=33842650 usb=2 rpts=4075647 rfail=0 eperr=0 ints=0 | freezes=0 last=none badfps=3
[04:27:20.000] [aud] fill=4355 prod=48001/s want=48000/s srv=47992 under=0/s short=0.0% tone=0/s skips=0 under_total=31443
[04:28:20.000] up=9:25:06 [run] fps=60 cpu=10637us render=199us blit=1598us aud=1us | ls=J/FS conn=1 sof=33902654 usb=2 rpts=4082882 rfail=0 eperr=0 ints=0 | freezes=0 last=none badfps=3
[04:28:20.000] [aud] fill=4357 prod=48002/s want=48000/s srv=47992 under=0/s short=0.0% tone=0/s skips=0 under_total=31443
[04:29:20.000] up=9:26:06 [run] fps=60 cpu=10677us render=201us blit=1607us aud=1us | ls=J/FS conn=1 sof=33962657 usb=2 rpts=4090113 rfail=0 eperr=0 ints=0 | freezes=0 last=none badfps=3
[04:29:20.000] [aud] fill=4360 prod=48001/s want=48000/s srv=47992 under=0/s short=0.0% tone=0/s skips=0 under_total=31443
[04:30:20.000] up=9:27:06 [run] fps=60 cpu=10679us render=200us blit=1602us aud=0us | ls=J/FS conn=1 sof=34022661 usb=2 rpts=4097339 rfail=0 eperr=0 ints=0 | freezes=0 last=none badfps=3
[04:30:20.000] [aud] fill=4351 prod=47954/s want=48000/s srv=47992 under=0/s short=0.0% tone=0/s skips=0 under_total=31443
[04:31:20.000] up=9:28:06 [run] fps=60 cpu=10681us render=199us blit=1600us aud=1us | ls=J/FS conn=1 sof=34082664 usb=2 rpts=4104563 rfail=0 eperr=0 ints=0 | freezes=0 last=none badfps=3
[04:31:20.000] [aud] fill=4358 prod=48002/s want=48000/s srv=47992 under=0/s short=0.0% tone=0/s skips=0 under_total=31443
[04:32:20.000] up=9:29:06 [run] fps=60 cpu=10671us render=199us blit=1600us aud=0us | ls=J/FS conn=1 sof=34142668 usb=2 rpts=4111793 rfail=0 eperr=0 ints=0 | freezes=0 last=none badfps=3
[04:32:20.000] [aud] fill=4385 prod=48000/s want=48000/s srv=47991 under=0/s short=0.0% tone=0/s skips=0 under_total=31443
[04:33:20.000] up=9:30:06 [run] fps=60 cpu=10671us render=200us blit=1623us aud=1us | ls=J/FS conn=1 sof=34202672 usb=2 rpts=4119028 rfail=0 eperr=0 ints=0 | freezes=0 last=none badfps=3
[04:33:20.000] [aud] fill=4354 prod=48002/s want=48000/s srv=47992 under=0/s short=0.0% tone=0/s skips=0 under_total=31443
[04:34:20.000] up=9:31:06 [run] fps=60 cpu=10679us render=200us blit=1600us aud=0us | ls=J/FS conn=1 sof=34262675 usb=2 rpts=4126256 rfail=0 eperr=0 ints=0 | freezes=0 last=none badfps=3
[04:34:20.000] [aud] fill=4357 prod=48001/s want=48000/s srv=47992 under=0/s short=0.0% tone=0/s skips=0 under_total=31443
[04:35:20.000] up=9:32:06 [run] fps=60 cpu=10688us render=200us blit=1602us aud=1us | ls=J/FS conn=1 sof=34322679 usb=2 rpts=4133486 rfail=0 eperr=0 ints=0 | freezes=0 last=none badfps=3
[04:35:20.000] [aud] fill=4350 prod=47954/s want=48000/s srv=47992 under=0/s short=0.0% tone=0/s skips=0 under_total=31443
[04:36:20.000] up=9:33:06 [run] fps=60 cpu=10682us render=200us blit=1600us aud=1us | ls=J/FS conn=1 sof=34382682 usb=2 rpts=4140718 rfail=0 eperr=0 ints=0 | freezes=0 last=none badfps=3
[04:36:20.000] [aud] fill=4357 prod=48002/s want=48000/s srv=47992 under=0/s short=0.0% tone=0/s skips=0 under_total=31443
[04:37:20.000] up=9:34:06 [run] fps=60 cpu=10673us render=199us blit=1598us aud=1us | ls=J/FS conn=1 sof=34442686 usb=2 rpts=4147949 rfail=0 eperr=0 ints=0 | freezes=0 last=none badfps=3
[04:37:20.000] [aud] fill=4360 prod=48001/s want=48000/s srv=47992 under=0/s short=0.0% tone=0/s skips=0 under_total=31443
[04:38:20.000] up=9:35:06 [run] fps=60 cpu=10674us render=201us blit=1613us aud=1us | ls=J/FS conn=1 sof=34502690 usb=2 rpts=4155179 rfail=0 eperr=0 ints=0 | freezes=0 last=none badfps=3
[04:38:20.000] [aud] fill=4349 prod=48001/s want=48000/s srv=47992 under=0/s short=0.0% tone=0/s skips=0 under_total=31443
[04:39:20.000] up=9:36:06 [run] fps=60 cpu=10682us render=200us blit=1601us aud=1us | ls=J/FS conn=1 sof=34562693 usb=2 rpts=4162407 rfail=0 eperr=0 ints=0 | freezes=0 last=none badfps=3
[04:39:20.000] [aud] fill=4358 prod=48002/s want=48000/s srv=47992 under=0/s short=0.0% tone=0/s skips=0 under_total=31443
[04:40:20.000] up=9:37:06 [run] fps=60 cpu=10679us render=200us blit=1600us aud=1us | ls=J/FS conn=1 sof=34622697 usb=2 rpts=4169637 rfail=0 eperr=0 ints=0 | freezes=0 last=none badfps=3
[04:40:20.000] [aud] fill=4351 prod=48001/s want=48000/s srv=47992 under=0/s short=0.0% tone=0/s skips=0 under_total=31443
[04:41:20.000] up=9:38:06 [run] fps=60 cpu=10677us render=200us blit=1601us aud=0us | ls=J/FS conn=1 sof=34682701 usb=2 rpts=4176866 rfail=0 eperr=0 ints=0 | freezes=0 last=none badfps=3
[04:41:20.000] [aud] fill=4386 prod=48001/s want=48000/s srv=47991 under=0/s short=0.0% tone=0/s skips=0 under_total=31443
[04:42:20.000] up=9:39:06 [run] fps=60 cpu=10669us render=199us blit=1596us aud=1us | ls=J/FS conn=1 sof=34742704 usb=2 rpts=4184092 rfail=0 eperr=0 ints=0 | freezes=0 last=none badfps=3
[04:42:20.000] [aud] fill=4371 prod=48001/s want=48000/s srv=47992 under=0/s short=0.0% tone=0/s skips=0 under_total=31443
[04:43:20.000] up=9:40:06 [run] fps=60 cpu=10677us render=199us blit=1603us aud=0us | ls=J/FS conn=1 sof=34802708 usb=2 rpts=4191315 rfail=0 eperr=0 ints=0 | freezes=0 last=none badfps=3
[04:43:20.000] [aud] fill=4352 prod=48001/s want=48000/s srv=47992 under=0/s short=0.0% tone=0/s skips=0 under_total=31443
[04:44:20.000] up=9:41:06 [run] fps=60 cpu=10676us render=200us blit=1563us aud=1us | ls=J/FS conn=1 sof=34862711 usb=2 rpts=4198536 rfail=0 eperr=0 ints=0 | freezes=0 last=none badfps=3
[04:44:20.000] [aud] fill=4357 prod=48002/s want=48000/s srv=47992 under=0/s short=0.0% tone=0/s skips=0 under_total=31443
[04:45:20.000] up=9:42:06 [run] fps=60 cpu=10679us render=200us blit=1601us aud=1us | ls=J/FS conn=1 sof=34922715 usb=2 rpts=4205759 rfail=0 eperr=0 ints=0 | freezes=0 last=none badfps=3
[04:45:20.000] [aud] fill=4350 prod=48002/s want=48000/s srv=47992 under=0/s short=0.0% tone=0/s skips=0 under_total=31443
[04:46:20.000] up=9:43:06 [run] fps=60 cpu=10675us render=199us blit=1598us aud=1us | ls=J/FS conn=1 sof=34982719 usb=2 rpts=4212984 rfail=0 eperr=0 ints=0 | freezes=0 last=none badfps=3
[04:46:20.000] [aud] fill=4361 prod=48001/s want=48000/s srv=47992 under=0/s short=0.0% tone=0/s skips=0 under_total=31443
[04:47:20.000] up=9:44:06 [run] fps=60 cpu=10672us render=200us blit=1620us aud=1us | ls=J/FS conn=1 sof=35042722 usb=2 rpts=4220205 rfail=0 eperr=0 ints=0 | freezes=0 last=none badfps=3
[04:47:20.000] [aud] fill=4360 prod=48002/s want=48000/s srv=47992 under=0/s short=0.0% tone=0/s skips=0 under_total=31443
[04:48:20.000] up=9:45:06 [run] fps=60 cpu=10690us render=200us blit=1601us aud=1us | ls=J/FS conn=1 sof=35102726 usb=2 rpts=4227431 rfail=0 eperr=0 ints=0 | freezes=0 last=none badfps=3
[04:48:20.000] [aud] fill=4350 prod=48002/s want=48000/s srv=47992 under=0/s short=0.0% tone=0/s skips=0 under_total=31443
[04:49:20.000] up=9:46:06 [run] fps=60 cpu=10681us render=199us blit=1601us aud=0us | ls=J/FS conn=1 sof=35162729 usb=2 rpts=4234662 rfail=0 eperr=0 ints=0 | freezes=0 last=none badfps=3
[04:49:20.000] [aud] fill=4358 prod=48001/s want=48000/s srv=47992 under=0/s short=0.0% tone=0/s skips=0 under_total=31443
[04:50:20.000] up=9:47:06 [run] fps=60 cpu=10682us render=200us blit=1601us aud=1us | ls=J/FS conn=1 sof=35222733 usb=2 rpts=4241893 rfail=0 eperr=0 ints=0 | freezes=0 last=none badfps=3
[04:50:20.000] [aud] fill=4350 prod=48001/s want=48000/s srv=47992 under=0/s short=0.0% tone=0/s skips=0 under_total=31443
[04:51:20.000] up=9:48:06 [run] fps=60 cpu=10671us render=200us blit=1599us aud=0us | ls=J/FS conn=1 sof=35282737 usb=2 rpts=4249117 rfail=0 eperr=0 ints=0 | freezes=0 last=none badfps=3
[04:51:20.000] [aud] fill=4360 prod=48002/s want=48000/s srv=47992 under=0/s short=0.0% tone=0/s skips=0 under_total=31443
[04:52:20.000] up=9:49:06 [run] fps=60 cpu=10671us render=201us blit=1611us aud=1us | ls=J/FS conn=1 sof=35342740 usb=2 rpts=4256338 rfail=0 eperr=0 ints=0 | freezes=0 last=none badfps=3
[04:52:20.000] [aud] fill=4358 prod=48002/s want=48000/s srv=47992 under=0/s short=0.0% tone=0/s skips=0 under_total=31443
[04:53:20.000] up=9:50:06 [run] fps=60 cpu=10681us render=200us blit=1602us aud=0us | ls=J/FS conn=1 sof=35402744 usb=2 rpts=4263559 rfail=0 eperr=0 ints=0 | freezes=0 last=none badfps=3
[04:53:20.000] [aud] fill=4350 prod=48002/s want=48000/s srv=47992 under=0/s short=0.0% tone=0/s skips=0 under_total=31443
[04:54:20.000] up=9:51:06 [run] fps=60 cpu=10679us render=199us blit=1602us aud=0us | ls=J/FS conn=1 sof=35462747 usb=2 rpts=4270793 rfail=0 eperr=0 ints=0 | freezes=0 last=none badfps=3
[04:54:20.000] [aud] fill=4359 prod=48002/s want=48000/s srv=47992 under=0/s short=0.0% tone=0/s skips=0 under_total=31443
[04:55:20.000] up=9:52:06 [run] fps=60 cpu=10634us render=237us blit=1562us aud=0us | ls=J/FS conn=1 sof=35522751 usb=2 rpts=4278016 rfail=0 eperr=0 ints=0 | freezes=0 last=none badfps=3
[04:55:20.000] [aud] fill=4373 prod=48000/s want=48000/s srv=47991 under=0/s short=0.0% tone=0/s skips=0 under_total=31443
[04:56:20.000] up=9:53:06 [run] fps=60 cpu=10631us render=237us blit=1586us aud=1us | ls=J/FS conn=1 sof=35582755 usb=2 rpts=4285238 rfail=0 eperr=0 ints=0 | freezes=0 last=none badfps=3
[04:56:20.000] [aud] fill=4351 prod=48002/s want=48000/s srv=47992 under=0/s short=0.0% tone=0/s skips=0 under_total=31443
[04:57:20.000] up=9:54:06 [run] fps=60 cpu=10641us render=238us blit=1565us aud=1us | ls=J/FS conn=1 sof=35642758 usb=2 rpts=4292469 rfail=0 eperr=0 ints=0 | freezes=0 last=none badfps=3
[04:57:20.000] [aud] fill=4355 prod=48002/s want=48000/s srv=47992 under=0/s short=0.0% tone=0/s skips=0 under_total=31443
[04:58:20.000] up=9:55:06 [run] fps=60 cpu=10679us render=199us blit=1562us aud=1us | ls=J/FS conn=1 sof=35702763 usb=2 rpts=4299702 rfail=0 eperr=0 ints=0 | freezes=0 last=none badfps=3
[04:58:20.000] [aud] fill=4348 prod=48001/s want=48000/s srv=47992 under=0/s short=0.0% tone=0/s skips=0 under_total=31443
[04:59:20.000] up=9:56:06 [run] fps=60 cpu=10681us render=200us blit=1564us aud=1us | ls=J/FS conn=1 sof=35762767 usb=2 rpts=4306936 rfail=0 eperr=0 ints=0 | freezes=0 last=none badfps=3
[04:59:20.000] [aud] fill=4356 prod=48002/s want=48000/s srv=47992 under=0/s short=0.0% tone=0/s skips=0 under_total=31443
[05:00:20.000] up=9:57:06 [run] fps=60 cpu=10635us render=236us blit=1561us aud=1us | ls=J/FS conn=1 sof=35822769 usb=2 rpts=4314157 rfail=0 eperr=0 ints=0 | freezes=0 last=none badfps=3
[05:00:20.000] [aud] fill=4372 prod=48001/s want=48000/s srv=47991 under=0/s short=0.0% tone=0/s skips=0 under_total=31443
[05:01:20.000] up=9:58:06 [run] fps=60 cpu=10683us render=201us blit=1572us aud=1us | ls=J/FS conn=1 sof=35882774 usb=2 rpts=4321389 rfail=0 eperr=0 ints=0 | freezes=0 last=none badfps=3
[05:01:20.000] [aud] fill=4351 prod=48001/s want=48000/s srv=47992 under=0/s short=0.0% tone=0/s skips=0 under_total=31443
[05:02:20.000] up=9:59:06 [run] fps=60 cpu=10637us render=237us blit=1564us aud=0us | ls=J/FS conn=1 sof=35942776 usb=2 rpts=4328616 rfail=0 eperr=0 ints=0 | freezes=0 last=none badfps=3
[05:02:20.000] [aud] fill=4356 prod=48001/s want=48000/s srv=47992 under=0/s short=0.0% tone=0/s skips=0 under_total=31443
[05:03:20.000] up=10:00:06 [run] fps=60 cpu=10677us render=200us blit=1564us aud=1us | ls=J/FS conn=1 sof=36002781 usb=2 rpts=4335842 rfail=0 eperr=0 ints=0 | freezes=0 last=none badfps=3
[05:03:20.000] [aud] fill=4350 prod=48001/s want=48000/s srv=47992 under=0/s short=0.0% tone=0/s skips=0 under_total=31443
[05:04:20.000] up=10:01:06 [run] fps=60 cpu=10675us render=200us blit=1563us aud=1us | ls=J/FS conn=1 sof=36062785 usb=2 rpts=4343067 rfail=0 eperr=0 ints=0 | freezes=0 last=none badfps=3
[05:04:20.000] [aud] fill=4384 prod=48000/s want=48000/s srv=47991 under=0/s short=0.0% tone=0/s skips=0 under_total=31443
[05:05:20.000] up=10:02:07 [run] fps=60 cpu=10641us render=237us blit=1562us aud=0us | ls=J/FS conn=1 sof=36122787 usb=2 rpts=4350288 rfail=0 eperr=0 ints=0 | freezes=0 last=none badfps=3
[05:05:20.000] [aud] fill=4363 prod=48002/s want=48000/s srv=47992 under=0/s short=0.0% tone=0/s skips=0 under_total=31443
[05:06:20.000] up=10:03:07 [run] fps=60 cpu=10646us render=236us blit=1563us aud=0us | ls=J/FS conn=1 sof=36182791 usb=2 rpts=4357513 rfail=0 eperr=0 ints=0 | freezes=0 last=none badfps=3
[05:06:20.000] [aud] fill=4349 prod=48001/s want=48000/s srv=47992 under=0/s short=0.0% tone=0/s skips=0 under_total=31443
[05:07:20.000] up=10:04:07 [run] fps=60 cpu=10653us render=237us blit=1563us aud=1us | ls=J/FS conn=1 sof=36242794 usb=2 rpts=4364743 rfail=0 eperr=0 ints=0 | freezes=0 last=none badfps=3
[05:07:20.000] [aud] fill=4359 prod=48001/s want=48000/s srv=47992 under=0/s short=0.0% tone=0/s skips=0 under_total=31443
[05:08:20.000] up=10:05:07 [run] fps=60 cpu=10646us render=237us blit=1563us aud=0us | ls=J/FS conn=1 sof=36302798 usb=2 rpts=4371967 rfail=0 eperr=0 ints=0 | freezes=0 last=none badfps=3
[05:08:20.000] [aud] fill=4349 prod=48001/s want=48000/s srv=47992 under=0/s short=0.0% tone=0/s skips=0 under_total=31443
[05:09:20.000] up=10:06:07 [run] fps=60 cpu=10641us render=236us blit=1562us aud=1us | ls=J/FS conn=1 sof=36362802 usb=2 rpts=4379185 rfail=0 eperr=0 ints=0 | freezes=0 last=none badfps=3
[05:09:20.000] [aud] fill=4359 prod=48001/s want=48000/s srv=47992 under=0/s short=0.0% tone=0/s skips=0 under_total=31443
[05:10:20.000] up=10:07:07 [run] fps=60 cpu=10636us render=237us blit=1588us aud=1us | ls=J/FS conn=1 sof=36422805 usb=2 rpts=4386421 rfail=0 eperr=0 ints=0 | freezes=0 last=none badfps=3
[05:10:20.000] [aud] fill=4357 prod=48001/s want=48000/s srv=47992 under=0/s short=0.0% tone=0/s skips=0 under_total=31443
[05:11:20.000] up=10:08:07 [run] fps=60 cpu=10685us render=200us blit=1562us aud=1us | ls=J/FS conn=1 sof=36482810 usb=2 rpts=4393652 rfail=0 eperr=0 ints=0 | freezes=0 last=none badfps=3
[05:11:20.000] [aud] fill=4348 prod=48002/s want=48000/s srv=47992 under=0/s short=0.0% tone=0/s skips=0 under_total=31443
[05:12:20.000] up=10:09:07 [run] fps=60 cpu=10643us render=236us blit=1565us aud=1us | ls=J/FS conn=1 sof=36542812 usb=2 rpts=4400884 rfail=0 eperr=0 ints=0 | freezes=0 last=none badfps=3
[05:12:20.000] [aud] fill=4355 prod=48001/s want=48000/s srv=47992 under=0/s short=0.0% tone=0/s skips=0 under_total=31443
[05:13:20.000] up=10:10:07 [run] fps=60 cpu=10688us render=200us blit=1563us aud=0us | ls=J/FS conn=1 sof=36602817 usb=2 rpts=4408117 rfail=0 eperr=0 ints=0 | freezes=0 last=none badfps=3
[05:13:20.000] [aud] fill=4361 prod=48001/s want=48000/s srv=47992 under=0/s short=0.0% tone=0/s skips=0 under_total=31443
[05:14:20.000] up=10:11:07 [run] fps=60 cpu=10680us render=200us blit=1598us aud=1us | ls=J/FS conn=1 sof=36662821 usb=2 rpts=4415336 rfail=0 eperr=0 ints=0 | freezes=0 last=none badfps=3
[05:14:20.000] [aud] fill=4358 prod=48001/s want=48000/s srv=47992 under=0/s short=0.0% tone=0/s skips=0 under_total=31443
[05:15:20.000] up=10:12:07 [run] fps=60 cpu=10683us render=202us blit=1602us aud=1us | ls=J/FS conn=1 sof=36722824 usb=2 rpts=4422556 rfail=0 eperr=0 ints=0 | freezes=0 last=none badfps=3
[05:15:20.000] [aud] fill=4358 prod=48001/s want=48000/s srv=47992 under=0/s short=0.0% tone=0/s skips=0 under_total=31443
[05:16:20.000] up=10:13:07 [run] fps=60 cpu=10684us render=199us blit=1601us aud=0us | ls=J/FS conn=1 sof=36782828 usb=2 rpts=4429789 rfail=0 eperr=0 ints=0 | freezes=0 last=none badfps=3
[05:16:20.000] [aud] fill=4349 prod=48001/s want=48000/s srv=47992 under=0/s short=0.0% tone=0/s skips=0 under_total=31443
[05:17:20.000] up=10:14:07 [run] fps=60 cpu=10689us render=199us blit=1601us aud=1us | ls=J/FS conn=1 sof=36842832 usb=2 rpts=4437025 rfail=0 eperr=0 ints=0 | freezes=0 last=none badfps=3
[05:17:20.000] [aud] fill=4349 prod=48002/s want=48000/s srv=47992 under=0/s short=0.0% tone=0/s skips=0 under_total=31443
[05:18:20.000] up=10:15:07 [run] fps=60 cpu=10674us render=200us blit=1600us aud=0us | ls=J/FS conn=1 sof=36902835 usb=2 rpts=4444259 rfail=0 eperr=0 ints=0 | freezes=0 last=none badfps=3
[05:18:20.000] [aud] fill=4379 prod=48000/s want=48000/s srv=47991 under=0/s short=0.0% tone=0/s skips=0 under_total=31443
[05:19:20.000] up=10:16:07 [run] fps=60 cpu=10675us render=200us blit=1629us aud=1us | ls=J/FS conn=1 sof=36962839 usb=2 rpts=4451481 rfail=0 eperr=0 ints=0 | freezes=0 last=none badfps=3
[05:19:20.000] [aud] fill=4352 prod=48001/s want=48000/s srv=47992 under=0/s short=0.0% tone=0/s skips=0 under_total=31443
[05:20:20.000] up=10:17:07 [run] fps=60 cpu=10679us render=200us blit=1601us aud=1us | ls=J/FS conn=1 sof=37022842 usb=2 rpts=4458700 rfail=0 eperr=0 ints=0 | freezes=0 last=none badfps=3
[05:20:20.000] [aud] fill=4358 prod=48001/s want=48000/s srv=47992 under=0/s short=0.0% tone=0/s skips=0 under_total=31443
[05:21:20.000] up=10:18:07 [run] fps=60 cpu=10680us render=200us blit=1599us aud=1us | ls=J/FS conn=1 sof=37082846 usb=2 rpts=4465921 rfail=0 eperr=0 ints=0 | freezes=0 last=none badfps=3
[05:21:20.000] [aud] fill=4347 prod=48001/s want=48000/s srv=47992 under=0/s short=0.0% tone=0/s skips=0 under_total=31443
[05:22:20.000] up=10:19:07 [run] fps=60 cpu=10679us render=200us blit=1601us aud=0us | ls=J/FS conn=1 sof=37142850 usb=2 rpts=4473144 rfail=0 eperr=0 ints=0 | freezes=0 last=none badfps=3
[05:22:20.000] [aud] fill=4364 prod=48002/s want=48000/s srv=47992 under=0/s short=0.0% tone=0/s skips=0 under_total=31443
[05:23:20.000] up=10:20:07 [run] fps=60 cpu=10672us render=200us blit=1598us aud=1us | ls=J/FS conn=1 sof=37202853 usb=2 rpts=4480378 rfail=0 eperr=0 ints=0 | freezes=0 last=none badfps=3
[05:23:20.000] [aud] fill=4375 prod=48001/s want=48000/s srv=47991 under=0/s short=0.0% tone=0/s skips=0 under_total=31443
[05:24:20.000] up=10:21:07 [run] fps=60 cpu=10676us render=200us blit=1605us aud=1us | ls=J/FS conn=1 sof=37262857 usb=2 rpts=4487600 rfail=0 eperr=0 ints=0 | freezes=0 last=none badfps=3
[05:24:20.000] [aud] fill=4353 prod=48001/s want=48000/s srv=47992 under=0/s short=0.0% tone=0/s skips=0 under_total=31443
[05:25:20.000] up=10:22:07 [run] fps=60 cpu=10678us render=200us blit=1601us aud=0us | ls=J/FS conn=1 sof=37322860 usb=2 rpts=4494827 rfail=0 eperr=0 ints=0 | freezes=0 last=none badfps=3
[05:25:20.000] [aud] fill=4358 prod=47953/s want=48000/s srv=47992 under=0/s short=0.0% tone=0/s skips=0 under_total=31443
[05:26:20.000] up=10:23:07 [run] fps=60 cpu=10676us render=200us blit=1601us aud=1us | ls=J/FS conn=1 sof=37382864 usb=2 rpts=4502047 rfail=0 eperr=0 ints=0 | freezes=0 last=none badfps=3
[05:26:20.000] [aud] fill=4350 prod=48001/s want=48000/s srv=47992 under=0/s short=0.0% tone=0/s skips=0 under_total=31443
[05:27:20.000] up=10:24:07 [run] fps=60 cpu=10672us render=200us blit=1599us aud=0us | ls=J/FS conn=1 sof=37442868 usb=2 rpts=4509268 rfail=0 eperr=0 ints=0 | freezes=0 last=none badfps=3
[05:27:20.000] [aud] fill=4375 prod=48000/s want=48000/s srv=47991 under=0/s short=0.0% tone=0/s skips=0 under_total=31443
[05:28:20.000] up=10:25:07 [run] fps=60 cpu=10668us render=200us blit=1601us aud=1us | ls=J/FS conn=1 sof=37502871 usb=2 rpts=4516490 rfail=0 eperr=0 ints=0 | freezes=0 last=none badfps=3
[05:28:20.000] [aud] fill=4363 prod=48002/s want=48000/s srv=47992 under=0/s short=0.0% tone=0/s skips=0 under_total=31443
[05:29:20.000] up=10:26:07 [run] fps=60 cpu=10680us render=200us blit=1602us aud=1us | ls=J/FS conn=1 sof=37562875 usb=2 rpts=4523713 rfail=0 eperr=0 ints=0 | freezes=0 last=none badfps=3
[05:29:20.000] [aud] fill=4350 prod=48001/s want=48000/s srv=47992 under=0/s short=0.0% tone=0/s skips=0 under_total=31443
[05:30:20.000] up=10:27:07 [run] fps=60 cpu=10677us render=200us blit=1600us aud=0us | ls=J/FS conn=1 sof=37622878 usb=2 rpts=4530939 rfail=0 eperr=0 ints=0 | freezes=0 last=none badfps=3
[05:30:20.000] [aud] fill=4357 prod=48002/s want=48000/s srv=47992 under=0/s short=0.0% tone=0/s skips=0 under_total=31443
[05:31:20.000] up=10:28:07 [run] fps=60 cpu=10685us render=200us blit=1599us aud=1us | ls=J/FS conn=1 sof=37682882 usb=2 rpts=4538165 rfail=0 eperr=0 ints=0 | freezes=0 last=none badfps=3
[05:31:20.000] [aud] fill=4348 prod=48001/s want=48000/s srv=47992 under=0/s short=0.0% tone=0/s skips=0 under_total=31443
[05:32:20.000] up=10:29:07 [run] fps=60 cpu=10671us render=199us blit=1596us aud=1us | ls=J/FS conn=1 sof=37742886 usb=2 rpts=4545389 rfail=0 eperr=0 ints=0 | freezes=0 last=none badfps=3
[05:32:20.000] [aud] fill=4360 prod=48001/s want=48000/s srv=47992 under=0/s short=0.0% tone=0/s skips=0 under_total=31443
[05:33:20.000] up=10:30:07 [run] fps=60 cpu=10671us render=200us blit=1630us aud=1us | ls=J/FS conn=1 sof=37802889 usb=2 rpts=4552618 rfail=0 eperr=0 ints=0 | freezes=0 last=none badfps=3
[05:33:20.000] [aud] fill=4359 prod=48001/s want=48000/s srv=47992 under=0/s short=0.0% tone=0/s skips=0 under_total=31443
[05:34:20.000] up=10:31:07 [run] fps=60 cpu=10679us render=200us blit=1601us aud=0us | ls=J/FS conn=1 sof=37862893 usb=2 rpts=4559836 rfail=0 eperr=0 ints=0 | freezes=0 last=none badfps=3
[05:34:20.000] [aud] fill=4349 prod=48001/s want=48000/s srv=47992 under=0/s short=0.0% tone=0/s skips=0 under_total=31443
[05:35:20.000] up=10:32:07 [run] fps=60 cpu=10680us render=200us blit=1600us aud=1us | ls=J/FS conn=1 sof=37922897 usb=2 rpts=4567057 rfail=0 eperr=0 ints=0 | freezes=0 last=none badfps=3
[05:35:20.000] [aud] fill=4350 prod=48001/s want=48000/s srv=47992 under=0/s short=0.0% tone=0/s skips=0 under_total=31443
[05:36:20.000] up=10:33:07 [run] fps=60 cpu=10679us render=199us blit=1599us aud=1us | ls=J/FS conn=1 sof=37982900 usb=2 rpts=4574282 rfail=0 eperr=0 ints=0 | freezes=0 last=none badfps=3
[05:36:20.000] [aud] fill=4371 prod=48002/s want=48000/s srv=47992 under=0/s short=0.0% tone=0/s skips=0 under_total=31443
[05:37:20.000] up=10:34:07 [run] fps=60 cpu=10672us render=200us blit=1597us aud=1us | ls=J/FS conn=1 sof=38042904 usb=2 rpts=4581498 rfail=0 eperr=0 ints=0 | freezes=0 last=none badfps=3
[05:37:20.000] [aud] fill=4361 prod=48001/s want=48000/s srv=47992 under=0/s short=0.0% tone=0/s skips=0 under_total=31443
[05:38:20.000] up=10:35:07 [run] fps=60 cpu=10674us render=202us blit=1604us aud=0us | ls=J/FS conn=1 sof=38102907 usb=2 rpts=4588719 rfail=0 eperr=0 ints=0 | freezes=0 last=none badfps=3
[05:38:20.000] [aud] fill=4358 prod=48001/s want=48000/s srv=47992 under=0/s short=0.0% tone=0/s skips=0 under_total=31443
[05:39:20.000] up=10:36:07 [run] fps=60 cpu=10642us render=237us blit=1562us aud=1us | ls=J/FS conn=1 sof=38162911 usb=2 rpts=4595955 rfail=0 eperr=0 ints=0 | freezes=0 last=none badfps=3
[05:39:20.000] [aud] fill=4348 prod=48001/s want=48000/s srv=47992 under=0/s short=0.0% tone=0/s skips=0 under_total=31443
[05:40:20.000] up=10:37:07 [run] fps=60 cpu=10642us render=238us blit=1562us aud=1us | ls=J/FS conn=1 sof=38222915 usb=2 rpts=4603178 rfail=0 eperr=0 ints=0 | freezes=0 last=none badfps=3
[05:40:20.000] [aud] fill=4347 prod=48001/s want=48000/s srv=47992 under=0/s short=0.0% tone=0/s skips=0 under_total=31443
[05:41:20.000] up=10:38:07 [run] fps=60 cpu=10638us render=236us blit=1562us aud=0us | ls=J/FS conn=1 sof=38282918 usb=2 rpts=4610405 rfail=0 eperr=0 ints=0 | freezes=0 last=none badfps=3
[05:41:20.000] [aud] fill=4373 prod=48001/s want=48000/s srv=47991 under=0/s short=0.0% tone=0/s skips=0 under_total=31443
[05:42:20.000] up=10:39:07 [run] fps=60 cpu=10669us render=199us blit=1594us aud=1us | ls=J/FS conn=1 sof=38342923 usb=2 rpts=4617630 rfail=0 eperr=0 ints=0 | freezes=0 last=none badfps=3
[05:42:20.000] [aud] fill=4350 prod=48001/s want=48000/s srv=47992 under=0/s short=0.0% tone=0/s skips=0 under_total=31443
[05:43:20.000] up=10:40:07 [run] fps=60 cpu=10640us render=237us blit=1563us aud=1us | ls=J/FS conn=1 sof=38402925 usb=2 rpts=4624858 rfail=0 eperr=0 ints=0 | freezes=0 last=none badfps=3
[05:43:20.000] [aud] fill=4355 prod=48002/s want=48000/s srv=47992 under=0/s short=0.0% tone=0/s skips=0 under_total=31443
[05:44:20.000] up=10:41:07 [run] fps=60 cpu=10679us render=200us blit=1565us aud=0us | ls=J/FS conn=1 sof=38462930 usb=2 rpts=4632090 rfail=0 eperr=0 ints=0 | freezes=0 last=none badfps=3
[05:44:20.000] [aud] fill=4349 prod=48001/s want=48000/s srv=47992 under=0/s short=0.0% tone=0/s skips=0 under_total=31443
[05:45:20.000] up=10:42:07 [run] fps=60 cpu=10678us render=200us blit=1562us aud=1us | ls=J/FS conn=1 sof=38522934 usb=2 rpts=4639315 rfail=0 eperr=0 ints=0 | freezes=0 last=none badfps=3
[05:45:20.000] [aud] fill=4374 prod=48001/s want=48000/s srv=47992 under=0/s short=0.0% tone=0/s skips=0 under_total=31443
[05:46:20.000] up=10:43:07 [run] fps=60 cpu=10632us render=236us blit=1561us aud=0us | ls=J/FS conn=1 sof=38582936 usb=2 rpts=4646537 rfail=0 eperr=0 ints=0 | freezes=0 last=none badfps=3
[05:46:20.000] [aud] fill=4372 prod=48001/s want=48000/s srv=47991 under=0/s short=0.0% tone=0/s skips=0 under_total=31443
[05:47:20.000] up=10:44:07 [run] fps=60 cpu=10679us render=199us blit=1601us aud=0us | ls=J/FS conn=1 sof=38642941 usb=2 rpts=4653764 rfail=0 eperr=0 ints=0 | freezes=0 last=none badfps=3
[05:47:20.000] [aud] fill=4349 prod=48001/s want=48000/s srv=47992 under=0/s short=0.0% tone=0/s skips=0 under_total=31443
[05:48:20.000] up=10:45:07 [run] fps=60 cpu=10680us render=200us blit=1564us aud=1us | ls=J/FS conn=1 sof=38702944 usb=2 rpts=4661000 rfail=0 eperr=0 ints=0 | freezes=0 last=none badfps=3
[05:48:20.000] [aud] fill=4359 prod=48001/s want=48000/s srv=47992 under=0/s short=0.0% tone=0/s skips=0 under_total=31443
[05:49:20.000] up=10:46:07 [run] fps=60 cpu=10681us render=200us blit=1565us aud=0us | ls=J/FS conn=1 sof=38762948 usb=2 rpts=4668229 rfail=0 eperr=0 ints=0 | freezes=0 last=none badfps=3
[05:49:20.000] [aud] fill=4351 prod=48002/s want=48000/s srv=47992 under=0/s short=0.0% tone=0/s skips=0 under_total=31443
[05:50:20.000] up=10:47:07 [run] fps=60 cpu=10670us render=200us blit=1563us aud=0us | ls=J/FS conn=1 sof=38822952 usb=2 rpts=4675451 rfail=0 eperr=0 ints=0 | freezes=0 last=none badfps=3
[05:50:20.000] [aud] fill=4374 prod=48001/s want=48000/s srv=47992 under=0/s short=0.0% tone=0/s skips=0 under_total=31443
[05:51:20.000] up=10:48:07 [run] fps=60 cpu=10670us render=200us blit=1566us aud=1us | ls=J/FS conn=1 sof=38882955 usb=2 rpts=4682684 rfail=0 eperr=0 ints=0 | freezes=0 last=none badfps=3
[05:51:20.000] [aud] fill=4362 prod=48002/s want=48000/s srv=47992 under=0/s short=0.0% tone=0/s skips=0 under_total=31443
[05:52:20.000] up=10:49:07 [run] fps=60 cpu=10675us render=200us blit=1562us aud=1us | ls=J/FS conn=1 sof=38942959 usb=2 rpts=4689914 rfail=0 eperr=0 ints=0 | freezes=0 last=none badfps=3
[05:52:20.000] [aud] fill=4350 prod=48002/s want=48000/s srv=47992 under=0/s short=0.0% tone=0/s skips=0 under_total=31443
[05:53:20.000] up=10:50:07 [run] fps=60 cpu=10678us render=199us blit=1601us aud=0us | ls=J/FS conn=1 sof=39002963 usb=2 rpts=4697134 rfail=0 eperr=0 ints=0 | freezes=0 last=none badfps=3
[05:53:20.000] [aud] fill=4350 prod=48002/s want=48000/s srv=47992 under=0/s short=0.0% tone=0/s skips=0 under_total=31443
[05:54:20.000] up=10:51:07 [run] fps=60 cpu=10678us render=199us blit=1563us aud=1us | ls=J/FS conn=1 sof=39062966 usb=2 rpts=4704359 rfail=0 eperr=0 ints=0 | freezes=0 last=none badfps=3
[05:54:20.000] [aud] fill=4358 prod=48002/s want=48000/s srv=47992 under=0/s short=0.0% tone=0/s skips=0 under_total=31443
[05:55:20.000] up=10:52:07 [run] fps=60 cpu=10667us render=200us blit=1599us aud=0us | ls=J/FS conn=1 sof=39122970 usb=2 rpts=4711583 rfail=0 eperr=0 ints=0 | freezes=0 last=none badfps=3
[05:55:20.000] [aud] fill=4361 prod=48002/s want=48000/s srv=47992 under=0/s short=0.0% tone=0/s skips=0 under_total=31443
[05:56:20.000] up=10:53:07 [run] fps=60 cpu=10671us render=201us blit=1626us aud=1us | ls=J/FS conn=1 sof=39182973 usb=2 rpts=4718803 rfail=0 eperr=0 ints=0 | freezes=0 last=none badfps=3
[05:56:20.000] [aud] fill=4358 prod=48001/s want=48000/s srv=47992 under=0/s short=0.0% tone=0/s skips=0 under_total=31443
[05:57:20.000] up=10:54:07 [run] fps=60 cpu=10682us render=200us blit=1602us aud=0us | ls=J/FS conn=1 sof=39242977 usb=2 rpts=4726031 rfail=0 eperr=0 ints=0 | freezes=0 last=none badfps=3
[05:57:20.000] [aud] fill=4349 prod=48001/s want=48000/s srv=47992 under=0/s short=0.0% tone=0/s skips=0 under_total=31443
[05:58:20.000] up=10:55:07 [run] fps=60 cpu=10677us render=200us blit=1601us aud=1us | ls=J/FS conn=1 sof=39302981 usb=2 rpts=4733249 rfail=0 eperr=0 ints=0 | freezes=0 last=none badfps=3
[05:58:20.000] [aud] fill=4350 prod=48001/s want=48000/s srv=47992 under=0/s short=0.0% tone=0/s skips=0 under_total=31443
[05:59:20.000] up=10:56:07 [run] fps=60 cpu=10679us render=199us blit=1564us aud=1us | ls=J/FS conn=1 sof=39362984 usb=2 rpts=4740483 rfail=0 eperr=0 ints=0 | freezes=0 last=none badfps=3
[05:59:20.000] [aud] fill=4385 prod=48001/s want=48000/s srv=47991 under=0/s short=0.0% tone=0/s skips=0 under_total=31443
[06:00:20.000] up=10:57:07 [run] fps=60 cpu=10672us render=200us blit=1564us aud=1us | ls=J/FS conn=1 sof=39422988 usb=2 rpts=4747714 rfail=0 eperr=0 ints=0 | freezes=0 last=none badfps=3
[06:00:20.000] [aud] fill=4362 prod=48002/s want=48000/s srv=47992 under=0/s short=0.0% tone=0/s skips=0 under_total=31443
[06:01:20.000] up=10:58:07 [run] fps=60 cpu=10640us render=238us blit=1565us aud=0us | ls=J/FS conn=1 sof=39482990 usb=2 rpts=4754946 rfail=0 eperr=0 ints=0 | freezes=0 last=none badfps=3
[06:01:20.000] [aud] fill=4358 prod=48002/s want=48000/s srv=47992 under=0/s short=0.0% tone=0/s skips=0 under_total=31443
[06:02:20.000] up=10:59:07 [run] fps=60 cpu=10677us render=200us blit=1563us aud=1us | ls=J/FS conn=1 sof=39542995 usb=2 rpts=4762177 rfail=0 eperr=0 ints=0 | freezes=0 last=none badfps=3
[06:02:20.000] [aud] fill=4350 prod=48002/s want=48000/s srv=47992 under=0/s short=0.0% tone=0/s skips=0 under_total=31443
[06:03:20.000] up=11:00:07 [run] fps=60 cpu=10682us render=199us blit=1563us aud=1us | ls=J/FS conn=1 sof=39602999 usb=2 rpts=4769406 rfail=0 eperr=0 ints=0 | freezes=0 last=none badfps=3
[06:03:20.000] [aud] fill=4349 prod=48001/s want=48000/s srv=47992 under=0/s short=0.0% tone=0/s skips=0 under_total=31443
[06:04:20.000] up=11:01:07 [run] fps=60 cpu=10681us render=200us blit=1561us aud=0us | ls=J/FS conn=1 sof=39663002 usb=2 rpts=4776632 rfail=0 eperr=0 ints=0 | freezes=0 last=none badfps=3
[06:04:20.000] [aud] fill=4375 prod=48001/s want=48000/s srv=47991 under=0/s short=0.0% tone=0/s skips=0 under_total=31443
[06:05:20.000] up=11:02:07 [run] fps=60 cpu=10678us render=200us blit=1633us aud=1us | ls=J/FS conn=1 sof=39723006 usb=2 rpts=4783861 rfail=0 eperr=0 ints=0 | freezes=0 last=none badfps=3
[06:05:20.000] [aud] fill=4352 prod=48002/s want=48000/s srv=47992 under=0/s short=0.0% tone=0/s skips=0 under_total=31443
[06:06:20.000] up=11:03:07 [run] fps=60 cpu=10684us render=200us blit=1601us aud=0us | ls=J/FS conn=1 sof=39783009 usb=2 rpts=4791082 rfail=0 eperr=0 ints=0 | freezes=0 last=none badfps=3
[06:06:20.000] [aud] fill=4357 prod=48002/s want=48000/s srv=47992 under=0/s short=0.0% tone=0/s skips=0 under_total=31443
[06:07:20.000] up=11:04:07 [run] fps=60 cpu=10684us render=200us blit=1599us aud=1us | ls=J/FS conn=1 sof=39843013 usb=2 rpts=4798306 rfail=0 eperr=0 ints=0 | freezes=0 last=none badfps=3
[06:07:20.000] [aud] fill=4351 prod=48002/s want=48000/s srv=47992 under=0/s short=0.0% tone=0/s skips=0 under_total=31443
[06:08:20.000] up=11:05:07 [run] fps=60 cpu=10685us render=199us blit=1601us aud=1us | ls=J/FS conn=1 sof=39903017 usb=2 rpts=4805530 rfail=0 eperr=0 ints=0 | freezes=0 last=none badfps=3
[06:08:20.000] [aud] fill=4372 prod=48002/s want=48000/s srv=47992 under=0/s short=0.0% tone=0/s skips=0 under_total=31443
[06:09:20.000] up=11:06:07 [run] fps=60 cpu=10677us render=200us blit=1607us aud=1us | ls=J/FS conn=1 sof=39963020 usb=2 rpts=4812760 rfail=0 eperr=0 ints=0 | freezes=0 last=none badfps=3
[06:09:20.000] [aud] fill=4374 prod=48002/s want=48000/s srv=47991 under=0/s short=0.0% tone=0/s skips=0 under_total=31443
[06:10:20.000] up=11:07:07 [run] fps=60 cpu=10684us render=200us blit=1600us aud=0us | ls=J/FS conn=1 sof=40023024 usb=2 rpts=4819991 rfail=0 eperr=0 ints=0 | freezes=0 last=none badfps=3
[06:10:20.000] [aud] fill=4351 prod=48001/s want=48000/s srv=47992 under=0/s short=0.0% tone=0/s skips=0 under_total=31443
[06:11:20.000] up=11:08:07 [run] fps=60 cpu=10684us render=200us blit=1600us aud=1us | ls=J/FS conn=1 sof=40083028 usb=2 rpts=4827219 rfail=0 eperr=0 ints=0 | freezes=0 last=none badfps=3
[06:11:20.000] [aud] fill=4349 prod=48001/s want=48000/s srv=47992 under=0/s short=0.0% tone=0/s skips=0 under_total=31443
[06:12:20.000] up=11:09:07 [run] fps=60 cpu=10686us render=200us blit=1601us aud=0us | ls=J/FS conn=1 sof=40143031 usb=2 rpts=4834454 rfail=0 eperr=0 ints=0 | freezes=0 last=none badfps=3
[06:12:20.000] [aud] fill=4357 prod=48002/s want=48000/s srv=47992 under=0/s short=0.0% tone=0/s skips=0 under_total=31443
[06:13:20.000] up=11:10:07 [run] fps=60 cpu=10642us render=200us blit=1601us aud=0us | ls=J/FS conn=1 sof=40203035 usb=2 rpts=4841683 rfail=0 eperr=0 ints=0 | freezes=0 last=none badfps=3
[06:13:20.000] [aud] fill=4366 prod=48001/s want=48000/s srv=47992 under=0/s short=0.0% tone=0/s skips=0 under_total=31443
[06:14:20.000] up=11:11:07 [run] fps=60 cpu=10678us render=200us blit=1607us aud=1us | ls=J/FS conn=1 sof=40263038 usb=2 rpts=4848912 rfail=0 eperr=0 ints=0 | freezes=0 last=none badfps=3
[06:14:20.000] [aud] fill=4361 prod=48001/s want=48000/s srv=47992 under=0/s short=0.0% tone=0/s skips=0 under_total=31443
[06:15:20.000] up=11:12:07 [run] fps=60 cpu=10685us render=200us blit=1600us aud=1us | ls=J/FS conn=1 sof=40323042 usb=2 rpts=4856138 rfail=0 eperr=0 ints=0 | freezes=0 last=none badfps=3
[06:15:20.000] [aud] fill=4351 prod=48002/s want=48000/s srv=47992 under=0/s short=0.0% tone=0/s skips=0 under_total=31443
[06:16:20.000] up=11:13:07 [run] fps=60 cpu=10685us render=199us blit=1599us aud=1us | ls=J/FS conn=1 sof=40383046 usb=2 rpts=4863359 rfail=0 eperr=0 ints=0 | freezes=0 last=none badfps=3
[06:16:20.000] [aud] fill=4349 prod=48001/s want=48000/s srv=47992 under=0/s short=0.0% tone=0/s skips=0 under_total=31443
[06:17:20.000] up=11:14:07 [run] fps=60 cpu=10685us render=200us blit=1601us aud=0us | ls=J/FS conn=1 sof=40443049 usb=2 rpts=4870593 rfail=0 eperr=0 ints=0 | freezes=0 last=none badfps=3
[06:17:20.000] [aud] fill=4357 prod=47953/s want=48000/s srv=47992 under=0/s short=0.0% tone=0/s skips=0 under_total=31443
[06:18:20.000] up=11:15:07 [run] fps=60 cpu=10676us render=199us blit=1598us aud=1us | ls=J/FS conn=1 sof=40503053 usb=2 rpts=4877817 rfail=0 eperr=0 ints=0 | freezes=0 last=none badfps=3
[06:18:20.000] [aud] fill=4362 prod=48001/s want=48000/s srv=47992 under=0/s short=0.0% tone=0/s skips=0 under_total=31443
[06:19:20.000] up=11:16:07 [run] fps=60 cpu=10670us render=201us blit=1630us aud=0us | ls=J/FS conn=1 sof=40563056 usb=2 rpts=4885050 rfail=0 eperr=0 ints=0 | freezes=0 last=none badfps=3
[06:19:20.000] [aud] fill=4360 prod=47954/s want=48000/s srv=47992 under=0/s short=0.0% tone=0/s skips=0 under_total=31443
[06:20:20.000] up=11:17:07 [run] fps=60 cpu=10679us render=200us blit=1600us aud=0us | ls=J/FS conn=1 sof=40623060 usb=2 rpts=4892277 rfail=0 eperr=0 ints=0 | freezes=0 last=none badfps=3
[06:20:20.000] [aud] fill=4350 prod=48001/s want=48000/s srv=47992 under=0/s short=0.0% tone=0/s skips=0 under_total=31443
[06:21:20.000] up=11:18:07 [run] fps=60 cpu=10680us render=199us blit=1600us aud=0us | ls=J/FS conn=1 sof=40683064 usb=2 rpts=4899502 rfail=0 eperr=0 ints=0 | freezes=0 last=none badfps=3
[06:21:20.000] [aud] fill=4349 prod=48002/s want=48000/s srv=47992 under=0/s short=0.0% tone=0/s skips=0 under_total=31443
[06:22:20.000] up=11:19:07 [run] fps=60 cpu=10687us render=200us blit=1601us aud=0us | ls=J/FS conn=1 sof=40743067 usb=2 rpts=4906735 rfail=0 eperr=0 ints=0 | freezes=0 last=none badfps=3
[06:22:20.000] [aud] fill=4385 prod=48000/s want=48000/s srv=47991 under=0/s short=0.0% tone=0/s skips=0 under_total=31443
[06:23:20.000] up=11:20:07 [run] fps=60 cpu=10673us render=199us blit=1601us aud=1us | ls=J/FS conn=1 sof=40803071 usb=2 rpts=4913957 rfail=0 eperr=0 ints=0 | freezes=0 last=none badfps=3
[06:23:20.000] [aud] fill=4360 prod=48002/s want=48000/s srv=47992 under=0/s short=0.0% tone=0/s skips=0 under_total=31443
[06:24:20.000] up=11:21:07 [run] fps=60 cpu=10675us render=200us blit=1599us aud=1us | ls=J/FS conn=1 sof=40863074 usb=2 rpts=4921178 rfail=0 eperr=0 ints=0 | freezes=0 last=none badfps=3
[06:24:20.000] [aud] fill=4359 prod=48002/s want=48000/s srv=47992 under=0/s short=0.0% tone=0/s skips=0 under_total=31443
[06:25:20.000] up=11:22:07 [run] fps=60 cpu=10680us render=199us blit=1600us aud=1us | ls=J/FS conn=1 sof=40923078 usb=2 rpts=4928403 rfail=0 eperr=0 ints=0 | freezes=0 last=none badfps=3
[06:25:20.000] [aud] fill=4350 prod=48001/s want=48000/s srv=47992 under=0/s short=0.0% tone=0/s skips=0 under_total=31443
[06:26:20.000] up=11:23:07 [run] fps=60 cpu=10681us render=200us blit=1599us aud=0us | ls=J/FS conn=1 sof=40983082 usb=2 rpts=4935625 rfail=0 eperr=0 ints=0 | freezes=0 last=none badfps=3
[06:26:20.000] [aud] fill=4349 prod=48001/s want=48000/s srv=47992 under=0/s short=0.0% tone=0/s skips=0 under_total=31443
[06:27:20.000] up=11:24:07 [run] fps=60 cpu=10676us render=199us blit=1598us aud=1us | ls=J/FS conn=1 sof=41043085 usb=2 rpts=4942852 rfail=0 eperr=0 ints=0 | freezes=0 last=none badfps=3
[06:27:20.000] [aud] fill=4377 prod=48001/s want=48000/s srv=47991 under=0/s short=0.0% tone=0/s skips=0 under_total=31443
[06:28:20.000] up=11:25:07 [run] fps=60 cpu=10669us render=199us blit=1628us aud=1us | ls=J/FS conn=1 sof=41103089 usb=2 rpts=4950080 rfail=0 eperr=0 ints=0 | freezes=0 last=none badfps=3
[06:28:20.000] [aud] fill=4352 prod=48002/s want=48000/s srv=47992 under=0/s short=0.0% tone=0/s skips=0 under_total=31443
[06:29:20.000] up=11:26:07 [run] fps=60 cpu=10677us render=200us blit=1601us aud=1us | ls=J/FS conn=1 sof=41163093 usb=2 rpts=4957305 rfail=0 eperr=0 ints=0 | freezes=0 last=none badfps=3
[06:29:20.000] [aud] fill=4348 prod=48001/s want=48000/s srv=47992 under=0/s short=0.0% tone=0/s skips=0 under_total=31443
[06:30:20.000] up=11:27:07 [run] fps=60 cpu=10677us render=199us blit=1600us aud=1us | ls=J/FS conn=1 sof=41223096 usb=2 rpts=4964528 rfail=0 eperr=0 ints=0 | freezes=0 last=none badfps=3
[06:30:20.000] [aud] fill=4357 prod=48002/s want=48000/s srv=47992 under=0/s short=0.0% tone=0/s skips=0 under_total=31443
[06:31:20.000] up=11:28:07 [run] fps=60 cpu=10641us render=200us blit=1599us aud=1us | ls=J/FS conn=1 sof=41283100 usb=2 rpts=4971761 rfail=0 eperr=0 ints=0 | freezes=0 last=none badfps=3
[06:31:20.000] [aud] fill=4373 prod=48001/s want=48000/s srv=47992 under=0/s short=0.0% tone=0/s skips=0 under_total=31443
[06:32:20.000] up=11:29:07 [run] fps=60 cpu=10635us render=237us blit=1560us aud=0us | ls=J/FS conn=1 sof=41343103 usb=2 rpts=4978990 rfail=0 eperr=0 ints=0 | freezes=0 last=none badfps=3
[06:32:20.000] [aud] fill=4371 prod=48001/s want=48000/s srv=47992 under=0/s short=0.0% tone=0/s skips=0 under_total=31443
[06:33:20.000] up=11:30:07 [run] fps=60 cpu=10682us render=200us blit=1565us aud=1us | ls=J/FS conn=1 sof=41403108 usb=2 rpts=4986219 rfail=0 eperr=0 ints=0 | freezes=0 last=none badfps=3
[06:33:20.000] [aud] fill=4348 prod=48001/s want=48000/s srv=47992 under=0/s short=0.0% tone=0/s skips=0 under_total=31443
[06:34:20.000] up=11:31:07 [run] fps=60 cpu=10680us render=200us blit=1563us aud=1us | ls=J/FS conn=1 sof=41463112 usb=2 rpts=4993454 rfail=0 eperr=0 ints=0 | freezes=0 last=none badfps=3
[06:34:20.000] [aud] fill=4350 prod=48001/s want=48000/s srv=47992 under=0/s short=0.0% tone=0/s skips=0 under_total=31443
[06:35:20.000] up=11:32:07 [run] fps=60 cpu=10688us render=200us blit=1563us aud=1us | ls=J/FS conn=1 sof=41523115 usb=2 rpts=5000685 rfail=0 eperr=0 ints=0 | freezes=0 last=none badfps=3
[06:35:20.000] [aud] fill=4358 prod=48001/s want=48000/s srv=47992 under=0/s short=0.0% tone=0/s skips=0 under_total=31443
[06:36:20.000] up=11:33:07 [run] fps=60 cpu=10671us render=200us blit=1598us aud=0us | ls=J/FS conn=1 sof=41583119 usb=2 rpts=5007909 rfail=0 eperr=0 ints=0 | freezes=0 last=none badfps=3
[06:36:20.000] [aud] fill=4363 prod=48002/s want=48000/s srv=47992 under=0/s short=0.0% tone=0/s skips=0 under_total=31443
[06:37:20.000] up=11:34:07 [run] fps=60 cpu=10673us render=199us blit=1618us aud=0us | ls=J/FS conn=1 sof=41643122 usb=2 rpts=5015137 rfail=0 eperr=0 ints=0 | freezes=0 last=none badfps=3
[06:37:20.000] [aud] fill=4358 prod=48001/s want=48000/s srv=47992 under=0/s short=0.0% tone=0/s skips=0 under_total=31443
[06:38:20.000] up=11:35:07 [run] fps=60 cpu=10683us render=200us blit=1600us aud=1us | ls=J/FS conn=1 sof=41703126 usb=2 rpts=5022365 rfail=0 eperr=0 ints=0 | freezes=0 last=none badfps=3
[06:38:20.000] [aud] fill=4350 prod=48001/s want=48000/s srv=47992 under=0/s short=0.0% tone=0/s skips=0 under_total=31443
[06:39:20.000] up=11:36:07 [run] fps=60 cpu=10671us render=200us blit=1562us aud=1us | ls=J/FS conn=1 sof=41763137 usb=2 rpts=5029590 rfail=0 eperr=0 ints=0 | freezes=0 last=none badfps=4
[06:39:20.000] [aud] fill=4167 prod=48007/s want=48000/s srv=47998 under=0/s short=0.0% tone=0/s skips=0 under_total=31443
[06:40:20.000] up=11:37:07 [run] fps=60 cpu=10693us render=200us blit=1600us aud=0us | ls=J/FS conn=1 sof=41823145 usb=2 rpts=5036818 rfail=0 eperr=0 ints=0 | freezes=0 last=none badfps=5
[06:40:20.000] [aud] fill=4145 prod=47961/s want=48000/s srv=47999 under=0/s short=0.0% tone=0/s skips=0 under_total=31443
[06:41:20.000] up=11:38:07 [run] fps=60 cpu=10688us render=199us blit=1600us aud=0us | ls=J/FS conn=1 sof=41883149 usb=2 rpts=5044046 rfail=0 eperr=0 ints=0 | freezes=0 last=none badfps=5
[06:41:20.000] [aud] fill=4318 prod=47955/s want=48000/s srv=47993 under=0/s short=0.0% tone=0/s skips=0 under_total=31443
[06:42:20.000] up=11:39:07 [run] fps=60 cpu=10675us render=200us blit=1599us aud=1us | ls=J/FS conn=1 sof=41943152 usb=2 rpts=5051277 rfail=0 eperr=0 ints=0 | freezes=0 last=none badfps=5
[06:42:20.000] [aud] fill=4375 prod=48001/s want=48000/s srv=47992 under=0/s short=0.0% tone=0/s skips=0 under_total=31443
[06:43:20.000] up=11:40:07 [run] fps=60 cpu=10674us render=200us blit=1631us aud=1us | ls=J/FS conn=1 sof=42003156 usb=2 rpts=5058501 rfail=0 eperr=0 ints=0 | freezes=0 last=none badfps=5
[06:43:20.000] [aud] fill=4353 prod=48002/s want=48000/s srv=47992 under=0/s short=0.0% tone=0/s skips=0 under_total=31443
[06:44:20.000] up=11:41:07 [run] fps=60 cpu=10689us render=200us blit=1598us aud=1us | ls=J/FS conn=1 sof=42063160 usb=2 rpts=5065729 rfail=0 eperr=0 ints=0 | freezes=0 last=none badfps=5
[06:44:20.000] [aud] fill=4349 prod=48001/s want=48000/s srv=47992 under=0/s short=0.0% tone=0/s skips=0 under_total=31443
[06:45:20.000] up=11:42:07 [run] fps=60 cpu=10687us render=200us blit=1601us aud=0us | ls=J/FS conn=1 sof=42123163 usb=2 rpts=5072967 rfail=0 eperr=0 ints=0 | freezes=0 last=none badfps=5
[06:45:20.000] [aud] fill=4357 prod=48001/s want=48000/s srv=47992 under=0/s short=0.0% tone=0/s skips=0 under_total=31443
[06:46:20.000] up=11:43:07 [run] fps=60 cpu=10689us render=200us blit=1601us aud=0us | ls=J/FS conn=1 sof=42183167 usb=2 rpts=5080201 rfail=0 eperr=0 ints=0 | freezes=0 last=none badfps=5
[06:46:20.000] [aud] fill=4374 prod=48001/s want=48000/s srv=47992 under=0/s short=0.0% tone=0/s skips=0 under_total=31443
[06:47:20.000] up=11:44:07 [run] fps=60 cpu=10672us render=199us blit=1601us aud=0us | ls=J/FS conn=1 sof=42243171 usb=2 rpts=5087434 rfail=0 eperr=0 ints=0 | freezes=0 last=none badfps=5
[06:47:20.000] [aud] fill=4359 prod=48001/s want=48000/s srv=47992 under=0/s short=0.0% tone=0/s skips=0 under_total=31443
[06:48:20.000] up=11:45:07 [run] fps=60 cpu=10689us render=201us blit=1600us aud=0us | ls=J/FS conn=1 sof=42303174 usb=2 rpts=5094667 rfail=0 eperr=0 ints=0 | freezes=0 last=none badfps=5
[06:48:20.000] [aud] fill=4360 prod=48002/s want=48000/s srv=47992 under=0/s short=0.0% tone=0/s skips=0 under_total=31443
[06:49:20.000] up=11:46:07 [run] fps=60 cpu=10677us render=201us blit=1599us aud=1us | ls=J/FS conn=1 sof=42363178 usb=2 rpts=5101897 rfail=0 eperr=0 ints=0 | freezes=0 last=none badfps=5
[06:49:20.000] [aud] fill=4350 prod=48002/s want=48000/s srv=47992 under=0/s short=0.0% tone=0/s skips=0 under_total=31443
[06:50:20.000] up=11:47:07 [run] fps=60 cpu=10677us render=200us blit=1601us aud=1us | ls=J/FS conn=1 sof=42423181 usb=2 rpts=5109126 rfail=0 eperr=0 ints=0 | freezes=0 last=none badfps=5
[06:50:20.000] [aud] fill=4357 prod=48001/s want=48000/s srv=47992 under=0/s short=0.0% tone=0/s skips=0 under_total=31443
[06:51:20.000] up=11:48:07 [run] fps=60 cpu=10672us render=200us blit=1606us aud=1us | ls=J/FS conn=1 sof=42483185 usb=2 rpts=5116356 rfail=0 eperr=0 ints=0 | freezes=0 last=none badfps=5
[06:51:20.000] [aud] fill=4375 prod=48001/s want=48000/s srv=47992 under=0/s short=0.0% tone=0/s skips=0 under_total=31443
[06:52:20.000] up=11:49:07 [run] fps=60 cpu=10670us render=199us blit=1626us aud=1us | ls=J/FS conn=1 sof=42543189 usb=2 rpts=5123584 rfail=0 eperr=0 ints=0 | freezes=0 last=none badfps=5
[06:52:20.000] [aud] fill=4352 prod=48002/s want=48000/s srv=47992 under=0/s short=0.0% tone=0/s skips=0 under_total=31443
[06:53:20.000] up=11:50:07 [run] fps=60 cpu=10681us render=200us blit=1601us aud=1us | ls=J/FS conn=1 sof=42603192 usb=2 rpts=5130812 rfail=0 eperr=0 ints=0 | freezes=0 last=none badfps=5
[06:53:20.000] [aud] fill=4357 prod=48001/s want=48000/s srv=47992 under=0/s short=0.0% tone=0/s skips=0 under_total=31443
[06:54:20.000] up=11:51:07 [run] fps=60 cpu=10679us render=199us blit=1600us aud=1us | ls=J/FS conn=1 sof=42663196 usb=2 rpts=5138035 rfail=0 eperr=0 ints=0 | freezes=0 last=none badfps=5
[06:54:20.000] [aud] fill=4350 prod=48002/s want=48000/s srv=47992 under=0/s short=0.0% tone=0/s skips=0 under_total=31443
[06:55:20.000] up=11:52:07 [run] fps=60 cpu=10681us render=200us blit=1599us aud=1us | ls=J/FS conn=1 sof=42723199 usb=2 rpts=5145254 rfail=0 eperr=0 ints=0 | freezes=0 last=none badfps=5
[06:55:20.000] [aud] fill=4357 prod=48001/s want=48000/s srv=47992 under=0/s short=0.0% tone=0/s skips=0 under_total=31443
[06:56:20.000] up=11:53:07 [run] fps=60 cpu=10673us render=200us blit=1597us aud=1us | ls=J/FS conn=1 sof=42783203 usb=2 rpts=5152483 rfail=0 eperr=0 ints=0 | freezes=0 last=none badfps=5
[06:56:20.000] [aud] fill=4361 prod=48002/s want=48000/s srv=47992 under=0/s short=0.0% tone=0/s skips=0 under_total=31443
[06:57:20.000] up=11:54:07 [run] fps=60 cpu=10677us render=202us blit=1607us aud=1us | ls=J/FS conn=1 sof=42843207 usb=2 rpts=5159714 rfail=0 eperr=0 ints=0 | freezes=0 last=none badfps=5
[06:57:20.000] [aud] fill=4350 prod=48001/s want=48000/s srv=47992 under=0/s short=0.0% tone=0/s skips=0 under_total=31443
[06:58:20.000] up=11:55:07 [run] fps=60 cpu=10678us render=200us blit=1600us aud=1us | ls=J/FS conn=1 sof=42903210 usb=2 rpts=5166945 rfail=0 eperr=0 ints=0 | freezes=0 last=none badfps=5
[06:58:20.000] [aud] fill=4357 prod=48001/s want=48000/s srv=47992 under=0/s short=0.0% tone=0/s skips=0 under_total=31443
[06:59:20.000] up=11:56:07 [run] fps=60 cpu=10680us render=200us blit=1599us aud=1us | ls=J/FS conn=1 sof=42963214 usb=2 rpts=5174168 rfail=0 eperr=0 ints=0 | freezes=0 last=none badfps=5
[06:59:20.000] [aud] fill=4349 prod=48002/s want=48000/s srv=47992 under=0/s short=0.0% tone=0/s skips=0 under_total=31443
[07:00:20.000] up=11:57:07 [run] fps=60 cpu=10678us render=200us blit=1601us aud=0us | ls=J/FS conn=1 sof=43023217 usb=2 rpts=5181386 rfail=0 eperr=0 ints=0 | freezes=0 last=none badfps=5
[07:00:20.000] [aud] fill=4386 prod=48001/s want=48000/s srv=47991 under=0/s short=0.0% tone=0/s skips=0 under_total=31443
[07:01:20.000] up=11:58:07 [run] fps=60 cpu=10633us render=200us blit=1604us aud=1us | ls=J/FS conn=1 sof=43083221 usb=2 rpts=5188620 rfail=0 eperr=0 ints=0 | freezes=0 last=none badfps=5
[07:01:20.000] [aud] fill=4359 prod=48001/s want=48000/s srv=47992 under=0/s short=0.0% tone=0/s skips=0 under_total=31443
[07:02:20.000] up=11:59:07 [run] fps=60 cpu=10639us render=237us blit=1566us aud=0us | ls=J/FS conn=1 sof=43143225 usb=2 rpts=5195851 rfail=0 eperr=0 ints=0 | freezes=0 last=none badfps=5
[07:02:20.000] [aud] fill=4349 prod=48002/s want=48000/s srv=47992 under=0/s short=0.0% tone=0/s skips=0 under_total=31443
[07:03:20.000] up=12:00:07 [run] fps=60 cpu=10638us render=237us blit=1562us aud=1us | ls=J/FS conn=1 sof=43203228 usb=2 rpts=5203081 rfail=0 eperr=0 ints=0 | freezes=0 last=none badfps=5
[07:03:20.000] [aud] fill=4354 prod=48001/s want=48000/s srv=47992 under=0/s short=0.0% tone=0/s skips=0 under_total=31443
[07:04:20.000] up=12:01:07 [run] fps=60 cpu=10647us render=237us blit=1564us aud=0us | ls=J/FS conn=1 sof=43263232 usb=2 rpts=5210325 rfail=0 eperr=0 ints=0 | freezes=0 last=none badfps=5
[07:04:20.000] [aud] fill=4348 prod=48002/s want=48000/s srv=47992 under=0/s short=0.0% tone=0/s skips=0 under_total=31443
[07:05:20.000] up=12:02:07 [run] fps=60 cpu=10675us render=199us blit=1599us aud=1us | ls=J/FS conn=1 sof=43323237 usb=2 rpts=5217545 rfail=0 eperr=0 ints=0 | freezes=0 last=none badfps=5
[07:05:20.000] [aud] fill=4356 prod=48001/s want=48000/s srv=47992 under=0/s short=0.0% tone=0/s skips=0 under_total=31443
[07:06:20.000] up=12:03:07 [run] fps=60 cpu=10669us render=203us blit=1585us aud=1us | ls=J/FS conn=1 sof=43383240 usb=2 rpts=5224779 rfail=0 eperr=0 ints=0 | freezes=0 last=none badfps=5
[07:06:20.000] [aud] fill=4359 prod=48001/s want=48000/s srv=47992 under=0/s short=0.0% tone=0/s skips=0 under_total=31443
[07:07:20.000] up=12:04:07 [run] fps=60 cpu=10642us render=237us blit=1563us aud=1us | ls=J/FS conn=1 sof=43443243 usb=2 rpts=5232010 rfail=0 eperr=0 ints=0 | freezes=0 last=none badfps=5
[07:07:20.000] [aud] fill=4349 prod=48001/s want=48000/s srv=47992 under=0/s short=0.0% tone=0/s skips=0 under_total=31443
[07:08:20.000] up=12:05:07 [run] fps=60 cpu=10641us render=237us blit=1564us aud=1us | ls=J/FS conn=1 sof=43503246 usb=2 rpts=5239233 rfail=0 eperr=0 ints=0 | freezes=0 last=none badfps=5
[07:08:20.000] [aud] fill=4355 prod=48001/s want=48000/s srv=47992 under=0/s short=0.0% tone=0/s skips=0 under_total=31443
[07:09:20.000] up=12:06:07 [run] fps=60 cpu=10674us render=201us blit=1563us aud=0us | ls=J/FS conn=1 sof=43563251 usb=2 rpts=5246464 rfail=0 eperr=0 ints=0 | freezes=0 last=none badfps=5
[07:09:20.000] [aud] fill=4382 prod=48001/s want=48000/s srv=47992 under=0/s short=0.0% tone=0/s skips=0 under_total=31443
[07:10:20.000] up=12:07:07 [run] fps=60 cpu=10670us render=200us blit=1570us aud=0us | ls=J/FS conn=1 sof=43623255 usb=2 rpts=5253693 rfail=0 eperr=0 ints=0 | freezes=0 last=none badfps=5
[07:10:20.000] [aud] fill=4358 prod=48001/s want=48000/s srv=47992 under=0/s short=0.0% tone=0/s skips=0 under_total=31443
[07:11:21.000] up=12:08:07 [run] fps=60 cpu=10643us render=237us blit=1564us aud=0us | ls=J/FS conn=1 sof=43683257 usb=2 rpts=5260924 rfail=0 eperr=0 ints=0 | freezes=0 last=none badfps=5
[07:11:21.000] [aud] fill=4357 prod=48001/s want=48000/s srv=47992 under=0/s short=0.0% tone=0/s skips=0 under_total=31443
[07:12:21.000] up=12:09:07 [run] fps=60 cpu=10680us render=199us blit=1566us aud=0us | ls=J/FS conn=1 sof=43743262 usb=2 rpts=5268157 rfail=0 eperr=0 ints=0 | freezes=0 last=none badfps=5
[07:12:21.000] [aud] fill=4350 prod=48002/s want=48000/s srv=47992 under=0/s short=0.0% tone=0/s skips=0 under_total=31443
[07:13:21.000] up=12:10:07 [run] fps=60 cpu=10683us render=200us blit=1564us aud=1us | ls=J/FS conn=1 sof=43803265 usb=2 rpts=5275379 rfail=0 eperr=0 ints=0 | freezes=0 last=none badfps=5
[07:13:21.000] [aud] fill=4356 prod=48001/s want=48000/s srv=47992 under=0/s short=0.0% tone=0/s skips=0 under_total=31443
[07:14:21.000] up=12:11:07 [run] fps=60 cpu=10673us render=199us blit=1562us aud=0us | ls=J/FS conn=1 sof=43863269 usb=2 rpts=5282607 rfail=0 eperr=0 ints=0 | freezes=0 last=none badfps=5
[07:14:21.000] [aud] fill=4365 prod=48002/s want=48000/s srv=47992 under=0/s short=0.0% tone=0/s skips=0 under_total=31443
[07:15:21.000] up=12:12:07 [run] fps=60 cpu=10670us render=200us blit=1627us aud=0us | ls=J/FS conn=1 sof=43923273 usb=2 rpts=5289830 rfail=0 eperr=0 ints=0 | freezes=0 last=none badfps=5
[07:15:21.000] [aud] fill=4352 prod=48002/s want=48000/s srv=47992 under=0/s short=0.0% tone=0/s skips=0 under_total=31443
[07:16:21.000] up=12:13:07 [run] fps=60 cpu=10679us render=200us blit=1564us aud=0us | ls=J/FS conn=1 sof=43983276 usb=2 rpts=5297058 rfail=0 eperr=0 ints=0 | freezes=0 last=none badfps=5
[07:16:21.000] [aud] fill=4358 prod=48001/s want=48000/s srv=47992 under=0/s short=0.0% tone=0/s skips=0 under_total=31443
[07:17:21.000] up=12:14:07 [run] fps=60 cpu=10689us render=199us blit=1565us aud=0us | ls=J/FS conn=1 sof=44043280 usb=2 rpts=5304287 rfail=0 eperr=0 ints=0 | freezes=0 last=none badfps=5
[07:17:21.000] [aud] fill=4351 prod=48001/s want=48000/s srv=47992 under=0/s short=0.0% tone=0/s skips=0 under_total=31443
[07:18:21.000] up=12:15:07 [run] fps=60 cpu=10645us render=238us blit=1562us aud=1us | ls=J/FS conn=1 sof=44103282 usb=2 rpts=5311513 rfail=0 eperr=0 ints=0 | freezes=0 last=none badfps=5
[07:18:21.000] [aud] fill=4356 prod=48002/s want=48000/s srv=47992 under=0/s short=0.0% tone=0/s skips=0 under_total=31443
[07:19:21.000] up=12:16:07 [run] fps=60 cpu=10637us render=236us blit=1560us aud=1us | ls=J/FS conn=1 sof=44163286 usb=2 rpts=5318737 rfail=0 eperr=0 ints=0 | freezes=0 last=none badfps=5
[07:19:21.000] [aud] fill=4359 prod=48001/s want=48000/s srv=47992 under=0/s short=0.0% tone=0/s skips=0 under_total=31443
[07:20:21.000] up=12:17:07 [run] fps=60 cpu=10678us render=201us blit=1563us aud=1us | ls=J/FS conn=1 sof=44223291 usb=2 rpts=5325965 rfail=0 eperr=0 ints=0 | freezes=0 last=none badfps=5
[07:20:21.000] [aud] fill=4349 prod=48001/s want=48000/s srv=47992 under=0/s short=0.0% tone=0/s skips=0 under_total=31443
[07:21:21.000] up=12:18:07 [run] fps=60 cpu=10677us render=199us blit=1565us aud=1us | ls=J/FS conn=1 sof=44283294 usb=2 rpts=5333199 rfail=0 eperr=0 ints=0 | freezes=0 last=none badfps=5
[07:21:21.000] [aud] fill=4355 prod=48002/s want=48000/s srv=47992 under=0/s short=0.0% tone=0/s skips=0 under_total=31443
[07:22:21.000] up=12:19:07 [run] fps=60 cpu=10680us render=200us blit=1565us aud=0us | ls=J/FS conn=1 sof=44343298 usb=2 rpts=5340433 rfail=0 eperr=0 ints=0 | freezes=0 last=none badfps=5
[07:22:21.000] [aud] fill=4349 prod=48001/s want=48000/s srv=47992 under=0/s short=0.0% tone=0/s skips=0 under_total=31443
[07:23:21.000] up=12:20:07 [run] fps=60 cpu=10674us render=200us blit=1601us aud=0us | ls=J/FS conn=1 sof=44403302 usb=2 rpts=5347658 rfail=0 eperr=0 ints=0 | freezes=0 last=none badfps=5
[07:23:21.000] [aud] fill=4371 prod=48001/s want=48000/s srv=47992 under=0/s short=0.0% tone=0/s skips=0 under_total=31443
[07:24:21.000] up=12:21:07 [run] fps=60 cpu=10668us render=198us blit=1610us aud=0us | ls=J/FS conn=1 sof=44463305 usb=2 rpts=5354882 rfail=0 eperr=0 ints=0 | freezes=0 last=none badfps=5
[07:24:21.000] [aud] fill=4361 prod=48002/s want=48000/s srv=47992 under=0/s short=0.0% tone=0/s skips=0 under_total=31443
[07:25:21.000] up=12:22:07 [run] fps=60 cpu=10680us render=199us blit=1602us aud=0us | ls=J/FS conn=1 sof=44523309 usb=2 rpts=5362110 rfail=0 eperr=0 ints=0 | freezes=0 last=none badfps=5
[07:25:21.000] [aud] fill=4350 prod=48002/s want=48000/s srv=47992 under=0/s short=0.0% tone=0/s skips=0 under_total=31443
[07:26:21.000] up=12:23:07 [run] fps=60 cpu=10680us render=199us blit=1601us aud=1us | ls=J/FS conn=1 sof=44583312 usb=2 rpts=5369336 rfail=0 eperr=0 ints=0 | freezes=0 last=none badfps=5
[07:26:21.000] [aud] fill=4357 prod=48002/s want=48000/s srv=47992 under=0/s short=0.0% tone=0/s skips=0 under_total=31443
[07:27:21.000] up=12:24:07 [run] fps=60 cpu=10681us render=200us blit=1603us aud=1us | ls=J/FS conn=1 sof=44643316 usb=2 rpts=5376562 rfail=0 eperr=0 ints=0 | freezes=0 last=none badfps=5
[07:27:21.000] [aud] fill=4351 prod=48002/s want=48000/s srv=47992 under=0/s short=0.0% tone=0/s skips=0 under_total=31443
[07:28:21.000] up=12:25:07 [run] fps=60 cpu=10670us render=200us blit=1599us aud=0us | ls=J/FS conn=1 sof=44703320 usb=2 rpts=5383788 rfail=0 eperr=0 ints=0 | freezes=0 last=none badfps=5
[07:28:21.000] [aud] fill=4360 prod=48002/s want=48000/s srv=47992 under=0/s short=0.0% tone=0/s skips=0 under_total=31443
[07:29:21.000] up=12:26:07 [run] fps=60 cpu=10673us render=202us blit=1617us aud=1us | ls=J/FS conn=1 sof=44763323 usb=2 rpts=5391012 rfail=0 eperr=0 ints=0 | freezes=0 last=none badfps=5
[07:29:21.000] [aud] fill=4358 prod=48001/s want=48000/s srv=47992 under=0/s short=0.0% tone=0/s skips=0 under_total=31443
[07:30:21.000] up=12:27:07 [run] fps=60 cpu=10651us render=200us blit=1601us aud=0us | ls=J/FS conn=1 sof=44823327 usb=2 rpts=5398247 rfail=0 eperr=0 ints=0 | freezes=0 last=none badfps=5
[07:30:21.000] [aud] fill=4349 prod=48001/s want=48000/s srv=47992 under=0/s short=0.0% tone=0/s skips=0 under_total=31443
[07:31:21.000] up=12:28:07 [run] fps=60 cpu=10680us render=201us blit=1602us aud=0us | ls=J/FS conn=1 sof=44883330 usb=2 rpts=5405474 rfail=0 eperr=0 ints=0 | freezes=0 last=none badfps=5
[07:31:21.000] [aud] fill=4358 prod=48001/s want=48000/s srv=47992 under=0/s short=0.0% tone=0/s skips=0 under_total=31443
[07:32:21.000] up=12:29:07 [run] fps=60 cpu=10638us render=238us blit=1561us aud=1us | ls=J/FS conn=1 sof=44943334 usb=2 rpts=5412701 rfail=0 eperr=0 ints=0 | freezes=0 last=none badfps=5
[07:32:21.000] [aud] fill=4386 prod=48001/s want=48000/s srv=47991 under=0/s short=0.0% tone=0/s skips=0 under_total=31443
[07:33:21.000] up=12:30:07 [run] fps=60 cpu=10638us render=237us blit=1580us aud=0us | ls=J/FS conn=1 sof=45003338 usb=2 rpts=5419927 rfail=0 eperr=0 ints=0 | freezes=0 last=none badfps=5
[07:33:21.000] [aud] fill=4352 prod=48001/s want=48000/s srv=47992 under=0/s short=0.0% tone=0/s skips=0 under_total=31443
[07:34:21.000] up=12:31:07 [run] fps=60 cpu=10646us render=238us blit=1562us aud=1us | ls=J/FS conn=1 sof=45063341 usb=2 rpts=5427148 rfail=0 eperr=0 ints=0 | freezes=0 last=none badfps=5
[07:34:21.000] [aud] fill=4356 prod=48002/s want=48000/s srv=47992 under=0/s short=0.0% tone=0/s skips=0 under_total=31443
[07:35:21.000] up=12:32:07 [run] fps=60 cpu=10685us render=200us blit=1564us aud=0us | ls=J/FS conn=1 sof=45123346 usb=2 rpts=5434380 rfail=0 eperr=0 ints=0 | freezes=0 last=none badfps=5
[07:35:21.000] [aud] fill=4347 prod=48001/s want=48000/s srv=47992 under=0/s short=0.0% tone=0/s skips=0 under_total=31443
[07:36:21.000] up=12:33:07 [run] fps=60 cpu=10646us render=237us blit=1563us aud=0us | ls=J/FS conn=1 sof=45183348 usb=2 rpts=5441603 rfail=0 eperr=0 ints=0 | freezes=0 last=none badfps=5
[07:36:21.000] [aud] fill=4355 prod=48001/s want=48000/s srv=47992 under=0/s short=0.0% tone=0/s skips=0 under_total=31443
[07:37:21.000] up=12:34:07 [run] fps=60 cpu=10679us render=200us blit=1560us aud=1us | ls=J/FS conn=1 sof=45243353 usb=2 rpts=5448829 rfail=0 eperr=0 ints=0 | freezes=0 last=none badfps=5
[07:37:21.000] [aud] fill=4360 prod=48001/s want=48000/s srv=47992 under=0/s short=0.0% tone=0/s skips=0 under_total=31443
[07:38:21.000] up=12:35:07 [run] fps=60 cpu=10680us render=201us blit=1578us aud=0us | ls=J/FS conn=1 sof=45303357 usb=2 rpts=5456065 rfail=0 eperr=0 ints=0 | freezes=0 last=none badfps=5
[07:38:21.000] [aud] fill=4351 prod=48001/s want=48000/s srv=47992 under=0/s short=0.0% tone=0/s skips=0 under_total=31443
[07:39:21.000] up=12:36:07 [run] fps=60 cpu=10687us render=200us blit=1563us aud=1us | ls=J/FS conn=1 sof=45363360 usb=2 rpts=5463298 rfail=0 eperr=0 ints=0 | freezes=0 last=none badfps=5
[07:39:21.000] [aud] fill=4357 prod=48002/s want=48000/s srv=47992 under=0/s short=0.0% tone=0/s skips=0 under_total=31443
[07:40:21.000] up=12:37:07 [run] fps=60 cpu=10686us render=200us blit=1562us aud=1us | ls=J/FS conn=1 sof=45423364 usb=2 rpts=5470524 rfail=0 eperr=0 ints=0 | freezes=0 last=none badfps=5
[07:40:21.000] [aud] fill=4350 prod=48002/s want=48000/s srv=47992 under=0/s short=0.0% tone=0/s skips=0 under_total=31443
[07:41:21.000] up=12:38:07 [run] fps=60 cpu=10684us render=200us blit=1564us aud=1us | ls=J/FS conn=1 sof=45483368 usb=2 rpts=5477753 rfail=0 eperr=0 ints=0 | freezes=0 last=none badfps=5
[07:41:21.000] [aud] fill=4386 prod=48000/s want=48000/s srv=47991 under=0/s short=0.0% tone=0/s skips=0 under_total=31443
[07:42:21.000] up=12:39:07 [run] fps=60 cpu=10677us render=199us blit=1562us aud=1us | ls=J/FS conn=1 sof=45543371 usb=2 rpts=5484979 rfail=0 eperr=0 ints=0 | freezes=0 last=none badfps=5
[07:42:21.000] [aud] fill=4367 prod=48001/s want=48000/s srv=47992 under=0/s short=0.0% tone=0/s skips=0 under_total=31443
[07:43:21.000] up=12:40:07 [run] fps=60 cpu=10693us render=200us blit=1564us aud=0us | ls=J/FS conn=1 sof=45603374 usb=2 rpts=5492203 rfail=0 eperr=0 ints=0 | freezes=0 last=none badfps=5
[07:43:21.000] [aud] fill=4349 prod=48001/s want=48000/s srv=47992 under=0/s short=0.0% tone=0/s skips=0 under_total=31443
[07:44:21.000] up=12:41:07 [run] fps=60 cpu=10649us render=238us blit=1562us aud=1us | ls=J/FS conn=1 sof=45663377 usb=2 rpts=5499436 rfail=0 eperr=0 ints=0 | freezes=0 last=none badfps=5
[07:44:21.000] [aud] fill=4356 prod=48001/s want=48000/s srv=47992 under=0/s short=0.0% tone=0/s skips=0 under_total=31443
[07:45:21.000] up=12:42:07 [run] fps=60 cpu=10652us render=238us blit=1563us aud=1us | ls=J/FS conn=1 sof=45723381 usb=2 rpts=5506659 rfail=0 eperr=0 ints=0 | freezes=0 last=none badfps=5
[07:45:21.000] [aud] fill=4348 prod=48002/s want=48000/s srv=47992 under=0/s short=0.0% tone=0/s skips=0 under_total=31443
[07:46:21.000] up=12:43:07 [run] fps=60 cpu=10637us render=237us blit=1561us aud=0us | ls=J/FS conn=1 sof=45783385 usb=2 rpts=5513883 rfail=0 eperr=0 ints=0 | freezes=0 last=none badfps=5
[07:46:21.000] [aud] fill=4360 prod=48001/s want=48000/s srv=47992 under=0/s short=0.0% tone=0/s skips=0 under_total=31443
[07:47:21.000] up=12:44:07 [run] fps=60 cpu=10639us render=237us blit=1581us aud=0us | ls=J/FS conn=1 sof=45843388 usb=2 rpts=5521104 rfail=0 eperr=0 ints=0 | freezes=0 last=none badfps=5
[07:47:21.000] [aud] fill=4356 prod=48001/s want=48000/s srv=47992 under=0/s short=0.0% tone=0/s skips=0 under_total=31443
[07:48:21.000] up=12:45:07 [run] fps=60 cpu=10681us render=201us blit=1564us aud=0us | ls=J/FS conn=1 sof=45903393 usb=2 rpts=5528336 rfail=0 eperr=0 ints=0 | freezes=0 last=none badfps=5
[07:48:21.000] [aud] fill=4350 prod=48002/s want=48000/s srv=47992 under=0/s short=0.0% tone=0/s skips=0 under_total=31443
[07:49:21.000] up=12:46:07 [run] fps=60 cpu=10678us render=200us blit=1563us aud=1us | ls=J/FS conn=1 sof=45963396 usb=2 rpts=5535564 rfail=0 eperr=0 ints=0 | freezes=0 last=none badfps=5
[07:49:21.000] [aud] fill=4357 prod=48002/s want=48000/s srv=47992 under=0/s short=0.0% tone=0/s skips=0 under_total=31443
[07:50:21.000] up=12:47:07 [run] fps=60 cpu=10683us render=199us blit=1600us aud=1us | ls=J/FS conn=1 sof=46023400 usb=2 rpts=5542787 rfail=0 eperr=0 ints=0 | freezes=0 last=none badfps=5
[07:50:21.000] [aud] fill=4350 prod=48001/s want=48000/s srv=47992 under=0/s short=0.0% tone=0/s skips=0 under_total=31443
[07:51:21.000] up=12:48:07 [run] fps=60 cpu=10671us render=199us blit=1599us aud=1us | ls=J/FS conn=1 sof=46083404 usb=2 rpts=5550019 rfail=0 eperr=0 ints=0 | freezes=0 last=none badfps=5
[07:51:21.000] [aud] fill=4360 prod=48002/s want=48000/s srv=47992 under=0/s short=0.0% tone=0/s skips=0 under_total=31443
[07:52:21.000] up=12:49:07 [run] fps=60 cpu=10674us render=201us blit=1612us aud=1us | ls=J/FS conn=1 sof=46143407 usb=2 rpts=5557240 rfail=0 eperr=0 ints=0 | freezes=0 last=none badfps=5
[07:52:21.000] [aud] fill=4360 prod=48002/s want=48000/s srv=47992 under=0/s short=0.0% tone=0/s skips=0 under_total=31443
[07:53:21.000] up=12:50:07 [run] fps=60 cpu=10679us render=200us blit=1599us aud=1us | ls=J/FS conn=1 sof=46203411 usb=2 rpts=5564465 rfail=0 eperr=0 ints=0 | freezes=0 last=none badfps=5
[07:53:21.000] [aud] fill=4350 prod=48001/s want=48000/s srv=47992 under=0/s short=0.0% tone=0/s skips=0 under_total=31443
[07:54:21.000] up=12:51:07 [run] fps=60 cpu=10679us render=200us blit=1601us aud=0us | ls=J/FS conn=1 sof=46263414 usb=2 rpts=5571698 rfail=0 eperr=0 ints=0 | freezes=0 last=none badfps=5
[07:54:21.000] [aud] fill=4357 prod=48001/s want=48000/s srv=47992 under=0/s short=0.0% tone=0/s skips=0 under_total=31443
[07:55:21.000] up=12:52:07 [run] fps=60 cpu=10671us render=199us blit=1599us aud=0us | ls=J/FS conn=1 sof=46323418 usb=2 rpts=5578923 rfail=0 eperr=0 ints=0 | freezes=0 last=none badfps=5
[07:55:21.000] [aud] fill=4380 prod=48001/s want=48000/s srv=47991 under=0/s short=0.0% tone=0/s skips=0 under_total=31443
[07:56:21.000] up=12:53:07 [run] fps=60 cpu=10676us render=200us blit=1625us aud=0us | ls=J/FS conn=1 sof=46383422 usb=2 rpts=5586160 rfail=0 eperr=0 ints=0 | freezes=0 last=none badfps=5
[07:56:21.000] [aud] fill=4353 prod=48001/s want=48000/s srv=47992 under=0/s short=0.0% tone=0/s skips=0 under_total=31443
[07:57:21.000] up=12:54:07 [run] fps=60 cpu=10684us render=200us blit=1600us aud=1us | ls=J/FS conn=1 sof=46443425 usb=2 rpts=5593381 rfail=0 eperr=0 ints=0 | freezes=0 last=none badfps=5
[07:57:21.000] [aud] fill=4358 prod=48002/s want=48000/s srv=47992 under=0/s short=0.0% tone=0/s skips=0 under_total=31443
[07:58:21.000] up=12:55:07 [run] fps=60 cpu=10640us render=200us blit=1600us aud=1us | ls=J/FS conn=1 sof=46503429 usb=2 rpts=5600616 rfail=0 eperr=0 ints=0 | freezes=0 last=none badfps=5
[07:58:21.000] [aud] fill=4348 prod=48001/s want=48000/s srv=47992 under=0/s short=0.0% tone=0/s skips=0 under_total=31443
[07:59:21.000] up=12:56:07 [run] fps=60 cpu=10643us render=200us blit=1599us aud=1us | ls=J/FS conn=1 sof=46563433 usb=2 rpts=5607845 rfail=0 eperr=0 ints=0 | freezes=0 last=none badfps=5
[07:59:21.000] [aud] fill=4358 prod=48001/s want=48000/s srv=47992 under=0/s short=0.0% tone=0/s skips=0 under_total=31443
[08:00:21.000] up=12:57:07 [run] fps=60 cpu=10635us render=199us blit=1597us aud=1us | ls=J/FS conn=1 sof=46623436 usb=2 rpts=5615079 rfail=0 eperr=0 ints=0 | freezes=0 last=none badfps=5
[08:00:21.000] [aud] fill=4375 prod=48001/s want=48000/s srv=47991 under=0/s short=0.0% tone=0/s skips=0 under_total=31443
[08:01:21.000] up=12:58:07 [run] fps=60 cpu=10640us render=238us blit=1569us aud=1us | ls=J/FS conn=1 sof=46683440 usb=2 rpts=5622314 rfail=0 eperr=0 ints=0 | freezes=0 last=none badfps=5
[08:01:21.000] [aud] fill=4350 prod=48002/s want=48000/s srv=47992 under=0/s short=0.0% tone=0/s skips=0 under_total=31443
[08:02:21.000] up=12:59:07 [run] fps=60 cpu=10643us render=200us blit=1600us aud=1us | ls=J/FS conn=1 sof=46743443 usb=2 rpts=5629547 rfail=0 eperr=0 ints=0 | freezes=0 last=none badfps=5
[08:02:21.000] [aud] fill=4356 prod=48001/s want=48000/s srv=47992 under=0/s short=0.0% tone=0/s skips=0 under_total=31443
[08:03:21.000] up=13:00:07 [run] fps=60 cpu=10644us render=236us blit=1565us aud=0us | ls=J/FS conn=1 sof=46803447 usb=2 rpts=5636774 rfail=0 eperr=0 ints=0 | freezes=0 last=none badfps=5
[08:03:21.000] [aud] fill=4349 prod=48002/s want=48000/s srv=47992 under=0/s short=0.0% tone=0/s skips=0 under_total=31443
[08:04:21.000] up=13:01:07 [run] fps=60 cpu=10630us render=237us blit=1564us aud=0us | ls=J/FS conn=1 sof=46863451 usb=2 rpts=5643991 rfail=0 eperr=0 ints=0 | freezes=0 last=none badfps=5
[08:04:21.000] [aud] fill=4374 prod=48001/s want=48000/s srv=47991 under=0/s short=0.0% tone=0/s skips=0 under_total=31443
[08:05:21.000] up=13:02:07 [run] fps=60 cpu=10637us render=237us blit=1562us aud=1us | ls=J/FS conn=1 sof=46923454 usb=2 rpts=5651209 rfail=0 eperr=0 ints=0 | freezes=0 last=none badfps=5
[08:05:21.000] [aud] fill=4360 prod=48001/s want=48000/s srv=47992 under=0/s short=0.0% tone=0/s skips=0 under_total=31443
[08:06:21.000] up=13:03:07 [run] fps=60 cpu=10643us render=236us blit=1565us aud=0us | ls=J/FS conn=1 sof=46983458 usb=2 rpts=5658431 rfail=0 eperr=0 ints=0 | freezes=0 last=none badfps=5
[08:06:21.000] [aud] fill=4348 prod=48001/s want=48000/s srv=47992 under=0/s short=0.0% tone=0/s skips=0 under_total=31443
[08:07:21.000] up=13:04:07 [run] fps=60 cpu=10644us render=238us blit=1563us aud=0us | ls=J/FS conn=1 sof=47043461 usb=2 rpts=5665655 rfail=0 eperr=0 ints=0 | freezes=0 last=none badfps=5
[08:07:21.000] [aud] fill=4354 prod=48001/s want=48000/s srv=47992 under=0/s short=0.0% tone=0/s skips=0 under_total=31443
[08:08:21.000] up=13:05:07 [run] fps=60 cpu=10682us render=199us blit=1564us aud=0us | ls=J/FS conn=1 sof=47103466 usb=2 rpts=5672882 rfail=0 eperr=0 ints=0 | freezes=0 last=none badfps=5
[08:08:21.000] [aud] fill=4349 prod=48002/s want=48000/s srv=47992 under=0/s short=0.0% tone=0/s skips=0 under_total=31443
[08:09:21.000] up=13:06:07 [run] fps=60 cpu=10636us render=237us blit=1561us aud=0us | ls=J/FS conn=1 sof=47163469 usb=2 rpts=5680109 rfail=0 eperr=0 ints=0 | freezes=0 last=none badfps=5
[08:09:21.000] [aud] fill=4360 prod=48002/s want=48000/s srv=47992 under=0/s short=0.0% tone=0/s skips=0 under_total=31443
[08:10:21.000] up=13:07:07 [run] fps=60 cpu=10633us render=237us blit=1593us aud=1us | ls=J/FS conn=1 sof=47223472 usb=2 rpts=5687340 rfail=0 eperr=0 ints=0 | freezes=0 last=none badfps=5
[08:10:21.000] [aud] fill=4358 prod=48001/s want=48000/s srv=47992 under=0/s short=0.0% tone=0/s skips=0 under_total=31443
[08:11:21.000] up=13:08:07 [run] fps=60 cpu=10644us render=237us blit=1563us aud=1us | ls=J/FS conn=1 sof=47283476 usb=2 rpts=5694564 rfail=0 eperr=0 ints=0 | freezes=0 last=none badfps=5
[08:11:21.000] [aud] fill=4348 prod=48001/s want=48000/s srv=47992 under=0/s short=0.0% tone=0/s skips=0 under_total=31443
[08:12:21.000] up=13:09:07 [run] fps=60 cpu=10642us render=238us blit=1562us aud=1us | ls=J/FS conn=1 sof=47343479 usb=2 rpts=5701794 rfail=0 eperr=0 ints=0 | freezes=0 last=none badfps=5
[08:12:21.000] [aud] fill=4356 prod=48001/s want=48000/s srv=47992 under=0/s short=0.0% tone=0/s skips=0 under_total=31443
[08:13:21.000] up=13:10:07 [run] fps=60 cpu=10646us render=236us blit=1564us aud=1us | ls=J/FS conn=1 sof=47403483 usb=2 rpts=5709028 rfail=0 eperr=0 ints=0 | freezes=0 last=none badfps=5
[08:13:21.000] [aud] fill=4363 prod=48001/s want=48000/s srv=47992 under=0/s short=0.0% tone=0/s skips=0 under_total=31443
[08:14:21.000] up=13:11:07 [run] fps=60 cpu=10670us render=200us blit=1562us aud=0us | ls=J/FS conn=1 sof=47463488 usb=2 rpts=5716259 rfail=0 eperr=0 ints=0 | freezes=0 last=none badfps=5
[08:14:21.000] [aud] fill=4357 prod=48002/s want=48000/s srv=47992 under=0/s short=0.0% tone=0/s skips=0 under_total=31443
[08:15:21.000] up=13:12:07 [run] fps=60 cpu=10641us render=239us blit=1565us aud=0us | ls=J/FS conn=1 sof=47523490 usb=2 rpts=5723489 rfail=0 eperr=0 ints=0 | freezes=0 last=none badfps=5
[08:15:21.000] [aud] fill=4356 prod=48001/s want=48000/s srv=47992 under=0/s short=0.0% tone=0/s skips=0 under_total=31443
[08:16:21.000] up=13:13:07 [run] fps=60 cpu=10678us render=200us blit=1563us aud=0us | ls=J/FS conn=1 sof=47583495 usb=2 rpts=5730723 rfail=0 eperr=0 ints=0 | freezes=0 last=none badfps=5
[08:16:21.000] [aud] fill=4349 prod=48002/s want=48000/s srv=47992 under=0/s short=0.0% tone=0/s skips=0 under_total=31443
[08:17:21.000] up=13:14:07 [run] fps=60 cpu=10681us render=200us blit=1600us aud=1us | ls=J/FS conn=1 sof=47643499 usb=2 rpts=5737945 rfail=0 eperr=0 ints=0 | freezes=0 last=none badfps=5
[08:17:21.000] [aud] fill=4349 prod=48001/s want=48000/s srv=47992 under=0/s short=0.0% tone=0/s skips=0 under_total=31443
[08:18:21.000] up=13:15:07 [run] fps=60 cpu=10670us render=200us blit=1599us aud=1us | ls=J/FS conn=1 sof=47703502 usb=2 rpts=5745168 rfail=0 eperr=0 ints=0 | freezes=0 last=none badfps=5
[08:18:21.000] [aud] fill=4374 prod=48000/s want=48000/s srv=47992 under=0/s short=0.0% tone=0/s skips=0 under_total=31443
[08:19:21.000] up=13:16:07 [run] fps=60 cpu=10670us render=200us blit=1632us aud=1us | ls=J/FS conn=1 sof=47763506 usb=2 rpts=5752398 rfail=0 eperr=0 ints=0 | freezes=0 last=none badfps=5
[08:19:21.000] [aud] fill=4352 prod=48001/s want=48000/s srv=47992 under=0/s short=0.0% tone=0/s skips=0 under_total=31443
[08:20:21.000] up=13:17:07 [run] fps=60 cpu=10677us render=200us blit=1601us aud=1us | ls=J/FS conn=1 sof=47823509 usb=2 rpts=5759618 rfail=0 eperr=0 ints=0 | freezes=0 last=none badfps=5
[08:20:21.000] [aud] fill=4357 prod=48002/s want=48000/s srv=47992 under=0/s short=0.0% tone=0/s skips=0 under_total=31443
[08:21:21.000] up=13:18:07 [run] fps=60 cpu=10683us render=200us blit=1600us aud=0us | ls=J/FS conn=1 sof=47883513 usb=2 rpts=5766855 rfail=0 eperr=0 ints=0 | freezes=0 last=none badfps=5
[08:21:21.000] [aud] fill=4349 prod=47953/s want=48000/s srv=47992 under=0/s short=0.0% tone=0/s skips=0 under_total=31443
[08:22:21.000] up=13:19:07 [run] fps=60 cpu=10683us render=199us blit=1602us aud=1us | ls=J/FS conn=1 sof=47943517 usb=2 rpts=5774083 rfail=0 eperr=0 ints=0 | freezes=0 last=none badfps=5
[08:22:21.000] [aud] fill=4372 prod=48001/s want=48000/s srv=47992 under=0/s short=0.0% tone=0/s skips=0 under_total=31443
[08:23:21.000] up=13:20:07 [run] fps=60 cpu=10671us render=199us blit=1599us aud=0us | ls=J/FS conn=1 sof=48003520 usb=2 rpts=5781314 rfail=0 eperr=0 ints=0 | freezes=0 last=none badfps=5
[08:23:21.000] [aud] fill=4374 prod=48001/s want=48000/s srv=47992 under=0/s short=0.0% tone=0/s skips=0 under_total=31443
[08:24:21.000] up=13:21:07 [run] fps=60 cpu=10641us render=199us blit=1601us aud=1us | ls=J/FS conn=1 sof=48063524 usb=2 rpts=5788552 rfail=0 eperr=0 ints=0 | freezes=0 last=none badfps=5
[08:24:21.000] [aud] fill=4350 prod=48001/s want=48000/s srv=47992 under=0/s short=0.0% tone=0/s skips=0 under_total=31443
[08:25:21.000] up=13:22:07 [run] fps=60 cpu=10564us render=200us blit=1601us aud=0us | ls=J/FS conn=1 sof=48123527 usb=2 rpts=5795774 rfail=0 eperr=0 ints=0 | freezes=0 last=none badfps=5
[08:25:21.000] [aud] fill=4358 prod=48002/s want=48000/s srv=47992 under=0/s short=0.0% tone=0/s skips=0 under_total=31443
[08:26:21.000] up=13:23:07 [run] fps=60 cpu=10641us render=200us blit=1599us aud=1us | ls=J/FS conn=1 sof=48183531 usb=2 rpts=5803002 rfail=0 eperr=0 ints=0 | freezes=0 last=none badfps=5
[08:26:21.000] [aud] fill=4350 prod=48001/s want=48000/s srv=47992 under=0/s short=0.0% tone=0/s skips=0 under_total=31443
[08:27:21.000] up=13:24:07 [run] fps=60 cpu=10635us render=200us blit=1599us aud=1us | ls=J/FS conn=1 sof=48243535 usb=2 rpts=5810231 rfail=0 eperr=0 ints=0 | freezes=0 last=none badfps=5
[08:27:21.000] [aud] fill=4363 prod=48001/s want=48000/s srv=47992 under=0/s short=0.0% tone=0/s skips=0 under_total=31443
[08:28:21.000] up=13:25:07 [run] fps=60 cpu=10631us render=200us blit=1614us aud=1us | ls=J/FS conn=1 sof=48303538 usb=2 rpts=5817466 rfail=0 eperr=0 ints=0 | freezes=0 last=none badfps=5
[08:28:21.000] [aud] fill=4360 prod=48001/s want=48000/s srv=47992 under=0/s short=0.0% tone=0/s skips=0 under_total=31443
[08:29:21.000] up=13:26:07 [run] fps=60 cpu=10645us render=237us blit=1562us aud=1us | ls=J/FS conn=1 sof=48363542 usb=2 rpts=5824688 rfail=0 eperr=0 ints=0 | freezes=0 last=none badfps=5
[08:29:21.000] [aud] fill=4347 prod=48002/s want=48000/s srv=47992 under=0/s short=0.0% tone=0/s skips=0 under_total=31443
[08:30:21.000] up=13:27:07 [run] fps=60 cpu=10640us render=237us blit=1562us aud=1us | ls=J/FS conn=1 sof=48423545 usb=2 rpts=5831912 rfail=0 eperr=0 ints=0 | freezes=0 last=none badfps=5
[08:30:21.000] [aud] fill=4355 prod=48002/s want=48000/s srv=47992 under=0/s short=0.0% tone=0/s skips=0 under_total=31443
[08:31:21.000] up=13:28:07 [run] fps=60 cpu=10682us render=199us blit=1562us aud=1us | ls=J/FS conn=1 sof=48483550 usb=2 rpts=5839137 rfail=0 eperr=0 ints=0 | freezes=0 last=none badfps=5
[08:31:21.000] [aud] fill=4348 prod=48001/s want=48000/s srv=47992 under=0/s short=0.0% tone=0/s skips=0 under_total=31443
[08:32:21.000] up=13:29:07 [run] fps=60 cpu=10672us render=199us blit=1560us aud=1us | ls=J/FS conn=1 sof=48543554 usb=2 rpts=5846366 rfail=0 eperr=0 ints=0 | freezes=0 last=none badfps=5
[08:32:21.000] [aud] fill=4360 prod=48001/s want=48000/s srv=47992 under=0/s short=0.0% tone=0/s skips=0 under_total=31443
[08:33:21.000] up=13:30:07 [run] fps=60 cpu=10681us render=201us blit=1578us aud=1us | ls=J/FS conn=1 sof=48603557 usb=2 rpts=5853590 rfail=0 eperr=0 ints=0 | freezes=0 last=none badfps=5
[08:33:21.000] [aud] fill=4358 prod=48001/s want=48000/s srv=47992 under=0/s short=0.0% tone=0/s skips=0 under_total=31443
[08:34:21.000] up=13:31:07 [run] fps=60 cpu=10688us render=199us blit=1564us aud=1us | ls=J/FS conn=1 sof=48663561 usb=2 rpts=5860820 rfail=0 eperr=0 ints=0 | freezes=0 last=none badfps=5
[08:34:21.000] [aud] fill=4350 prod=48002/s want=48000/s srv=47992 under=0/s short=0.0% tone=0/s skips=0 under_total=31443
[08:35:21.000] up=13:32:07 [run] fps=60 cpu=10688us render=200us blit=1562us aud=0us | ls=J/FS conn=1 sof=48723565 usb=2 rpts=5868051 rfail=0 eperr=0 ints=0 | freezes=0 last=none badfps=5
[08:35:21.000] [aud] fill=4350 prod=48001/s want=48000/s srv=47992 under=0/s short=0.0% tone=0/s skips=0 under_total=31443
[08:36:21.000] up=13:33:07 [run] fps=60 cpu=10646us render=238us blit=1563us aud=0us | ls=J/FS conn=1 sof=48783567 usb=2 rpts=5875274 rfail=0 eperr=0 ints=0 | freezes=0 last=none badfps=5
[08:36:21.000] [aud] fill=4391 prod=48000/s want=48000/s srv=47991 under=0/s short=0.0% tone=0/s skips=0 under_total=31443
[08:37:21.000] up=13:34:07 [run] fps=60 cpu=10637us render=237us blit=1572us aud=1us | ls=J/FS conn=1 sof=48843571 usb=2 rpts=5882492 rfail=0 eperr=0 ints=0 | freezes=0 last=none badfps=5
[08:37:21.000] [aud] fill=4356 prod=48001/s want=48000/s srv=47992 under=0/s short=0.0% tone=0/s skips=0 under_total=31443
[08:38:21.000] up=13:35:07 [run] fps=60 cpu=10646us render=237us blit=1562us aud=1us | ls=J/FS conn=1 sof=48903574 usb=2 rpts=5889718 rfail=0 eperr=0 ints=0 | freezes=0 last=none badfps=5
[08:38:21.000] [aud] fill=4356 prod=48001/s want=48000/s srv=47992 under=0/s short=0.0% tone=0/s skips=0 under_total=31443
[08:39:21.000] up=13:36:07 [run] fps=60 cpu=10650us render=237us blit=1564us aud=1us | ls=J/FS conn=1 sof=48963578 usb=2 rpts=5896938 rfail=0 eperr=0 ints=0 | freezes=0 last=none badfps=5
[08:39:21.000] [aud] fill=4348 prod=48001/s want=48000/s srv=47992 under=0/s short=0.0% tone=0/s skips=0 under_total=31443
[08:40:21.000] up=13:37:07 [run] fps=60 cpu=10687us render=199us blit=1563us aud=1us | ls=J/FS conn=1 sof=49023583 usb=2 rpts=5904165 rfail=0 eperr=0 ints=0 | freezes=0 last=none badfps=5
[08:40:21.000] [aud] fill=4347 prod=48001/s want=48000/s srv=47992 under=0/s short=0.0% tone=0/s skips=0 under_total=31443
[08:41:21.000] up=13:38:07 [run] fps=60 cpu=10639us render=236us blit=1562us aud=0us | ls=J/FS conn=1 sof=49083585 usb=2 rpts=5911398 rfail=0 eperr=0 ints=0 | freezes=0 last=none badfps=5
[08:41:21.000] [aud] fill=4373 prod=48001/s want=48000/s srv=47992 under=0/s short=0.0% tone=0/s skips=0 under_total=31443
[08:42:21.000] up=13:39:07 [run] fps=60 cpu=10681us render=202us blit=1582us aud=1us | ls=J/FS conn=1 sof=49143590 usb=2 rpts=5918631 rfail=0 eperr=0 ints=0 | freezes=0 last=none badfps=5
[08:42:21.000] [aud] fill=4350 prod=48001/s want=48000/s srv=47992 under=0/s short=0.0% tone=0/s skips=0 under_total=31443
[08:43:21.000] up=13:40:07 [run] fps=60 cpu=10686us render=200us blit=1564us aud=1us | ls=J/FS conn=1 sof=49203593 usb=2 rpts=5925859 rfail=0 eperr=0 ints=0 | freezes=0 last=none badfps=5
[08:43:21.000] [aud] fill=4357 prod=48002/s want=48000/s srv=47992 under=0/s short=0.0% tone=0/s skips=0 under_total=31443
[08:44:21.000] up=13:41:07 [run] fps=60 cpu=10685us render=199us blit=1601us aud=0us | ls=J/FS conn=1 sof=49263597 usb=2 rpts=5933082 rfail=0 eperr=0 ints=0 | freezes=0 last=none badfps=5
[08:44:21.000] [aud] fill=4349 prod=48001/s want=48000/s srv=47992 under=0/s short=0.0% tone=0/s skips=0 under_total=31443
[08:45:21.000] up=13:42:07 [run] fps=60 cpu=10682us render=200us blit=1600us aud=0us | ls=J/FS conn=1 sof=49323601 usb=2 rpts=5940305 rfail=0 eperr=0 ints=0 | freezes=0 last=none badfps=5
[08:45:21.000] [aud] fill=4385 prod=48000/s want=48000/s srv=47991 under=0/s short=0.0% tone=0/s skips=0 under_total=31443
[08:46:21.000] up=13:43:07 [run] fps=60 cpu=10678us render=200us blit=1598us aud=0us | ls=J/FS conn=1 sof=49383604 usb=2 rpts=5947528 rfail=0 eperr=0 ints=0 | freezes=0 last=none badfps=5
[08:46:21.000] [aud] fill=4368 prod=48001/s want=48000/s srv=47992 under=0/s short=0.0% tone=0/s skips=0 under_total=31443
[08:47:21.000] up=13:44:07 [run] fps=60 cpu=10682us render=199us blit=1601us aud=1us | ls=J/FS conn=1 sof=49443608 usb=2 rpts=5954766 rfail=0 eperr=0 ints=0 | freezes=0 last=none badfps=5
[08:47:21.000] [aud] fill=4350 prod=48001/s want=48000/s srv=47992 under=0/s short=0.0% tone=0/s skips=0 under_total=31443
[08:48:21.000] up=13:45:07 [run] fps=60 cpu=10678us render=199us blit=1601us aud=0us | ls=J/FS conn=1 sof=49503611 usb=2 rpts=5961996 rfail=0 eperr=0 ints=0 | freezes=0 last=none badfps=5
[08:48:21.000] [aud] fill=4357 prod=48001/s want=48000/s srv=47992 under=0/s short=0.0% tone=0/s skips=0 under_total=31443
[08:49:21.000] up=13:46:07 [run] fps=60 cpu=10680us render=200us blit=1601us aud=1us | ls=J/FS conn=1 sof=49563614 usb=2 rpts=5969219 rfail=0 eperr=0 ints=0 | freezes=0 last=none badfps=5
[08:49:21.000] [aud] fill=4360 prod=48002/s want=48000/s srv=47992 under=0/s short=0.0% tone=0/s skips=0 under_total=31443
[08:50:21.000] up=13:47:07 [run] fps=60 cpu=10668us render=200us blit=1598us aud=1us | ls=J/FS conn=1 sof=49623618 usb=2 rpts=5976437 rfail=0 eperr=0 ints=0 | freezes=0 last=none badfps=5
[08:50:21.000] [aud] fill=4374 prod=48000/s want=48000/s srv=47992 under=0/s short=0.0% tone=0/s skips=0 under_total=31443
[08:51:21.000] up=13:48:07 [run] fps=60 cpu=10670us render=199us blit=1607us aud=1us | ls=J/FS conn=1 sof=49683621 usb=2 rpts=5983664 rfail=0 eperr=0 ints=0 | freezes=0 last=none badfps=5
[08:51:21.000] [aud] fill=4364 prod=48001/s want=48000/s srv=47992 under=0/s short=0.0% tone=0/s skips=0 under_total=31443
[08:52:21.000] up=13:49:07 [run] fps=60 cpu=10680us render=199us blit=1601us aud=1us | ls=J/FS conn=1 sof=49743625 usb=2 rpts=5990891 rfail=0 eperr=0 ints=0 | freezes=0 last=none badfps=5
[08:52:21.000] [aud] fill=4351 prod=48001/s want=48000/s srv=47992 under=0/s short=0.0% tone=0/s skips=0 under_total=31443
[08:53:21.000] up=13:50:07 [run] fps=60 cpu=10681us render=200us blit=1599us aud=1us | ls=J/FS conn=1 sof=49803629 usb=2 rpts=5998124 rfail=0 eperr=0 ints=0 | freezes=0 last=none badfps=5
[08:53:21.000] [aud] fill=4349 prod=48001/s want=48000/s srv=47992 under=0/s short=0.0% tone=0/s skips=0 under_total=31443
[08:54:21.000] up=13:51:07 [run] fps=60 cpu=10681us render=199us blit=1601us aud=1us | ls=J/FS conn=1 sof=49863632 usb=2 rpts=6005352 rfail=0 eperr=0 ints=0 | freezes=0 last=none badfps=5
[08:54:21.000] [aud] fill=4358 prod=48001/s want=48000/s srv=47992 under=0/s short=0.0% tone=0/s skips=0 under_total=31443
[08:55:21.000] up=13:52:07 [run] fps=60 cpu=10671us render=199us blit=1599us aud=0us | ls=J/FS conn=1 sof=49923636 usb=2 rpts=6012574 rfail=0 eperr=0 ints=0 | freezes=0 last=none badfps=5
[08:55:21.000] [aud] fill=4360 prod=48002/s want=48000/s srv=47992 under=0/s short=0.0% tone=0/s skips=0 under_total=31443
[08:56:21.000] up=13:53:07 [run] fps=60 cpu=10665us render=201us blit=1630us aud=0us | ls=J/FS conn=1 sof=49983639 usb=2 rpts=6019801 rfail=0 eperr=0 ints=0 | freezes=0 last=none badfps=5
[08:56:21.000] [aud] fill=4359 prod=48001/s want=48000/s srv=47992 under=0/s short=0.0% tone=0/s skips=0 under_total=31443
[08:57:21.000] up=13:54:07 [run] fps=60 cpu=10682us render=200us blit=1600us aud=1us | ls=J/FS conn=1 sof=50043643 usb=2 rpts=6027021 rfail=0 eperr=0 ints=0 | freezes=0 last=none badfps=5
[08:57:21.000] [aud] fill=4349 prod=48002/s want=48000/s srv=47992 under=0/s short=0.0% tone=0/s skips=0 under_total=31443
[08:58:21.000] up=13:55:07 [run] fps=60 cpu=10640us render=200us blit=1601us aud=0us | ls=J/FS conn=1 sof=50103647 usb=2 rpts=6034251 rfail=0 eperr=0 ints=0 | freezes=0 last=none badfps=5
[08:58:21.000] [aud] fill=4350 prod=48002/s want=48000/s srv=47992 under=0/s short=0.0% tone=0/s skips=0 under_total=31443
[08:59:21.000] up=13:56:07 [run] fps=60 cpu=10646us render=201us blit=1599us aud=1us | ls=J/FS conn=1 sof=50163650 usb=2 rpts=6041478 rfail=0 eperr=0 ints=0 | freezes=0 last=none badfps=5
[08:59:21.000] [aud] fill=4379 prod=48002/s want=48000/s srv=47992 under=0/s short=0.0% tone=0/s skips=0 under_total=31443
[09:00:21.000] up=13:57:07 [run] fps=60 cpu=10630us render=199us blit=1599us aud=1us | ls=J/FS conn=1 sof=50223654 usb=2 rpts=6048704 rfail=0 eperr=0 ints=0 | freezes=0 last=none badfps=5
[09:00:21.000] [aud] fill=4361 prod=48002/s want=48000/s srv=47992 under=0/s short=0.0% tone=0/s skips=0 under_total=31443
[09:01:21.000] up=13:58:07 [run] fps=60 cpu=10641us render=201us blit=1600us aud=1us | ls=J/FS conn=1 sof=50283657 usb=2 rpts=6055932 rfail=0 eperr=0 ints=0 | freezes=0 last=none badfps=5
[09:01:21.000] [aud] fill=4358 prod=48002/s want=48000/s srv=47992 under=0/s short=0.0% tone=0/s skips=0 under_total=31443
[09:02:21.000] up=13:59:07 [run] fps=60 cpu=10641us render=199us blit=1601us aud=1us | ls=J/FS conn=1 sof=50343661 usb=2 rpts=6063154 rfail=0 eperr=0 ints=0 | freezes=0 last=none badfps=5
[09:02:21.000] [aud] fill=4351 prod=48001/s want=48000/s srv=47992 under=0/s short=0.0% tone=0/s skips=0 under_total=31443
[09:03:21.000] up=14:00:07 [run] fps=60 cpu=10669us render=200us blit=1599us aud=1us | ls=J/FS conn=1 sof=50403671 usb=2 rpts=6070391 rfail=0 eperr=0 ints=0 | freezes=0 last=none badfps=5
[09:03:21.000] [aud] fill=4316 prod=48002/s want=48000/s srv=47993 under=0/s short=0.0% tone=0/s skips=0 under_total=31443
[09:04:21.000] up=14:01:07 [run] fps=60 cpu=10684us render=201us blit=1603us aud=0us | ls=J/FS conn=1 sof=50463674 usb=2 rpts=6077620 rfail=0 eperr=0 ints=0 | freezes=0 last=none badfps=5
[09:04:21.000] [aud] fill=4352 prod=48001/s want=48000/s srv=47992 under=0/s short=0.0% tone=0/s skips=0 under_total=31443
[09:05:21.000] up=14:02:07 [run] fps=60 cpu=10680us render=199us blit=1601us aud=0us | ls=J/FS conn=1 sof=50523678 usb=2 rpts=6084842 rfail=0 eperr=0 ints=0 | freezes=0 last=none badfps=5
[09:05:21.000] [aud] fill=4349 prod=48001/s want=48000/s srv=47992 under=0/s short=0.0% tone=0/s skips=0 under_total=31443
[09:06:21.000] up=14:03:07 [run] fps=60 cpu=10681us render=200us blit=1600us aud=0us | ls=J/FS conn=1 sof=50583682 usb=2 rpts=6092071 rfail=0 eperr=0 ints=0 | freezes=0 last=none badfps=5
[09:06:21.000] [aud] fill=4350 prod=48002/s want=48000/s srv=47992 under=0/s short=0.0% tone=0/s skips=0 under_total=31443
[09:07:21.000] up=14:04:07 [run] fps=60 cpu=10675us render=199us blit=1600us aud=0us | ls=J/FS conn=1 sof=50643685 usb=2 rpts=6099294 rfail=0 eperr=0 ints=0 | freezes=0 last=none badfps=5
[09:07:21.000] [aud] fill=4382 prod=48000/s want=48000/s srv=47991 under=0/s short=0.0% tone=0/s skips=0 under_total=31443
[09:08:21.000] up=14:05:07 [run] fps=60 cpu=10670us render=199us blit=1628us aud=1us | ls=J/FS conn=1 sof=50703689 usb=2 rpts=6106525 rfail=0 eperr=0 ints=0 | freezes=0 last=none badfps=5
[09:08:21.000] [aud] fill=4352 prod=48002/s want=48000/s srv=47992 under=0/s short=0.0% tone=0/s skips=0 under_total=31443
[09:09:21.000] up=14:06:07 [run] fps=60 cpu=10680us render=200us blit=1600us aud=1us | ls=J/FS conn=1 sof=50763692 usb=2 rpts=6113758 rfail=0 eperr=0 ints=0 | freezes=0 last=none badfps=5
[09:09:21.000] [aud] fill=4357 prod=48001/s want=48000/s srv=47992 under=0/s short=0.0% tone=0/s skips=0 under_total=31443
[09:10:21.000] up=14:07:07 [run] fps=60 cpu=10679us render=200us blit=1599us aud=1us | ls=J/FS conn=1 sof=50823696 usb=2 rpts=6120989 rfail=0 eperr=0 ints=0 | freezes=0 last=none badfps=5
[09:10:21.000] [aud] fill=4350 prod=48002/s want=48000/s srv=47992 under=0/s short=0.0% tone=0/s skips=0 under_total=31443
[09:11:21.000] up=14:08:07 [run] fps=60 cpu=10682us render=199us blit=1600us aud=1us | ls=J/FS conn=1 sof=50883700 usb=2 rpts=6128221 rfail=0 eperr=0 ints=0 | freezes=0 last=none badfps=5
[09:11:21.000] [aud] fill=4362 prod=48001/s want=48000/s srv=47992 under=0/s short=0.0% tone=0/s skips=0 under_total=31443
[09:12:21.000] up=14:09:07 [run] fps=60 cpu=10672us render=199us blit=1598us aud=1us | ls=J/FS conn=1 sof=50943703 usb=2 rpts=6135453 rfail=0 eperr=0 ints=0 | freezes=0 last=none badfps=5
[09:12:21.000] [aud] fill=4375 prod=48001/s want=48000/s srv=47992 under=0/s short=0.0% tone=0/s skips=0 under_total=31443
[09:13:21.000] up=14:10:07 [run] fps=60 cpu=10675us render=201us blit=1603us aud=1us | ls=J/FS conn=1 sof=51003707 usb=2 rpts=6142674 rfail=0 eperr=0 ints=0 | freezes=0 last=none badfps=5
[09:13:21.000] [aud] fill=4350 prod=48001/s want=48000/s srv=47992 under=0/s short=0.0% tone=0/s skips=0 under_total=31443
[09:14:21.000] up=14:11:07 [run] fps=60 cpu=10681us render=200us blit=1600us aud=0us | ls=J/FS conn=1 sof=51063710 usb=2 rpts=6149899 rfail=0 eperr=0 ints=0 | freezes=0 last=none badfps=5
[09:14:21.000] [aud] fill=4356 prod=48001/s want=48000/s srv=47992 under=0/s short=0.0% tone=0/s skips=0 under_total=31443
[09:15:21.000] up=14:12:07 [run] fps=60 cpu=10683us render=200us blit=1600us aud=1us | ls=J/FS conn=1 sof=51123714 usb=2 rpts=6157122 rfail=0 eperr=0 ints=0 | freezes=0 last=none badfps=5
[09:15:21.000] [aud] fill=4349 prod=48001/s want=48000/s srv=47992 under=0/s short=0.0% tone=0/s skips=0 under_total=31443
[09:16:21.000] up=14:13:07 [run] fps=60 cpu=10670us render=200us blit=1561us aud=1us | ls=J/FS conn=1 sof=51183720 usb=2 rpts=6164352 rfail=0 eperr=0 ints=0 | freezes=0 last=none badfps=6
[09:16:21.000] [aud] fill=4216 prod=48006/s want=48000/s srv=47996 under=0/s short=0.0% tone=0/s skips=0 under_total=31443
[09:17:21.000] up=14:14:07 [run] fps=60 cpu=10633us render=236us blit=1595us aud=1us | ls=J/FS conn=1 sof=51243722 usb=2 rpts=6171578 rfail=0 eperr=0 ints=0 | freezes=0 last=none badfps=6
[09:17:21.000] [aud] fill=4341 prod=48002/s want=48000/s srv=47993 under=0/s short=0.0% tone=0/s skips=0 under_total=31443
[09:18:21.000] up=14:15:07 [run] fps=60 cpu=10645us render=237us blit=1563us aud=1us | ls=J/FS conn=1 sof=51303726 usb=2 rpts=6178802 rfail=0 eperr=0 ints=0 | freezes=0 last=none badfps=6
[09:18:21.000] [aud] fill=4346 prod=48001/s want=48000/s srv=47992 under=0/s short=0.0% tone=0/s skips=0 under_total=31443
[09:19:21.000] up=14:16:07 [run] fps=60 cpu=10642us render=237us blit=1563us aud=1us | ls=J/FS conn=1 sof=51363729 usb=2 rpts=6186026 rfail=0 eperr=0 ints=0 | freezes=0 last=none badfps=6
[09:19:21.000] [aud] fill=4354 prod=48002/s want=48000/s srv=47992 under=0/s short=0.0% tone=0/s skips=0 under_total=31443
[09:20:21.000] up=14:17:07 [run] fps=60 cpu=10643us render=237us blit=1565us aud=0us | ls=J/FS conn=1 sof=51423733 usb=2 rpts=6193257 rfail=0 eperr=0 ints=0 | freezes=0 last=none badfps=6
[09:20:21.000] [aud] fill=4370 prod=48002/s want=48000/s srv=47992 under=0/s short=0.0% tone=0/s skips=0 under_total=31443
[09:21:21.000] up=14:18:07 [run] fps=60 cpu=10671us render=200us blit=1562us aud=0us | ls=J/FS conn=1 sof=51483738 usb=2 rpts=6200490 rfail=0 eperr=0 ints=0 | freezes=0 last=none badfps=6
[09:21:21.000] [aud] fill=4361 prod=48002/s want=48000/s srv=47992 under=0/s short=0.0% tone=0/s skips=0 under_total=31443
[09:22:21.000] up=14:19:07 [run] fps=60 cpu=10642us render=238us blit=1565us aud=0us | ls=J/FS conn=1 sof=51543740 usb=2 rpts=6207711 rfail=0 eperr=0 ints=0 | freezes=0 last=none badfps=6
[09:22:21.000] [aud] fill=4357 prod=48002/s want=48000/s srv=47992 under=0/s short=0.0% tone=0/s skips=0 under_total=31443
[09:23:21.000] up=14:20:07 [run] fps=60 cpu=10676us render=200us blit=1565us aud=1us | ls=J/FS conn=1 sof=51603745 usb=2 rpts=6214944 rfail=0 eperr=0 ints=0 | freezes=0 last=none badfps=6
[09:23:21.000] [aud] fill=4350 prod=48001/s want=48000/s srv=47992 under=0/s short=0.0% tone=0/s skips=0 under_total=31443
[09:24:21.000] up=14:21:07 [run] fps=60 cpu=10684us render=199us blit=1563us aud=1us | ls=J/FS conn=1 sof=51663749 usb=2 rpts=6222175 rfail=0 eperr=0 ints=0 | freezes=0 last=none badfps=6
[09:24:21.000] [aud] fill=4349 prod=48001/s want=48000/s srv=47992 under=0/s short=0.0% tone=0/s skips=0 under_total=31443
[09:25:21.000] up=14:22:07 [run] fps=60 cpu=10671us render=201us blit=1563us aud=0us | ls=J/FS conn=1 sof=51723752 usb=2 rpts=6229406 rfail=0 eperr=0 ints=0 | freezes=0 last=none badfps=6
[09:25:21.000] [aud] fill=4378 prod=48001/s want=48000/s srv=47991 under=0/s short=0.0% tone=0/s skips=0 under_total=31443
[09:26:21.000] up=14:23:07 [run] fps=60 cpu=10667us render=199us blit=1593us aud=1us | ls=J/FS conn=1 sof=51783756 usb=2 rpts=6236638 rfail=0 eperr=0 ints=0 | freezes=0 last=none badfps=6
[09:26:21.000] [aud] fill=4352 prod=48002/s want=48000/s srv=47992 under=0/s short=0.0% tone=0/s skips=0 under_total=31443
[09:27:21.000] up=14:24:07 [run] fps=60 cpu=10677us render=200us blit=1564us aud=0us | ls=J/FS conn=1 sof=51843759 usb=2 rpts=6243867 rfail=0 eperr=0 ints=0 | freezes=0 last=none badfps=6
[09:27:21.000] [aud] fill=4356 prod=48002/s want=48000/s srv=47992 under=0/s short=0.0% tone=0/s skips=0 under_total=31443
[09:28:21.000] up=14:25:07 [run] fps=60 cpu=10641us render=236us blit=1564us aud=1us | ls=J/FS conn=1 sof=51903762 usb=2 rpts=6251099 rfail=0 eperr=0 ints=0 | freezes=0 last=none badfps=6
[09:28:21.000] [aud] fill=4348 prod=48002/s want=48000/s srv=47992 under=0/s short=0.0% tone=0/s skips=0 under_total=31443
[09:29:21.000] up=14:26:07 [run] fps=60 cpu=10681us render=199us blit=1600us aud=1us | ls=J/FS conn=1 sof=51963767 usb=2 rpts=6258323 rfail=0 eperr=0 ints=0 | freezes=0 last=none badfps=6
[09:29:21.000] [aud] fill=4363 prod=48001/s want=48000/s srv=47992 under=0/s short=0.0% tone=0/s skips=0 under_total=31443
[09:30:21.000] up=14:27:07 [run] fps=60 cpu=10674us render=200us blit=1562us aud=1us | ls=J/FS conn=1 sof=52023770 usb=2 rpts=6265557 rfail=0 eperr=0 ints=0 | freezes=0 last=none badfps=6
[09:30:21.000] [aud] fill=4374 prod=48001/s want=48000/s srv=47991 under=0/s short=0.0% tone=0/s skips=0 under_total=31443
[09:31:21.000] up=14:28:07 [run] fps=60 cpu=10674us render=201us blit=1569us aud=1us | ls=J/FS conn=1 sof=52083774 usb=2 rpts=6272782 rfail=0 eperr=0 ints=0 | freezes=0 last=none badfps=6
[09:31:21.000] [aud] fill=4351 prod=48001/s want=48000/s srv=47992 under=0/s short=0.0% tone=0/s skips=0 under_total=31443
[09:32:21.000] up=14:29:07 [run] fps=60 cpu=10679us render=199us blit=1565us aud=1us | ls=J/FS conn=1 sof=52143777 usb=2 rpts=6280017 rfail=0 eperr=0 ints=0 | freezes=0 last=none badfps=6
[09:32:21.000] [aud] fill=4358 prod=48002/s want=48000/s srv=47992 under=0/s short=0.0% tone=0/s skips=0 under_total=31443
[09:33:21.000] up=14:30:07 [run] fps=60 cpu=10680us render=199us blit=1601us aud=1us | ls=J/FS conn=1 sof=52203781 usb=2 rpts=6287235 rfail=0 eperr=0 ints=0 | freezes=0 last=none badfps=6
[09:33:21.000] [aud] fill=4349 prod=48002/s want=48000/s srv=47992 under=0/s short=0.0% tone=0/s skips=0 under_total=31443
[09:34:21.000] up=14:31:07 [run] fps=60 cpu=10672us render=200us blit=1599us aud=0us | ls=J/FS conn=1 sof=52263785 usb=2 rpts=6294465 rfail=0 eperr=0 ints=0 | freezes=0 last=none badfps=6
[09:34:21.000] [aud] fill=4374 prod=48000/s want=48000/s srv=47991 under=0/s short=0.0% tone=0/s skips=0 under_total=31443
[09:35:21.000] up=14:32:08 [run] fps=60 cpu=10670us render=200us blit=1604us aud=1us | ls=J/FS conn=1 sof=52323788 usb=2 rpts=6301698 rfail=0 eperr=0 ints=0 | freezes=0 last=none badfps=6
[09:35:21.000] [aud] fill=4362 prod=48002/s want=48000/s srv=47992 under=0/s short=0.0% tone=0/s skips=0 under_total=31443
[09:36:21.000] up=14:33:08 [run] fps=60 cpu=10682us render=199us blit=1600us aud=0us | ls=J/FS conn=1 sof=52383792 usb=2 rpts=6308930 rfail=0 eperr=0 ints=0 | freezes=0 last=none badfps=6
[09:36:21.000] [aud] fill=4351 prod=48001/s want=48000/s srv=47992 under=0/s short=0.0% tone=0/s skips=0 under_total=31443
[09:37:21.000] up=14:34:08 [run] fps=60 cpu=10677us render=199us blit=1601us aud=1us | ls=J/FS conn=1 sof=52443795 usb=2 rpts=6316164 rfail=0 eperr=0 ints=0 | freezes=0 last=none badfps=6
[09:37:21.000] [aud] fill=4357 prod=47953/s want=48000/s srv=47992 under=0/s short=0.0% tone=0/s skips=0 under_total=31443
[09:38:21.000] up=14:35:08 [run] fps=60 cpu=10680us render=200us blit=1600us aud=1us | ls=J/FS conn=1 sof=52503799 usb=2 rpts=6323388 rfail=0 eperr=0 ints=0 | freezes=0 last=none badfps=6
[09:38:21.000] [aud] fill=4349 prod=48001/s want=48000/s srv=47992 under=0/s short=0.0% tone=0/s skips=0 under_total=31443
[09:39:21.000] up=14:36:08 [run] fps=60 cpu=10635us render=200us blit=1599us aud=0us | ls=J/FS conn=1 sof=52563803 usb=2 rpts=6330620 rfail=0 eperr=0 ints=0 | freezes=0 last=none badfps=6
[09:39:21.000] [aud] fill=4360 prod=48001/s want=48000/s srv=47992 under=0/s short=0.0% tone=0/s skips=0 under_total=31443
[09:40:21.000] up=14:37:08 [run] fps=60 cpu=10632us render=202us blit=1625us aud=1us | ls=J/FS conn=1 sof=52623806 usb=2 rpts=6337853 rfail=0 eperr=0 ints=0 | freezes=0 last=none badfps=6
[09:40:21.000] [aud] fill=4358 prod=48001/s want=48000/s srv=47992 under=0/s short=0.0% tone=0/s skips=0 under_total=31443
[09:41:21.000] up=14:38:08 [run] fps=60 cpu=10639us render=237us blit=1564us aud=1us | ls=J/FS conn=1 sof=52683810 usb=2 rpts=6345084 rfail=0 eperr=0 ints=0 | freezes=0 last=none badfps=6
[09:41:21.000] [aud] fill=4349 prod=48002/s want=48000/s srv=47992 under=0/s short=0.0% tone=0/s skips=0 under_total=31443
[09:42:21.000] up=14:39:08 [run] fps=60 cpu=10682us render=200us blit=1600us aud=0us | ls=J/FS conn=1 sof=52743815 usb=2 rpts=6352303 rfail=0 eperr=0 ints=0 | freezes=0 last=none badfps=6
[09:42:21.000] [aud] fill=4345 prod=48001/s want=48000/s srv=47992 under=0/s short=0.0% tone=0/s skips=0 under_total=31443
[09:43:21.000] up=14:40:08 [run] fps=60 cpu=10674us render=200us blit=1561us aud=0us | ls=J/FS conn=1 sof=52803818 usb=2 rpts=6359532 rfail=0 eperr=0 ints=0 | freezes=0 last=none badfps=6
[09:43:21.000] [aud] fill=4393 prod=48001/s want=48000/s srv=47991 under=0/s short=0.0% tone=0/s skips=0 under_total=31443
[09:44:21.000] up=14:41:08 [run] fps=60 cpu=10671us render=199us blit=1576us aud=0us | ls=J/FS conn=1 sof=52863822 usb=2 rpts=6366756 rfail=0 eperr=0 ints=0 | freezes=0 last=none badfps=6
[09:44:21.000] [aud] fill=4357 prod=48001/s want=48000/s srv=47992 under=0/s short=0.0% tone=0/s skips=0 under_total=31443
[09:45:21.000] up=14:42:08 [run] fps=60 cpu=10679us render=200us blit=1563us aud=1us | ls=J/FS conn=1 sof=52923825 usb=2 rpts=6373983 rfail=0 eperr=0 ints=0 | freezes=0 last=none badfps=6
[09:45:21.000] [aud] fill=4357 prod=48001/s want=48000/s srv=47992 under=0/s short=0.0% tone=0/s skips=0 under_total=31443
[09:46:21.000] up=14:43:08 [run] fps=60 cpu=10680us render=200us blit=1563us aud=1us | ls=J/FS conn=1 sof=52983829 usb=2 rpts=6381212 rfail=0 eperr=0 ints=0 | freezes=0 last=none badfps=6
[09:46:21.000] [aud] fill=4350 prod=48002/s want=48000/s srv=47992 under=0/s short=0.0% tone=0/s skips=0 under_total=31443
[09:47:21.000] up=14:44:08 [run] fps=60 cpu=10681us render=200us blit=1600us aud=0us | ls=J/FS conn=1 sof=53043833 usb=2 rpts=6388437 rfail=0 eperr=0 ints=0 | freezes=0 last=none badfps=6
[09:47:21.000] [aud] fill=4349 prod=48001/s want=48000/s srv=47992 under=0/s short=0.0% tone=0/s skips=0 under_total=31443
[09:48:21.000] up=14:45:08 [run] fps=60 cpu=10678us render=199us blit=1560us aud=1us | ls=J/FS conn=1 sof=53103836 usb=2 rpts=6395665 rfail=0 eperr=0 ints=0 | freezes=0 last=none badfps=6
[09:48:21.000] [aud] fill=4374 prod=48000/s want=48000/s srv=47992 under=0/s short=0.0% tone=0/s skips=0 under_total=31443
[09:49:21.000] up=14:46:08 [run] fps=60 cpu=10679us render=201us blit=1619us aud=0us | ls=J/FS conn=1 sof=53163840 usb=2 rpts=6402886 rfail=0 eperr=0 ints=0 | freezes=0 last=none badfps=6
[09:49:21.000] [aud] fill=4353 prod=48002/s want=48000/s srv=47992 under=0/s short=0.0% tone=0/s skips=0 under_total=31443
[09:50:21.000] up=14:47:08 [run] fps=60 cpu=10683us render=200us blit=1599us aud=1us | ls=J/FS conn=1 sof=53223843 usb=2 rpts=6410108 rfail=0 eperr=0 ints=0 | freezes=0 last=none badfps=6
[09:50:21.000] [aud] fill=4358 prod=48002/s want=48000/s srv=47992 under=0/s short=0.0% tone=0/s skips=0 under_total=31443
[09:51:21.000] up=14:48:08 [run] fps=60 cpu=10687us render=199us blit=1602us aud=0us | ls=J/FS conn=1 sof=53283847 usb=2 rpts=6417330 rfail=0 eperr=0 ints=0 | freezes=0 last=none badfps=6
[09:51:21.000] [aud] fill=4349 prod=48002/s want=48000/s srv=47992 under=0/s short=0.0% tone=0/s skips=0 under_total=31443
[09:52:21.000] up=14:49:08 [run] fps=60 cpu=10678us render=199us blit=1601us aud=0us | ls=J/FS conn=1 sof=53343851 usb=2 rpts=6424557 rfail=0 eperr=0 ints=0 | freezes=0 last=none badfps=6
[09:52:21.000] [aud] fill=4386 prod=48001/s want=48000/s srv=47991 under=0/s short=0.0% tone=0/s skips=0 under_total=31443
[09:53:21.000] up=14:50:08 [run] fps=60 cpu=10675us render=199us blit=1599us aud=0us | ls=J/FS conn=1 sof=53403854 usb=2 rpts=6431782 rfail=0 eperr=0 ints=0 | freezes=0 last=none badfps=6
[09:53:21.000] [aud] fill=4368 prod=48002/s want=48000/s srv=47992 under=0/s short=0.0% tone=0/s skips=0 under_total=31443
[09:54:21.000] up=14:51:08 [run] fps=60 cpu=10683us render=200us blit=1601us aud=0us | ls=J/FS conn=1 sof=53463858 usb=2 rpts=6439010 rfail=0 eperr=0 ints=0 | freezes=0 last=none badfps=6
[09:54:21.000] [aud] fill=4352 prod=48001/s want=48000/s srv=47992 under=0/s short=0.0% tone=0/s skips=0 under_total=31443
[09:55:21.000] up=14:52:08 [run] fps=60 cpu=10687us render=200us blit=1561us aud=1us | ls=J/FS conn=1 sof=53523861 usb=2 rpts=6446235 rfail=0 eperr=0 ints=0 | freezes=0 last=none badfps=6
[09:55:21.000] [aud] fill=4358 prod=48001/s want=48000/s srv=47992 under=0/s short=0.0% tone=0/s skips=0 under_total=31443
[09:56:21.000] up=14:53:08 [run] fps=60 cpu=10689us render=200us blit=1602us aud=0us | ls=J/FS conn=1 sof=53583865 usb=2 rpts=6453457 rfail=0 eperr=0 ints=0 | freezes=0 last=none badfps=6
[09:56:21.000] [aud] fill=4349 prod=48001/s want=48000/s srv=47992 under=0/s short=0.0% tone=0/s skips=0 under_total=31443
[09:57:21.000] up=14:54:08 [run] fps=60 cpu=10676us render=200us blit=1597us aud=0us | ls=J/FS conn=1 sof=53643869 usb=2 rpts=6460679 rfail=0 eperr=0 ints=0 | freezes=0 last=none badfps=6
[09:57:21.000] [aud] fill=4361 prod=48001/s want=48000/s srv=47992 under=0/s short=0.0% tone=0/s skips=0 under_total=31443
[09:58:21.000] up=14:55:08 [run] fps=60 cpu=10677us render=199us blit=1618us aud=1us | ls=J/FS conn=1 sof=53703872 usb=2 rpts=6467900 rfail=0 eperr=0 ints=0 | freezes=0 last=none badfps=6
[09:58:21.000] [aud] fill=4359 prod=48001/s want=48000/s srv=47992 under=0/s short=0.0% tone=0/s skips=0 under_total=31443
[09:59:21.000] up=14:56:08 [run] fps=60 cpu=10688us render=200us blit=1610us aud=1us | ls=J/FS conn=1 sof=53763876 usb=2 rpts=6475127 rfail=0 eperr=0 ints=0 | freezes=0 last=none badfps=6
[09:59:21.000] [aud] fill=4350 prod=48001/s want=48000/s srv=47992 under=0/s short=0.0% tone=0/s skips=0 under_total=31443
[10:00:21.000] up=14:57:08 [run] fps=60 cpu=10684us render=200us blit=1600us aud=0us | ls=J/FS conn=1 sof=53823880 usb=2 rpts=6482362 rfail=0 eperr=0 ints=0 | freezes=0 last=none badfps=6
[10:00:21.000] [aud] fill=4349 prod=47953/s want=48000/s srv=47992 under=0/s short=0.0% tone=0/s skips=0 under_total=31443
[10:01:21.000] up=14:58:08 [run] fps=60 cpu=10686us render=199us blit=1601us aud=0us | ls=J/FS conn=1 sof=53883883 usb=2 rpts=6489585 rfail=0 eperr=0 ints=0 | freezes=0 last=none badfps=6
[10:01:21.000] [aud] fill=4356 prod=48001/s want=48000/s srv=47992 under=0/s short=0.0% tone=0/s skips=0 under_total=31443
[10:02:21.000] up=14:59:08 [run] fps=60 cpu=10679us render=199us blit=1600us aud=1us | ls=J/FS conn=1 sof=53943887 usb=2 rpts=6496818 rfail=0 eperr=0 ints=0 | freezes=0 last=none badfps=6
[10:02:21.000] [aud] fill=4362 prod=48001/s want=48000/s srv=47992 under=0/s short=0.0% tone=0/s skips=0 under_total=31443
[10:03:21.000] up=15:00:08 [run] fps=60 cpu=10673us render=201us blit=1614us aud=1us | ls=J/FS conn=1 sof=54003890 usb=2 rpts=6504055 rfail=0 eperr=0 ints=0 | freezes=0 last=none badfps=6
[10:03:21.000] [aud] fill=4359 prod=48002/s want=48000/s srv=47992 under=0/s short=0.0% tone=0/s skips=0 under_total=31443
[10:04:21.000] up=15:01:08 [run] fps=60 cpu=10677us render=199us blit=1602us aud=1us | ls=J/FS conn=1 sof=54063894 usb=2 rpts=6511277 rfail=0 eperr=0 ints=0 | freezes=0 last=none badfps=6
[10:04:21.000] [aud] fill=4349 prod=48002/s want=48000/s srv=47992 under=0/s short=0.0% tone=0/s skips=0 under_total=31443
[10:05:21.000] up=15:02:08 [run] fps=60 cpu=10646us render=199us blit=1602us aud=0us | ls=J/FS conn=1 sof=54123898 usb=2 rpts=6518510 rfail=0 eperr=0 ints=0 | freezes=0 last=none badfps=6
[10:05:21.000] [aud] fill=4349 prod=48001/s want=48000/s srv=47992 under=0/s short=0.0% tone=0/s skips=0 under_total=31443
[10:06:21.000] up=15:03:08 [run] fps=60 cpu=10637us render=200us blit=1601us aud=1us | ls=J/FS conn=1 sof=54183901 usb=2 rpts=6525741 rfail=0 eperr=0 ints=0 | freezes=0 last=none badfps=6
[10:06:21.000] [aud] fill=4394 prod=48000/s want=48000/s srv=47991 under=0/s short=0.0% tone=0/s skips=0 under_total=31443
[10:07:21.000] up=15:04:08 [run] fps=60 cpu=10632us render=200us blit=1619us aud=1us | ls=J/FS conn=1 sof=54243905 usb=2 rpts=6532975 rfail=0 eperr=0 ints=0 | freezes=0 last=none badfps=6
[10:07:21.000] [aud] fill=4355 prod=48001/s want=48000/s srv=47992 under=0/s short=0.0% tone=0/s skips=0 under_total=31443
[10:08:21.000] up=15:05:08 [run] fps=60 cpu=10677us render=200us blit=1601us aud=1us | ls=J/FS conn=1 sof=54303908 usb=2 rpts=6540198 rfail=0 eperr=0 ints=0 | freezes=0 last=none badfps=6
[10:08:21.000] [aud] fill=4359 prod=48002/s want=48000/s srv=47992 under=0/s short=0.0% tone=0/s skips=0 under_total=31443
[10:09:21.000] up=15:06:08 [run] fps=60 cpu=10678us render=200us blit=1564us aud=1us | ls=J/FS conn=1 sof=54363913 usb=2 rpts=6547427 rfail=0 eperr=0 ints=0 | freezes=0 last=none badfps=6
[10:09:21.000] [aud] fill=4347 prod=48002/s want=48000/s srv=47992 under=0/s short=0.0% tone=0/s skips=0 under_total=31443
[10:10:21.000] up=15:07:08 [run] fps=60 cpu=10683us render=200us blit=1564us aud=0us | ls=J/FS conn=1 sof=54423917 usb=2 rpts=6554654 rfail=0 eperr=0 ints=0 | freezes=0 last=none badfps=6
[10:10:21.000] [aud] fill=4356 prod=48002/s want=48000/s srv=47992 under=0/s short=0.0% tone=0/s skips=0 under_total=31443
[10:11:21.000] up=15:08:08 [run] fps=60 cpu=10633us render=236us blit=1562us aud=1us | ls=J/FS conn=1 sof=54483919 usb=2 rpts=6561875 rfail=0 eperr=0 ints=0 | freezes=0 last=none badfps=6
[10:11:21.000] [aud] fill=4374 prod=48001/s want=48000/s srv=47991 under=0/s short=0.0% tone=0/s skips=0 under_total=31443
[10:12:21.000] up=15:09:08 [run] fps=60 cpu=10687us render=201us blit=1570us aud=0us | ls=J/FS conn=1 sof=54543924 usb=2 rpts=6569106 rfail=0 eperr=0 ints=0 | freezes=0 last=none badfps=6
[10:12:21.000] [aud] fill=4352 prod=48001/s want=48000/s srv=47992 under=0/s short=0.0% tone=0/s skips=0 under_total=31443
[10:13:21.000] up=15:10:08 [run] fps=60 cpu=10640us render=238us blit=1564us aud=1us | ls=J/FS conn=1 sof=54603926 usb=2 rpts=6576331 rfail=0 eperr=0 ints=0 | freezes=0 last=none badfps=6
[10:13:21.000] [aud] fill=4356 prod=48002/s want=48000/s srv=47992 under=0/s short=0.0% tone=0/s skips=0 under_total=31443
[10:14:21.000] up=15:11:08 [run] fps=60 cpu=10680us render=199us blit=1565us aud=1us | ls=J/FS conn=1 sof=54663931 usb=2 rpts=6583563 rfail=0 eperr=0 ints=0 | freezes=0 last=none badfps=6
[10:14:21.000] [aud] fill=4349 prod=48001/s want=48000/s srv=47992 under=0/s short=0.0% tone=0/s skips=0 under_total=31443
[10:15:21.000] up=15:12:08 [run] fps=60 cpu=10669us render=199us blit=1564us aud=0us | ls=J/FS conn=1 sof=54723935 usb=2 rpts=6590790 rfail=0 eperr=0 ints=0 | freezes=0 last=none badfps=6
[10:15:21.000] [aud] fill=4383 prod=48001/s want=48000/s srv=47991 under=0/s short=0.0% tone=0/s skips=0 under_total=31443
[10:16:21.000] up=15:13:08 [run] fps=60 cpu=10674us render=199us blit=1563us aud=0us | ls=J/FS conn=1 sof=54783938 usb=2 rpts=6598020 rfail=0 eperr=0 ints=0 | freezes=0 last=none badfps=6
[10:16:21.000] [aud] fill=4362 prod=48002/s want=48000/s srv=47992 under=0/s short=0.0% tone=0/s skips=0 under_total=31443
[10:17:21.000] up=15:14:08 [run] fps=60 cpu=10677us render=200us blit=1563us aud=1us | ls=J/FS conn=1 sof=54843942 usb=2 rpts=6605254 rfail=0 eperr=0 ints=0 | freezes=0 last=none badfps=6
[10:17:21.000] [aud] fill=4351 prod=48001/s want=48000/s srv=47992 under=0/s short=0.0% tone=0/s skips=0 under_total=31443
[10:18:21.000] up=15:15:08 [run] fps=60 cpu=10681us render=200us blit=1563us aud=1us | ls=J/FS conn=1 sof=54903946 usb=2 rpts=6612480 rfail=0 eperr=0 ints=0 | freezes=0 last=none badfps=6
[10:18:21.000] [aud] fill=4348 prod=48001/s want=48000/s srv=47992 under=0/s short=0.0% tone=0/s skips=0 under_total=31443
[10:19:21.000] up=15:16:08 [run] fps=60 cpu=10681us render=200us blit=1564us aud=0us | ls=J/FS conn=1 sof=54963949 usb=2 rpts=6619704 rfail=0 eperr=0 ints=0 | freezes=0 last=none badfps=6
[10:19:21.000] [aud] fill=4356 prod=48001/s want=48000/s srv=47992 under=0/s short=0.0% tone=0/s skips=0 under_total=31443
[10:20:21.000] up=15:17:08 [run] fps=60 cpu=10635us render=236us blit=1561us aud=1us | ls=J/FS conn=1 sof=55023952 usb=2 rpts=6626937 rfail=0 eperr=0 ints=0 | freezes=0 last=none badfps=6
[10:20:21.000] [aud] fill=4360 prod=48001/s want=48000/s srv=47992 under=0/s short=0.0% tone=0/s skips=0 under_total=31443
[10:21:21.000] up=15:18:08 [run] fps=60 cpu=10632us render=236us blit=1585us aud=1us | ls=J/FS conn=1 sof=55083955 usb=2 rpts=6634166 rfail=0 eperr=0 ints=0 | freezes=0 last=none badfps=6
[10:21:21.000] [aud] fill=4359 prod=48002/s want=48000/s srv=47992 under=0/s short=0.0% tone=0/s skips=0 under_total=31443
[10:22:21.000] up=15:19:08 [run] fps=60 cpu=10675us render=200us blit=1562us aud=1us | ls=J/FS conn=1 sof=55143960 usb=2 rpts=6641392 rfail=0 eperr=0 ints=0 | freezes=0 last=none badfps=6
[10:22:21.000] [aud] fill=4348 prod=48001/s want=48000/s srv=47992 under=0/s short=0.0% tone=0/s skips=0 under_total=31443
[10:23:21.000] up=15:20:08 [run] fps=60 cpu=10678us render=199us blit=1563us aud=0us | ls=J/FS conn=1 sof=55203964 usb=2 rpts=6648623 rfail=0 eperr=0 ints=0 | freezes=0 last=none badfps=6
[10:23:21.000] [aud] fill=4348 prod=48001/s want=48000/s srv=47992 under=0/s short=0.0% tone=0/s skips=0 under_total=31443
[10:24:21.000] up=15:21:08 [run] fps=60 cpu=10647us render=237us blit=1565us aud=1us | ls=J/FS conn=1 sof=55263966 usb=2 rpts=6655849 rfail=0 eperr=0 ints=0 | freezes=0 last=none badfps=6
[10:24:21.000] [aud] fill=4360 prod=48002/s want=48000/s srv=47992 under=0/s short=0.0% tone=0/s skips=0 under_total=31443
[10:25:21.000] up=15:22:08 [run] fps=60 cpu=10677us render=199us blit=1560us aud=1us | ls=J/FS conn=1 sof=55323971 usb=2 rpts=6663079 rfail=0 eperr=0 ints=0 | freezes=0 last=none badfps=6
[10:25:21.000] [aud] fill=4360 prod=48001/s want=48000/s srv=47992 under=0/s short=0.0% tone=0/s skips=0 under_total=31443
[10:26:21.000] up=15:23:08 [run] fps=60 cpu=10675us render=202us blit=1570us aud=1us | ls=J/FS conn=1 sof=55383974 usb=2 rpts=6670307 rfail=0 eperr=0 ints=0 | freezes=0 last=none badfps=6
[10:26:21.000] [aud] fill=4359 prod=48002/s want=48000/s srv=47992 under=0/s short=0.0% tone=0/s skips=0 under_total=31443
[10:27:21.000] up=15:24:08 [run] fps=60 cpu=10678us render=200us blit=1599us aud=0us | ls=J/FS conn=1 sof=55443978 usb=2 rpts=6677532 rfail=0 eperr=0 ints=0 | freezes=0 last=none badfps=6
[10:27:21.000] [aud] fill=4351 prod=48002/s want=48000/s srv=47992 under=0/s short=0.0% tone=0/s skips=0 under_total=31443
[10:28:21.000] up=15:25:08 [run] fps=60 cpu=10682us render=200us blit=1601us aud=0us | ls=J/FS conn=1 sof=55503982 usb=2 rpts=6684759 rfail=0 eperr=0 ints=0 | freezes=0 last=none badfps=6
[10:28:21.000] [aud] fill=4348 prod=48001/s want=48000/s srv=47992 under=0/s short=0.0% tone=0/s skips=0 under_total=31443
[10:29:21.000] up=15:26:08 [run] fps=60 cpu=10672us render=200us blit=1599us aud=0us | ls=J/FS conn=1 sof=55563985 usb=2 rpts=6691979 rfail=0 eperr=0 ints=0 | freezes=0 last=none badfps=6
[10:29:21.000] [aud] fill=4383 prod=48000/s want=48000/s srv=47991 under=0/s short=0.0% tone=0/s skips=0 under_total=31443
[10:30:21.000] up=15:27:08 [run] fps=60 cpu=10671us render=199us blit=1631us aud=0us | ls=J/FS conn=1 sof=55623989 usb=2 rpts=6699217 rfail=0 eperr=0 ints=0 | freezes=0 last=none badfps=6
[10:30:21.000] [aud] fill=4352 prod=48001/s want=48000/s srv=47992 under=0/s short=0.0% tone=0/s skips=0 under_total=31443
[10:31:21.000] up=15:28:08 [run] fps=60 cpu=10678us render=200us blit=1600us aud=0us | ls=J/FS conn=1 sof=55683992 usb=2 rpts=6706449 rfail=0 eperr=0 ints=0 | freezes=0 last=none badfps=6
[10:31:21.000] [aud] fill=4357 prod=48002/s want=48000/s srv=47992 under=0/s short=0.0% tone=0/s skips=0 under_total=31443
[10:32:21.000] up=15:29:08 [run] fps=60 cpu=10679us render=200us blit=1601us aud=1us | ls=J/FS conn=1 sof=55743996 usb=2 rpts=6713681 rfail=0 eperr=0 ints=0 | freezes=0 last=none badfps=6
[10:32:21.000] [aud] fill=4349 prod=48001/s want=48000/s srv=47992 under=0/s short=0.0% tone=0/s skips=0 under_total=31443
[10:33:21.000] up=15:30:08 [run] fps=60 cpu=10683us render=200us blit=1601us aud=0us | ls=J/FS conn=1 sof=55804000 usb=2 rpts=6720911 rfail=0 eperr=0 ints=0 | freezes=0 last=none badfps=6
[10:33:21.000] [aud] fill=4361 prod=48002/s want=48000/s srv=47992 under=0/s short=0.0% tone=0/s skips=0 under_total=31443
[10:34:21.000] up=15:31:08 [run] fps=60 cpu=10671us render=200us blit=1598us aud=0us | ls=J/FS conn=1 sof=55864003 usb=2 rpts=6728137 rfail=0 eperr=0 ints=0 | freezes=0 last=none badfps=6
[10:34:21.000] [aud] fill=4375 prod=48001/s want=48000/s srv=47992 under=0/s short=0.0% tone=0/s skips=0 under_total=31443
[10:35:21.000] up=15:32:08 [run] fps=60 cpu=10638us render=237us blit=1563us aud=0us | ls=J/FS conn=1 sof=55924007 usb=2 rpts=6735357 rfail=0 eperr=0 ints=0 | freezes=0 last=none badfps=6
[10:35:21.000] [aud] fill=4346 prod=48001/s want=48000/s srv=47992 under=0/s short=0.0% tone=0/s skips=0 under_total=31443
[10:36:21.000] up=15:33:08 [run] fps=60 cpu=10644us render=237us blit=1565us aud=1us | ls=J/FS conn=1 sof=55984011 usb=2 rpts=6742578 rfail=0 eperr=0 ints=0 | freezes=0 last=none badfps=6
[10:36:21.000] [aud] fill=4348 prod=48002/s want=48000/s srv=47992 under=0/s short=0.0% tone=0/s skips=0 under_total=31443
[10:37:21.000] up=15:34:08 [run] fps=60 cpu=10639us render=236us blit=1563us aud=1us | ls=J/FS conn=1 sof=56044014 usb=2 rpts=6749805 rfail=0 eperr=0 ints=0 | freezes=0 last=none badfps=6
[10:37:21.000] [aud] fill=4355 prod=48002/s want=48000/s srv=47992 under=0/s short=0.0% tone=0/s skips=0 under_total=31443
[10:38:21.000] up=15:35:08 [run] fps=60 cpu=10682us render=199us blit=1563us aud=1us | ls=J/FS conn=1 sof=56104019 usb=2 rpts=6757034 rfail=0 eperr=0 ints=0 | freezes=0 last=none badfps=6
[10:38:21.000] [aud] fill=4368 prod=48002/s want=48000/s srv=47992 under=0/s short=0.0% tone=0/s skips=0 under_total=31443
[10:39:21.000] up=15:36:08 [run] fps=60 cpu=10635us render=236us blit=1571us aud=0us | ls=J/FS conn=1 sof=56164021 usb=2 rpts=6764257 rfail=0 eperr=0 ints=0 | freezes=0 last=none badfps=6
[10:39:21.000] [aud] fill=4358 prod=48001/s want=48000/s srv=47992 under=0/s short=0.0% tone=0/s skips=0 under_total=31443
[10:40:21.000] up=15:37:08 [run] fps=60 cpu=10677us render=200us blit=1564us aud=0us | ls=J/FS conn=1 sof=56224026 usb=2 rpts=6771482 rfail=0 eperr=0 ints=0 | freezes=0 last=none badfps=6
[10:40:21.000] [aud] fill=4349 prod=48001/s want=48000/s srv=47992 under=0/s short=0.0% tone=0/s skips=0 under_total=31443
[10:41:21.000] up=15:38:08 [run] fps=60 cpu=10677us render=199us blit=1563us aud=0us | ls=J/FS conn=1 sof=56284030 usb=2 rpts=6778708 rfail=0 eperr=0 ints=0 | freezes=0 last=none badfps=6
[10:41:21.000] [aud] fill=4349 prod=48001/s want=48000/s srv=47992 under=0/s short=0.0% tone=0/s skips=0 under_total=31443
[10:42:21.000] up=15:39:08 [run] fps=60 cpu=10682us render=200us blit=1563us aud=0us | ls=J/FS conn=1 sof=56344033 usb=2 rpts=6785946 rfail=0 eperr=0 ints=0 | freezes=0 last=none badfps=6
[10:42:21.000] [aud] fill=4357 prod=48001/s want=48000/s srv=47992 under=0/s short=0.0% tone=0/s skips=0 under_total=31443
[10:43:21.000] up=15:40:08 [run] fps=60 cpu=10670us render=200us blit=1560us aud=0us | ls=J/FS conn=1 sof=56404037 usb=2 rpts=6793173 rfail=0 eperr=0 ints=0 | freezes=0 last=none badfps=6
[10:43:21.000] [aud] fill=4361 prod=48002/s want=48000/s srv=47992 under=0/s short=0.0% tone=0/s skips=0 under_total=31443
[10:44:21.000] up=15:41:08 [run] fps=60 cpu=10674us render=201us blit=1584us aud=1us | ls=J/FS conn=1 sof=56464040 usb=2 rpts=6800395 rfail=0 eperr=0 ints=0 | freezes=0 last=none badfps=6
[10:44:21.000] [aud] fill=4359 prod=48002/s want=48000/s srv=47992 under=0/s short=0.0% tone=0/s skips=0 under_total=31443
[10:45:21.000] up=15:42:08 [run] fps=60 cpu=10677us render=200us blit=1601us aud=1us | ls=J/FS conn=1 sof=56524044 usb=2 rpts=6807623 rfail=0 eperr=0 ints=0 | freezes=0 last=none badfps=6
[10:45:21.000] [aud] fill=4351 prod=48002/s want=48000/s srv=47992 under=0/s short=0.0% tone=0/s skips=0 under_total=31443
[10:46:21.000] up=15:43:08 [run] fps=60 cpu=10678us render=199us blit=1602us aud=0us | ls=J/FS conn=1 sof=56584048 usb=2 rpts=6814845 rfail=0 eperr=0 ints=0 | freezes=0 last=none badfps=6
[10:46:21.000] [aud] fill=4350 prod=48001/s want=48000/s srv=47992 under=0/s short=0.0% tone=0/s skips=0 under_total=31443
[10:47:21.000] up=15:44:08 [run] fps=60 cpu=10678us render=200us blit=1562us aud=0us | ls=J/FS conn=1 sof=56644051 usb=2 rpts=6822071 rfail=0 eperr=0 ints=0 | freezes=0 last=none badfps=6
[10:47:21.000] [aud] fill=4388 prod=48000/s want=48000/s srv=47991 under=0/s short=0.0% tone=0/s skips=0 under_total=31443
[10:48:21.000] up=15:45:08 [run] fps=60 cpu=10680us render=200us blit=1601us aud=1us | ls=J/FS conn=1 sof=56704063 usb=2 rpts=6829291 rfail=0 eperr=0 ints=0 | freezes=0 last=none badfps=7
[10:48:21.000] [aud] fill=4155 prod=48007/s want=48000/s srv=47998 under=0/s short=0.0% tone=0/s skips=0 under_total=31443
[10:49:21.000] up=15:46:08 [run] fps=60 cpu=10682us render=198us blit=1565us aud=0us | ls=J/FS conn=1 sof=56764066 usb=2 rpts=6836526 rfail=0 eperr=0 ints=0 | freezes=0 last=none badfps=7
[10:49:21.000] [aud] fill=4329 prod=48003/s want=48000/s srv=47993 under=0/s short=0.0% tone=0/s skips=0 under_total=31443
[10:50:21.000] up=15:47:08 [run] fps=60 cpu=10670us render=200us blit=1562us aud=1us | ls=J/FS conn=1 sof=56824070 usb=2 rpts=6843751 rfail=0 eperr=0 ints=0 | freezes=0 last=none badfps=7
[10:50:21.000] [aud] fill=4357 prod=48001/s want=48000/s srv=47992 under=0/s short=0.0% tone=0/s skips=0 under_total=31443
[10:51:21.000] up=15:48:08 [run] fps=60 cpu=10677us render=201us blit=1602us aud=1us | ls=J/FS conn=1 sof=56884074 usb=2 rpts=6850977 rfail=0 eperr=0 ints=0 | freezes=0 last=none badfps=7
[10:51:21.000] [aud] fill=4349 prod=48002/s want=48000/s srv=47992 under=0/s short=0.0% tone=0/s skips=0 under_total=31443
[10:52:21.000] up=15:49:08 [run] fps=60 cpu=10677us render=200us blit=1600us aud=1us | ls=J/FS conn=1 sof=56944077 usb=2 rpts=6858198 rfail=0 eperr=0 ints=0 | freezes=0 last=none badfps=7
[10:52:21.000] [aud] fill=4357 prod=48001/s want=48000/s srv=47992 under=0/s short=0.0% tone=0/s skips=0 under_total=31443
[10:53:21.000] up=15:50:08 [run] fps=60 cpu=10683us render=200us blit=1600us aud=1us | ls=J/FS conn=1 sof=57004081 usb=2 rpts=6865431 rfail=0 eperr=0 ints=0 | freezes=0 last=none badfps=7
[10:53:21.000] [aud] fill=4350 prod=48002/s want=48000/s srv=47992 under=0/s short=0.0% tone=0/s skips=0 under_total=31443
[10:54:21.000] up=15:51:08 [run] fps=60 cpu=10670us render=200us blit=1606us aud=1us | ls=J/FS conn=1 sof=57064085 usb=2 rpts=6872652 rfail=0 eperr=0 ints=0 | freezes=0 last=none badfps=7
[10:54:21.000] [aud] fill=4374 prod=48002/s want=48000/s srv=47992 under=0/s short=0.0% tone=0/s skips=0 under_total=31443
[10:55:21.000] up=15:52:08 [run] fps=60 cpu=10672us render=200us blit=1607us aud=1us | ls=J/FS conn=1 sof=57124088 usb=2 rpts=6879881 rfail=0 eperr=0 ints=0 | freezes=0 last=none badfps=7
[10:55:21.000] [aud] fill=4361 prod=48002/s want=48000/s srv=47992 under=0/s short=0.0% tone=0/s skips=0 under_total=31443
[10:56:21.000] up=15:53:08 [run] fps=60 cpu=10641us render=200us blit=1600us aud=1us | ls=J/FS conn=1 sof=57184092 usb=2 rpts=6887104 rfail=0 eperr=0 ints=0 | freezes=0 last=none badfps=7
[10:56:21.000] [aud] fill=4348 prod=48001/s want=48000/s srv=47992 under=0/s short=0.0% tone=0/s skips=0 under_total=31443
[10:57:21.000] up=15:54:08 [run] fps=60 cpu=10643us render=199us blit=1601us aud=0us | ls=J/FS conn=1 sof=57244095 usb=2 rpts=6894337 rfail=0 eperr=0 ints=0 | freezes=0 last=none badfps=7
[10:57:21.000] [aud] fill=4357 prod=48001/s want=48000/s srv=47992 under=0/s short=0.0% tone=0/s skips=0 under_total=31443
[10:58:21.000] up=15:55:08 [run] fps=60 cpu=10644us render=237us blit=1562us aud=1us | ls=J/FS conn=1 sof=57304099 usb=2 rpts=6901558 rfail=0 eperr=0 ints=0 | freezes=0 last=none badfps=7
[10:58:21.000] [aud] fill=4348 prod=48001/s want=48000/s srv=47992 under=0/s short=0.0% tone=0/s skips=0 under_total=31443
[10:59:21.000] up=15:56:08 [run] fps=60 cpu=10634us render=237us blit=1561us aud=1us | ls=J/FS conn=1 sof=57364103 usb=2 rpts=6908781 rfail=0 eperr=0 ints=0 | freezes=0 last=none badfps=7
[10:59:21.000] [aud] fill=4358 prod=48002/s want=48000/s srv=47992 under=0/s short=0.0% tone=0/s skips=0 under_total=31443
[11:00:21.000] up=15:57:08 [run] fps=60 cpu=10640us render=238us blit=1582us aud=1us | ls=J/FS conn=1 sof=57424106 usb=2 rpts=6916015 rfail=0 eperr=0 ints=0 | freezes=0 last=none badfps=7
[11:00:21.000] [aud] fill=4358 prod=48001/s want=48000/s srv=47992 under=0/s short=0.0% tone=0/s skips=0 under_total=31443
[11:01:21.000] up=15:58:08 [run] fps=60 cpu=10681us render=200us blit=1600us aud=1us | ls=J/FS conn=1 sof=57484111 usb=2 rpts=6923246 rfail=0 eperr=0 ints=0 | freezes=0 last=none badfps=7
[11:01:21.000] [aud] fill=4347 prod=48001/s want=48000/s srv=47992 under=0/s short=0.0% tone=0/s skips=0 under_total=31443
[11:02:21.000] up=15:59:08 [run] fps=60 cpu=10679us render=200us blit=1563us aud=0us | ls=J/FS conn=1 sof=57544114 usb=2 rpts=6930479 rfail=0 eperr=0 ints=0 | freezes=0 last=none badfps=7
[11:02:21.000] [aud] fill=4358 prod=48001/s want=48000/s srv=47992 under=0/s short=0.0% tone=0/s skips=0 under_total=31443
[11:03:21.000] up=16:00:08 [run] fps=60 cpu=10680us render=199us blit=1564us aud=0us | ls=J/FS conn=1 sof=57604118 usb=2 rpts=6937706 rfail=0 eperr=0 ints=0 | freezes=0 last=none badfps=7
[11:03:21.000] [aud] fill=4388 prod=48001/s want=48000/s srv=47991 under=0/s short=0.0% tone=0/s skips=0 under_total=31443
[11:04:21.000] up=16:01:08 [run] fps=60 cpu=10677us render=200us blit=1614us aud=1us | ls=J/FS conn=1 sof=57664122 usb=2 rpts=6944921 rfail=0 eperr=0 ints=0 | freezes=0 last=none badfps=7
[11:04:21.000] [aud] fill=4356 prod=48001/s want=48000/s srv=47992 under=0/s short=0.0% tone=0/s skips=0 under_total=31443
[11:05:21.000] up=16:02:08 [run] fps=60 cpu=10686us render=199us blit=1565us aud=1us | ls=J/FS conn=1 sof=57724125 usb=2 rpts=6952151 rfail=0 eperr=0 ints=0 | freezes=0 last=none badfps=7
[11:05:21.000] [aud] fill=4358 prod=48001/s want=48000/s srv=47992 under=0/s short=0.0% tone=0/s skips=0 under_total=31443
[11:06:21.000] up=16:03:08 [run] fps=60 cpu=10683us render=200us blit=1601us aud=1us | ls=J/FS conn=1 sof=57784129 usb=2 rpts=6959370 rfail=0 eperr=0 ints=0 | freezes=0 last=none badfps=7
[11:06:21.000] [aud] fill=4350 prod=48001/s want=48000/s srv=47992 under=0/s short=0.0% tone=0/s skips=0 under_total=31443
[11:07:21.000] up=16:04:08 [run] fps=60 cpu=10693us render=199us blit=1599us aud=0us | ls=J/FS conn=1 sof=57844132 usb=2 rpts=6966591 rfail=0 eperr=0 ints=0 | freezes=0 last=none badfps=7
[11:07:21.000] [aud] fill=4357 prod=48002/s want=48000/s srv=47992 under=0/s short=0.0% tone=0/s skips=0 under_total=31443
[11:08:21.000] up=16:05:08 [run] fps=60 cpu=10681us render=200us blit=1597us aud=0us | ls=J/FS conn=1 sof=57904136 usb=2 rpts=6973810 rfail=0 eperr=0 ints=0 | freezes=0 last=none badfps=7
[11:08:21.000] [aud] fill=4362 prod=48002/s want=48000/s srv=47992 under=0/s short=0.0% tone=0/s skips=0 under_total=31443
[11:09:21.000] up=16:06:08 [run] fps=60 cpu=10682us render=201us blit=1617us aud=1us | ls=J/FS conn=1 sof=57964140 usb=2 rpts=6981036 rfail=0 eperr=0 ints=0 | freezes=0 last=none badfps=7
[11:09:21.000] [aud] fill=4350 prod=48001/s want=48000/s srv=47992 under=0/s short=0.0% tone=0/s skips=0 under_total=31443
[11:10:21.000] up=16:07:08 [run] fps=60 cpu=10681us render=200us blit=1601us aud=0us | ls=J/FS conn=1 sof=58024143 usb=2 rpts=6988254 rfail=0 eperr=0 ints=0 | freezes=0 last=none badfps=7
[11:10:21.000] [aud] fill=4356 prod=48001/s want=48000/s srv=47992 under=0/s short=0.0% tone=0/s skips=0 under_total=31443
[11:11:21.000] up=16:08:08 [run] fps=60 cpu=10684us render=200us blit=1601us aud=0us | ls=J/FS conn=1 sof=58084147 usb=2 rpts=6995485 rfail=0 eperr=0 ints=0 | freezes=0 last=none badfps=7
[11:11:21.000] [aud] fill=4349 prod=48002/s want=48000/s srv=47992 under=0/s short=0.0% tone=0/s skips=0 under_total=31443
[11:12:21.000] up=16:09:08 [run] fps=60 cpu=10681us render=200us blit=1600us aud=0us | ls=J/FS conn=1 sof=58144151 usb=2 rpts=7002699 rfail=0 eperr=0 ints=0 | freezes=0 last=none badfps=7
[11:12:21.000] [aud] fill=4386 prod=48001/s want=48000/s srv=47991 under=0/s short=0.0% tone=0/s skips=0 under_total=31443
[11:13:21.000] up=16:10:08 [run] fps=60 cpu=10677us render=200us blit=1562us aud=0us | ls=J/FS conn=1 sof=58204154 usb=2 rpts=7009927 rfail=0 eperr=0 ints=0 | freezes=0 last=none badfps=7
[11:13:21.000] [aud] fill=4372 prod=48001/s want=48000/s srv=47992 under=0/s short=0.0% tone=0/s skips=0 under_total=31443
[11:14:21.000] up=16:11:08 [run] fps=60 cpu=10682us render=200us blit=1600us aud=0us | ls=J/FS conn=1 sof=58264158 usb=2 rpts=7017156 rfail=0 eperr=0 ints=0 | freezes=0 last=none badfps=7
[11:14:21.000] [aud] fill=4351 prod=48001/s want=48000/s srv=47992 under=0/s short=0.0% tone=0/s skips=0 under_total=31443
[11:15:21.000] up=16:12:08 [run] fps=60 cpu=10683us render=200us blit=1601us aud=0us | ls=J/FS conn=1 sof=58324161 usb=2 rpts=7024379 rfail=0 eperr=0 ints=0 | freezes=0 last=none badfps=7
[11:15:21.000] [aud] fill=4357 prod=48001/s want=48000/s srv=47992 under=0/s short=0.0% tone=0/s skips=0 under_total=31443
[11:16:21.000] up=16:13:08 [run] fps=60 cpu=10684us render=199us blit=1601us aud=0us | ls=J/FS conn=1 sof=58384165 usb=2 rpts=7031602 rfail=0 eperr=0 ints=0 | freezes=0 last=none badfps=7
[11:16:21.000] [aud] fill=4351 prod=48001/s want=48000/s srv=47992 under=0/s short=0.0% tone=0/s skips=0 under_total=31443
[11:17:21.000] up=16:14:08 [run] fps=60 cpu=10679us render=200us blit=1599us aud=0us | ls=J/FS conn=1 sof=58444169 usb=2 rpts=7038831 rfail=0 eperr=0 ints=0 | freezes=0 last=none badfps=7
[11:17:21.000] [aud] fill=4361 prod=48001/s want=48000/s srv=47992 under=0/s short=0.0% tone=0/s skips=0 under_total=31443
[11:18:21.000] up=16:15:08 [run] fps=60 cpu=10668us render=199us blit=1621us aud=1us | ls=J/FS conn=1 sof=58504172 usb=2 rpts=7046056 rfail=0 eperr=0 ints=0 | freezes=0 last=none badfps=7
[11:18:21.000] [aud] fill=4359 prod=48001/s want=48000/s srv=47992 under=0/s short=0.0% tone=0/s skips=0 under_total=31443
[11:19:21.000] up=16:16:08 [run] fps=60 cpu=10681us render=200us blit=1603us aud=1us | ls=J/FS conn=1 sof=58564176 usb=2 rpts=7053286 rfail=0 eperr=0 ints=0 | freezes=0 last=none badfps=7
[11:19:21.000] [aud] fill=4350 prod=48002/s want=48000/s srv=47992 under=0/s short=0.0% tone=0/s skips=0 under_total=31443
[11:20:21.000] up=16:17:08 [run] fps=60 cpu=10689us render=200us blit=1601us aud=1us | ls=J/FS conn=1 sof=58624179 usb=2 rpts=7060512 rfail=0 eperr=0 ints=0 | freezes=0 last=none badfps=7
[11:20:21.000] [aud] fill=4357 prod=47954/s want=48000/s srv=47992 under=0/s short=0.0% tone=0/s skips=0 under_total=31443
[11:21:21.000] up=16:18:08 [run] fps=60 cpu=10684us render=200us blit=1601us aud=0us | ls=J/FS conn=1 sof=58684183 usb=2 rpts=7067732 rfail=0 eperr=0 ints=0 | freezes=0 last=none badfps=7
[11:21:21.000] [aud] fill=4351 prod=48002/s want=48000/s srv=47992 under=0/s short=0.0% tone=0/s skips=0 under_total=31443
[11:22:21.000] up=16:19:08 [run] fps=60 cpu=10630us render=200us blit=1599us aud=0us | ls=J/FS conn=1 sof=58744187 usb=2 rpts=7074968 rfail=0 eperr=0 ints=0 | freezes=0 last=none badfps=7
[11:22:21.000] [aud] fill=4359 prod=48001/s want=48000/s srv=47992 under=0/s short=0.0% tone=0/s skips=0 under_total=31443
[11:23:21.000] up=16:20:08 [run] fps=60 cpu=10637us render=202us blit=1608us aud=1us | ls=J/FS conn=1 sof=58804190 usb=2 rpts=7082191 rfail=0 eperr=0 ints=0 | freezes=0 last=none badfps=7
[11:23:21.000] [aud] fill=4358 prod=48001/s want=48000/s srv=47992 under=0/s short=0.0% tone=0/s skips=0 under_total=31443
[11:24:21.000] up=16:21:08 [run] fps=60 cpu=10638us render=237us blit=1563us aud=0us | ls=J/FS conn=1 sof=58864194 usb=2 rpts=7089416 rfail=0 eperr=0 ints=0 | freezes=0 last=none badfps=7
[11:24:21.000] [aud] fill=4348 prod=48001/s want=48000/s srv=47992 under=0/s short=0.0% tone=0/s skips=0 under_total=31443
[11:25:21.000] up=16:22:08 [run] fps=60 cpu=10645us render=237us blit=1563us aud=1us | ls=J/FS conn=1 sof=58924197 usb=2 rpts=7096641 rfail=0 eperr=0 ints=0 | freezes=0 last=none badfps=7
[11:25:21.000] [aud] fill=4355 prod=48001/s want=48000/s srv=47992 under=0/s short=0.0% tone=0/s skips=0 under_total=31443
[11:26:21.000] up=16:23:08 [run] fps=60 cpu=10633us render=236us blit=1562us aud=1us | ls=J/FS conn=1 sof=58984201 usb=2 rpts=7103858 rfail=0 eperr=0 ints=0 | freezes=0 last=none badfps=7
[11:26:21.000] [aud] fill=4375 prod=48001/s want=48000/s srv=47991 under=0/s short=0.0% tone=0/s skips=0 under_total=31443
[11:27:21.000] up=16:24:08 [run] fps=60 cpu=10672us render=200us blit=1631us aud=1us | ls=J/FS conn=1 sof=59044206 usb=2 rpts=7111081 rfail=0 eperr=0 ints=0 | freezes=0 last=none badfps=7
[11:27:21.000] [aud] fill=4351 prod=48002/s want=48000/s srv=47992 under=0/s short=0.0% tone=0/s skips=0 under_total=31443
[11:28:21.000] up=16:25:08 [run] fps=60 cpu=10680us render=199us blit=1600us aud=1us | ls=J/FS conn=1 sof=59104209 usb=2 rpts=7118304 rfail=0 eperr=0 ints=0 | freezes=0 last=none badfps=7
[11:28:21.000] [aud] fill=4357 prod=48001/s want=48000/s srv=47992 under=0/s short=0.0% tone=0/s skips=0 under_total=31443
[11:29:21.000] up=16:26:08 [run] fps=60 cpu=10680us render=200us blit=1601us aud=1us | ls=J/FS conn=1 sof=59164213 usb=2 rpts=7125532 rfail=0 eperr=0 ints=0 | freezes=0 last=none badfps=7
[11:29:21.000] [aud] fill=4351 prod=48001/s want=48000/s srv=47992 under=0/s short=0.0% tone=0/s skips=0 under_total=31443
[11:30:21.000] up=16:27:08 [run] fps=60 cpu=10680us render=201us blit=1602us aud=1us | ls=J/FS conn=1 sof=59224217 usb=2 rpts=7132752 rfail=0 eperr=0 ints=0 | freezes=0 last=none badfps=7
[11:30:21.000] [aud] fill=4366 prod=48002/s want=48000/s srv=47992 under=0/s short=0.0% tone=0/s skips=0 under_total=31443
[11:31:21.000] up=16:28:08 [run] fps=60 cpu=10672us render=200us blit=1562us aud=1us | ls=J/FS conn=1 sof=59284220 usb=2 rpts=7139978 rfail=0 eperr=0 ints=0 | freezes=0 last=none badfps=7
[11:31:21.000] [aud] fill=4372 prod=48001/s want=48000/s srv=47991 under=0/s short=0.0% tone=0/s skips=0 under_total=31443
[11:32:21.000] up=16:29:08 [run] fps=60 cpu=10676us render=201us blit=1602us aud=1us | ls=J/FS conn=1 sof=59344224 usb=2 rpts=7147200 rfail=0 eperr=0 ints=0 | freezes=0 last=none badfps=7
[11:32:21.000] [aud] fill=4352 prod=48002/s want=48000/s srv=47992 under=0/s short=0.0% tone=0/s skips=0 under_total=31443
[11:33:21.000] up=16:30:08 [run] fps=60 cpu=10688us render=200us blit=1602us aud=1us | ls=J/FS conn=1 sof=59404227 usb=2 rpts=7154424 rfail=0 eperr=0 ints=0 | freezes=0 last=none badfps=7
[11:33:21.000] [aud] fill=4357 prod=48001/s want=48000/s srv=47992 under=0/s short=0.0% tone=0/s skips=0 under_total=31443
[11:34:21.000] up=16:31:08 [run] fps=60 cpu=10678us render=200us blit=1601us aud=1us | ls=J/FS conn=1 sof=59464231 usb=2 rpts=7161646 rfail=0 eperr=0 ints=0 | freezes=0 last=none badfps=7
[11:34:21.000] [aud] fill=4350 prod=48001/s want=48000/s srv=47992 under=0/s short=0.0% tone=0/s skips=0 under_total=31443
[11:35:21.000] up=16:32:08 [run] fps=60 cpu=10673us render=200us blit=1598us aud=1us | ls=J/FS conn=1 sof=59524235 usb=2 rpts=7168877 rfail=0 eperr=0 ints=0 | freezes=0 last=none badfps=7
[11:35:21.000] [aud] fill=4375 prod=48000/s want=48000/s srv=47992 under=0/s short=0.0% tone=0/s skips=0 under_total=31443
[11:36:21.000] up=16:33:08 [run] fps=60 cpu=10667us render=201us blit=1601us aud=0us | ls=J/FS conn=1 sof=59584238 usb=2 rpts=7176095 rfail=0 eperr=0 ints=0 | freezes=0 last=none badfps=7
[11:36:21.000] [aud] fill=4363 prod=48002/s want=48000/s srv=47992 under=0/s short=0.0% tone=0/s skips=0 under_total=31443
[11:37:21.000] up=16:34:08 [run] fps=60 cpu=10682us render=200us blit=1600us aud=1us | ls=J/FS conn=1 sof=59644242 usb=2 rpts=7183325 rfail=0 eperr=0 ints=0 | freezes=0 last=none badfps=7
[11:37:21.000] [aud] fill=4351 prod=48002/s want=48000/s srv=47992 under=0/s short=0.0% tone=0/s skips=0 under_total=31443
[11:38:21.000] up=16:35:08 [run] fps=60 cpu=10678us render=200us blit=1600us aud=1us | ls=J/FS conn=1 sof=59704245 usb=2 rpts=7190546 rfail=0 eperr=0 ints=0 | freezes=0 last=none badfps=7
[11:38:21.000] [aud] fill=4357 prod=48001/s want=48000/s srv=47992 under=0/s short=0.0% tone=0/s skips=0 under_total=31443
[11:39:21.000] up=16:36:08 [run] fps=60 cpu=10680us render=199us blit=1602us aud=0us | ls=J/FS conn=1 sof=59764249 usb=2 rpts=7197765 rfail=0 eperr=0 ints=0 | freezes=0 last=none badfps=7
[11:39:21.000] [aud] fill=4351 prod=48002/s want=48000/s srv=47992 under=0/s short=0.0% tone=0/s skips=0 under_total=31443
[11:40:22.000] up=16:37:08 [run] fps=60 cpu=10679us render=199us blit=1602us aud=0us | ls=J/FS conn=1 sof=59824258 usb=2 rpts=7204981 rfail=0 eperr=0 ints=0 | freezes=0 last=none badfps=8
[11:40:22.000] [aud] fill=3748 prod=48019/s want=48000/s srv=48010 under=0/s short=0.0% tone=0/s skips=0 under_total=31443
[11:41:22.000] up=16:38:08 [run] fps=60 cpu=10683us render=199us blit=1563us aud=1us | ls=J/FS conn=1 sof=59884261 usb=2 rpts=7212209 rfail=0 eperr=0 ints=0 | freezes=0 last=none badfps=8
[11:41:22.000] [aud] fill=4260 prod=48004/s want=48000/s srv=47995 under=0/s short=0.0% tone=0/s skips=0 under_total=31443
[11:42:22.000] up=16:39:08 [run] fps=60 cpu=10679us render=200us blit=1562us aud=1us | ls=J/FS conn=1 sof=59944265 usb=2 rpts=7219448 rfail=0 eperr=0 ints=0 | freezes=0 last=none badfps=8
[11:42:22.000] [aud] fill=4337 prod=48002/s want=48000/s srv=47993 under=0/s short=0.0% tone=0/s skips=0 under_total=31443
[11:43:22.000] up=16:40:08 [run] fps=60 cpu=10675us render=199us blit=1564us aud=0us | ls=J/FS conn=1 sof=60004268 usb=2 rpts=7226678 rfail=0 eperr=0 ints=0 | freezes=0 last=none badfps=8
[11:43:22.000] [aud] fill=4390 prod=48000/s want=48000/s srv=47991 under=0/s short=0.0% tone=0/s skips=0 under_total=31443
[11:44:22.000] up=16:41:08 [run] fps=60 cpu=10670us render=199us blit=1578us aud=0us | ls=J/FS conn=1 sof=60064272 usb=2 rpts=7233907 rfail=0 eperr=0 ints=0 | freezes=0 last=none badfps=8
[11:44:22.000] [aud] fill=4355 prod=48001/s want=48000/s srv=47992 under=0/s short=0.0% tone=0/s skips=0 under_total=31443
[11:45:22.000] up=16:42:08 [run] fps=60 cpu=10680us render=200us blit=1599us aud=1us | ls=J/FS conn=1 sof=60124276 usb=2 rpts=7241132 rfail=0 eperr=0 ints=0 | freezes=0 last=none badfps=8
[11:45:22.000] [aud] fill=4349 prod=48001/s want=48000/s srv=47992 under=0/s short=0.0% tone=0/s skips=0 under_total=31443
[11:46:22.000] up=16:43:08 [run] fps=60 cpu=10676us render=200us blit=1601us aud=1us | ls=J/FS conn=1 sof=60184279 usb=2 rpts=7248356 rfail=0 eperr=0 ints=0 | freezes=0 last=none badfps=8
[11:46:22.000] [aud] fill=4356 prod=48002/s want=48000/s srv=47992 under=0/s short=0.0% tone=0/s skips=0 under_total=31443
[11:47:22.000] up=16:44:08 [run] fps=60 cpu=10681us render=199us blit=1601us aud=0us | ls=J/FS conn=1 sof=60244283 usb=2 rpts=7255579 rfail=0 eperr=0 ints=0 | freezes=0 last=none badfps=8
[11:47:22.000] [aud] fill=4350 prod=48001/s want=48000/s srv=47992 under=0/s short=0.0% tone=0/s skips=0 under_total=31443
[11:48:22.000] up=16:45:08 [run] fps=60 cpu=10669us render=200us blit=1599us aud=1us | ls=J/FS conn=1 sof=60304287 usb=2 rpts=7262803 rfail=0 eperr=0 ints=0 | freezes=0 last=none badfps=8
[11:48:22.000] [aud] fill=4360 prod=47953/s want=48000/s srv=47992 under=0/s short=0.0% tone=0/s skips=0 under_total=31443
[11:49:22.000] up=16:46:08 [run] fps=60 cpu=10677us render=202us blit=1614us aud=1us | ls=J/FS conn=1 sof=60364290 usb=2 rpts=7270029 rfail=0 eperr=0 ints=0 | freezes=0 last=none badfps=8
[11:49:22.000] [aud] fill=4359 prod=48002/s want=48000/s srv=47992 under=0/s short=0.0% tone=0/s skips=0 under_total=31443
[11:50:22.000] up=16:47:08 [run] fps=60 cpu=10676us render=200us blit=1602us aud=0us | ls=J/FS conn=1 sof=60424294 usb=2 rpts=7277249 rfail=0 eperr=0 ints=0 | freezes=0 last=none badfps=8
[11:50:22.000] [aud] fill=4350 prod=48001/s want=48000/s srv=47992 under=0/s short=0.0% tone=0/s skips=0 under_total=31443
[11:51:22.000] up=16:48:08 [run] fps=60 cpu=10683us render=200us blit=1602us aud=0us | ls=J/FS conn=1 sof=60484297 usb=2 rpts=7284473 rfail=0 eperr=0 ints=0 | freezes=0 last=none badfps=8
[11:51:22.000] [aud] fill=4357 prod=48001/s want=48000/s srv=47992 under=0/s short=0.0% tone=0/s skips=0 under_total=31443
[11:52:22.000] up=16:49:08 [run] fps=60 cpu=10675us render=200us blit=1599us aud=1us | ls=J/FS conn=1 sof=60544301 usb=2 rpts=7291693 rfail=0 eperr=0 ints=0 | freezes=0 last=none badfps=8
[11:52:22.000] [aud] fill=4388 prod=48001/s want=48000/s srv=47991 under=0/s short=0.0% tone=0/s skips=0 under_total=31443
[11:53:22.000] up=16:50:08 [run] fps=60 cpu=10669us render=199us blit=1592us aud=1us | ls=J/FS conn=1 sof=60604306 usb=2 rpts=7298920 rfail=0 eperr=0 ints=0 | freezes=0 last=none badfps=8
[11:53:22.000] [aud] fill=4352 prod=48001/s want=48000/s srv=47992 under=0/s short=0.0% tone=0/s skips=0 under_total=31443
[11:54:22.000] up=16:51:08 [run] fps=60 cpu=10640us render=238us blit=1563us aud=1us | ls=J/FS conn=1 sof=60664308 usb=2 rpts=7306140 rfail=0 eperr=0 ints=0 | freezes=0 last=none badfps=8
[11:54:22.000] [aud] fill=4357 prod=48001/s want=48000/s srv=47992 under=0/s short=0.0% tone=0/s skips=0 under_total=31443
[11:55:22.000] up=16:52:08 [run] fps=60 cpu=10641us render=238us blit=1563us aud=1us | ls=J/FS conn=1 sof=60724312 usb=2 rpts=7313361 rfail=0 eperr=0 ints=0 | freezes=0 last=none badfps=8
[11:55:22.000] [aud] fill=4348 prod=48001/s want=48000/s srv=47992 under=0/s short=0.0% tone=0/s skips=0 under_total=31443
[11:56:22.000] up=16:53:08 [run] fps=60 cpu=10645us render=237us blit=1563us aud=1us | ls=J/FS conn=1 sof=60784315 usb=2 rpts=7320578 rfail=0 eperr=0 ints=0 | freezes=0 last=none badfps=8
[11:56:22.000] [aud] fill=4355 prod=48001/s want=48000/s srv=47992 under=0/s short=0.0% tone=0/s skips=0 under_total=31443
[11:57:22.000] up=16:54:08 [run] fps=60 cpu=10669us render=199us blit=1562us aud=1us | ls=J/FS conn=1 sof=60844320 usb=2 rpts=7327807 rfail=0 eperr=0 ints=0 | freezes=0 last=none badfps=8
[11:57:22.000] [aud] fill=4360 prod=48002/s want=48000/s srv=47992 under=0/s short=0.0% tone=0/s skips=0 under_total=31443
[11:58:22.000] up=16:55:08 [run] fps=60 cpu=10675us render=200us blit=1569us aud=1us | ls=J/FS conn=1 sof=60904324 usb=2 rpts=7335038 rfail=0 eperr=0 ints=0 | freezes=0 last=none badfps=8
[11:58:22.000] [aud] fill=4350 prod=48001/s want=48000/s srv=47992 under=0/s short=0.0% tone=0/s skips=0 under_total=31443
[11:59:22.000] up=16:56:08 [run] fps=60 cpu=10681us render=200us blit=1562us aud=1us | ls=J/FS conn=1 sof=60964327 usb=2 rpts=7342269 rfail=0 eperr=0 ints=0 | freezes=0 last=none badfps=8
[11:59:22.000] [aud] fill=4357 prod=48001/s want=48000/s srv=47992 under=0/s short=0.0% tone=0/s skips=0 under_total=31443
[12:00:22.000] up=16:57:08 [run] fps=60 cpu=10681us render=200us blit=1564us aud=0us | ls=J/FS conn=1 sof=61024331 usb=2 rpts=7349495 rfail=0 eperr=0 ints=0 | freezes=0 last=none badfps=8
[12:00:22.000] [aud] fill=4350 prod=48002/s want=48000/s srv=47992 under=0/s short=0.0% tone=0/s skips=0 under_total=31443
[12:01:22.000] up=16:58:08 [run] fps=60 cpu=10679us render=200us blit=1562us aud=1us | ls=J/FS conn=1 sof=61084334 usb=2 rpts=7356727 rfail=0 eperr=0 ints=0 | freezes=0 last=none badfps=8
[12:01:22.000] [aud] fill=4382 prod=48001/s want=48000/s srv=47992 under=0/s short=0.0% tone=0/s skips=0 under_total=31443
[12:02:22.000] up=16:59:08 [run] fps=60 cpu=10666us render=200us blit=1563us aud=0us | ls=J/FS conn=1 sof=61144338 usb=2 rpts=7363961 rfail=0 eperr=0 ints=0 | freezes=0 last=none badfps=8
[12:02:22.000] [aud] fill=4361 prod=48001/s want=48000/s srv=47992 under=0/s short=0.0% tone=0/s skips=0 under_total=31443
[12:03:22.000] up=17:00:08 [run] fps=60 cpu=10687us render=200us blit=1563us aud=0us | ls=J/FS conn=1 sof=61204342 usb=2 rpts=7371187 rfail=0 eperr=0 ints=0 | freezes=0 last=none badfps=8
[12:03:22.000] [aud] fill=4350 prod=48002/s want=48000/s srv=47992 under=0/s short=0.0% tone=0/s skips=0 under_total=31443
[12:04:22.000] up=17:01:08 [run] fps=60 cpu=10688us render=200us blit=1563us aud=1us | ls=J/FS conn=1 sof=61264345 usb=2 rpts=7378416 rfail=0 eperr=0 ints=0 | freezes=0 last=none badfps=8
[12:04:22.000] [aud] fill=4358 prod=48002/s want=48000/s srv=47992 under=0/s short=0.0% tone=0/s skips=0 under_total=31443
[12:05:22.000] up=17:02:08 [run] fps=60 cpu=10686us render=200us blit=1563us aud=0us | ls=J/FS conn=1 sof=61324349 usb=2 rpts=7385644 rfail=0 eperr=0 ints=0 | freezes=0 last=none badfps=8
[12:05:22.000] [aud] fill=4349 prod=48001/s want=48000/s srv=47992 under=0/s short=0.0% tone=0/s skips=0 under_total=31443
[12:06:22.000] up=17:03:08 [run] fps=60 cpu=10678us render=199us blit=1599us aud=0us | ls=J/FS conn=1 sof=61384353 usb=2 rpts=7392865 rfail=0 eperr=0 ints=0 | freezes=0 last=none badfps=8
[12:06:22.000] [aud] fill=4357 prod=48001/s want=48000/s srv=47992 under=0/s short=0.0% tone=0/s skips=0 under_total=31443
[12:07:22.000] up=17:04:08 [run] fps=60 cpu=10673us render=200us blit=1594us aud=0us | ls=J/FS conn=1 sof=61444356 usb=2 rpts=7400091 rfail=0 eperr=0 ints=0 | freezes=0 last=none badfps=8
[12:07:22.000] [aud] fill=4359 prod=48001/s want=48000/s srv=47992 under=0/s short=0.0% tone=0/s skips=0 under_total=31443
[12:08:22.000] up=17:05:08 [run] fps=60 cpu=10683us render=200us blit=1564us aud=0us | ls=J/FS conn=1 sof=61504360 usb=2 rpts=7407324 rfail=0 eperr=0 ints=0 | freezes=0 last=none badfps=8
[12:08:22.000] [aud] fill=4350 prod=48001/s want=48000/s srv=47992 under=0/s short=0.0% tone=0/s skips=0 under_total=31443
[12:09:22.000] up=17:06:08 [run] fps=60 cpu=10687us render=199us blit=1563us aud=1us | ls=J/FS conn=1 sof=61564363 usb=2 rpts=7414552 rfail=0 eperr=0 ints=0 | freezes=0 last=none badfps=8
[12:09:22.000] [aud] fill=4357 prod=48001/s want=48000/s srv=47992 under=0/s short=0.0% tone=0/s skips=0 under_total=31443
[12:10:22.000] up=17:07:08 [run] fps=60 cpu=10686us render=200us blit=1600us aud=1us | ls=J/FS conn=1 sof=61624367 usb=2 rpts=7421772 rfail=0 eperr=0 ints=0 | freezes=0 last=none badfps=8
[12:10:22.000] [aud] fill=4366 prod=48001/s want=48000/s srv=47992 under=0/s short=0.0% tone=0/s skips=0 under_total=31443
[12:11:22.000] up=17:08:08 [run] fps=60 cpu=10676us render=199us blit=1599us aud=1us | ls=J/FS conn=1 sof=61684371 usb=2 rpts=7428991 rfail=0 eperr=0 ints=0 | freezes=0 last=none badfps=8
[12:11:22.000] [aud] fill=4359 prod=48001/s want=48000/s srv=47992 under=0/s short=0.0% tone=0/s skips=0 under_total=31443
[12:12:22.000] up=17:09:08 [run] fps=60 cpu=10686us render=201us blit=1603us aud=1us | ls=J/FS conn=1 sof=61744374 usb=2 rpts=7436212 rfail=0 eperr=0 ints=0 | freezes=0 last=none badfps=8
[12:12:22.000] [aud] fill=4360 prod=48002/s want=48000/s srv=47992 under=0/s short=0.0% tone=0/s skips=0 under_total=31443
[12:13:22.000] up=17:10:08 [run] fps=60 cpu=10685us render=199us blit=1598us aud=1us | ls=J/FS conn=1 sof=61804378 usb=2 rpts=7443442 rfail=0 eperr=0 ints=0 | freezes=0 last=none badfps=8
[12:13:22.000] [aud] fill=4349 prod=48002/s want=48000/s srv=47992 under=0/s short=0.0% tone=0/s skips=0 under_total=31443
[12:14:22.000] up=17:11:08 [run] fps=60 cpu=10686us render=200us blit=1601us aud=1us | ls=J/FS conn=1 sof=61864381 usb=2 rpts=7450664 rfail=0 eperr=0 ints=0 | freezes=0 last=none badfps=8
[12:14:22.000] [aud] fill=4356 prod=48002/s want=48000/s srv=47992 under=0/s short=0.0% tone=0/s skips=0 under_total=31443
[12:15:22.000] up=17:12:08 [run] fps=60 cpu=10680us render=200us blit=1606us aud=1us | ls=J/FS conn=1 sof=61924385 usb=2 rpts=7457898 rfail=0 eperr=0 ints=0 | freezes=0 last=none badfps=8
[12:15:22.000] [aud] fill=4374 prod=48000/s want=48000/s srv=47992 under=0/s short=0.0% tone=0/s skips=0 under_total=31443
[12:16:22.000] up=17:13:08 [run] fps=60 cpu=10679us render=200us blit=1631us aud=0us | ls=J/FS conn=1 sof=61984389 usb=2 rpts=7465127 rfail=0 eperr=0 ints=0 | freezes=0 last=none badfps=8
[12:16:22.000] [aud] fill=4352 prod=48002/s want=48000/s srv=47992 under=0/s short=0.0% tone=0/s skips=0 under_total=31443
[12:17:22.000] up=17:14:08 [run] fps=60 cpu=10683us render=200us blit=1600us aud=1us | ls=J/FS conn=1 sof=62044392 usb=2 rpts=7472362 rfail=0 eperr=0 ints=0 | freezes=0 last=none badfps=8
[12:17:22.000] [aud] fill=4358 prod=47953/s want=48000/s srv=47992 under=0/s short=0.0% tone=0/s skips=0 under_total=31443
[12:18:22.000] up=17:15:08 [run] fps=60 cpu=10680us render=200us blit=1600us aud=0us | ls=J/FS conn=1 sof=62104396 usb=2 rpts=7479594 rfail=0 eperr=0 ints=0 | freezes=0 last=none badfps=8
[12:18:22.000] [aud] fill=4350 prod=48002/s want=48000/s srv=47992 under=0/s short=0.0% tone=0/s skips=0 under_total=31443
[12:19:22.000] up=17:16:08 [run] fps=60 cpu=10680us render=200us blit=1600us aud=0us | ls=J/FS conn=1 sof=62164399 usb=2 rpts=7486823 rfail=0 eperr=0 ints=0 | freezes=0 last=none badfps=8
[12:19:22.000] [aud] fill=4358 prod=48001/s want=48000/s srv=47992 under=0/s short=0.0% tone=0/s skips=0 under_total=31443
[12:20:22.000] up=17:17:08 [run] fps=60 cpu=10633us render=237us blit=1559us aud=1us | ls=J/FS conn=1 sof=62224403 usb=2 rpts=7494047 rfail=0 eperr=0 ints=0 | freezes=0 last=none badfps=8
[12:20:22.000] [aud] fill=4355 prod=48001/s want=48000/s srv=47992 under=0/s short=0.0% tone=0/s skips=0 under_total=31443
[12:21:22.000] up=17:18:08 [run] fps=60 cpu=10644us render=237us blit=1565us aud=1us | ls=J/FS conn=1 sof=62284407 usb=2 rpts=7501271 rfail=0 eperr=0 ints=0 | freezes=0 last=none badfps=8
[12:21:22.000] [aud] fill=4348 prod=48001/s want=48000/s srv=47992 under=0/s short=0.0% tone=0/s skips=0 under_total=31443
[12:22:22.000] up=17:19:08 [run] fps=60 cpu=10641us render=199us blit=1600us aud=1us | ls=J/FS conn=1 sof=62344410 usb=2 rpts=7508497 rfail=0 eperr=0 ints=0 | freezes=0 last=none badfps=8
[12:22:22.000] [aud] fill=4357 prod=48001/s want=48000/s srv=47992 under=0/s short=0.0% tone=0/s skips=0 under_total=31443
[12:23:22.000] up=17:20:08 [run] fps=60 cpu=10646us render=237us blit=1564us aud=0us | ls=J/FS conn=1 sof=62404414 usb=2 rpts=7515719 rfail=0 eperr=0 ints=0 | freezes=0 last=none badfps=8
[12:23:22.000] [aud] fill=4346 prod=48001/s want=48000/s srv=47992 under=0/s short=0.0% tone=0/s skips=0 under_total=31443
[12:24:22.000] up=17:21:08 [run] fps=60 cpu=10636us render=236us blit=1560us aud=0us | ls=J/FS conn=1 sof=62464418 usb=2 rpts=7522942 rfail=0 eperr=0 ints=0 | freezes=0 last=none badfps=8
[12:24:22.000] [aud] fill=4366 prod=48002/s want=48000/s srv=47992 under=0/s short=0.0% tone=0/s skips=0 under_total=31443
[12:25:22.000] up=17:22:08 [run] fps=60 cpu=10636us render=238us blit=1572us aud=0us | ls=J/FS conn=1 sof=62524421 usb=2 rpts=7530166 rfail=0 eperr=0 ints=0 | freezes=0 last=none badfps=8
[12:25:22.000] [aud] fill=4358 prod=48001/s want=48000/s srv=47992 under=0/s short=0.0% tone=0/s skips=0 under_total=31443
[12:26:22.000] up=17:23:08 [run] fps=60 cpu=10679us render=200us blit=1564us aud=0us | ls=J/FS conn=1 sof=62584426 usb=2 rpts=7537393 rfail=0 eperr=0 ints=0 | freezes=0 last=none badfps=8
[12:26:22.000] [aud] fill=4350 prod=48001/s want=48000/s srv=47992 under=0/s short=0.0% tone=0/s skips=0 under_total=31443
[12:27:22.000] up=17:24:08 [run] fps=60 cpu=10642us render=237us blit=1562us aud=0us | ls=J/FS conn=1 sof=62644428 usb=2 rpts=7544622 rfail=0 eperr=0 ints=0 | freezes=0 last=none badfps=8
[12:27:22.000] [aud] fill=4355 prod=48002/s want=48000/s srv=47992 under=0/s short=0.0% tone=0/s skips=0 under_total=31443
[12:28:22.000] up=17:25:08 [run] fps=60 cpu=10690us render=199us blit=1563us aud=0us | ls=J/FS conn=1 sof=62704433 usb=2 rpts=7551864 rfail=0 eperr=0 ints=0 | freezes=0 last=none badfps=8
[12:28:22.000] [aud] fill=4350 prod=48001/s want=48000/s srv=47992 under=0/s short=0.0% tone=0/s skips=0 under_total=31443
[12:29:22.000] up=17:26:08 [run] fps=60 cpu=10671us render=200us blit=1561us aud=1us | ls=J/FS conn=1 sof=62764437 usb=2 rpts=7559094 rfail=0 eperr=0 ints=0 | freezes=0 last=none badfps=8
[12:29:22.000] [aud] fill=4360 prod=48002/s want=48000/s srv=47992 under=0/s short=0.0% tone=0/s skips=0 under_total=31443
[12:30:22.000] up=17:27:08 [run] fps=60 cpu=10673us render=202us blit=1585us aud=0us | ls=J/FS conn=1 sof=62824440 usb=2 rpts=7566326 rfail=0 eperr=0 ints=0 | freezes=0 last=none badfps=8
[12:30:22.000] [aud] fill=4359 prod=48001/s want=48000/s srv=47992 under=0/s short=0.0% tone=0/s skips=0 under_total=31443
[12:31:22.000] up=17:28:08 [run] fps=60 cpu=10678us render=200us blit=1563us aud=1us | ls=J/FS conn=1 sof=62884444 usb=2 rpts=7573553 rfail=0 eperr=0 ints=0 | freezes=0 last=none badfps=8
[12:31:22.000] [aud] fill=4351 prod=48001/s want=48000/s srv=47992 under=0/s short=0.0% tone=0/s skips=0 under_total=31443
[12:32:22.000] up=17:29:08 [run] fps=60 cpu=10646us render=236us blit=1563us aud=1us | ls=J/FS conn=1 sof=62944446 usb=2 rpts=7580774 rfail=0 eperr=0 ints=0 | freezes=0 last=none badfps=8
[12:32:22.000] [aud] fill=4356 prod=48002/s want=48000/s srv=47992 under=0/s short=0.0% tone=0/s skips=0 under_total=31443
[12:33:22.000] up=17:30:08 [run] fps=60 cpu=10676us render=200us blit=1563us aud=1us | ls=J/FS conn=1 sof=63004451 usb=2 rpts=7588002 rfail=0 eperr=0 ints=0 | freezes=0 last=none badfps=8
[12:33:22.000] [aud] fill=4383 prod=48002/s want=48000/s srv=47992 under=0/s short=0.0% tone=0/s skips=0 under_total=31443
[12:34:22.000] up=17:31:08 [run] fps=60 cpu=10668us render=200us blit=1566us aud=1us | ls=J/FS conn=1 sof=63064455 usb=2 rpts=7595228 rfail=0 eperr=0 ints=0 | freezes=0 last=none badfps=8
[12:34:22.000] [aud] fill=4359 prod=48001/s want=48000/s srv=47992 under=0/s short=0.0% tone=0/s skips=0 under_total=31443
[12:35:22.000] up=17:32:08 [run] fps=60 cpu=10642us render=237us blit=1563us aud=1us | ls=J/FS conn=1 sof=63124457 usb=2 rpts=7602463 rfail=0 eperr=0 ints=0 | freezes=0 last=none badfps=8
[12:35:22.000] [aud] fill=4358 prod=48002/s want=48000/s srv=47992 under=0/s short=0.0% tone=0/s skips=0 under_total=31443
[12:36:22.000] up=17:33:08 [run] fps=60 cpu=10678us render=200us blit=1562us aud=1us | ls=J/FS conn=1 sof=63184462 usb=2 rpts=7609690 rfail=0 eperr=0 ints=0 | freezes=0 last=none badfps=8
[12:36:22.000] [aud] fill=4350 prod=48002/s want=48000/s srv=47992 under=0/s short=0.0% tone=0/s skips=0 under_total=31443
[12:37:22.000] up=17:34:08 [run] fps=60 cpu=10684us render=199us blit=1563us aud=1us | ls=J/FS conn=1 sof=63244465 usb=2 rpts=7616922 rfail=0 eperr=0 ints=0 | freezes=0 last=none badfps=8
[12:37:22.000] [aud] fill=4358 prod=48001/s want=48000/s srv=47992 under=0/s short=0.0% tone=0/s skips=0 under_total=31443
[12:38:22.000] up=17:35:08 [run] fps=60 cpu=10671us render=200us blit=1597us aud=1us | ls=J/FS conn=1 sof=63304469 usb=2 rpts=7624147 rfail=0 eperr=0 ints=0 | freezes=0 last=none badfps=8
[12:38:22.000] [aud] fill=4363 prod=48002/s want=48000/s srv=47992 under=0/s short=0.0% tone=0/s skips=0 under_total=31443
[12:39:22.000] up=17:36:08 [run] fps=60 cpu=10671us render=202us blit=1623us aud=0us | ls=J/FS conn=1 sof=63364473 usb=2 rpts=7631367 rfail=0 eperr=0 ints=0 | freezes=0 last=none badfps=8
[12:39:22.000] [aud] fill=4350 prod=48001/s want=48000/s srv=47992 under=0/s short=0.0% tone=0/s skips=0 under_total=31443
[12:40:22.000] up=17:37:08 [run] fps=60 cpu=10680us render=200us blit=1600us aud=0us | ls=J/FS conn=1 sof=63424476 usb=2 rpts=7638583 rfail=0 eperr=0 ints=0 | freezes=0 last=none badfps=8
[12:40:22.000] [aud] fill=4356 prod=48001/s want=48000/s srv=47992 under=0/s short=0.0% tone=0/s skips=0 under_total=31443
[12:41:22.000] up=17:38:08 [run] fps=60 cpu=10690us render=200us blit=1602us aud=1us | ls=J/FS conn=1 sof=63484480 usb=2 rpts=7645817 rfail=0 eperr=0 ints=0 | freezes=0 last=none badfps=8
[12:41:22.000] [aud] fill=4350 prod=48002/s want=48000/s srv=47992 under=0/s short=0.0% tone=0/s skips=0 under_total=31443
[12:42:22.000] up=17:39:08 [run] fps=60 cpu=10677us render=200us blit=1602us aud=0us | ls=J/FS conn=1 sof=63544484 usb=2 rpts=7653052 rfail=0 eperr=0 ints=0 | freezes=0 last=none badfps=8
[12:42:22.000] [aud] fill=4384 prod=48001/s want=48000/s srv=47991 under=0/s short=0.0% tone=0/s skips=0 under_total=31443
[12:43:22.000] up=17:40:08 [run] fps=60 cpu=10673us render=199us blit=1598us aud=1us | ls=J/FS conn=1 sof=63604487 usb=2 rpts=7660283 rfail=0 eperr=0 ints=0 | freezes=0 last=none badfps=8
[12:43:22.000] [aud] fill=4371 prod=48002/s want=48000/s srv=47992 under=0/s short=0.0% tone=0/s skips=0 under_total=31443
[12:44:22.000] up=17:41:08 [run] fps=60 cpu=10682us render=200us blit=1599us aud=1us | ls=J/FS conn=1 sof=63664491 usb=2 rpts=7667515 rfail=0 eperr=0 ints=0 | freezes=0 last=none badfps=8
[12:44:22.000] [aud] fill=4352 prod=48002/s want=48000/s srv=47992 under=0/s short=0.0% tone=0/s skips=0 under_total=31443
[12:45:22.000] up=17:42:08 [run] fps=60 cpu=10680us render=200us blit=1601us aud=1us | ls=J/FS conn=1 sof=63724494 usb=2 rpts=7674742 rfail=0 eperr=0 ints=0 | freezes=0 last=none badfps=8
[12:45:22.000] [aud] fill=4358 prod=48002/s want=48000/s srv=47992 under=0/s short=0.0% tone=0/s skips=0 under_total=31443
[12:46:22.000] up=17:43:08 [run] fps=60 cpu=10643us render=236us blit=1563us aud=1us | ls=J/FS conn=1 sof=63784498 usb=2 rpts=7681974 rfail=0 eperr=0 ints=0 | freezes=0 last=none badfps=8
[12:46:22.000] [aud] fill=4346 prod=48001/s want=48000/s srv=47992 under=0/s short=0.0% tone=0/s skips=0 under_total=31443
[12:47:22.000] up=17:44:08 [run] fps=60 cpu=10633us render=200us blit=1600us aud=0us | ls=J/FS conn=1 sof=63844502 usb=2 rpts=7689205 rfail=0 eperr=0 ints=0 | freezes=0 last=none badfps=8
[12:47:22.000] [aud] fill=4358 prod=48001/s want=48000/s srv=47992 under=0/s short=0.0% tone=0/s skips=0 under_total=31443
[12:48:22.000] up=17:45:08 [run] fps=60 cpu=10633us render=200us blit=1622us aud=1us | ls=J/FS conn=1 sof=63904505 usb=2 rpts=7696434 rfail=0 eperr=0 ints=0 | freezes=0 last=none badfps=8
[12:48:22.000] [aud] fill=4360 prod=48001/s want=48000/s srv=47992 under=0/s short=0.0% tone=0/s skips=0 under_total=31443
[12:49:22.000] up=17:46:08 [run] fps=60 cpu=10642us render=237us blit=1561us aud=1us | ls=J/FS conn=1 sof=63964509 usb=2 rpts=7703653 rfail=0 eperr=0 ints=0 | freezes=0 last=none badfps=8
[12:49:22.000] [aud] fill=4347 prod=48001/s want=48000/s srv=47992 under=0/s short=0.0% tone=0/s skips=0 under_total=31443
[12:50:22.000] up=17:47:08 [run] fps=60 cpu=10644us render=236us blit=1563us aud=1us | ls=J/FS conn=1 sof=64024512 usb=2 rpts=7710874 rfail=0 eperr=0 ints=0 | freezes=0 last=none badfps=8
[12:50:22.000] [aud] fill=4355 prod=48001/s want=48000/s srv=47992 under=0/s short=0.0% tone=0/s skips=0 under_total=31443
[12:51:22.000] up=17:48:08 [run] fps=60 cpu=10644us render=237us blit=1564us aud=1us | ls=J/FS conn=1 sof=64084516 usb=2 rpts=7718103 rfail=0 eperr=0 ints=0 | freezes=0 last=none badfps=8
[12:51:22.000] [aud] fill=4353 prod=48001/s want=48000/s srv=47992 under=0/s short=0.0% tone=0/s skips=0 under_total=31443
[12:52:22.000] up=17:49:08 [run] fps=60 cpu=10671us render=200us blit=1558us aud=1us | ls=J/FS conn=1 sof=64144521 usb=2 rpts=7725335 rfail=0 eperr=0 ints=0 | freezes=0 last=none badfps=8
[12:52:22.000] [aud] fill=4359 prod=48001/s want=48000/s srv=47992 under=0/s short=0.0% tone=0/s skips=0 under_total=31443
[12:53:22.000] up=17:50:08 [run] fps=60 cpu=10675us render=200us blit=1571us aud=1us | ls=J/FS conn=1 sof=64204524 usb=2 rpts=7732565 rfail=0 eperr=0 ints=0 | freezes=0 last=none badfps=8
[12:53:22.000] [aud] fill=4358 prod=48001/s want=48000/s srv=47992 under=0/s short=0.0% tone=0/s skips=0 under_total=31443
[12:54:22.000] up=17:51:08 [run] fps=60 cpu=10685us render=200us blit=1563us aud=1us | ls=J/FS conn=1 sof=64264528 usb=2 rpts=7739793 rfail=0 eperr=0 ints=0 | freezes=0 last=none badfps=8
[12:54:22.000] [aud] fill=4349 prod=48001/s want=48000/s srv=47992 under=0/s short=0.0% tone=0/s skips=0 under_total=31443
[12:55:22.000] up=17:52:08 [run] fps=60 cpu=10679us render=200us blit=1564us aud=1us | ls=J/FS conn=1 sof=64324531 usb=2 rpts=7747024 rfail=0 eperr=0 ints=0 | freezes=0 last=none badfps=8
[12:55:22.000] [aud] fill=4358 prod=48002/s want=48000/s srv=47992 under=0/s short=0.0% tone=0/s skips=0 under_total=31443
[12:56:22.000] up=17:53:08 [run] fps=60 cpu=10673us render=200us blit=1561us aud=1us | ls=J/FS conn=1 sof=64384535 usb=2 rpts=7754252 rfail=0 eperr=0 ints=0 | freezes=0 last=none badfps=8
[12:56:22.000] [aud] fill=4379 prod=48001/s want=48000/s srv=47991 under=0/s short=0.0% tone=0/s skips=0 under_total=31443
[12:57:22.000] up=17:54:08 [run] fps=60 cpu=10674us render=199us blit=1585us aud=1us | ls=J/FS conn=1 sof=64444539 usb=2 rpts=7761486 rfail=0 eperr=0 ints=0 | freezes=0 last=none badfps=8
[12:57:22.000] [aud] fill=4352 prod=48001/s want=48000/s srv=47992 under=0/s short=0.0% tone=0/s skips=0 under_total=31443
[12:58:22.000] up=17:55:08 [run] fps=60 cpu=10679us render=200us blit=1563us aud=0us | ls=J/FS conn=1 sof=64504542 usb=2 rpts=7768718 rfail=0 eperr=0 ints=0 | freezes=0 last=none badfps=8
[12:58:22.000] [aud] fill=4356 prod=48001/s want=48000/s srv=47992 under=0/s short=0.0% tone=0/s skips=0 under_total=31443
[12:59:22.000] up=17:56:08 [run] fps=60 cpu=10680us render=200us blit=1600us aud=1us | ls=J/FS conn=1 sof=64564546 usb=2 rpts=7775940 rfail=0 eperr=0 ints=0 | freezes=0 last=none badfps=8
[12:59:22.000] [aud] fill=4349 prod=48001/s want=48000/s srv=47992 under=0/s short=0.0% tone=0/s skips=0 under_total=31443
[13:00:22.000] up=17:57:08 [run] fps=60 cpu=10684us render=200us blit=1598us aud=1us | ls=J/FS conn=1 sof=64624550 usb=2 rpts=7783158 rfail=0 eperr=0 ints=0 | freezes=0 last=none badfps=8
[13:00:22.000] [aud] fill=4350 prod=48001/s want=48000/s srv=47992 under=0/s short=0.0% tone=0/s skips=0 under_total=31443
[13:01:22.000] up=17:58:08 [run] fps=60 cpu=10675us render=199us blit=1598us aud=0us | ls=J/FS conn=1 sof=64684553 usb=2 rpts=7790383 rfail=0 eperr=0 ints=0 | freezes=0 last=none badfps=8
[13:01:22.000] [aud] fill=4374 prod=48001/s want=48000/s srv=47991 under=0/s short=0.0% tone=0/s skips=0 under_total=31443
[13:02:22.000] up=17:59:08 [run] fps=60 cpu=10676us render=201us blit=1608us aud=0us | ls=J/FS conn=1 sof=64744557 usb=2 rpts=7797612 rfail=0 eperr=0 ints=0 | freezes=0 last=none badfps=8
[13:02:22.000] [aud] fill=4351 prod=48001/s want=48000/s srv=47992 under=0/s short=0.0% tone=0/s skips=0 under_total=31443
[13:03:22.000] up=18:00:08 [run] fps=60 cpu=10684us render=199us blit=1600us aud=1us | ls=J/FS conn=1 sof=64804560 usb=2 rpts=7804846 rfail=0 eperr=0 ints=0 | freezes=0 last=none badfps=8
[13:03:22.000] [aud] fill=4357 prod=48002/s want=48000/s srv=47992 under=0/s short=0.0% tone=0/s skips=0 under_total=31443
[13:04:22.000] up=18:01:08 [run] fps=60 cpu=10685us render=200us blit=1599us aud=1us | ls=J/FS conn=1 sof=64864564 usb=2 rpts=7812067 rfail=0 eperr=0 ints=0 | freezes=0 last=none badfps=8
[13:04:22.000] [aud] fill=4350 prod=48002/s want=48000/s srv=47992 under=0/s short=0.0% tone=0/s skips=0 under_total=31443
[13:05:22.000] up=18:02:08 [run] fps=60 cpu=10643us render=200us blit=1598us aud=1us | ls=J/FS conn=1 sof=64924568 usb=2 rpts=7819295 rfail=0 eperr=0 ints=0 | freezes=0 last=none badfps=8
[13:05:22.000] [aud] fill=4375 prod=48001/s want=48000/s srv=47992 under=0/s short=0.0% tone=0/s skips=0 under_total=31443
[13:06:22.000] up=18:03:08 [run] fps=60 cpu=10640us render=200us blit=1603us aud=1us | ls=J/FS conn=1 sof=64984571 usb=2 rpts=7826522 rfail=0 eperr=0 ints=0 | freezes=0 last=none badfps=8
[13:06:22.000] [aud] fill=4360 prod=48001/s want=48000/s srv=47992 under=0/s short=0.0% tone=0/s skips=0 under_total=31443
[13:07:22.000] up=18:04:08 [run] fps=60 cpu=10657us render=237us blit=1564us aud=0us | ls=J/FS conn=1 sof=65044575 usb=2 rpts=7833752 rfail=0 eperr=0 ints=0 | freezes=0 last=none badfps=8
[13:07:22.000] [aud] fill=4348 prod=48002/s want=48000/s srv=47992 under=0/s short=0.0% tone=0/s skips=0 under_total=31443
[13:08:22.000] up=18:05:08 [run] fps=60 cpu=10647us render=237us blit=1562us aud=1us | ls=J/FS conn=1 sof=65104578 usb=2 rpts=7840980 rfail=0 eperr=0 ints=0 | freezes=0 last=none badfps=8
[13:08:22.000] [aud] fill=4354 prod=48002/s want=48000/s srv=47992 under=0/s short=0.0% tone=0/s skips=0 under_total=31443
[13:09:22.000] up=18:06:08 [run] fps=60 cpu=10651us render=237us blit=1564us aud=0us | ls=J/FS conn=1 sof=65164582 usb=2 rpts=7848195 rfail=0 eperr=0 ints=0 | freezes=0 last=none badfps=8
[13:09:22.000] [aud] fill=4347 prod=48001/s want=48000/s srv=47992 under=0/s short=0.0% tone=0/s skips=0 under_total=31443
[13:10:22.000] up=18:07:08 [run] fps=60 cpu=10640us render=237us blit=1560us aud=1us | ls=J/FS conn=1 sof=65224586 usb=2 rpts=7855420 rfail=0 eperr=0 ints=0 | freezes=0 last=none badfps=8
[13:10:22.000] [aud] fill=4358 prod=48002/s want=48000/s srv=47992 under=0/s short=0.0% tone=0/s skips=0 under_total=31443
[13:11:22.000] up=18:08:08 [run] fps=60 cpu=10639us render=239us blit=1590us aud=0us | ls=J/FS conn=1 sof=65284589 usb=2 rpts=7862644 rfail=0 eperr=0 ints=0 | freezes=0 last=none badfps=8
[13:11:22.000] [aud] fill=4357 prod=48001/s want=48000/s srv=47992 under=0/s short=0.0% tone=0/s skips=0 under_total=31443
[13:12:22.000] up=18:09:08 [run] fps=60 cpu=10684us render=199us blit=1601us aud=0us | ls=J/FS conn=1 sof=65344594 usb=2 rpts=7869875 rfail=0 eperr=0 ints=0 | freezes=0 last=none badfps=8
[13:12:22.000] [aud] fill=4348 prod=48002/s want=48000/s srv=47992 under=0/s short=0.0% tone=0/s skips=0 under_total=31443
[13:13:22.000] up=18:10:08 [run] fps=60 cpu=10689us render=200us blit=1602us aud=0us | ls=J/FS conn=1 sof=65404598 usb=2 rpts=7877096 rfail=0 eperr=0 ints=0 | freezes=0 last=none badfps=8
[13:13:22.000] [aud] fill=4349 prod=48001/s want=48000/s srv=47992 under=0/s short=0.0% tone=0/s skips=0 under_total=31443
[13:14:22.000] up=18:11:08 [run] fps=60 cpu=10683us render=200us blit=1601us aud=0us | ls=J/FS conn=1 sof=65464601 usb=2 rpts=7884316 rfail=0 eperr=0 ints=0 | freezes=0 last=none badfps=8
[13:14:22.000] [aud] fill=4390 prod=48000/s want=48000/s srv=47991 under=0/s short=0.0% tone=0/s skips=0 under_total=31443
[13:15:22.000] up=18:12:08 [run] fps=60 cpu=10676us render=200us blit=1607us aud=1us | ls=J/FS conn=1 sof=65524605 usb=2 rpts=7891543 rfail=0 eperr=0 ints=0 | freezes=0 last=none badfps=8
[13:15:22.000] [aud] fill=4357 prod=48001/s want=48000/s srv=47992 under=0/s short=0.0% tone=0/s skips=0 under_total=31443
[13:16:22.000] up=18:13:08 [run] fps=60 cpu=10682us render=200us blit=1601us aud=0us | ls=J/FS conn=1 sof=65584608 usb=2 rpts=7898766 rfail=0 eperr=0 ints=0 | freezes=0 last=none badfps=8
[13:16:22.000] [aud] fill=4357 prod=48001/s want=48000/s srv=47992 under=0/s short=0.0% tone=0/s skips=0 under_total=31443
[13:17:22.000] up=18:14:08 [run] fps=60 cpu=10687us render=200us blit=1600us aud=1us | ls=J/FS conn=1 sof=65644612 usb=2 rpts=7905996 rfail=0 eperr=0 ints=0 | freezes=0 last=none badfps=8
[13:17:22.000] [aud] fill=4349 prod=48002/s want=48000/s srv=47992 under=0/s short=0.0% tone=0/s skips=0 under_total=31443
[13:18:22.000] up=18:15:08 [run] fps=60 cpu=10681us render=199us blit=1603us aud=0us | ls=J/FS conn=1 sof=65704616 usb=2 rpts=7913225 rfail=0 eperr=0 ints=0 | freezes=0 last=none badfps=8
[13:18:22.000] [aud] fill=4349 prod=48001/s want=48000/s srv=47992 under=0/s short=0.0% tone=0/s skips=0 under_total=31443
[13:19:22.000] up=18:16:08 [run] fps=60 cpu=10677us render=200us blit=1597us aud=1us | ls=J/FS conn=1 sof=65764619 usb=2 rpts=7920444 rfail=0 eperr=0 ints=0 | freezes=0 last=none badfps=8
[13:19:22.000] [aud] fill=4374 prod=48000/s want=48000/s srv=47992 under=0/s short=0.0% tone=0/s skips=0 under_total=31443
[13:20:22.000] up=18:17:08 [run] fps=60 cpu=10673us render=202us blit=1623us aud=1us | ls=J/FS conn=1 sof=65824623 usb=2 rpts=7927677 rfail=0 eperr=0 ints=0 | freezes=0 last=none badfps=8
[13:20:22.000] [aud] fill=4352 prod=48002/s want=48000/s srv=47992 under=0/s short=0.0% tone=0/s skips=0 under_total=31443
[13:21:22.000] up=18:18:08 [run] fps=60 cpu=10682us render=200us blit=1600us aud=1us | ls=J/FS conn=1 sof=65884626 usb=2 rpts=7934903 rfail=0 eperr=0 ints=0 | freezes=0 last=none badfps=8
[13:21:22.000] [aud] fill=4357 prod=48002/s want=48000/s srv=47992 under=0/s short=0.0% tone=0/s skips=0 under_total=31443
[13:22:22.000] up=18:19:08 [run] fps=60 cpu=10680us render=200us blit=1601us aud=0us | ls=J/FS conn=1 sof=65944630 usb=2 rpts=7942135 rfail=0 eperr=0 ints=0 | freezes=0 last=none badfps=8
[13:22:22.000] [aud] fill=4350 prod=48001/s want=48000/s srv=47992 under=0/s short=0.0% tone=0/s skips=0 under_total=31443
[13:23:22.000] up=18:20:08 [run] fps=60 cpu=10676us render=199us blit=1600us aud=1us | ls=J/FS conn=1 sof=66004634 usb=2 rpts=7949367 rfail=0 eperr=0 ints=0 | freezes=0 last=none badfps=8
[13:23:22.000] [aud] fill=4382 prod=48002/s want=48000/s srv=47992 under=0/s short=0.0% tone=0/s skips=0 under_total=31443
[13:24:22.000] up=18:21:08 [run] fps=60 cpu=10670us render=200us blit=1561us aud=1us | ls=J/FS conn=1 sof=66064637 usb=2 rpts=7956597 rfail=0 eperr=0 ints=0 | freezes=0 last=none badfps=8
[13:24:22.000] [aud] fill=4374 prod=48000/s want=48000/s srv=47992 under=0/s short=0.0% tone=0/s skips=0 under_total=31443
[13:25:22.000] up=18:22:08 [run] fps=60 cpu=10679us render=200us blit=1600us aud=0us | ls=J/FS conn=1 sof=66124641 usb=2 rpts=7963828 rfail=0 eperr=0 ints=0 | freezes=0 last=none badfps=8
[13:25:22.000] [aud] fill=4351 prod=48001/s want=48000/s srv=47992 under=0/s short=0.0% tone=0/s skips=0 under_total=31443
[13:26:22.000] up=18:23:08 [run] fps=60 cpu=10683us render=200us blit=1600us aud=1us | ls=J/FS conn=1 sof=66184644 usb=2 rpts=7971051 rfail=0 eperr=0 ints=0 | freezes=0 last=none badfps=8
[13:26:22.000] [aud] fill=4358 prod=48001/s want=48000/s srv=47992 under=0/s short=0.0% tone=0/s skips=0 under_total=31443
[13:27:22.000] up=18:24:08 [run] fps=60 cpu=10683us render=199us blit=1601us aud=1us | ls=J/FS conn=1 sof=66244648 usb=2 rpts=7978274 rfail=0 eperr=0 ints=0 | freezes=0 last=none badfps=8
[13:27:22.000] [aud] fill=4349 prod=48002/s want=48000/s srv=47992 under=0/s short=0.0% tone=0/s skips=0 under_total=31443
[13:28:22.000] up=18:25:08 [run] fps=60 cpu=10670us render=200us blit=1600us aud=1us | ls=J/FS conn=1 sof=66304652 usb=2 rpts=7985504 rfail=0 eperr=0 ints=0 | freezes=0 last=none badfps=8
[13:28:22.000] [aud] fill=4366 prod=48001/s want=48000/s srv=47992 under=0/s short=0.0% tone=0/s skips=0 under_total=31443
[13:29:22.000] up=18:26:08 [run] fps=60 cpu=10668us render=199us blit=1611us aud=1us | ls=J/FS conn=1 sof=66364655 usb=2 rpts=7992737 rfail=0 eperr=0 ints=0 | freezes=0 last=none badfps=8
[13:29:22.000] [aud] fill=4360 prod=48001/s want=48000/s srv=47992 under=0/s short=0.0% tone=0/s skips=0 under_total=31443
[13:30:22.000] up=18:27:08 [run] fps=60 cpu=10682us render=200us blit=1599us aud=1us | ls=J/FS conn=1 sof=66424659 usb=2 rpts=7999971 rfail=0 eperr=0 ints=0 | freezes=0 last=none badfps=8
[13:30:22.000] [aud] fill=4351 prod=48002/s want=48000/s srv=47992 under=0/s short=0.0% tone=0/s skips=0 under_total=31443
[13:31:22.000] up=18:28:08 [run] fps=60 cpu=10684us render=200us blit=1602us aud=0us | ls=J/FS conn=1 sof=66484663 usb=2 rpts=8007192 rfail=0 eperr=0 ints=0 | freezes=0 last=none badfps=8
[13:31:22.000] [aud] fill=4347 prod=48001/s want=48000/s srv=47992 under=0/s short=0.0% tone=0/s skips=0 under_total=31443
[13:32:22.000] up=18:29:08 [run] fps=60 cpu=10679us render=201us blit=1601us aud=0us | ls=J/FS conn=1 sof=66544666 usb=2 rpts=8014413 rfail=0 eperr=0 ints=0 | freezes=0 last=none badfps=8
[13:32:22.000] [aud] fill=4356 prod=48001/s want=48000/s srv=47992 under=0/s short=0.0% tone=0/s skips=0 under_total=31443
[13:33:22.000] up=18:30:08 [run] fps=60 cpu=10637us render=237us blit=1561us aud=0us | ls=J/FS conn=1 sof=66604670 usb=2 rpts=8021648 rfail=0 eperr=0 ints=0 | freezes=0 last=none badfps=8
[13:33:22.000] [aud] fill=4359 prod=48002/s want=48000/s srv=47992 under=0/s short=0.0% tone=0/s skips=0 under_total=31443
[13:34:22.000] up=18:31:08 [run] fps=60 cpu=10640us render=238us blit=1576us aud=1us | ls=J/FS conn=1 sof=66664673 usb=2 rpts=8028879 rfail=0 eperr=0 ints=0 | freezes=0 last=none badfps=8
[13:34:22.000] [aud] fill=4357 prod=48002/s want=48000/s srv=47992 under=0/s short=0.0% tone=0/s skips=0 under_total=31443
[13:35:22.000] up=18:32:08 [run] fps=60 cpu=10682us render=199us blit=1563us aud=0us | ls=J/FS conn=1 sof=66724678 usb=2 rpts=8036110 rfail=0 eperr=0 ints=0 | freezes=0 last=none badfps=8
[13:35:22.000] [aud] fill=4348 prod=48001/s want=48000/s srv=47992 under=0/s short=0.0% tone=0/s skips=0 under_total=31443
[13:36:22.000] up=18:33:08 [run] fps=60 cpu=10681us render=200us blit=1561us aud=1us | ls=J/FS conn=1 sof=66784682 usb=2 rpts=8043339 rfail=0 eperr=0 ints=0 | freezes=0 last=none badfps=8
[13:36:22.000] [aud] fill=4347 prod=48001/s want=48000/s srv=47992 under=0/s short=0.0% tone=0/s skips=0 under_total=31443
[13:37:22.000] up=18:34:08 [run] fps=60 cpu=10639us render=237us blit=1562us aud=0us | ls=J/FS conn=1 sof=66844684 usb=2 rpts=8050563 rfail=0 eperr=0 ints=0 | freezes=0 last=none badfps=8
[13:37:22.000] [aud] fill=4394 prod=48000/s want=48000/s srv=47991 under=0/s short=0.0% tone=0/s skips=0 under_total=31443
[13:38:22.000] up=18:35:08 [run] fps=60 cpu=10670us render=199us blit=1628us aud=0us | ls=J/FS conn=1 sof=66904689 usb=2 rpts=8057791 rfail=0 eperr=0 ints=0 | freezes=0 last=none badfps=8
[13:38:22.000] [aud] fill=4352 prod=48001/s want=48000/s srv=47992 under=0/s short=0.0% tone=0/s skips=0 under_total=31443
[13:39:22.000] up=18:36:08 [run] fps=60 cpu=10678us render=200us blit=1600us aud=0us | ls=J/FS conn=1 sof=66964692 usb=2 rpts=8065015 rfail=0 eperr=0 ints=0 | freezes=0 last=none badfps=8
[13:39:22.000] [aud] fill=4359 prod=48002/s want=48000/s srv=47992 under=0/s short=0.0% tone=0/s skips=0 under_total=31443
[13:40:22.000] up=18:37:08 [run] fps=60 cpu=10677us render=199us blit=1601us aud=1us | ls=J/FS conn=1 sof=67024696 usb=2 rpts=8072242 rfail=0 eperr=0 ints=0 | freezes=0 last=none badfps=8
[13:40:22.000] [aud] fill=4350 prod=48001/s want=48000/s srv=47992 under=0/s short=0.0% tone=0/s skips=0 under_total=31443
[13:41:22.000] up=18:38:08 [run] fps=60 cpu=10680us render=200us blit=1600us aud=1us | ls=J/FS conn=1 sof=67084700 usb=2 rpts=8079472 rfail=0 eperr=0 ints=0 | freezes=0 last=none badfps=8
[13:41:22.000] [aud] fill=4353 prod=48002/s want=48000/s srv=47992 under=0/s short=0.0% tone=0/s skips=0 under_total=31443
[13:42:22.000] up=18:39:08 [run] fps=60 cpu=10673us render=200us blit=1599us aud=0us | ls=J/FS conn=1 sof=67144703 usb=2 rpts=8086695 rfail=0 eperr=0 ints=0 | freezes=0 last=none badfps=8
[13:42:22.000] [aud] fill=4375 prod=48001/s want=48000/s srv=47991 under=0/s short=0.0% tone=0/s skips=0 under_total=31443
[13:43:22.000] up=18:40:08 [run] fps=60 cpu=10674us render=202us blit=1609us aud=0us | ls=J/FS conn=1 sof=67204707 usb=2 rpts=8093923 rfail=0 eperr=0 ints=0 | freezes=0 last=none badfps=8
[13:43:22.000] [aud] fill=4351 prod=48001/s want=48000/s srv=47992 under=0/s short=0.0% tone=0/s skips=0 under_total=31443
[13:44:22.000] up=18:41:08 [run] fps=60 cpu=10679us render=200us blit=1601us aud=0us | ls=J/FS conn=1 sof=67264710 usb=2 rpts=8101146 rfail=0 eperr=0 ints=0 | freezes=0 last=none badfps=8
[13:44:22.000] [aud] fill=4357 prod=48002/s want=48000/s srv=47992 under=0/s short=0.0% tone=0/s skips=0 under_total=31443
[13:45:22.000] up=18:42:08 [run] fps=60 cpu=10684us render=200us blit=1600us aud=1us | ls=J/FS conn=1 sof=67324714 usb=2 rpts=8108374 rfail=0 eperr=0 ints=0 | freezes=0 last=none badfps=8
[13:45:22.000] [aud] fill=4349 prod=48002/s want=48000/s srv=47992 under=0/s short=0.0% tone=0/s skips=0 under_total=31443
[13:46:22.000] up=18:43:08 [run] fps=60 cpu=10672us render=200us blit=1599us aud=0us | ls=J/FS conn=1 sof=67384718 usb=2 rpts=8115601 rfail=0 eperr=0 ints=0 | freezes=0 last=none badfps=8
[13:46:22.000] [aud] fill=4386 prod=48000/s want=48000/s srv=47991 under=0/s short=0.0% tone=0/s skips=0 under_total=31443
[13:47:22.000] up=18:44:08 [run] fps=60 cpu=10670us render=200us blit=1598us aud=1us | ls=J/FS conn=1 sof=67444721 usb=2 rpts=8122820 rfail=0 eperr=0 ints=0 | freezes=0 last=none badfps=8
[13:47:22.000] [aud] fill=4364 prod=48001/s want=48000/s srv=47992 under=0/s short=0.0% tone=0/s skips=0 under_total=31443
[13:48:22.000] up=18:45:08 [run] fps=60 cpu=10679us render=200us blit=1600us aud=1us | ls=J/FS conn=1 sof=67504725 usb=2 rpts=8130056 rfail=0 eperr=0 ints=0 | freezes=0 last=none badfps=8
[13:48:22.000] [aud] fill=4350 prod=48001/s want=48000/s srv=47992 under=0/s short=0.0% tone=0/s skips=0 under_total=31443
[13:49:22.000] up=18:46:08 [run] fps=60 cpu=10678us render=199us blit=1601us aud=1us | ls=J/FS conn=1 sof=67564729 usb=2 rpts=8137286 rfail=0 eperr=0 ints=0 | freezes=0 last=none badfps=8
[13:49:22.000] [aud] fill=4349 prod=48001/s want=48000/s srv=47992 under=0/s short=0.0% tone=0/s skips=0 under_total=31443
[13:50:22.000] up=18:47:08 [run] fps=60 cpu=10680us render=200us blit=1564us aud=1us | ls=J/FS conn=1 sof=67624732 usb=2 rpts=8144517 rfail=0 eperr=0 ints=0 | freezes=0 last=none badfps=8
[13:50:22.000] [aud] fill=4358 prod=48001/s want=48000/s srv=47992 under=0/s short=0.0% tone=0/s skips=0 under_total=31443
[13:51:22.000] up=18:48:08 [run] fps=60 cpu=10670us render=199us blit=1598us aud=0us | ls=J/FS conn=1 sof=67684736 usb=2 rpts=8151746 rfail=0 eperr=0 ints=0 | freezes=0 last=none badfps=8
[13:51:22.000] [aud] fill=4359 prod=48001/s want=48000/s srv=47992 under=0/s short=0.0% tone=0/s skips=0 under_total=31443
[13:52:22.000] up=18:49:08 [run] fps=60 cpu=10673us render=200us blit=1627us aud=0us | ls=J/FS conn=1 sof=67744739 usb=2 rpts=8158973 rfail=0 eperr=0 ints=0 | freezes=0 last=none badfps=8
[13:52:22.000] [aud] fill=4359 prod=48001/s want=48000/s srv=47992 under=0/s short=0.0% tone=0/s skips=0 under_total=31443
[13:53:22.000] up=18:50:08 [run] fps=60 cpu=10681us render=200us blit=1600us aud=1us | ls=J/FS conn=1 sof=67804743 usb=2 rpts=8166200 rfail=0 eperr=0 ints=0 | freezes=0 last=none badfps=8
[13:53:22.000] [aud] fill=4351 prod=48002/s want=48000/s srv=47992 under=0/s short=0.0% tone=0/s skips=0 under_total=31443
[13:54:22.000] up=18:51:08 [run] fps=60 cpu=10681us render=200us blit=1600us aud=1us | ls=J/FS conn=1 sof=67864747 usb=2 rpts=8173436 rfail=0 eperr=0 ints=0 | freezes=0 last=none badfps=8
[13:54:22.000] [aud] fill=4348 prod=47954/s want=48000/s srv=47992 under=0/s short=0.0% tone=0/s skips=0 under_total=31443
[13:55:22.000] up=18:52:08 [run] fps=60 cpu=10676us render=200us blit=1600us aud=1us | ls=J/FS conn=1 sof=67924750 usb=2 rpts=8180664 rfail=0 eperr=0 ints=0 | freezes=0 last=none badfps=8
[13:55:22.000] [aud] fill=4365 prod=48002/s want=48000/s srv=47992 under=0/s short=0.0% tone=0/s skips=0 under_total=31443
[13:56:22.000] up=18:53:08 [run] fps=60 cpu=10672us render=199us blit=1597us aud=1us | ls=J/FS conn=1 sof=67984754 usb=2 rpts=8187896 rfail=0 eperr=0 ints=0 | freezes=0 last=none badfps=8
[13:56:22.000] [aud] fill=4361 prod=48001/s want=48000/s srv=47992 under=0/s short=0.0% tone=0/s skips=0 under_total=31443
[13:57:22.000] up=18:54:08 [run] fps=60 cpu=10674us render=201us blit=1608us aud=1us | ls=J/FS conn=1 sof=68044757 usb=2 rpts=8195119 rfail=0 eperr=0 ints=0 | freezes=0 last=none badfps=8
[13:57:22.000] [aud] fill=4358 prod=48001/s want=48000/s srv=47992 under=0/s short=0.0% tone=0/s skips=0 under_total=31443
[13:58:22.000] up=18:55:08 [run] fps=60 cpu=10681us render=200us blit=1599us aud=1us | ls=J/FS conn=1 sof=68104761 usb=2 rpts=8202338 rfail=0 eperr=0 ints=0 | freezes=0 last=none badfps=8
[13:58:22.000] [aud] fill=4349 prod=48001/s want=48000/s srv=47992 under=0/s short=0.0% tone=0/s skips=0 under_total=31443
[13:59:22.000] up=18:56:08 [run] fps=60 cpu=10640us render=237us blit=1563us aud=1us | ls=J/FS conn=1 sof=68164765 usb=2 rpts=8209569 rfail=0 eperr=0 ints=0 | freezes=0 last=none badfps=8
[13:59:22.000] [aud] fill=4347 prod=48002/s want=48000/s srv=47992 under=0/s short=0.0% tone=0/s skips=0 under_total=31443
[14:00:22.000] up=18:57:08 [run] fps=60 cpu=10635us render=200us blit=1598us aud=1us | ls=J/FS conn=1 sof=68224768 usb=2 rpts=8216798 rfail=0 eperr=0 ints=0 | freezes=0 last=none badfps=8
[14:00:22.000] [aud] fill=4373 prod=48001/s want=48000/s srv=47991 under=0/s short=0.0% tone=0/s skips=0 under_total=31443
[14:01:22.000] up=18:58:08 [run] fps=60 cpu=10668us render=200us blit=1595us aud=0us | ls=J/FS conn=1 sof=68284773 usb=2 rpts=8224026 rfail=0 eperr=0 ints=0 | freezes=0 last=none badfps=8
[14:01:22.000] [aud] fill=4349 prod=48001/s want=48000/s srv=47992 under=0/s short=0.0% tone=0/s skips=0 under_total=31443
[14:02:22.000] up=18:59:08 [run] fps=60 cpu=10682us render=201us blit=1572us aud=1us | ls=J/FS conn=1 sof=68344776 usb=2 rpts=8231254 rfail=0 eperr=0 ints=0 | freezes=0 last=none badfps=8
[14:02:22.000] [aud] fill=4354 prod=48002/s want=48000/s srv=47992 under=0/s short=0.0% tone=0/s skips=0 under_total=31443
[14:03:22.000] up=19:00:08 [run] fps=60 cpu=10681us render=199us blit=1564us aud=1us | ls=J/FS conn=1 sof=68404780 usb=2 rpts=8238481 rfail=0 eperr=0 ints=0 | freezes=0 last=none badfps=8
[14:03:22.000] [aud] fill=4350 prod=48001/s want=48000/s srv=47992 under=0/s short=0.0% tone=0/s skips=0 under_total=31443
[14:04:22.000] up=19:01:08 [run] fps=60 cpu=10682us render=200us blit=1602us aud=0us | ls=J/FS conn=1 sof=68464784 usb=2 rpts=8245716 rfail=0 eperr=0 ints=0 | freezes=0 last=none badfps=8
[14:04:22.000] [aud] fill=4380 prod=47953/s want=48000/s srv=47992 under=0/s short=0.0% tone=0/s skips=0 under_total=31443
[14:05:22.000] up=19:02:08 [run] fps=60 cpu=10674us render=199us blit=1599us aud=1us | ls=J/FS conn=1 sof=68524787 usb=2 rpts=8252936 rfail=0 eperr=0 ints=0 | freezes=0 last=none badfps=8
[14:05:22.000] [aud] fill=4373 prod=48002/s want=48000/s srv=47992 under=0/s short=0.0% tone=0/s skips=0 under_total=31443
[14:06:22.000] up=19:03:09 [run] fps=60 cpu=10690us render=200us blit=1600us aud=1us | ls=J/FS conn=1 sof=68584791 usb=2 rpts=8260158 rfail=0 eperr=0 ints=0 | freezes=0 last=none badfps=8
[14:06:22.000] [aud] fill=4353 prod=48001/s want=48000/s srv=47992 under=0/s short=0.0% tone=0/s skips=0 under_total=31443
[14:07:22.000] up=19:04:09 [run] fps=60 cpu=10684us render=200us blit=1600us aud=1us | ls=J/FS conn=1 sof=68644795 usb=2 rpts=8267374 rfail=0 eperr=0 ints=0 | freezes=0 last=none badfps=8
[14:07:22.000] [aud] fill=4349 prod=48001/s want=48000/s srv=47992 under=0/s short=0.0% tone=0/s skips=0 under_total=31443
[14:08:22.000] up=19:05:09 [run] fps=60 cpu=10686us render=199us blit=1601us aud=1us | ls=J/FS conn=1 sof=68704798 usb=2 rpts=8274601 rfail=0 eperr=0 ints=0 | freezes=0 last=none badfps=8
[14:08:22.000] [aud] fill=4358 prod=48002/s want=48000/s srv=47992 under=0/s short=0.0% tone=0/s skips=0 under_total=31443
[14:09:22.000] up=19:06:09 [run] fps=60 cpu=10677us render=200us blit=1599us aud=0us | ls=J/FS conn=1 sof=68764802 usb=2 rpts=8281829 rfail=0 eperr=0 ints=0 | freezes=0 last=none badfps=8
[14:09:22.000] [aud] fill=4369 prod=48001/s want=48000/s srv=47992 under=0/s short=0.0% tone=0/s skips=0 under_total=31443
[14:10:22.000] up=19:07:09 [run] fps=60 cpu=10680us render=199us blit=1608us aud=1us | ls=J/FS conn=1 sof=68824805 usb=2 rpts=8289049 rfail=0 eperr=0 ints=0 | freezes=0 last=none badfps=8
[14:10:22.000] [aud] fill=4361 prod=48002/s want=48000/s srv=47992 under=0/s short=0.0% tone=0/s skips=0 under_total=31443
[14:11:22.000] up=19:08:09 [run] fps=60 cpu=10683us render=200us blit=1600us aud=1us | ls=J/FS conn=1 sof=68884809 usb=2 rpts=8296275 rfail=0 eperr=0 ints=0 | freezes=0 last=none badfps=8
[14:11:22.000] [aud] fill=4350 prod=48001/s want=48000/s srv=47992 under=0/s short=0.0% tone=0/s skips=0 under_total=31443
[14:12:22.000] up=19:09:09 [run] fps=60 cpu=10685us render=200us blit=1601us aud=1us | ls=J/FS conn=1 sof=68944813 usb=2 rpts=8303504 rfail=0 eperr=0 ints=0 | freezes=0 last=none badfps=8
[14:12:22.000] [aud] fill=4349 prod=48001/s want=48000/s srv=47992 under=0/s short=0.0% tone=0/s skips=0 under_total=31443
[14:13:22.000] up=19:10:09 [run] fps=60 cpu=10683us render=200us blit=1600us aud=1us | ls=J/FS conn=1 sof=69004816 usb=2 rpts=8310731 rfail=0 eperr=0 ints=0 | freezes=0 last=none badfps=8
[14:13:22.000] [aud] fill=4358 prod=48001/s want=48000/s srv=47992 under=0/s short=0.0% tone=0/s skips=0 under_total=31443
[14:14:22.000] up=19:11:09 [run] fps=60 cpu=10680us render=199us blit=1599us aud=1us | ls=J/FS conn=1 sof=69064820 usb=2 rpts=8317960 rfail=0 eperr=0 ints=0 | freezes=0 last=none badfps=8
[14:14:22.000] [aud] fill=4360 prod=48001/s want=48000/s srv=47992 under=0/s short=0.0% tone=0/s skips=0 under_total=31443
[14:15:22.000] up=19:12:09 [run] fps=60 cpu=10682us render=201us blit=1626us aud=1us | ls=J/FS conn=1 sof=69124823 usb=2 rpts=8325183 rfail=0 eperr=0 ints=0 | freezes=0 last=none badfps=8
[14:15:22.000] [aud] fill=4359 prod=48001/s want=48000/s srv=47992 under=0/s short=0.0% tone=0/s skips=0 under_total=31443
[14:16:22.000] up=19:13:09 [run] fps=60 cpu=10687us render=200us blit=1600us aud=1us | ls=J/FS conn=1 sof=69184827 usb=2 rpts=8332409 rfail=0 eperr=0 ints=0 | freezes=0 last=none badfps=8
[14:16:22.000] [aud] fill=4350 prod=48002/s want=48000/s srv=47992 under=0/s short=0.0% tone=0/s skips=0 under_total=31443
[14:17:22.000] up=19:14:09 [run] fps=60 cpu=10652us render=200us blit=1599us aud=0us | ls=J/FS conn=1 sof=69244832 usb=2 rpts=8339635 rfail=0 eperr=0 ints=0 | freezes=0 last=none badfps=8
[14:17:22.000] [aud] fill=4341 prod=48002/s want=48000/s srv=47993 under=0/s short=0.0% tone=0/s skips=0 under_total=31443
[14:18:22.000] up=19:15:09 [run] fps=60 cpu=10677us render=200us blit=1599us aud=1us | ls=J/FS conn=1 sof=69304835 usb=2 rpts=8346873 rfail=0 eperr=0 ints=0 | freezes=0 last=none badfps=8
[14:18:22.000] [aud] fill=4376 prod=48001/s want=48000/s srv=47991 under=0/s short=0.0% tone=0/s skips=0 under_total=31443
[14:19:22.000] up=19:16:09 [run] fps=60 cpu=10668us render=200us blit=1630us aud=1us | ls=J/FS conn=1 sof=69364839 usb=2 rpts=8354094 rfail=0 eperr=0 ints=0 | freezes=0 last=none badfps=8
[14:19:22.000] [aud] fill=4352 prod=48001/s want=48000/s srv=47992 under=0/s short=0.0% tone=0/s skips=0 under_total=31443
[14:20:22.000] up=19:17:09 [run] fps=60 cpu=10678us render=200us blit=1599us aud=0us | ls=J/FS conn=1 sof=69424842 usb=2 rpts=8361317 rfail=0 eperr=0 ints=0 | freezes=0 last=none badfps=8
[14:20:22.000] [aud] fill=4356 prod=48001/s want=48000/s srv=47992 under=0/s short=0.0% tone=0/s skips=0 under_total=31443
[14:21:22.000] up=19:18:09 [run] fps=60 cpu=10643us render=200us blit=1599us aud=0us | ls=J/FS conn=1 sof=69484846 usb=2 rpts=8368549 rfail=0 eperr=0 ints=0 | freezes=0 last=none badfps=8
[14:21:22.000] [aud] fill=4349 prod=48001/s want=48000/s srv=47992 under=0/s short=0.0% tone=0/s skips=0 under_total=31443
[14:22:22.000] up=19:19:09 [run] fps=60 cpu=10641us render=236us blit=1563us aud=1us | ls=J/FS conn=1 sof=69544850 usb=2 rpts=8375779 rfail=0 eperr=0 ints=0 | freezes=0 last=none badfps=8
[14:22:22.000] [aud] fill=4375 prod=48001/s want=48000/s srv=47992 under=0/s short=0.0% tone=0/s skips=0 under_total=31443
[14:23:22.000] up=19:20:09 [run] fps=60 cpu=10634us render=237us blit=1561us aud=0us | ls=J/FS conn=1 sof=69604853 usb=2 rpts=8383004 rfail=0 eperr=0 ints=0 | freezes=0 last=none badfps=8
[14:23:22.000] [aud] fill=4372 prod=48002/s want=48000/s srv=47992 under=0/s short=0.0% tone=0/s skips=0 under_total=31443
[14:24:22.000] up=19:21:09 [run] fps=60 cpu=10679us render=200us blit=1564us aud=1us | ls=J/FS conn=1 sof=69664858 usb=2 rpts=8390236 rfail=0 eperr=0 ints=0 | freezes=0 last=none badfps=8
[14:24:22.000] [aud] fill=4348 prod=48001/s want=48000/s srv=47992 under=0/s short=0.0% tone=0/s skips=0 under_total=31443
[14:25:22.000] up=19:22:09 [run] fps=60 cpu=10676us render=200us blit=1564us aud=1us | ls=J/FS conn=1 sof=69724862 usb=2 rpts=8397461 rfail=0 eperr=0 ints=0 | freezes=0 last=none badfps=8
[14:25:22.000] [aud] fill=4349 prod=48002/s want=48000/s srv=47992 under=0/s short=0.0% tone=0/s skips=0 under_total=31443
[14:26:22.000] up=19:23:09 [run] fps=60 cpu=10682us render=199us blit=1564us aud=1us | ls=J/FS conn=1 sof=69784865 usb=2 rpts=8404690 rfail=0 eperr=0 ints=0 | freezes=0 last=none badfps=8
[14:26:22.000] [aud] fill=4356 prod=48001/s want=48000/s srv=47992 under=0/s short=0.0% tone=0/s skips=0 under_total=31443
[14:27:22.000] up=19:24:09 [run] fps=60 cpu=10676us render=200us blit=1561us aud=0us | ls=J/FS conn=1 sof=69844869 usb=2 rpts=8411925 rfail=0 eperr=0 ints=0 | freezes=0 last=none badfps=8
[14:27:22.000] [aud] fill=4365 prod=48001/s want=48000/s srv=47992 under=0/s short=0.0% tone=0/s skips=0 under_total=31443
[14:28:22.000] up=19:25:09 [run] fps=60 cpu=10677us render=199us blit=1577us aud=1us | ls=J/FS conn=1 sof=69904872 usb=2 rpts=8419156 rfail=0 eperr=0 ints=0 | freezes=0 last=none badfps=8
[14:28:22.000] [aud] fill=4359 prod=48002/s want=48000/s srv=47992 under=0/s short=0.0% tone=0/s skips=0 under_total=31443
[14:29:22.000] up=19:26:09 [run] fps=60 cpu=10680us render=199us blit=1563us aud=0us | ls=J/FS conn=1 sof=69964876 usb=2 rpts=8426385 rfail=0 eperr=0 ints=0 | freezes=0 last=none badfps=8
[14:29:22.000] [aud] fill=4350 prod=48001/s want=48000/s srv=47992 under=0/s short=0.0% tone=0/s skips=0 under_total=31443
[14:30:22.000] up=19:27:09 [run] fps=60 cpu=10681us render=201us blit=1601us aud=0us | ls=J/FS conn=1 sof=70024880 usb=2 rpts=8433615 rfail=0 eperr=0 ints=0 | freezes=0 last=none badfps=8
[14:30:22.000] [aud] fill=4348 prod=48001/s want=48000/s srv=47992 under=0/s short=0.0% tone=0/s skips=0 under_total=31443
[14:31:22.000] up=19:28:09 [run] fps=60 cpu=10677us render=199us blit=1602us aud=0us | ls=J/FS conn=1 sof=70084883 usb=2 rpts=8440837 rfail=0 eperr=0 ints=0 | freezes=0 last=none badfps=8
[14:31:22.000] [aud] fill=4358 prod=48002/s want=48000/s srv=47992 under=0/s short=0.0% tone=0/s skips=0 under_total=31443
[14:32:22.000] up=19:29:09 [run] fps=60 cpu=10669us render=200us blit=1599us aud=1us | ls=J/FS conn=1 sof=70144887 usb=2 rpts=8448060 rfail=0 eperr=0 ints=0 | freezes=0 last=none badfps=8
[14:32:22.000] [aud] fill=4363 prod=48001/s want=48000/s srv=47992 under=0/s short=0.0% tone=0/s skips=0 under_total=31443
[14:33:22.000] up=19:30:09 [run] fps=60 cpu=10672us render=201us blit=1619us aud=1us | ls=J/FS conn=1 sof=70204890 usb=2 rpts=8455275 rfail=0 eperr=0 ints=0 | freezes=0 last=none badfps=8
[14:33:22.000] [aud] fill=4359 prod=48002/s want=48000/s srv=47992 under=0/s short=0.0% tone=0/s skips=0 under_total=31443
[14:34:22.000] up=19:31:09 [run] fps=60 cpu=10677us render=200us blit=1601us aud=1us | ls=J/FS conn=1 sof=70264894 usb=2 rpts=8462504 rfail=0 eperr=0 ints=0 | freezes=0 last=none badfps=8
[14:34:22.000] [aud] fill=4350 prod=48002/s want=48000/s srv=47992 under=0/s short=0.0% tone=0/s skips=0 under_total=31443
[14:35:22.000] up=19:32:09 [run] fps=60 cpu=10681us render=200us blit=1600us aud=1us | ls=J/FS conn=1 sof=70324898 usb=2 rpts=8469729 rfail=0 eperr=0 ints=0 | freezes=0 last=none badfps=8
[14:35:22.000] [aud] fill=4349 prod=48001/s want=48000/s srv=47992 under=0/s short=0.0% tone=0/s skips=0 under_total=31443
[14:36:22.000] up=19:33:09 [run] fps=60 cpu=10677us render=199us blit=1601us aud=1us | ls=J/FS conn=1 sof=70384901 usb=2 rpts=8476951 rfail=0 eperr=0 ints=0 | freezes=0 last=none badfps=8
[14:36:22.000] [aud] fill=4391 prod=48001/s want=48000/s srv=47991 under=0/s short=0.0% tone=0/s skips=0 under_total=31443
[14:37:22.000] up=19:34:09 [run] fps=60 cpu=10668us render=200us blit=1610us aud=1us | ls=J/FS conn=1 sof=70444905 usb=2 rpts=8484172 rfail=0 eperr=0 ints=0 | freezes=0 last=none badfps=8
[14:37:22.000] [aud] fill=4358 prod=48001/s want=48000/s srv=47992 under=0/s short=0.0% tone=0/s skips=0 under_total=31443
[14:38:22.000] up=19:35:09 [run] fps=60 cpu=10679us render=200us blit=1601us aud=1us | ls=J/FS conn=1 sof=70504908 usb=2 rpts=8491402 rfail=0 eperr=0 ints=0 | freezes=0 last=none badfps=8
[14:38:22.000] [aud] fill=4359 prod=48002/s want=48000/s srv=47992 under=0/s short=0.0% tone=0/s skips=0 under_total=31443
[14:39:22.000] up=19:36:09 [run] fps=60 cpu=10676us render=200us blit=1600us aud=1us | ls=J/FS conn=1 sof=70564912 usb=2 rpts=8498633 rfail=0 eperr=0 ints=0 | freezes=0 last=none badfps=8
[14:39:22.000] [aud] fill=4349 prod=48001/s want=48000/s srv=47992 under=0/s short=0.0% tone=0/s skips=0 under_total=31443
[14:40:22.000] up=19:37:09 [run] fps=60 cpu=10680us render=200us blit=1601us aud=1us | ls=J/FS conn=1 sof=70624916 usb=2 rpts=8505865 rfail=0 eperr=0 ints=0 | freezes=0 last=none badfps=8
[14:40:22.000] [aud] fill=4349 prod=48002/s want=48000/s srv=47992 under=0/s short=0.0% tone=0/s skips=0 under_total=31443
[14:41:22.000] up=19:38:09 [run] fps=60 cpu=10682us render=200us blit=1599us aud=0us | ls=J/FS conn=1 sof=70684919 usb=2 rpts=8513087 rfail=0 eperr=0 ints=0 | freezes=0 last=none badfps=8
[14:41:22.000] [aud] fill=4374 prod=48001/s want=48000/s srv=47991 under=0/s short=0.0% tone=0/s skips=0 under_total=31443
[14:42:22.000] up=19:39:09 [run] fps=60 cpu=10676us render=203us blit=1624us aud=1us | ls=J/FS conn=1 sof=70744923 usb=2 rpts=8520308 rfail=0 eperr=0 ints=0 | freezes=0 last=none badfps=8
[14:42:22.000] [aud] fill=4352 prod=48002/s want=48000/s srv=47992 under=0/s short=0.0% tone=0/s skips=0 under_total=31443
[14:43:22.000] up=19:40:09 [run] fps=60 cpu=10678us render=199us blit=1602us aud=1us | ls=J/FS conn=1 sof=70804927 usb=2 rpts=8527537 rfail=0 eperr=0 ints=0 | freezes=0 last=none badfps=8
[14:43:22.000] [aud] fill=4349 prod=48002/s want=48000/s srv=47992 under=0/s short=0.0% tone=0/s skips=0 under_total=31443
[14:44:22.000] up=19:41:09 [run] fps=60 cpu=10678us render=201us blit=1602us aud=0us | ls=J/FS conn=1 sof=70864930 usb=2 rpts=8534762 rfail=0 eperr=0 ints=0 | freezes=0 last=none badfps=8
[14:44:22.000] [aud] fill=4356 prod=48001/s want=48000/s srv=47992 under=0/s short=0.0% tone=0/s skips=0 under_total=31443
[14:45:22.000] up=19:42:09 [run] fps=60 cpu=10677us render=200us blit=1600us aud=1us | ls=J/FS conn=1 sof=70924934 usb=2 rpts=8541982 rfail=0 eperr=0 ints=0 | freezes=0 last=none badfps=8
[14:45:22.000] [aud] fill=4381 prod=48001/s want=48000/s srv=47992 under=0/s short=0.0% tone=0/s skips=0 under_total=31443
[14:46:22.000] up=19:43:09 [run] fps=60 cpu=10670us render=200us blit=1597us aud=1us | ls=J/FS conn=1 sof=70984937 usb=2 rpts=8549205 rfail=0 eperr=0 ints=0 | freezes=0 last=none badfps=8
[14:46:22.000] [aud] fill=4374 prod=48001/s want=48000/s srv=47992 under=0/s short=0.0% tone=0/s skips=0 under_total=31443
[14:47:22.000] up=19:44:09 [run] fps=60 cpu=10675us render=199us blit=1601us aud=0us | ls=J/FS conn=1 sof=71044941 usb=2 rpts=8556434 rfail=0 eperr=0 ints=0 | freezes=0 last=none badfps=8
[14:47:22.000] [aud] fill=4351 prod=48001/s want=48000/s srv=47992 under=0/s short=0.0% tone=0/s skips=0 under_total=31443
[14:48:22.000] up=19:45:09 [run] fps=60 cpu=10678us render=200us blit=1600us aud=0us | ls=J/FS conn=1 sof=71104945 usb=2 rpts=8563652 rfail=0 eperr=0 ints=0 | freezes=0 last=none badfps=8
[14:48:22.000] [aud] fill=4349 prod=48002/s want=48000/s srv=47992 under=0/s short=0.0% tone=0/s skips=0 under_total=31443
[14:49:22.000] up=19:46:09 [run] fps=60 cpu=10678us render=200us blit=1602us aud=1us | ls=J/FS conn=1 sof=71164948 usb=2 rpts=8570876 rfail=0 eperr=0 ints=0 | freezes=0 last=none badfps=8
[14:49:22.000] [aud] fill=4356 prod=48001/s want=48000/s srv=47992 under=0/s short=0.0% tone=0/s skips=0 under_total=31443
[14:50:22.000] up=19:47:09 [run] fps=60 cpu=10639us render=199us blit=1598us aud=1us | ls=J/FS conn=1 sof=71224952 usb=2 rpts=8578100 rfail=0 eperr=0 ints=0 | freezes=0 last=none badfps=8
[14:50:22.000] [aud] fill=4362 prod=48001/s want=48000/s srv=47992 under=0/s short=0.0% tone=0/s skips=0 under_total=31443
[14:51:22.000] up=19:48:09 [run] fps=60 cpu=10632us render=200us blit=1622us aud=1us | ls=J/FS conn=1 sof=71284955 usb=2 rpts=8585341 rfail=0 eperr=0 ints=0 | freezes=0 last=none badfps=8
[14:51:22.000] [aud] fill=4358 prod=48002/s want=48000/s srv=47992 under=0/s short=0.0% tone=0/s skips=0 under_total=31443
[14:52:22.000] up=19:49:09 [run] fps=60 cpu=10641us render=237us blit=1564us aud=0us | ls=J/FS conn=1 sof=71344959 usb=2 rpts=8592559 rfail=0 eperr=0 ints=0 | freezes=0 last=none badfps=8
[14:52:22.000] [aud] fill=4349 prod=48002/s want=48000/s srv=47992 under=0/s short=0.0% tone=0/s skips=0 under_total=31443
[14:53:22.000] up=19:50:09 [run] fps=60 cpu=10680us render=200us blit=1564us aud=0us | ls=J/FS conn=1 sof=71404964 usb=2 rpts=8599787 rfail=0 eperr=0 ints=0 | freezes=0 last=none badfps=8
[14:53:22.000] [aud] fill=4347 prod=48001/s want=48000/s srv=47992 under=0/s short=0.0% tone=0/s skips=0 under_total=31443
[14:54:22.000] up=19:51:09 [run] fps=60 cpu=10694us render=200us blit=1564us aud=0us | ls=J/FS conn=1 sof=71464966 usb=2 rpts=8607014 rfail=0 eperr=0 ints=0 | freezes=0 last=none badfps=8
[14:54:22.000] [aud] fill=4361 prod=48001/s want=48000/s srv=47992 under=0/s short=0.0% tone=0/s skips=0 under_total=31443
[14:55:22.000] up=19:52:09 [run] fps=60 cpu=10670us render=199us blit=1563us aud=1us | ls=J/FS conn=1 sof=71524971 usb=2 rpts=8614244 rfail=0 eperr=0 ints=0 | freezes=0 last=none badfps=8
[14:55:22.000] [aud] fill=4361 prod=48001/s want=48000/s srv=47992 under=0/s short=0.0% tone=0/s skips=0 under_total=31443
[14:56:22.000] up=19:53:09 [run] fps=60 cpu=10638us render=238us blit=1575us aud=1us | ls=J/FS conn=1 sof=71584973 usb=2 rpts=8621466 rfail=0 eperr=0 ints=0 | freezes=0 last=none badfps=8
[14:56:22.000] [aud] fill=4358 prod=48002/s want=48000/s srv=47992 under=0/s short=0.0% tone=0/s skips=0 under_total=31443
[14:57:22.000] up=19:54:09 [run] fps=60 cpu=10678us render=200us blit=1600us aud=0us | ls=J/FS conn=1 sof=71644978 usb=2 rpts=8628693 rfail=0 eperr=0 ints=0 | freezes=0 last=none badfps=8
[14:57:22.000] [aud] fill=4347 prod=48001/s want=48000/s srv=47992 under=0/s short=0.0% tone=0/s skips=0 under_total=31443
[14:58:22.000] up=19:55:09 [run] fps=60 cpu=10680us render=200us blit=1599us aud=0us | ls=J/FS conn=1 sof=71704982 usb=2 rpts=8635915 rfail=0 eperr=0 ints=0 | freezes=0 last=none badfps=8
[14:58:22.000] [aud] fill=4349 prod=48002/s want=48000/s srv=47992 under=0/s short=0.0% tone=0/s skips=0 under_total=31443
[14:59:22.000] up=19:56:09 [run] fps=60 cpu=10672us render=200us blit=1599us aud=1us | ls=J/FS conn=1 sof=71764985 usb=2 rpts=8643134 rfail=0 eperr=0 ints=0 | freezes=0 last=none badfps=8
[14:59:22.000] [aud] fill=4385 prod=48000/s want=48000/s srv=47991 under=0/s short=0.0% tone=0/s skips=0 under_total=31443
[15:00:22.000] up=19:57:09 [run] fps=60 cpu=10670us render=199us blit=1628us aud=1us | ls=J/FS conn=1 sof=71824989 usb=2 rpts=8650369 rfail=0 eperr=0 ints=0 | freezes=0 last=none badfps=8
[15:00:22.000] [aud] fill=4353 prod=48002/s want=48000/s srv=47992 under=0/s short=0.0% tone=0/s skips=0 under_total=31443
[15:01:22.000] up=19:58:09 [run] fps=60 cpu=10677us render=200us blit=1600us aud=1us | ls=J/FS conn=1 sof=71884993 usb=2 rpts=8657597 rfail=0 eperr=0 ints=0 | freezes=0 last=none badfps=8
[15:01:22.000] [aud] fill=4349 prod=48001/s want=48000/s srv=47992 under=0/s short=0.0% tone=0/s skips=0 under_total=31443
[15:02:22.000] up=19:59:09 [run] fps=60 cpu=10685us render=199us blit=1600us aud=1us | ls=J/FS conn=1 sof=71944996 usb=2 rpts=8664817 rfail=0 eperr=0 ints=0 | freezes=0 last=none badfps=8
[15:02:22.000] [aud] fill=4357 prod=48001/s want=48000/s srv=47992 under=0/s short=0.0% tone=0/s skips=0 under_total=31443
[15:03:22.000] up=20:00:09 [run] fps=60 cpu=10690us render=200us blit=1600us aud=1us | ls=J/FS conn=1 sof=72005000 usb=2 rpts=8672050 rfail=0 eperr=0 ints=0 | freezes=0 last=none badfps=8
[15:03:22.000] [aud] fill=4356 prod=48001/s want=48000/s srv=47992 under=0/s short=0.0% tone=0/s skips=0 under_total=31443
[15:04:22.000] up=20:01:09 [run] fps=60 cpu=10680us render=199us blit=1598us aud=1us | ls=J/FS conn=1 sof=72065003 usb=2 rpts=8679275 rfail=0 eperr=0 ints=0 | freezes=0 last=none badfps=8
[15:04:22.000] [aud] fill=4374 prod=48001/s want=48000/s srv=47991 under=0/s short=0.0% tone=0/s skips=0 under_total=31443
[15:05:22.000] up=20:02:09 [run] fps=60 cpu=10680us render=202us blit=1608us aud=1us | ls=J/FS conn=1 sof=72125007 usb=2 rpts=8686512 rfail=0 eperr=0 ints=0 | freezes=0 last=none badfps=8
[15:05:22.000] [aud] fill=4352 prod=48001/s want=48000/s srv=47992 under=0/s short=0.0% tone=0/s skips=0 under_total=31443
[15:06:22.000] up=20:03:09 [run] fps=60 cpu=10684us render=200us blit=1601us aud=1us | ls=J/FS conn=1 sof=72185011 usb=2 rpts=8693745 rfail=0 eperr=0 ints=0 | freezes=0 last=none badfps=8
[15:06:22.000] [aud] fill=4349 prod=48001/s want=48000/s srv=47992 under=0/s short=0.0% tone=0/s skips=0 under_total=31443
[15:07:22.000] up=20:04:09 [run] fps=60 cpu=10689us render=200us blit=1600us aud=0us | ls=J/FS conn=1 sof=72245014 usb=2 rpts=8700968 rfail=0 eperr=0 ints=0 | freezes=0 last=none badfps=8
[15:07:22.000] [aud] fill=4357 prod=48002/s want=48000/s srv=47992 under=0/s short=0.0% tone=0/s skips=0 under_total=31443
[15:08:22.000] up=20:05:09 [run] fps=60 cpu=10680us render=200us blit=1599us aud=1us | ls=J/FS conn=1 sof=72305018 usb=2 rpts=8708189 rfail=0 eperr=0 ints=0 | freezes=0 last=none badfps=8
[15:08:22.000] [aud] fill=4388 prod=48000/s want=48000/s srv=47991 under=0/s short=0.0% tone=0/s skips=0 under_total=31443
[15:09:22.000] up=20:06:09 [run] fps=60 cpu=10673us render=200us blit=1562us aud=1us | ls=J/FS conn=1 sof=72365021 usb=2 rpts=8715420 rfail=0 eperr=0 ints=0 | freezes=0 last=none badfps=8
[15:09:22.000] [aud] fill=4367 prod=48001/s want=48000/s srv=47992 under=0/s short=0.0% tone=0/s skips=0 under_total=31443
[15:10:22.000] up=20:07:09 [run] fps=60 cpu=10686us render=199us blit=1601us aud=0us | ls=J/FS conn=1 sof=72425025 usb=2 rpts=8722647 rfail=0 eperr=0 ints=0 | freezes=0 last=none badfps=8
[15:10:22.000] [aud] fill=4351 prod=48002/s want=48000/s srv=47992 under=0/s short=0.0% tone=0/s skips=0 under_total=31443
[15:11:22.000] up=20:08:09 [run] fps=60 cpu=10686us render=200us blit=1600us aud=1us | ls=J/FS conn=1 sof=72485029 usb=2 rpts=8729872 rfail=0 eperr=0 ints=0 | freezes=0 last=none badfps=8
[15:11:22.000] [aud] fill=4349 prod=48001/s want=48000/s srv=47992 under=0/s short=0.0% tone=0/s skips=0 under_total=31443
[15:12:22.000] up=20:09:09 [run] fps=60 cpu=10684us render=199us blit=1600us aud=1us | ls=J/FS conn=1 sof=72545032 usb=2 rpts=8737100 rfail=0 eperr=0 ints=0 | freezes=0 last=none badfps=8
[15:12:22.000] [aud] fill=4356 prod=48001/s want=48000/s srv=47992 under=0/s short=0.0% tone=0/s skips=0 under_total=31443
[15:13:22.000] up=20:10:09 [run] fps=60 cpu=10675us render=199us blit=1597us aud=1us | ls=J/FS conn=1 sof=72605036 usb=2 rpts=8744327 rfail=0 eperr=0 ints=0 | freezes=0 last=none badfps=8
[15:13:22.000] [aud] fill=4360 prod=48002/s want=48000/s srv=47992 under=0/s short=0.0% tone=0/s skips=0 under_total=31443
[15:14:22.000] up=20:11:09 [run] fps=60 cpu=10674us render=200us blit=1628us aud=0us | ls=J/FS conn=1 sof=72665039 usb=2 rpts=8751552 rfail=0 eperr=0 ints=0 | freezes=0 last=none badfps=8
[15:14:22.000] [aud] fill=4358 prod=48001/s want=48000/s srv=47992 under=0/s short=0.0% tone=0/s skips=0 under_total=31443
[15:15:22.000] up=20:12:09 [run] fps=60 cpu=10685us render=199us blit=1600us aud=0us | ls=J/FS conn=1 sof=72725043 usb=2 rpts=8758777 rfail=0 eperr=0 ints=0 | freezes=0 last=none badfps=8
[15:15:22.000] [aud] fill=4349 prod=48002/s want=48000/s srv=47992 under=0/s short=0.0% tone=0/s skips=0 under_total=31443
[15:16:22.000] up=20:13:09 [run] fps=60 cpu=10686us render=200us blit=1601us aud=0us | ls=J/FS conn=1 sof=72785047 usb=2 rpts=8766000 rfail=0 eperr=0 ints=0 | freezes=0 last=none badfps=8
[15:16:22.000] [aud] fill=4349 prod=48001/s want=48000/s srv=47992 under=0/s short=0.0% tone=0/s skips=0 under_total=31443
[15:17:22.000] up=20:14:09 [run] fps=60 cpu=10678us render=200us blit=1601us aud=0us | ls=J/FS conn=1 sof=72845050 usb=2 rpts=8773222 rfail=0 eperr=0 ints=0 | freezes=0 last=none badfps=8
[15:17:22.000] [aud] fill=4369 prod=48002/s want=48000/s srv=47992 under=0/s short=0.0% tone=0/s skips=0 under_total=31443
[15:18:22.000] up=20:15:09 [run] fps=60 cpu=10672us render=200us blit=1597us aud=1us | ls=J/FS conn=1 sof=72905054 usb=2 rpts=8780447 rfail=0 eperr=0 ints=0 | freezes=0 last=none badfps=8
[15:18:22.000] [aud] fill=4360 prod=48002/s want=48000/s srv=47992 under=0/s short=0.0% tone=0/s skips=0 under_total=31443
[15:19:22.000] up=20:16:09 [run] fps=60 cpu=10641us render=200us blit=1602us aud=0us | ls=J/FS conn=1 sof=72965058 usb=2 rpts=8787681 rfail=0 eperr=0 ints=0 | freezes=0 last=none badfps=8
[15:19:22.000] [aud] fill=4350 prod=48001/s want=48000/s srv=47992 under=0/s short=0.0% tone=0/s skips=0 under_total=31443
[15:20:22.000] up=20:17:09 [run] fps=60 cpu=10644us render=237us blit=1563us aud=1us | ls=J/FS conn=1 sof=73025061 usb=2 rpts=8794911 rfail=0 eperr=0 ints=0 | freezes=0 last=none badfps=8
[15:20:22.000] [aud] fill=4355 prod=48002/s want=48000/s srv=47992 under=0/s short=0.0% tone=0/s skips=0 under_total=31443
[15:21:22.000] up=20:18:09 [run] fps=60 cpu=10644us render=236us blit=1566us aud=0us | ls=J/FS conn=1 sof=73085065 usb=2 rpts=8802143 rfail=0 eperr=0 ints=0 | freezes=0 last=none badfps=8
[15:21:22.000] [aud] fill=4348 prod=48001/s want=48000/s srv=47992 under=0/s short=0.0% tone=0/s skips=0 under_total=31443
[15:22:22.000] up=20:19:09 [run] fps=60 cpu=10635us render=199us blit=1599us aud=0us | ls=J/FS conn=1 sof=73145068 usb=2 rpts=8809369 rfail=0 eperr=0 ints=0 | freezes=0 last=none badfps=8
[15:22:22.000] [aud] fill=4380 prod=48001/s want=48000/s srv=47991 under=0/s short=0.0% tone=0/s skips=0 under_total=31443
[15:23:22.000] up=20:20:09 [run] fps=60 cpu=10667us render=201us blit=1625us aud=1us | ls=J/FS conn=1 sof=73205073 usb=2 rpts=8816588 rfail=0 eperr=0 ints=0 | freezes=0 last=none badfps=8
[15:23:22.000] [aud] fill=4349 prod=48001/s want=48000/s srv=47992 under=0/s short=0.0% tone=0/s skips=0 under_total=31443
[15:24:22.000] up=20:21:09 [run] fps=60 cpu=10680us render=200us blit=1563us aud=0us | ls=J/FS conn=1 sof=73265077 usb=2 rpts=8823817 rfail=0 eperr=0 ints=0 | freezes=0 last=none badfps=8
[15:24:22.000] [aud] fill=4350 prod=48001/s want=48000/s srv=47992 under=0/s short=0.0% tone=0/s skips=0 under_total=31443
[15:25:22.000] up=20:22:09 [run] fps=60 cpu=10677us render=200us blit=1565us aud=0us | ls=J/FS conn=1 sof=73325080 usb=2 rpts=8831039 rfail=0 eperr=0 ints=0 | freezes=0 last=none badfps=8
[15:25:22.000] [aud] fill=4357 prod=48001/s want=48000/s srv=47992 under=0/s short=0.0% tone=0/s skips=0 under_total=31443
[15:26:22.000] up=20:23:09 [run] fps=60 cpu=10679us render=200us blit=1601us aud=1us | ls=J/FS conn=1 sof=73385084 usb=2 rpts=8838265 rfail=0 eperr=0 ints=0 | freezes=0 last=none badfps=8
[15:26:22.000] [aud] fill=4378 prod=48001/s want=48000/s srv=47992 under=0/s short=0.0% tone=0/s skips=0 under_total=31443
[15:27:22.000] up=20:24:09 [run] fps=60 cpu=10672us render=199us blit=1561us aud=0us | ls=J/FS conn=1 sof=73445087 usb=2 rpts=8845489 rfail=0 eperr=0 ints=0 | freezes=0 last=none badfps=8
[15:27:22.000] [aud] fill=4374 prod=48002/s want=48000/s srv=47992 under=0/s short=0.0% tone=0/s skips=0 under_total=31443
[15:28:22.000] up=20:25:09 [run] fps=60 cpu=10679us render=200us blit=1601us aud=1us | ls=J/FS conn=1 sof=73505091 usb=2 rpts=8852716 rfail=0 eperr=0 ints=0 | freezes=0 last=none badfps=8
[15:28:22.000] [aud] fill=4351 prod=48001/s want=48000/s srv=47992 under=0/s short=0.0% tone=0/s skips=0 under_total=31443
[15:29:22.000] up=20:26:09 [run] fps=60 cpu=10677us render=199us blit=1600us aud=1us | ls=J/FS conn=1 sof=73565095 usb=2 rpts=8859941 rfail=0 eperr=0 ints=0 | freezes=0 last=none badfps=8
[15:29:22.000] [aud] fill=4349 prod=48001/s want=48000/s srv=47992 under=0/s short=0.0% tone=0/s skips=0 under_total=31443
[15:30:22.000] up=20:27:09 [run] fps=60 cpu=10683us render=200us blit=1601us aud=1us | ls=J/FS conn=1 sof=73625098 usb=2 rpts=8867167 rfail=0 eperr=0 ints=0 | freezes=0 last=none badfps=8
[15:30:22.000] [aud] fill=4356 prod=48001/s want=48000/s srv=47992 under=0/s short=0.0% tone=0/s skips=0 under_total=31443
[15:31:22.000] up=20:28:09 [run] fps=60 cpu=10671us render=200us blit=1598us aud=0us | ls=J/FS conn=1 sof=73685102 usb=2 rpts=8874389 rfail=0 eperr=0 ints=0 | freezes=0 last=none badfps=8
[15:31:22.000] [aud] fill=4372 prod=48002/s want=48000/s srv=47992 under=0/s short=0.0% tone=0/s skips=0 under_total=31443
[15:32:22.000] up=20:29:09 [run] fps=60 cpu=10675us render=200us blit=1609us aud=1us | ls=J/FS conn=1 sof=73745105 usb=2 rpts=8881608 rfail=0 eperr=0 ints=0 | freezes=0 last=none badfps=8
[15:32:22.000] [aud] fill=4360 prod=48001/s want=48000/s srv=47992 under=0/s short=0.0% tone=0/s skips=0 under_total=31443
[15:33:22.000] up=20:30:09 [run] fps=60 cpu=10679us render=200us blit=1601us aud=1us | ls=J/FS conn=1 sof=73805109 usb=2 rpts=8888833 rfail=0 eperr=0 ints=0 | freezes=0 last=none badfps=8
[15:33:22.000] [aud] fill=4351 prod=48002/s want=48000/s srv=47992 under=0/s short=0.0% tone=0/s skips=0 under_total=31443
[15:34:22.000] up=20:31:09 [run] fps=60 cpu=10678us render=200us blit=1599us aud=1us | ls=J/FS conn=1 sof=73865113 usb=2 rpts=8896056 rfail=0 eperr=0 ints=0 | freezes=0 last=none badfps=8
[15:34:22.000] [aud] fill=4349 prod=48001/s want=48000/s srv=47992 under=0/s short=0.0% tone=0/s skips=0 under_total=31443
[15:35:22.000] up=20:32:09 [run] fps=60 cpu=10681us render=200us blit=1565us aud=0us | ls=J/FS conn=1 sof=73925116 usb=2 rpts=8903285 rfail=0 eperr=0 ints=0 | freezes=0 last=none badfps=8
[15:35:22.000] [aud] fill=4359 prod=48002/s want=48000/s srv=47992 under=0/s short=0.0% tone=0/s skips=0 under_total=31443
[15:36:22.000] up=20:33:09 [run] fps=60 cpu=10671us render=200us blit=1606us aud=1us | ls=J/FS conn=1 sof=73985120 usb=2 rpts=8910508 rfail=0 eperr=0 ints=0 | freezes=0 last=none badfps=8
[15:36:22.000] [aud] fill=4359 prod=48001/s want=48000/s srv=47992 under=0/s short=0.0% tone=0/s skips=0 under_total=31443
[15:37:22.000] up=20:34:09 [run] fps=60 cpu=10678us render=201us blit=1604us aud=1us | ls=J/FS conn=1 sof=74045124 usb=2 rpts=8917731 rfail=0 eperr=0 ints=0 | freezes=0 last=none badfps=8
[15:37:22.000] [aud] fill=4351 prod=48002/s want=48000/s srv=47992 under=0/s short=0.0% tone=0/s skips=0 under_total=31443
[15:38:22.000] up=20:35:09 [run] fps=60 cpu=10681us render=200us blit=1601us aud=0us | ls=J/FS conn=1 sof=74105127 usb=2 rpts=8924947 rfail=0 eperr=0 ints=0 | freezes=0 last=none badfps=8
[15:38:22.000] [aud] fill=4357 prod=48002/s want=48000/s srv=47992 under=0/s short=0.0% tone=0/s skips=0 under_total=31443
[15:39:22.000] up=20:36:09 [run] fps=60 cpu=10680us render=200us blit=1600us aud=1us | ls=J/FS conn=1 sof=74165131 usb=2 rpts=8932173 rfail=0 eperr=0 ints=0 | freezes=0 last=none badfps=8
[15:39:22.000] [aud] fill=4349 prod=48001/s want=48000/s srv=47992 under=0/s short=0.0% tone=0/s skips=0 under_total=31443
[15:40:22.000] up=20:37:09 [run] fps=60 cpu=10677us render=199us blit=1602us aud=1us | ls=J/FS conn=1 sof=74225134 usb=2 rpts=8939396 rfail=0 eperr=0 ints=0 | freezes=0 last=none badfps=8
[15:40:22.000] [aud] fill=4387 prod=48001/s want=48000/s srv=47991 under=0/s short=0.0% tone=0/s skips=0 under_total=31443
[15:41:22.000] up=20:38:09 [run] fps=60 cpu=10668us render=200us blit=1606us aud=0us | ls=J/FS conn=1 sof=74285138 usb=2 rpts=8946629 rfail=0 eperr=0 ints=0 | freezes=0 last=none badfps=8
[15:41:22.000] [aud] fill=4359 prod=48002/s want=48000/s srv=47992 under=0/s short=0.0% tone=0/s skips=0 under_total=31443
[15:42:22.000] up=20:39:09 [run] fps=60 cpu=10681us render=200us blit=1600us aud=0us | ls=J/FS conn=1 sof=74345142 usb=2 rpts=8953858 rfail=0 eperr=0 ints=0 | freezes=0 last=none badfps=8
[15:42:22.000] [aud] fill=4351 prod=48002/s want=48000/s srv=47992 under=0/s short=0.0% tone=0/s skips=0 under_total=31443
[15:43:22.000] up=20:40:09 [run] fps=60 cpu=10679us render=199us blit=1601us aud=0us | ls=J/FS conn=1 sof=74405145 usb=2 rpts=8961092 rfail=0 eperr=0 ints=0 | freezes=0 last=none badfps=8
[15:43:22.000] [aud] fill=4357 prod=48002/s want=48000/s srv=47992 under=0/s short=0.0% tone=0/s skips=0 under_total=31443
[15:44:22.000] up=20:41:09 [run] fps=60 cpu=10685us render=200us blit=1602us aud=0us | ls=J/FS conn=1 sof=74465149 usb=2 rpts=8968315 rfail=0 eperr=0 ints=0 | freezes=0 last=none badfps=8
[15:44:22.000] [aud] fill=4349 prod=48002/s want=48000/s srv=47992 under=0/s short=0.0% tone=0/s skips=0 under_total=31443
[15:45:22.000] up=20:42:09 [run] fps=60 cpu=10670us render=200us blit=1599us aud=1us | ls=J/FS conn=1 sof=74525152 usb=2 rpts=8975540 rfail=0 eperr=0 ints=0 | freezes=0 last=none badfps=8
[15:45:22.000] [aud] fill=4374 prod=48000/s want=48000/s srv=47992 under=0/s short=0.0% tone=0/s skips=0 under_total=31443
[15:46:22.000] up=20:43:09 [run] fps=60 cpu=10635us render=239us blit=1584us aud=0us | ls=J/FS conn=1 sof=74585156 usb=2 rpts=8982773 rfail=0 eperr=0 ints=0 | freezes=0 last=none badfps=8
[15:46:22.000] [aud] fill=4349 prod=48001/s want=48000/s srv=47992 under=0/s short=0.0% tone=0/s skips=0 under_total=31443
[15:47:22.000] up=20:44:09 [run] fps=60 cpu=10639us render=236us blit=1564us aud=1us | ls=J/FS conn=1 sof=74645160 usb=2 rpts=8990002 rfail=0 eperr=0 ints=0 | freezes=0 last=none badfps=8
[15:47:22.000] [aud] fill=4349 prod=48002/s want=48000/s srv=47992 under=0/s short=0.0% tone=0/s skips=0 under_total=31443
[15:48:22.000] up=20:45:09 [run] fps=60 cpu=10641us render=199us blit=1601us aud=0us | ls=J/FS conn=1 sof=74705163 usb=2 rpts=8997237 rfail=0 eperr=0 ints=0 | freezes=0 last=none badfps=8
[15:48:22.000] [aud] fill=4357 prod=48001/s want=48000/s srv=47992 under=0/s short=0.0% tone=0/s skips=0 under_total=31443
[15:49:22.000] up=20:46:09 [run] fps=60 cpu=10681us render=200us blit=1600us aud=1us | ls=J/FS conn=1 sof=74765168 usb=2 rpts=9004464 rfail=0 eperr=0 ints=0 | freezes=0 last=none badfps=8
[15:49:22.000] [aud] fill=4385 prod=48001/s want=48000/s srv=47991 under=0/s short=0.0% tone=0/s skips=0 under_total=31443
[15:50:22.000] up=20:47:09 [run] fps=60 cpu=10671us render=200us blit=1563us aud=0us | ls=J/FS conn=1 sof=74825171 usb=2 rpts=9011699 rfail=0 eperr=0 ints=0 | freezes=0 last=none badfps=8
[15:50:22.000] [aud] fill=4367 prod=48002/s want=48000/s srv=47992 under=0/s short=0.0% tone=0/s skips=0 under_total=31443
[15:51:22.000] up=20:48:09 [run] fps=60 cpu=10677us render=199us blit=1563us aud=0us | ls=J/FS conn=1 sof=74885175 usb=2 rpts=9018935 rfail=0 eperr=0 ints=0 | freezes=0 last=none badfps=8
[15:51:22.000] [aud] fill=4351 prod=48001/s want=48000/s srv=47992 under=0/s short=0.0% tone=0/s skips=0 under_total=31443
[15:52:22.000] up=20:49:09 [run] fps=60 cpu=10680us render=200us blit=1601us aud=0us | ls=J/FS conn=1 sof=74945179 usb=2 rpts=9026158 rfail=0 eperr=0 ints=0 | freezes=0 last=none badfps=8
[15:52:22.000] [aud] fill=4349 prod=48002/s want=48000/s srv=47992 under=0/s short=0.0% tone=0/s skips=0 under_total=31443
[15:53:22.000] up=20:50:09 [run] fps=60 cpu=10678us render=201us blit=1601us aud=0us | ls=J/FS conn=1 sof=75005182 usb=2 rpts=9033379 rfail=0 eperr=0 ints=0 | freezes=0 last=none badfps=8
[15:53:22.000] [aud] fill=4357 prod=48002/s want=48000/s srv=47992 under=0/s short=0.0% tone=0/s skips=0 under_total=31443
[15:54:22.000] up=20:51:09 [run] fps=60 cpu=10671us render=200us blit=1598us aud=0us | ls=J/FS conn=1 sof=75065186 usb=2 rpts=9040610 rfail=0 eperr=0 ints=0 | freezes=0 last=none badfps=8
[15:54:22.000] [aud] fill=4361 prod=48002/s want=48000/s srv=47992 under=0/s short=0.0% tone=0/s skips=0 under_total=31443
[15:55:22.000] up=20:52:09 [run] fps=60 cpu=10672us render=201us blit=1614us aud=0us | ls=J/FS conn=1 sof=75125190 usb=2 rpts=9047840 rfail=0 eperr=0 ints=0 | freezes=0 last=none badfps=8
[15:55:22.000] [aud] fill=4350 prod=48001/s want=48000/s srv=47992 under=0/s short=0.0% tone=0/s skips=0 under_total=31443
[15:56:22.000] up=20:53:09 [run] fps=60 cpu=10680us render=200us blit=1601us aud=0us | ls=J/FS conn=1 sof=75185193 usb=2 rpts=9055065 rfail=0 eperr=0 ints=0 | freezes=0 last=none badfps=8
[15:56:22.000] [aud] fill=4356 prod=48001/s want=48000/s srv=47992 under=0/s short=0.0% tone=0/s skips=0 under_total=31443
[15:57:22.000] up=20:54:09 [run] fps=60 cpu=10679us render=200us blit=1599us aud=1us | ls=J/FS conn=1 sof=75245197 usb=2 rpts=9062292 rfail=0 eperr=0 ints=0 | freezes=0 last=none badfps=8
[15:57:22.000] [aud] fill=4350 prod=47954/s want=48000/s srv=47992 under=0/s short=0.0% tone=0/s skips=0 under_total=31443
[15:58:22.000] up=20:55:09 [run] fps=60 cpu=10683us render=199us blit=1600us aud=1us | ls=J/FS conn=1 sof=75305200 usb=2 rpts=9069518 rfail=0 eperr=0 ints=0 | freezes=0 last=none badfps=8
[15:58:22.000] [aud] fill=4365 prod=48002/s want=48000/s srv=47992 under=0/s short=0.0% tone=0/s skips=0 under_total=31443
[15:59:22.000] up=20:56:09 [run] fps=60 cpu=10672us render=199us blit=1598us aud=1us | ls=J/FS conn=1 sof=75365204 usb=2 rpts=9076745 rfail=0 eperr=0 ints=0 | freezes=0 last=none badfps=8
[15:59:22.000] [aud] fill=4360 prod=48002/s want=48000/s srv=47992 under=0/s short=0.0% tone=0/s skips=0 under_total=31443
[16:00:22.000] up=20:57:09 [run] fps=60 cpu=10679us render=200us blit=1602us aud=0us | ls=J/FS conn=1 sof=75425208 usb=2 rpts=9083969 rfail=0 eperr=0 ints=0 | freezes=0 last=none badfps=8
[16:00:22.000] [aud] fill=4351 prod=48002/s want=48000/s srv=47992 under=0/s short=0.0% tone=0/s skips=0 under_total=31443
[16:01:22.000] up=20:58:09 [run] fps=60 cpu=10677us render=200us blit=1600us aud=1us | ls=J/FS conn=1 sof=75485211 usb=2 rpts=9091185 rfail=0 eperr=0 ints=0 | freezes=0 last=none badfps=8
[16:01:22.000] [aud] fill=4357 prod=48001/s want=48000/s srv=47992 under=0/s short=0.0% tone=0/s skips=0 under_total=31443
[16:02:22.000] up=20:59:09 [run] fps=60 cpu=10651us render=237us blit=1562us aud=1us | ls=J/FS conn=1 sof=75545220 usb=2 rpts=9098406 rfail=0 eperr=0 ints=0 | freezes=0 last=none badfps=8
[16:02:22.000] [aud] fill=4315 prod=48003/s want=48000/s srv=47993 under=0/s short=0.0% tone=0/s skips=0 under_total=31443
[16:03:22.000] up=21:00:09 [run] fps=60 cpu=10642us render=238us blit=1577us aud=0us | ls=J/FS conn=1 sof=75605223 usb=2 rpts=9105639 rfail=0 eperr=0 ints=0 | freezes=0 last=none badfps=8
[16:03:22.000] [aud] fill=4351 prod=48002/s want=48000/s srv=47992 under=0/s short=0.0% tone=0/s skips=0 under_total=31443
[16:04:22.000] up=21:01:09 [run] fps=60 cpu=10650us render=238us blit=1562us aud=0us | ls=J/FS conn=1 sof=75665227 usb=2 rpts=9112868 rfail=0 eperr=0 ints=0 | freezes=0 last=none badfps=8
[16:04:22.000] [aud] fill=4347 prod=48002/s want=48000/s srv=47992 under=0/s short=0.0% tone=0/s skips=0 under_total=31443
[16:05:22.000] up=21:02:09 [run] fps=60 cpu=10686us render=200us blit=1563us aud=1us | ls=J/FS conn=1 sof=75725231 usb=2 rpts=9120096 rfail=0 eperr=0 ints=0 | freezes=0 last=none badfps=8
[16:05:22.000] [aud] fill=4347 prod=48002/s want=48000/s srv=47992 under=0/s short=0.0% tone=0/s skips=0 under_total=31443
[16:06:22.000] up=21:03:09 [run] fps=60 cpu=10643us render=237us blit=1563us aud=1us | ls=J/FS conn=1 sof=75785234 usb=2 rpts=9127317 rfail=0 eperr=0 ints=0 | freezes=0 last=none badfps=8
[16:06:22.000] [aud] fill=4393 prod=48000/s want=48000/s srv=47991 under=0/s short=0.0% tone=0/s skips=0 under_total=31443
[16:07:22.000] up=21:04:09 [run] fps=60 cpu=10676us render=200us blit=1585us aud=1us | ls=J/FS conn=1 sof=75845239 usb=2 rpts=9134547 rfail=0 eperr=0 ints=0 | freezes=0 last=none badfps=8
[16:07:22.000] [aud] fill=4355 prod=48002/s want=48000/s srv=47992 under=0/s short=0.0% tone=0/s skips=0 under_total=31443
[16:08:22.000] up=21:05:09 [run] fps=60 cpu=10686us render=200us blit=1564us aud=0us | ls=J/FS conn=1 sof=75905242 usb=2 rpts=9141776 rfail=0 eperr=0 ints=0 | freezes=0 last=none badfps=8
[16:08:22.000] [aud] fill=4357 prod=48001/s want=48000/s srv=47992 under=0/s short=0.0% tone=0/s skips=0 under_total=31443
[16:09:22.000] up=21:06:09 [run] fps=60 cpu=10686us render=199us blit=1563us aud=1us | ls=J/FS conn=1 sof=75965246 usb=2 rpts=9149002 rfail=0 eperr=0 ints=0 | freezes=0 last=none badfps=8
[16:09:22.000] [aud] fill=4350 prod=48001/s want=48000/s srv=47992 under=0/s short=0.0% tone=0/s skips=0 under_total=31443
[16:10:22.000] up=21:07:09 [run] fps=60 cpu=10690us render=199us blit=1601us aud=0us | ls=J/FS conn=1 sof=76025250 usb=2 rpts=9156228 rfail=0 eperr=0 ints=0 | freezes=0 last=none badfps=8
[16:10:22.000] [aud] fill=4349 prod=48002/s want=48000/s srv=47992 under=0/s short=0.0% tone=0/s skips=0 under_total=31443
[16:11:22.000] up=21:08:09 [run] fps=60 cpu=10680us render=199us blit=1598us aud=1us | ls=J/FS conn=1 sof=76085253 usb=2 rpts=9163450 rfail=0 eperr=0 ints=0 | freezes=0 last=none badfps=8
[16:11:22.000] [aud] fill=4375 prod=48001/s want=48000/s srv=47992 under=0/s short=0.0% tone=0/s skips=0 under_total=31443
[16:12:23.000] up=21:09:09 [run] fps=60 cpu=10684us render=201us blit=1608us aud=0us | ls=J/FS conn=1 sof=76145257 usb=2 rpts=9170675 rfail=0 eperr=0 ints=0 | freezes=0 last=none badfps=8
[16:12:23.000] [aud] fill=4352 prod=48001/s want=48000/s srv=47992 under=0/s short=0.0% tone=0/s skips=0 under_total=31443
[16:13:23.000] up=21:10:09 [run] fps=60 cpu=10682us render=200us blit=1601us aud=1us | ls=J/FS conn=1 sof=76205261 usb=2 rpts=9177905 rfail=0 eperr=0 ints=0 | freezes=0 last=none badfps=8
[16:13:23.000] [aud] fill=4349 prod=48001/s want=48000/s srv=47992 under=0/s short=0.0% tone=0/s skips=0 under_total=31443
[16:14:23.000] up=21:11:09 [run] fps=60 cpu=10687us render=200us blit=1601us aud=1us | ls=J/FS conn=1 sof=76265264 usb=2 rpts=9185130 rfail=0 eperr=0 ints=0 | freezes=0 last=none badfps=8
[16:14:23.000] [aud] fill=4358 prod=48001/s want=48000/s srv=47992 under=0/s short=0.0% tone=0/s skips=0 under_total=31443
[16:15:23.000] up=21:12:09 [run] fps=60 cpu=10690us render=200us blit=1563us aud=0us | ls=J/FS conn=1 sof=76325265 usb=2 rpts=9192359 rfail=0 eperr=0 ints=0 | freezes=0 last=none badfps=9
[16:15:23.000] [aud] fill=4247 prod=48005/s want=48000/s srv=47996 under=0/s short=0.0% tone=0/s skips=0 under_total=31443
[16:16:23.000] up=21:13:09 [run] fps=60 cpu=10636us render=237us blit=1563us aud=1us | ls=J/FS conn=1 sof=76385267 usb=2 rpts=9199578 rfail=0 eperr=0 ints=0 | freezes=0 last=none badfps=9
[16:16:23.000] [aud] fill=4378 prod=48001/s want=48000/s srv=47992 under=0/s short=0.0% tone=0/s skips=0 under_total=31443
[16:17:23.000] up=21:14:09 [run] fps=60 cpu=10640us render=237us blit=1570us aud=1us | ls=J/FS conn=1 sof=76445271 usb=2 rpts=9206800 rfail=0 eperr=0 ints=0 | freezes=0 last=none badfps=9
[16:17:23.000] [aud] fill=4354 prod=48001/s want=48000/s srv=47992 under=0/s short=0.0% tone=0/s skips=0 under_total=31443
[16:18:23.000] up=21:15:09 [run] fps=60 cpu=10645us render=237us blit=1564us aud=1us | ls=J/FS conn=1 sof=76505275 usb=2 rpts=9214023 rfail=0 eperr=0 ints=0 | freezes=0 last=none badfps=9
[16:18:23.000] [aud] fill=4347 prod=48001/s want=48000/s srv=47992 under=0/s short=0.0% tone=0/s skips=0 under_total=31443
[16:19:23.000] up=21:16:09 [run] fps=60 cpu=10648us render=237us blit=1562us aud=1us | ls=J/FS conn=1 sof=76565278 usb=2 rpts=9221242 rfail=0 eperr=0 ints=0 | freezes=0 last=none badfps=9
[16:19:23.000] [aud] fill=4354 prod=48001/s want=48000/s srv=47992 under=0/s short=0.0% tone=0/s skips=0 under_total=31443
[16:20:23.000] up=21:17:09 [run] fps=60 cpu=10687us render=200us blit=1563us aud=0us | ls=J/FS conn=1 sof=76625283 usb=2 rpts=9228474 rfail=0 eperr=0 ints=0 | freezes=0 last=none badfps=9
[16:20:23.000] [aud] fill=4349 prod=48001/s want=48000/s srv=47992 under=0/s short=0.0% tone=0/s skips=0 under_total=31443
[16:21:23.000] up=21:18:09 [run] fps=60 cpu=10640us render=238us blit=1559us aud=0us | ls=J/FS conn=1 sof=76685285 usb=2 rpts=9235702 rfail=0 eperr=0 ints=0 | freezes=0 last=none badfps=9
[16:21:23.000] [aud] fill=4373 prod=48001/s want=48000/s srv=47992 under=0/s short=0.0% tone=0/s skips=0 under_total=31443
[16:22:23.000] up=21:19:09 [run] fps=60 cpu=10676us render=202us blit=1586us aud=0us | ls=J/FS conn=1 sof=76745290 usb=2 rpts=9242929 rfail=0 eperr=0 ints=0 | freezes=0 last=none badfps=9
[16:22:23.000] [aud] fill=4351 prod=48001/s want=48000/s srv=47992 under=0/s short=0.0% tone=0/s skips=0 under_total=31443
[16:23:23.000] up=21:20:09 [run] fps=60 cpu=10686us render=200us blit=1565us aud=0us | ls=J/FS conn=1 sof=76805294 usb=2 rpts=9250156 rfail=0 eperr=0 ints=0 | freezes=0 last=none badfps=9
[16:23:23.000] [aud] fill=4349 prod=48001/s want=48000/s srv=47992 under=0/s short=0.0% tone=0/s skips=0 under_total=31443
[16:24:23.000] up=21:21:09 [run] fps=60 cpu=10685us render=200us blit=1565us aud=0us | ls=J/FS conn=1 sof=76865297 usb=2 rpts=9257390 rfail=0 eperr=0 ints=0 | freezes=0 last=none badfps=9
[16:24:23.000] [aud] fill=4356 prod=48002/s want=48000/s srv=47992 under=0/s short=0.0% tone=0/s skips=0 under_total=31443
[16:25:23.000] up=21:22:09 [run] fps=60 cpu=10681us render=201us blit=1562us aud=0us | ls=J/FS conn=1 sof=76925301 usb=2 rpts=9264617 rfail=0 eperr=0 ints=0 | freezes=0 last=none badfps=9
[16:25:23.000] [aud] fill=4384 prod=48001/s want=48000/s srv=47991 under=0/s short=0.0% tone=0/s skips=0 under_total=31443
[16:26:23.000] up=21:23:09 [run] fps=60 cpu=10677us render=199us blit=1562us aud=0us | ls=J/FS conn=1 sof=76985304 usb=2 rpts=9271844 rfail=0 eperr=0 ints=0 | freezes=0 last=none badfps=9
[16:26:23.000] [aud] fill=4372 prod=48001/s want=48000/s srv=47992 under=0/s short=0.0% tone=0/s skips=0 under_total=31443
[16:27:23.000] up=21:24:09 [run] fps=60 cpu=10644us render=237us blit=1563us aud=1us | ls=J/FS conn=1 sof=77045307 usb=2 rpts=9279076 rfail=0 eperr=0 ints=0 | freezes=0 last=none badfps=9
[16:27:23.000] [aud] fill=4351 prod=48002/s want=48000/s srv=47992 under=0/s short=0.0% tone=0/s skips=0 under_total=31443
[16:28:23.000] up=21:25:09 [run] fps=60 cpu=10692us render=200us blit=1564us aud=0us | ls=J/FS conn=1 sof=77105312 usb=2 rpts=9286296 rfail=0 eperr=0 ints=0 | freezes=0 last=none badfps=9
[16:28:23.000] [aud] fill=4349 prod=48001/s want=48000/s srv=47992 under=0/s short=0.0% tone=0/s skips=0 under_total=31443
[16:29:23.000] up=21:26:09 [run] fps=60 cpu=10651us render=237us blit=1562us aud=1us | ls=J/FS conn=1 sof=77165314 usb=2 rpts=9293518 rfail=0 eperr=0 ints=0 | freezes=0 last=none badfps=9
[16:29:23.000] [aud] fill=4355 prod=48002/s want=48000/s srv=47992 under=0/s short=0.0% tone=0/s skips=0 under_total=31443
[16:30:23.000] up=21:27:09 [run] fps=60 cpu=10675us render=200us blit=1562us aud=0us | ls=J/FS conn=1 sof=77225319 usb=2 rpts=9300749 rfail=0 eperr=0 ints=0 | freezes=0 last=none badfps=9
[16:30:23.000] [aud] fill=4368 prod=48001/s want=48000/s srv=47992 under=0/s short=0.0% tone=0/s skips=0 under_total=31443
[16:31:23.000] up=21:28:09 [run] fps=60 cpu=10675us render=201us blit=1592us aud=1us | ls=J/FS conn=1 sof=77285323 usb=2 rpts=9307975 rfail=0 eperr=0 ints=0 | freezes=0 last=none badfps=9
[16:31:23.000] [aud] fill=4351 prod=48001/s want=48000/s srv=47992 under=0/s short=0.0% tone=0/s skips=0 under_total=31443
[16:32:23.000] up=21:29:09 [run] fps=60 cpu=10678us render=199us blit=1565us aud=1us | ls=J/FS conn=1 sof=77345326 usb=2 rpts=9315205 rfail=0 eperr=0 ints=0 | freezes=0 last=none badfps=9
[16:32:23.000] [aud] fill=4359 prod=48002/s want=48000/s srv=47992 under=0/s short=0.0% tone=0/s skips=0 under_total=31443
[16:33:23.000] up=21:30:09 [run] fps=60 cpu=10681us render=199us blit=1602us aud=0us | ls=J/FS conn=1 sof=77405330 usb=2 rpts=9322422 rfail=0 eperr=0 ints=0 | freezes=0 last=none badfps=9
[16:33:23.000] [aud] fill=4349 prod=48002/s want=48000/s srv=47992 under=0/s short=0.0% tone=0/s skips=0 under_total=31443
[16:34:23.000] up=21:31:09 [run] fps=60 cpu=10681us render=200us blit=1601us aud=1us | ls=J/FS conn=1 sof=77465333 usb=2 rpts=9329647 rfail=0 eperr=0 ints=0 | freezes=0 last=none badfps=9
[16:34:23.000] [aud] fill=4356 prod=48001/s want=48000/s srv=47992 under=0/s short=0.0% tone=0/s skips=0 under_total=31443
[16:35:23.000] up=21:32:09 [run] fps=60 cpu=10674us render=199us blit=1599us aud=1us | ls=J/FS conn=1 sof=77525337 usb=2 rpts=9336874 rfail=0 eperr=0 ints=0 | freezes=0 last=none badfps=9
[16:35:23.000] [aud] fill=4359 prod=48001/s want=48000/s srv=47992 under=0/s short=0.0% tone=0/s skips=0 under_total=31443
[16:36:23.000] up=21:33:09 [run] fps=60 cpu=10679us render=200us blit=1601us aud=1us | ls=J/FS conn=1 sof=77585341 usb=2 rpts=9344099 rfail=0 eperr=0 ints=0 | freezes=0 last=none badfps=9
[16:36:23.000] [aud] fill=4350 prod=47954/s want=48000/s srv=47992 under=0/s short=0.0% tone=0/s skips=0 under_total=31443
[16:37:23.000] up=21:34:09 [run] fps=60 cpu=10679us render=200us blit=1603us aud=0us | ls=J/FS conn=1 sof=77645344 usb=2 rpts=9351324 rfail=0 eperr=0 ints=0 | freezes=0 last=none badfps=9
[16:37:23.000] [aud] fill=4357 prod=48002/s want=48000/s srv=47992 under=0/s short=0.0% tone=0/s skips=0 under_total=31443
[16:38:23.000] up=21:35:09 [run] fps=60 cpu=10678us render=200us blit=1602us aud=1us | ls=J/FS conn=1 sof=77705348 usb=2 rpts=9358545 rfail=0 eperr=0 ints=0 | freezes=0 last=none badfps=9
[16:38:23.000] [aud] fill=4348 prod=48001/s want=48000/s srv=47992 under=0/s short=0.0% tone=0/s skips=0 under_total=31443
[16:39:23.000] up=21:36:09 [run] fps=60 cpu=10675us render=199us blit=1599us aud=1us | ls=J/FS conn=1 sof=77765351 usb=2 rpts=9365765 rfail=0 eperr=0 ints=0 | freezes=0 last=none badfps=9
[16:39:23.000] [aud] fill=4393 prod=48000/s want=48000/s srv=47991 under=0/s short=0.0% tone=0/s skips=0 under_total=31443
[16:40:23.000] up=21:37:09 [run] fps=60 cpu=10672us render=199us blit=1617us aud=0us | ls=J/FS conn=1 sof=77825355 usb=2 rpts=9372987 rfail=0 eperr=0 ints=0 | freezes=0 last=none badfps=9
[16:40:23.000] [aud] fill=4356 prod=48002/s want=48000/s srv=47992 under=0/s short=0.0% tone=0/s skips=0 under_total=31443
[16:41:23.000] up=21:38:09 [run] fps=60 cpu=10644us render=237us blit=1563us aud=1us | ls=J/FS conn=1 sof=77885359 usb=2 rpts=9380214 rfail=0 eperr=0 ints=0 | freezes=0 last=none badfps=9
[16:41:23.000] [aud] fill=4345 prod=48001/s want=48000/s srv=47992 under=0/s short=0.0% tone=0/s skips=0 under_total=31443
[16:42:23.000] up=21:39:09 [run] fps=60 cpu=10638us render=199us blit=1600us aud=1us | ls=J/FS conn=1 sof=77945362 usb=2 rpts=9387443 rfail=0 eperr=0 ints=0 | freezes=0 last=none badfps=9
[16:42:23.000] [aud] fill=4357 prod=48001/s want=48000/s srv=47992 under=0/s short=0.0% tone=0/s skips=0 under_total=31443
[16:43:23.000] up=21:40:09 [run] fps=60 cpu=10645us render=199us blit=1601us aud=1us | ls=J/FS conn=1 sof=78005366 usb=2 rpts=9394672 rfail=0 eperr=0 ints=0 | freezes=0 last=none badfps=9
[16:43:23.000] [aud] fill=4349 prod=48001/s want=48000/s srv=47992 under=0/s short=0.0% tone=0/s skips=0 under_total=31443
[16:44:23.000] up=21:41:09 [run] fps=60 cpu=10634us render=200us blit=1598us aud=1us | ls=J/FS conn=1 sof=78065369 usb=2 rpts=9401899 rfail=0 eperr=0 ints=0 | freezes=0 last=none badfps=9
[16:44:23.000] [aud] fill=4373 prod=48002/s want=48000/s srv=47991 under=0/s short=0.0% tone=0/s skips=0 under_total=31443
[16:45:23.000] up=21:42:09 [run] fps=60 cpu=10638us render=238us blit=1575us aud=1us | ls=J/FS conn=1 sof=78125373 usb=2 rpts=9409123 rfail=0 eperr=0 ints=0 | freezes=0 last=none badfps=9
[16:45:23.000] [aud] fill=4349 prod=48001/s want=48000/s srv=47992 under=0/s short=0.0% tone=0/s skips=0 under_total=31443
[16:46:23.000] up=21:43:09 [run] fps=60 cpu=10639us render=237us blit=1563us aud=1us | ls=J/FS conn=1 sof=78185377 usb=2 rpts=9416361 rfail=0 eperr=0 ints=0 | freezes=0 last=none badfps=9
[16:46:23.000] [aud] fill=4347 prod=48001/s want=48000/s srv=47992 under=0/s short=0.0% tone=0/s skips=0 under_total=31443
[16:47:23.000] up=21:44:09 [run] fps=60 cpu=10648us render=238us blit=1562us aud=1us | ls=J/FS conn=1 sof=78245380 usb=2 rpts=9423584 rfail=0 eperr=0 ints=0 | freezes=0 last=none badfps=9
[16:47:23.000] [aud] fill=4355 prod=48001/s want=48000/s srv=47992 under=0/s short=0.0% tone=0/s skips=0 under_total=31443
[16:48:23.000] up=21:45:09 [run] fps=60 cpu=10673us render=200us blit=1563us aud=1us | ls=J/FS conn=1 sof=78305385 usb=2 rpts=9430816 rfail=0 eperr=0 ints=0 | freezes=0 last=none badfps=9
[16:48:23.000] [aud] fill=4387 prod=48001/s want=48000/s srv=47991 under=0/s short=0.0% tone=0/s skips=0 under_total=31443
[16:49:23.000] up=21:46:09 [run] fps=60 cpu=10671us render=199us blit=1584us aud=0us | ls=J/FS conn=1 sof=78365389 usb=2 rpts=9438046 rfail=0 eperr=0 ints=0 | freezes=0 last=none badfps=9
[16:49:23.000] [aud] fill=4353 prod=48002/s want=48000/s srv=47992 under=0/s short=0.0% tone=0/s skips=0 under_total=31443
[16:50:23.000] up=21:47:09 [run] fps=60 cpu=10676us render=200us blit=1564us aud=1us | ls=J/FS conn=1 sof=78425392 usb=2 rpts=9445274 rfail=0 eperr=0 ints=0 | freezes=0 last=none badfps=9
[16:50:23.000] [aud] fill=4356 prod=48001/s want=48000/s srv=47992 under=0/s short=0.0% tone=0/s skips=0 under_total=31443
[16:51:23.000] up=21:48:09 [run] fps=60 cpu=10681us render=200us blit=1564us aud=0us | ls=J/FS conn=1 sof=78485396 usb=2 rpts=9452501 rfail=0 eperr=0 ints=0 | freezes=0 last=none badfps=9
[16:51:23.000] [aud] fill=4349 prod=48001/s want=48000/s srv=47992 under=0/s short=0.0% tone=0/s skips=0 under_total=31443
[16:52:23.000] up=21:49:09 [run] fps=60 cpu=10678us render=200us blit=1563us aud=1us | ls=J/FS conn=1 sof=78545399 usb=2 rpts=9459730 rfail=0 eperr=0 ints=0 | freezes=0 last=none badfps=9
[16:52:23.000] [aud] fill=4356 prod=48002/s want=48000/s srv=47992 under=0/s short=0.0% tone=0/s skips=0 under_total=31443
[16:53:23.000] up=21:50:09 [run] fps=60 cpu=10672us render=199us blit=1561us aud=1us | ls=J/FS conn=1 sof=78605403 usb=2 rpts=9466956 rfail=0 eperr=0 ints=0 | freezes=0 last=none badfps=9
[16:53:23.000] [aud] fill=4362 prod=48002/s want=48000/s srv=47992 under=0/s short=0.0% tone=0/s skips=0 under_total=31443
[16:54:23.000] up=21:51:09 [run] fps=60 cpu=10675us render=201us blit=1577us aud=1us | ls=J/FS conn=1 sof=78665407 usb=2 rpts=9474181 rfail=0 eperr=0 ints=0 | freezes=0 last=none badfps=9
[16:54:23.000] [aud] fill=4349 prod=48001/s want=48000/s srv=47992 under=0/s short=0.0% tone=0/s skips=0 under_total=31443
[16:55:23.000] up=21:52:09 [run] fps=60 cpu=10643us render=237us blit=1563us aud=0us | ls=J/FS conn=1 sof=78725409 usb=2 rpts=9481408 rfail=0 eperr=0 ints=0 | freezes=0 last=none badfps=9
[16:55:23.000] [aud] fill=4357 prod=48002/s want=48000/s srv=47992 under=0/s short=0.0% tone=0/s skips=0 under_total=31443
[16:56:23.000] up=21:53:09 [run] fps=60 cpu=10681us render=200us blit=1563us aud=0us | ls=J/FS conn=1 sof=78785414 usb=2 rpts=9488634 rfail=0 eperr=0 ints=0 | freezes=0 last=none badfps=9
[16:56:23.000] [aud] fill=4348 prod=48002/s want=48000/s srv=47992 under=0/s short=0.0% tone=0/s skips=0 under_total=31443
[16:57:23.000] up=21:54:09 [run] fps=60 cpu=10645us render=237us blit=1563us aud=1us | ls=J/FS conn=1 sof=78845416 usb=2 rpts=9495867 rfail=0 eperr=0 ints=0 | freezes=0 last=none badfps=9
[16:57:23.000] [aud] fill=4361 prod=48002/s want=48000/s srv=47992 under=0/s short=0.0% tone=0/s skips=0 under_total=31443
[16:58:23.000] up=21:55:09 [run] fps=60 cpu=10667us render=199us blit=1562us aud=1us | ls=J/FS conn=1 sof=78905421 usb=2 rpts=9503097 rfail=0 eperr=0 ints=0 | freezes=0 last=none badfps=9
[16:58:23.000] [aud] fill=4360 prod=48001/s want=48000/s srv=47992 under=0/s short=0.0% tone=0/s skips=0 under_total=31443
[16:59:23.000] up=21:56:09 [run] fps=60 cpu=10678us render=200us blit=1600us aud=1us | ls=J/FS conn=1 sof=78965425 usb=2 rpts=9510328 rfail=0 eperr=0 ints=0 | freezes=0 last=none badfps=9
[16:59:23.000] [aud] fill=4349 prod=48001/s want=48000/s srv=47992 under=0/s short=0.0% tone=0/s skips=0 under_total=31443
[17:00:23.000] up=21:57:09 [run] fps=60 cpu=10675us render=199us blit=1600us aud=1us | ls=J/FS conn=1 sof=79025428 usb=2 rpts=9517551 rfail=0 eperr=0 ints=0 | freezes=0 last=none badfps=9
[17:00:23.000] [aud] fill=4356 prod=48001/s want=48000/s srv=47992 under=0/s short=0.0% tone=0/s skips=0 under_total=31443
[17:01:23.000] up=21:58:09 [run] fps=60 cpu=10683us render=200us blit=1599us aud=1us | ls=J/FS conn=1 sof=79085432 usb=2 rpts=9524776 rfail=0 eperr=0 ints=0 | freezes=0 last=none badfps=9
[17:01:23.000] [aud] fill=4350 prod=48001/s want=48000/s srv=47992 under=0/s short=0.0% tone=0/s skips=0 under_total=31443
[17:02:23.000] up=21:59:09 [run] fps=60 cpu=10668us render=200us blit=1600us aud=1us | ls=J/FS conn=1 sof=79145435 usb=2 rpts=9531996 rfail=0 eperr=0 ints=0 | freezes=0 last=none badfps=9
[17:02:23.000] [aud] fill=4383 prod=48001/s want=48000/s srv=47991 under=0/s short=0.0% tone=0/s skips=0 under_total=31443
[17:03:23.000] up=22:00:09 [run] fps=60 cpu=10671us render=200us blit=1629us aud=1us | ls=J/FS conn=1 sof=79205439 usb=2 rpts=9539226 rfail=0 eperr=0 ints=0 | freezes=0 last=none badfps=9
[17:03:23.000] [aud] fill=4352 prod=47954/s want=48000/s srv=47992 under=0/s short=0.0% tone=0/s skips=0 under_total=31443
[17:04:23.000] up=22:01:09 [run] fps=60 cpu=10680us render=200us blit=1600us aud=1us | ls=J/FS conn=1 sof=79265443 usb=2 rpts=9546449 rfail=0 eperr=0 ints=0 | freezes=0 last=none badfps=9
[17:04:23.000] [aud] fill=4348 prod=48001/s want=48000/s srv=47992 under=0/s short=0.0% tone=0/s skips=0 under_total=31443
[17:05:23.000] up=22:02:09 [run] fps=60 cpu=10682us render=200us blit=1598us aud=1us | ls=J/FS conn=1 sof=79325446 usb=2 rpts=9553679 rfail=0 eperr=0 ints=0 | freezes=0 last=none badfps=9
[17:05:23.000] [aud] fill=4357 prod=48002/s want=48000/s srv=47992 under=0/s short=0.0% tone=0/s skips=0 under_total=31443
[17:06:23.000] up=22:03:09 [run] fps=60 cpu=10680us render=200us blit=1599us aud=0us | ls=J/FS conn=1 sof=79385450 usb=2 rpts=9560902 rfail=0 eperr=0 ints=0 | freezes=0 last=none badfps=9
[17:06:23.000] [aud] fill=4365 prod=48001/s want=48000/s srv=47992 under=0/s short=0.0% tone=0/s skips=0 under_total=31443
[17:07:23.000] up=22:04:09 [run] fps=60 cpu=10635us render=236us blit=1563us aud=1us | ls=J/FS conn=1 sof=79445454 usb=2 rpts=9568126 rfail=0 eperr=0 ints=0 | freezes=0 last=none badfps=9
[17:07:23.000] [aud] fill=4355 prod=48001/s want=48000/s srv=47992 under=0/s short=0.0% tone=0/s skips=0 under_total=31443
[17:08:23.000] up=22:05:09 [run] fps=60 cpu=10635us render=238us blit=1563us aud=0us | ls=J/FS conn=1 sof=79505457 usb=2 rpts=9575361 rfail=0 eperr=0 ints=0 | freezes=0 last=none badfps=9
[17:08:23.000] [aud] fill=4358 prod=48002/s want=48000/s srv=47992 under=0/s short=0.0% tone=0/s skips=0 under_total=31443
[17:09:23.000] up=22:06:09 [run] fps=60 cpu=10643us render=237us blit=1563us aud=0us | ls=J/FS conn=1 sof=79565461 usb=2 rpts=9582591 rfail=0 eperr=0 ints=0 | freezes=0 last=none badfps=9
[17:09:23.000] [aud] fill=4348 prod=48001/s want=48000/s srv=47992 under=0/s short=0.0% tone=0/s skips=0 under_total=31443
[17:10:23.000] up=22:07:09 [run] fps=60 cpu=10643us render=200us blit=1601us aud=0us | ls=J/FS conn=1 sof=79625464 usb=2 rpts=9589823 rfail=0 eperr=0 ints=0 | freezes=0 last=none badfps=9
[17:10:23.000] [aud] fill=4357 prod=48001/s want=48000/s srv=47992 under=0/s short=0.0% tone=0/s skips=0 under_total=31443
[17:11:23.000] up=22:08:09 [run] fps=60 cpu=10637us render=236us blit=1560us aud=1us | ls=J/FS conn=1 sof=79685468 usb=2 rpts=9597049 rfail=0 eperr=0 ints=0 | freezes=0 last=none badfps=9
[17:11:23.000] [aud] fill=4371 prod=48001/s want=48000/s srv=47992 under=0/s short=0.0% tone=0/s skips=0 under_total=31443
[17:12:23.000] up=22:09:09 [run] fps=60 cpu=10670us render=200us blit=1593us aud=0us | ls=J/FS conn=1 sof=79745473 usb=2 rpts=9604273 rfail=0 eperr=0 ints=0 | freezes=0 last=none badfps=9
[17:12:23.000] [aud] fill=4351 prod=48002/s want=48000/s srv=47992 under=0/s short=0.0% tone=0/s skips=0 under_total=31443
[17:13:23.000] up=22:10:09 [run] fps=60 cpu=10644us render=237us blit=1566us aud=0us | ls=J/FS conn=1 sof=79805475 usb=2 rpts=9611493 rfail=0 eperr=0 ints=0 | freezes=0 last=none badfps=9
[17:13:23.000] [aud] fill=4355 prod=48001/s want=48000/s srv=47992 under=0/s short=0.0% tone=0/s skips=0 under_total=31443
[17:14:23.000] up=22:11:09 [run] fps=60 cpu=10677us render=200us blit=1564us aud=1us | ls=J/FS conn=1 sof=79865480 usb=2 rpts=9618715 rfail=0 eperr=0 ints=0 | freezes=0 last=none badfps=9
[17:14:23.000] [aud] fill=4349 prod=48001/s want=48000/s srv=47992 under=0/s short=0.0% tone=0/s skips=0 under_total=31443
[17:15:23.000] up=22:12:09 [run] fps=60 cpu=10685us render=200us blit=1563us aud=1us | ls=J/FS conn=1 sof=79925483 usb=2 rpts=9625951 rfail=0 eperr=0 ints=0 | freezes=0 last=none badfps=9
[17:15:23.000] [aud] fill=4356 prod=48001/s want=48000/s srv=47992 under=0/s short=0.0% tone=0/s skips=0 under_total=31443
[17:16:23.000] up=22:13:09 [run] fps=60 cpu=10671us render=199us blit=1562us aud=0us | ls=J/FS conn=1 sof=79985487 usb=2 rpts=9633177 rfail=0 eperr=0 ints=0 | freezes=0 last=none badfps=9
[17:16:23.000] [aud] fill=4361 prod=48002/s want=48000/s srv=47992 under=0/s short=0.0% tone=0/s skips=0 under_total=31443
[17:17:23.000] up=22:14:09 [run] fps=60 cpu=10689us render=200us blit=1601us aud=0us | ls=J/FS conn=1 sof=80045491 usb=2 rpts=9640405 rfail=0 eperr=0 ints=0 | freezes=0 last=none badfps=9
[17:17:23.000] [aud] fill=4350 prod=48001/s want=48000/s srv=47992 under=0/s short=0.0% tone=0/s skips=0 under_total=31443
[17:18:23.000] up=22:15:09 [run] fps=60 cpu=10686us render=199us blit=1564us aud=1us | ls=J/FS conn=1 sof=80105494 usb=2 rpts=9647636 rfail=0 eperr=0 ints=0 | freezes=0 last=none badfps=9
[17:18:23.000] [aud] fill=4357 prod=48001/s want=48000/s srv=47992 under=0/s short=0.0% tone=0/s skips=0 under_total=31443
[17:19:23.000] up=22:16:09 [run] fps=60 cpu=10686us render=200us blit=1562us aud=0us | ls=J/FS conn=1 sof=80165498 usb=2 rpts=9654867 rfail=0 eperr=0 ints=0 | freezes=0 last=none badfps=9
[17:19:23.000] [aud] fill=4350 prod=48002/s want=48000/s srv=47992 under=0/s short=0.0% tone=0/s skips=0 under_total=31443
[17:20:23.000] up=22:17:09 [run] fps=60 cpu=10645us render=237us blit=1563us aud=1us | ls=J/FS conn=1 sof=80225500 usb=2 rpts=9662088 rfail=0 eperr=0 ints=0 | freezes=0 last=none badfps=9
[17:20:23.000] [aud] fill=4387 prod=48000/s want=48000/s srv=47991 under=0/s short=0.0% tone=0/s skips=0 under_total=31443
[17:21:23.000] up=22:18:09 [run] fps=60 cpu=10643us render=238us blit=1559us aud=1us | ls=J/FS conn=1 sof=80285503 usb=2 rpts=9669312 rfail=0 eperr=0 ints=0 | freezes=0 last=none badfps=9
[17:21:23.000] [aud] fill=4373 prod=48001/s want=48000/s srv=47991 under=0/s short=0.0% tone=0/s skips=0 under_total=31443
[17:22:23.000] up=22:19:09 [run] fps=60 cpu=10681us render=199us blit=1564us aud=1us | ls=J/FS conn=1 sof=80345508 usb=2 rpts=9676543 rfail=0 eperr=0 ints=0 | freezes=0 last=none badfps=9
[17:22:23.000] [aud] fill=4350 prod=48001/s want=48000/s srv=47992 under=0/s short=0.0% tone=0/s skips=0 under_total=31443
[17:23:23.000] up=22:20:09 [run] fps=60 cpu=10689us render=199us blit=1572us aud=1us | ls=J/FS conn=1 sof=80405510 usb=2 rpts=9683774 rfail=0 eperr=0 ints=0 | freezes=0 last=none badfps=9
[17:23:23.000] [aud] fill=4354 prod=48001/s want=48000/s srv=47992 under=0/s short=0.0% tone=0/s skips=0 under_total=31443
[17:24:23.000] up=22:21:09 [run] fps=60 cpu=10682us render=201us blit=1562us aud=0us | ls=J/FS conn=1 sof=80465515 usb=2 rpts=9691002 rfail=0 eperr=0 ints=0 | freezes=0 last=none badfps=9
[17:24:23.000] [aud] fill=4349 prod=48002/s want=48000/s srv=47992 under=0/s short=0.0% tone=0/s skips=0 under_total=31443
[17:25:23.000] up=22:22:09 [run] fps=60 cpu=10681us render=199us blit=1598us aud=1us | ls=J/FS conn=1 sof=80525519 usb=2 rpts=9698225 rfail=0 eperr=0 ints=0 | freezes=0 last=none badfps=9
[17:25:23.000] [aud] fill=4361 prod=48002/s want=48000/s srv=47992 under=0/s short=0.0% tone=0/s skips=0 under_total=31443
[17:26:23.000] up=22:23:09 [run] fps=60 cpu=10670us render=199us blit=1618us aud=0us | ls=J/FS conn=1 sof=80585522 usb=2 rpts=9705448 rfail=0 eperr=0 ints=0 | freezes=0 last=none badfps=9
[17:26:23.000] [aud] fill=4359 prod=48001/s want=48000/s srv=47992 under=0/s short=0.0% tone=0/s skips=0 under_total=31443
[17:27:23.000] up=22:24:09 [run] fps=60 cpu=10687us render=199us blit=1602us aud=0us | ls=J/FS conn=1 sof=80645526 usb=2 rpts=9712676 rfail=0 eperr=0 ints=0 | freezes=0 last=none badfps=9
[17:27:23.000] [aud] fill=4349 prod=48001/s want=48000/s srv=47992 under=0/s short=0.0% tone=0/s skips=0 under_total=31443
[17:28:23.000] up=22:25:09 [run] fps=60 cpu=10685us render=200us blit=1602us aud=0us | ls=J/FS conn=1 sof=80705529 usb=2 rpts=9719911 rfail=0 eperr=0 ints=0 | freezes=0 last=none badfps=9
[17:28:23.000] [aud] fill=4357 prod=48002/s want=48000/s srv=47992 under=0/s short=0.0% tone=0/s skips=0 under_total=31443
[17:29:23.000] up=22:26:09 [run] fps=60 cpu=10693us render=200us blit=1601us aud=1us | ls=J/FS conn=1 sof=80765533 usb=2 rpts=9727138 rfail=0 eperr=0 ints=0 | freezes=0 last=none badfps=9
[17:29:23.000] [aud] fill=4349 prod=48001/s want=48000/s srv=47992 under=0/s short=0.0% tone=0/s skips=0 under_total=31443
[17:30:23.000] up=22:27:09 [run] fps=60 cpu=10677us render=199us blit=1600us aud=0us | ls=J/FS conn=1 sof=80825537 usb=2 rpts=9734360 rfail=0 eperr=0 ints=0 | freezes=0 last=none badfps=9
[17:30:23.000] [aud] fill=4359 prod=48001/s want=48000/s srv=47992 under=0/s short=0.0% tone=0/s skips=0 under_total=31443
[17:31:23.000] up=22:28:09 [run] fps=60 cpu=10680us render=201us blit=1610us aud=0us | ls=J/FS conn=1 sof=80885540 usb=2 rpts=9741582 rfail=0 eperr=0 ints=0 | freezes=0 last=none badfps=9
[17:31:23.000] [aud] fill=4359 prod=48002/s want=48000/s srv=47992 under=0/s short=0.0% tone=0/s skips=0 under_total=31443
[17:32:23.000] up=22:29:09 [run] fps=60 cpu=10562us render=200us blit=1600us aud=1us | ls=J/FS conn=1 sof=80945544 usb=2 rpts=9748804 rfail=0 eperr=0 ints=0 | freezes=0 last=none badfps=9
[17:32:23.000] [aud] fill=4349 prod=48002/s want=48000/s srv=47992 under=0/s short=0.0% tone=0/s skips=0 under_total=31443
[17:33:23.000] up=22:30:09 [run] fps=60 cpu=10678us render=200us blit=1602us aud=0us | ls=J/FS conn=1 sof=81005547 usb=2 rpts=9756032 rfail=0 eperr=0 ints=0 | freezes=0 last=none badfps=9
[17:33:23.000] [aud] fill=4359 prod=48002/s want=48000/s srv=47992 under=0/s short=0.0% tone=0/s skips=0 under_total=31443
[17:34:23.000] up=22:31:09 [run] fps=60 cpu=10636us render=236us blit=1563us aud=1us | ls=J/FS conn=1 sof=81065551 usb=2 rpts=9763254 rfail=0 eperr=0 ints=0 | freezes=0 last=none badfps=9
[17:34:23.000] [aud] fill=4373 prod=48000/s want=48000/s srv=47991 under=0/s short=0.0% tone=0/s skips=0 under_total=31443
[17:35:23.000] up=22:32:09 [run] fps=60 cpu=10633us render=237us blit=1587us aud=0us | ls=J/FS conn=1 sof=81125555 usb=2 rpts=9770482 rfail=0 eperr=0 ints=0 | freezes=0 last=none badfps=9
[17:35:23.000] [aud] fill=4351 prod=48001/s want=48000/s srv=47992 under=0/s short=0.0% tone=0/s skips=0 under_total=31443
[17:36:23.000] up=22:33:09 [run] fps=60 cpu=10653us render=237us blit=1562us aud=1us | ls=J/FS conn=1 sof=81185558 usb=2 rpts=9777710 rfail=0 eperr=0 ints=0 | freezes=0 last=none badfps=9
[17:36:23.000] [aud] fill=4357 prod=48002/s want=48000/s srv=47992 under=0/s short=0.0% tone=0/s skips=0 under_total=31443
[17:37:23.000] up=22:34:09 [run] fps=60 cpu=10644us render=237us blit=1564us aud=1us | ls=J/FS conn=1 sof=81245562 usb=2 rpts=9784932 rfail=0 eperr=0 ints=0 | freezes=0 last=none badfps=9
[17:37:23.000] [aud] fill=4348 prod=48002/s want=48000/s srv=47992 under=0/s short=0.0% tone=0/s skips=0 under_total=31443
[17:38:23.000] up=22:35:09 [run] fps=60 cpu=10682us render=200us blit=1564us aud=0us | ls=J/FS conn=1 sof=81305567 usb=2 rpts=9792162 rfail=0 eperr=0 ints=0 | freezes=0 last=none badfps=9
[17:38:23.000] [aud] fill=4355 prod=48001/s want=48000/s srv=47992 under=0/s short=0.0% tone=0/s skips=0 under_total=31443
[17:39:23.000] up=22:36:09 [run] fps=60 cpu=10636us render=236us blit=1562us aud=1us | ls=J/FS conn=1 sof=81365569 usb=2 rpts=9799394 rfail=0 eperr=0 ints=0 | freezes=0 last=none badfps=9
[17:39:23.000] [aud] fill=4373 prod=48000/s want=48000/s srv=47992 under=0/s short=0.0% tone=0/s skips=0 under_total=31443
[17:40:23.000] up=22:37:09 [run] fps=60 cpu=10678us render=201us blit=1570us aud=1us | ls=J/FS conn=1 sof=81425574 usb=2 rpts=9806616 rfail=0 eperr=0 ints=0 | freezes=0 last=none badfps=9
[17:40:23.000] [aud] fill=4353 prod=48002/s want=48000/s srv=47992 under=0/s short=0.0% tone=0/s skips=0 under_total=31443
[17:41:23.000] up=22:38:09 [run] fps=60 cpu=10643us render=237us blit=1564us aud=1us | ls=J/FS conn=1 sof=81485576 usb=2 rpts=9813835 rfail=0 eperr=0 ints=0 | freezes=0 last=none badfps=9
[17:41:23.000] [aud] fill=4356 prod=48001/s want=48000/s srv=47992 under=0/s short=0.0% tone=0/s skips=0 under_total=31443
[17:42:23.000] up=22:39:09 [run] fps=60 cpu=10678us render=199us blit=1564us aud=1us | ls=J/FS conn=1 sof=81545581 usb=2 rpts=9821055 rfail=0 eperr=0 ints=0 | freezes=0 last=none badfps=9
[17:42:23.000] [aud] fill=4349 prod=48001/s want=48000/s srv=47992 under=0/s short=0.0% tone=0/s skips=0 under_total=31443
[17:43:23.000] up=22:40:09 [run] fps=60 cpu=10676us render=201us blit=1563us aud=0us | ls=J/FS conn=1 sof=81605585 usb=2 rpts=9828285 rfail=0 eperr=0 ints=0 | freezes=0 last=none badfps=9
[17:43:23.000] [aud] fill=4382 prod=48000/s want=48000/s srv=47991 under=0/s short=0.0% tone=0/s skips=0 under_total=31443
[17:44:23.000] up=22:41:09 [run] fps=60 cpu=10667us render=199us blit=1563us aud=0us | ls=J/FS conn=1 sof=81665588 usb=2 rpts=9835517 rfail=0 eperr=0 ints=0 | freezes=0 last=none badfps=9
[17:44:23.000] [aud] fill=4362 prod=48001/s want=48000/s srv=47992 under=0/s short=0.0% tone=0/s skips=0 under_total=31443
[17:45:23.000] up=22:42:09 [run] fps=60 cpu=10678us render=200us blit=1561us aud=0us | ls=J/FS conn=1 sof=81725592 usb=2 rpts=9842747 rfail=0 eperr=0 ints=0 | freezes=0 last=none badfps=9
[17:45:23.000] [aud] fill=4349 prod=48001/s want=48000/s srv=47992 under=0/s short=0.0% tone=0/s skips=0 under_total=31443
[17:46:23.000] up=22:43:09 [run] fps=60 cpu=10640us render=237us blit=1563us aud=1us | ls=J/FS conn=1 sof=81785594 usb=2 rpts=9849965 rfail=0 eperr=0 ints=0 | freezes=0 last=none badfps=9
[17:46:23.000] [aud] fill=4356 prod=48002/s want=48000/s srv=47992 under=0/s short=0.0% tone=0/s skips=0 under_total=31443
[17:47:23.000] up=22:44:09 [run] fps=60 cpu=10643us render=237us blit=1564us aud=0us | ls=J/FS conn=1 sof=81845598 usb=2 rpts=9857183 rfail=0 eperr=0 ints=0 | freezes=0 last=none badfps=9
[17:47:23.000] [aud] fill=4347 prod=48001/s want=48000/s srv=47992 under=0/s short=0.0% tone=0/s skips=0 under_total=31443
[17:48:23.000] up=22:45:09 [run] fps=60 cpu=10682us render=200us blit=1603us aud=0us | ls=J/FS conn=1 sof=81905612 usb=2 rpts=9864395 rfail=0 eperr=0 ints=0 | freezes=0 last=none badfps=10
[17:48:23.000] [aud] fill=4355 prod=48002/s want=48000/s srv=47992 under=0/s short=0.0% tone=0/s skips=0 under_total=31443
[17:49:23.000] up=22:46:09 [run] fps=60 cpu=10683us render=199us blit=1602us aud=1us | ls=J/FS conn=1 sof=81965616 usb=2 rpts=9871626 rfail=0 eperr=0 ints=0 | freezes=0 last=none badfps=10
[17:49:23.000] [aud] fill=4350 prod=48001/s want=48000/s srv=47992 under=0/s short=0.0% tone=0/s skips=0 under_total=31443
[17:50:23.000] up=22:47:09 [run] fps=60 cpu=10668us render=200us blit=1599us aud=1us | ls=J/FS conn=1 sof=82025620 usb=2 rpts=9878855 rfail=0 eperr=0 ints=0 | freezes=0 last=none badfps=10
[17:50:23.000] [aud] fill=4359 prod=48001/s want=48000/s srv=47992 under=0/s short=0.0% tone=0/s skips=0 under_total=31443
=== CoCo Zero soak log, interval 60s, clock 2026-10-05 17:51:22 from card
=== DATE 2026-10-05
XRoar on RP2350-PiZero (soak log) fw=v0.7.2-292-gd3ec182-dirty env=pizero_stream_60 boot=power-on freezes=0 last=none
=== DATE 2026-10-05
[17:51:22.000] up=0:00:04 [run] fps=1 cpu=10234us render=867us blit=1532us aud=2us | ls=J/FS conn=1 sof=431 usb=0 rpts=0 rfail=0 eperr=0 ints=0 | freezes=0 last=none badfps=1
[17:51:22.000] [aud] fill=800 prod=172/s want=48000/s srv=48000 under=4452/s short=9.2% tone=0/s skips=0 under_total=20669
[17:52:22.000] up=0:01:04 [run] fps=60 cpu=11119us render=478us blit=1597us aud=1us | ls=J/FS conn=1 sof=60432 usb=2 rpts=6806 rfail=0 eperr=0 ints=0 | freezes=0 last=none badfps=1
[17:52:22.000] [aud] fill=4190 prod=48001/s want=48000/s srv=47997 under=0/s short=0.0% tone=0/s skips=0 under_total=23954
[17:53:22.000] up=0:02:04 [run] fps=60 cpu=11111us render=480us blit=1594us aud=1us | ls=J/FS conn=1 sof=120436 usb=2 rpts=14054 rfail=0 eperr=0 ints=0 | freezes=0 last=none badfps=1
[17:53:22.000] [aud] fill=4207 prod=48001/s want=48000/s srv=47997 under=0/s short=0.0% tone=0/s skips=0 under_total=23954
[17:54:22.000] up=0:03:04 [run] fps=60 cpu=0us render=0us blit=2us aud=0us | ls=J/FS conn=1 sof=180445 usb=2 rpts=21286 rfail=0 eperr=0 ints=0 | freezes=0 last=none badfps=3
[17:54:22.000] [aud] fill=441 prod=0/s want=48000/s srv=48064 under=0/s short=0.0% tone=0/s skips=0 under_total=24731
[17:55:22.000] up=0:04:04 [run] fps=60 cpu=10641us render=200us blit=1599us aud=0us | ls=J/FS conn=1 sof=240446 usb=2 rpts=28548 rfail=0 eperr=0 ints=0 | freezes=0 last=none badfps=3
[17:55:22.000] [aud] fill=3166 prod=48038/s want=48000/s srv=48028 under=0/s short=0.0% tone=0/s skips=0 under_total=24731
[17:56:22.000] up=0:05:04 [run] fps=60 cpu=10638us render=237us blit=1561us aud=0us | ls=J/FS conn=1 sof=300450 usb=2 rpts=35780 rfail=0 eperr=0 ints=0 | freezes=0 last=none badfps=3
[17:56:22.000] [aud] fill=4177 prod=48008/s want=48000/s srv=47998 under=0/s short=0.0% tone=0/s skips=0 under_total=24731
[17:57:22.000] up=0:06:04 [run] fps=60 cpu=10637us render=237us blit=1563us aud=1us | ls=J/FS conn=1 sof=360454 usb=2 rpts=43004 rfail=0 eperr=0 ints=0 | freezes=0 last=none badfps=3
[17:57:22.000] [aud] fill=4330 prod=48002/s want=48000/s srv=47993 under=0/s short=0.0% tone=0/s skips=0 under_total=24731
[17:58:22.000] up=0:07:04 [run] fps=60 cpu=10638us render=201us blit=1600us aud=1us | ls=J/FS conn=1 sof=420457 usb=2 rpts=50241 rfail=0 eperr=0 ints=0 | freezes=0 last=none badfps=3
[17:58:22.000] [aud] fill=4355 prod=48001/s want=48000/s srv=47992 under=0/s short=0.0% tone=0/s skips=0 under_total=24731
[17:59:22.000] up=0:08:04 [run] fps=60 cpu=10639us render=237us blit=1563us aud=1us | ls=J/FS conn=1 sof=480461 usb=2 rpts=57468 rfail=0 eperr=0 ints=0 | freezes=0 last=none badfps=3
[17:59:22.000] [aud] fill=4351 prod=48001/s want=48000/s srv=47992 under=0/s short=0.0% tone=0/s skips=0 under_total=24731
[18:00:22.000] up=0:09:04 [run] fps=60 cpu=10643us render=199us blit=1599us aud=1us | ls=J/FS conn=1 sof=540464 usb=2 rpts=64750 rfail=0 eperr=0 ints=0 | freezes=0 last=none badfps=3
[18:00:22.000] [aud] fill=4359 prod=48002/s want=48000/s srv=47992 under=0/s short=0.0% tone=0/s skips=0 under_total=24731
[18:01:22.000] up=0:10:04 [run] fps=60 cpu=10632us render=237us blit=1561us aud=0us | ls=J/FS conn=1 sof=600468 usb=2 rpts=71975 rfail=0 eperr=0 ints=0 | freezes=0 last=none badfps=3
[18:01:22.000] [aud] fill=4373 prod=48001/s want=48000/s srv=47992 under=0/s short=0.0% tone=0/s skips=0 under_total=24731
[18:02:22.000] up=0:11:04 [run] fps=60 cpu=10640us render=200us blit=1631us aud=0us | ls=J/FS conn=1 sof=660472 usb=2 rpts=79205 rfail=0 eperr=0 ints=0 | freezes=0 last=none badfps=3
[18:02:22.000] [aud] fill=4354 prod=48001/s want=48000/s srv=47992 under=0/s short=0.0% tone=0/s skips=0 under_total=24731
[18:03:22.000] up=0:12:04 [run] fps=60 cpu=10677us render=200us blit=1601us aud=0us | ls=J/FS conn=1 sof=720475 usb=2 rpts=86429 rfail=0 eperr=0 ints=0 | freezes=0 last=none badfps=3
[18:03:22.000] [aud] fill=4361 prod=48002/s want=48000/s srv=47992 under=0/s short=0.0% tone=0/s skips=0 under_total=24731
[18:04:22.000] up=0:13:04 [run] fps=60 cpu=10674us render=200us blit=1563us aud=0us | ls=J/FS conn=1 sof=780479 usb=2 rpts=93658 rfail=0 eperr=0 ints=0 | freezes=0 last=none badfps=4
[18:04:22.000] [aud] fill=4222 prod=48006/s want=48000/s srv=47996 under=0/s short=0.0% tone=0/s skips=0 under_total=24731
[18:05:22.000] up=0:14:04 [run] fps=60 cpu=10641us render=237us blit=1564us aud=0us | ls=J/FS conn=1 sof=840481 usb=2 rpts=100883 rfail=0 eperr=0 ints=0 | freezes=0 last=none badfps=4
[18:05:22.000] [aud] fill=4341 prod=48002/s want=48000/s srv=47993 under=0/s short=0.0% tone=0/s skips=0 under_total=24731
[18:06:22.000] up=0:15:04 [run] fps=60 cpu=10633us render=236us blit=1562us aud=1us | ls=J/FS conn=1 sof=900485 usb=2 rpts=108103 rfail=0 eperr=0 ints=0 | freezes=0 last=none badfps=4
[18:06:22.000] [aud] fill=4362 prod=48002/s want=48000/s srv=47992 under=0/s short=0.0% tone=0/s skips=0 under_total=24731
[18:07:22.000] up=0:16:04 [run] fps=60 cpu=10635us render=241us blit=1587us aud=1us | ls=J/FS conn=1 sof=960490 usb=2 rpts=115328 rfail=0 eperr=0 ints=0 | freezes=0 last=none badfps=4
[18:07:22.000] [aud] fill=4350 prod=48002/s want=48000/s srv=47992 under=0/s short=0.0% tone=0/s skips=0 under_total=24731
[18:08:22.000] up=0:17:04 [run] fps=60 cpu=10643us render=238us blit=1562us aud=1us | ls=J/FS conn=1 sof=1020492 usb=2 rpts=122546 rfail=0 eperr=0 ints=0 | freezes=0 last=none badfps=4
[18:08:22.000] [aud] fill=4355 prod=48002/s want=48000/s srv=47992 under=0/s short=0.0% tone=0/s skips=0 under_total=24731
[18:09:22.000] up=0:18:04 [run] fps=60 cpu=10679us render=199us blit=1562us aud=0us | ls=J/FS conn=1 sof=1080497 usb=2 rpts=129781 rfail=0 eperr=0 ints=0 | freezes=0 last=none badfps=4
[18:09:22.000] [aud] fill=4349 prod=48001/s want=48000/s srv=47992 under=0/s short=0.0% tone=0/s skips=0 under_total=24731
[18:10:22.000] up=0:19:04 [run] fps=60 cpu=10681us render=200us blit=1564us aud=0us | ls=J/FS conn=1 sof=1140500 usb=2 rpts=137016 rfail=0 eperr=0 ints=0 | freezes=0 last=none badfps=4
[18:10:22.000] [aud] fill=4356 prod=48001/s want=48000/s srv=47992 under=0/s short=0.0% tone=0/s skips=0 under_total=24731
[18:11:22.000] up=0:20:04 [run] fps=60 cpu=10670us render=200us blit=1561us aud=1us | ls=J/FS conn=1 sof=1200504 usb=2 rpts=144243 rfail=0 eperr=0 ints=0 | freezes=0 last=none badfps=4
[18:11:22.000] [aud] fill=4361 prod=48002/s want=48000/s srv=47992 under=0/s short=0.0% tone=0/s skips=0 under_total=24731
[18:12:22.000] up=0:21:04 [run] fps=60 cpu=10676us render=200us blit=1601us aud=1us | ls=J/FS conn=1 sof=1260508 usb=2 rpts=151468 rfail=0 eperr=0 ints=0 | freezes=0 last=none badfps=4
[18:12:22.000] [aud] fill=4350 prod=48001/s want=48000/s srv=47992 under=0/s short=0.0% tone=0/s skips=0 under_total=24731
[18:13:22.000] up=0:22:04 [run] fps=60 cpu=10675us render=200us blit=1561us aud=1us | ls=J/FS conn=1 sof=1320511 usb=2 rpts=158695 rfail=0 eperr=0 ints=0 | freezes=0 last=none badfps=4
[18:13:22.000] [aud] fill=4357 prod=48001/s want=48000/s srv=47992 under=0/s short=0.0% tone=0/s skips=0 under_total=24731
[18:14:22.000] up=0:23:04 [run] fps=60 cpu=10678us render=199us blit=1601us aud=0us | ls=J/FS conn=1 sof=1380515 usb=2 rpts=165914 rfail=0 eperr=0 ints=0 | freezes=0 last=none badfps=4
[18:14:22.000] [aud] fill=4350 prod=48001/s want=48000/s srv=47992 under=0/s short=0.0% tone=0/s skips=0 under_total=24731
[18:15:22.000] up=0:24:04 [run] fps=60 cpu=10681us render=200us blit=1599us aud=1us | ls=J/FS conn=1 sof=1440518 usb=2 rpts=173134 rfail=0 eperr=0 ints=0 | freezes=0 last=none badfps=4
[18:15:22.000] [aud] fill=4394 prod=48000/s want=48000/s srv=47991 under=0/s short=0.0% tone=0/s skips=0 under_total=24731
[18:16:22.000] up=0:25:04 [run] fps=60 cpu=10669us render=200us blit=1618us aud=0us | ls=J/FS conn=1 sof=1500522 usb=2 rpts=180356 rfail=0 eperr=0 ints=0 | freezes=0 last=none badfps=4
[18:16:22.000] [aud] fill=4356 prod=48002/s want=48000/s srv=47992 under=0/s short=0.0% tone=0/s skips=0 under_total=24731
[18:17:22.000] up=0:26:04 [run] fps=60 cpu=10643us render=200us blit=1602us aud=1us | ls=J/FS conn=1 sof=1560526 usb=2 rpts=187590 rfail=0 eperr=0 ints=0 | freezes=0 last=none badfps=4
[18:17:22.000] [aud] fill=4348 prod=48002/s want=48000/s srv=47992 under=0/s short=0.0% tone=0/s skips=0 under_total=24731
[18:18:22.000] up=0:27:04 [run] fps=60 cpu=10679us render=200us blit=1601us aud=0us | ls=J/FS conn=1 sof=1620529 usb=2 rpts=194822 rfail=0 eperr=0 ints=0 | freezes=0 last=none badfps=4
[18:18:22.000] [aud] fill=4359 prod=48001/s want=48000/s srv=47992 under=0/s short=0.0% tone=0/s skips=0 under_total=24731
[18:19:22.000] up=0:28:04 [run] fps=60 cpu=10683us render=199us blit=1599us aud=0us | ls=J/FS conn=1 sof=1680533 usb=2 rpts=202054 rfail=0 eperr=0 ints=0 | freezes=0 last=none badfps=4
[18:19:22.000] [aud] fill=4351 prod=47954/s want=48000/s srv=47992 under=0/s short=0.0% tone=0/s skips=0 under_total=24731
[18:20:22.000] up=0:29:04 [run] fps=60 cpu=10668us render=199us blit=1598us aud=1us | ls=J/FS conn=1 sof=1740536 usb=2 rpts=209279 rfail=0 eperr=0 ints=0 | freezes=0 last=none badfps=4
[18:20:22.000] [aud] fill=4376 prod=48001/s want=48000/s srv=47991 under=0/s short=0.0% tone=0/s skips=0 under_total=24731
[18:21:22.000] up=0:30:04 [run] fps=60 cpu=10669us render=202us blit=1614us aud=1us | ls=J/FS conn=1 sof=1800540 usb=2 rpts=216513 rfail=0 eperr=0 ints=0 | freezes=0 last=none badfps=4
[18:21:22.000] [aud] fill=4352 prod=47954/s want=48000/s srv=47992 under=0/s short=0.0% tone=0/s skips=0 under_total=24731
[18:22:22.000] up=0:31:04 [run] fps=60 cpu=10677us render=201us blit=1601us aud=1us | ls=J/FS conn=1 sof=1860544 usb=2 rpts=223734 rfail=0 eperr=0 ints=0 | freezes=0 last=none badfps=4
[18:22:22.000] [aud] fill=4350 prod=48001/s want=48000/s srv=47992 under=0/s short=0.0% tone=0/s skips=0 under_total=24731
[18:23:22.000] up=0:32:04 [run] fps=60 cpu=10681us render=199us blit=1601us aud=1us | ls=J/FS conn=1 sof=1920547 usb=2 rpts=230966 rfail=0 eperr=0 ints=0 | freezes=0 last=none badfps=4
[18:23:22.000] [aud] fill=4358 prod=48002/s want=48000/s srv=47992 under=0/s short=0.0% tone=0/s skips=0 under_total=24731
[18:24:22.000] up=0:33:04 [run] fps=60 cpu=10674us render=200us blit=1599us aud=0us | ls=J/FS conn=1 sof=1980551 usb=2 rpts=238189 rfail=0 eperr=0 ints=0 | freezes=0 last=none badfps=4
[18:24:22.000] [aud] fill=4387 prod=48000/s want=48000/s srv=47991 under=0/s short=0.0% tone=0/s skips=0 under_total=24731
[18:25:22.000] up=0:34:04 [run] fps=60 cpu=10670us render=200us blit=1596us aud=1us | ls=J/FS conn=1 sof=2040554 usb=2 rpts=245417 rfail=0 eperr=0 ints=0 | freezes=0 last=none badfps=4
[18:25:22.000] [aud] fill=4368 prod=48002/s want=48000/s srv=47992 under=0/s short=0.0% tone=0/s skips=0 under_total=24731
[18:26:22.000] up=0:35:04 [run] fps=60 cpu=10676us render=200us blit=1601us aud=1us | ls=J/FS conn=1 sof=2100558 usb=2 rpts=252648 rfail=0 eperr=0 ints=0 | freezes=0 last=none badfps=4
[18:26:22.000] [aud] fill=4352 prod=48001/s want=48000/s srv=47992 under=0/s short=0.0% tone=0/s skips=0 under_total=24731
[18:27:22.000] up=0:36:04 [run] fps=60 cpu=10676us render=200us blit=1602us aud=1us | ls=J/FS conn=1 sof=2160562 usb=2 rpts=259875 rfail=0 eperr=0 ints=0 | freezes=0 last=none badfps=4
[18:27:22.000] [aud] fill=4351 prod=48001/s want=48000/s srv=47992 under=0/s short=0.0% tone=0/s skips=0 under_total=24731
[18:28:22.000] up=0:37:04 [run] fps=60 cpu=10678us render=199us blit=1600us aud=1us | ls=J/FS conn=1 sof=2220565 usb=2 rpts=267100 rfail=0 eperr=0 ints=0 | freezes=0 last=none badfps=4
[18:28:22.000] [aud] fill=4359 prod=48001/s want=48000/s srv=47992 under=0/s short=0.0% tone=0/s skips=0 under_total=24731
[18:29:22.000] up=0:38:04 [run] fps=60 cpu=10670us render=200us blit=1597us aud=1us | ls=J/FS conn=1 sof=2280569 usb=2 rpts=274330 rfail=0 eperr=0 ints=0 | freezes=0 last=none badfps=4
[18:29:22.000] [aud] fill=4365 prod=48002/s want=48000/s srv=47992 under=0/s short=0.0% tone=0/s skips=0 under_total=24731
[18:30:22.000] up=0:39:04 [run] fps=60 cpu=10671us render=200us blit=1615us aud=1us | ls=J/FS conn=1 sof=2340572 usb=2 rpts=281550 rfail=0 eperr=0 ints=0 | freezes=0 last=none badfps=4
[18:30:22.000] [aud] fill=4361 prod=48001/s want=48000/s srv=47992 under=0/s short=0.0% tone=0/s skips=0 under_total=24731
[18:31:22.000] up=0:40:04 [run] fps=60 cpu=10678us render=199us blit=1602us aud=1us | ls=J/FS conn=1 sof=2400576 usb=2 rpts=288779 rfail=0 eperr=0 ints=0 | freezes=0 last=none badfps=4
[18:31:22.000] [aud] fill=4351 prod=48002/s want=48000/s srv=47992 under=0/s short=0.0% tone=0/s skips=0 under_total=24731
[18:32:22.000] up=0:41:04 [run] fps=60 cpu=10677us render=200us blit=1601us aud=0us | ls=J/FS conn=1 sof=2460580 usb=2 rpts=296005 rfail=0 eperr=0 ints=0 | freezes=0 last=none badfps=4
[18:32:22.000] [aud] fill=4350 prod=48001/s want=48000/s srv=47992 under=0/s short=0.0% tone=0/s skips=0 under_total=24731
[18:33:22.000] up=0:42:04 [run] fps=60 cpu=10681us render=200us blit=1600us aud=1us | ls=J/FS conn=1 sof=2520583 usb=2 rpts=303232 rfail=0 eperr=0 ints=0 | freezes=0 last=none badfps=4
[18:33:22.000] [aud] fill=4357 prod=48002/s want=48000/s srv=47992 under=0/s short=0.0% tone=0/s skips=0 under_total=24731
[18:34:22.000] up=0:43:04 [run] fps=60 cpu=10670us render=199us blit=1599us aud=0us | ls=J/FS conn=1 sof=2580587 usb=2 rpts=310461 rfail=0 eperr=0 ints=0 | freezes=0 last=none badfps=4
[18:34:22.000] [aud] fill=4361 prod=48002/s want=48000/s srv=47992 under=0/s short=0.0% tone=0/s skips=0 under_total=24731
[18:35:22.000] up=0:44:04 [run] fps=60 cpu=10671us render=201us blit=1614us aud=1us | ls=J/FS conn=1 sof=2640590 usb=2 rpts=317690 rfail=0 eperr=0 ints=0 | freezes=0 last=none badfps=4
[18:35:22.000] [aud] fill=4360 prod=48002/s want=48000/s srv=47992 under=0/s short=0.0% tone=0/s skips=0 under_total=24731
[18:36:22.000] up=0:45:04 [run] fps=60 cpu=10674us render=200us blit=1599us aud=1us | ls=J/FS conn=1 sof=2700594 usb=2 rpts=324920 rfail=0 eperr=0 ints=0 | freezes=0 last=none badfps=4
[18:36:22.000] [aud] fill=4351 prod=48002/s want=48000/s srv=47992 under=0/s short=0.0% tone=0/s skips=0 under_total=24731
[18:37:22.000] up=0:46:04 [run] fps=60 cpu=10641us render=200us blit=1602us aud=1us | ls=J/FS conn=1 sof=2760598 usb=2 rpts=332155 rfail=0 eperr=0 ints=0 | freezes=0 last=none badfps=4
[18:37:22.000] [aud] fill=4349 prod=48002/s want=48000/s srv=47992 under=0/s short=0.0% tone=0/s skips=0 under_total=24731
[18:38:22.000] up=0:47:04 [run] fps=60 cpu=10634us render=200us blit=1601us aud=0us | ls=J/FS conn=1 sof=2820601 usb=2 rpts=339386 rfail=0 eperr=0 ints=0 | freezes=0 last=none badfps=4
[18:38:22.000] [aud] fill=4394 prod=48000/s want=48000/s srv=47991 under=0/s short=0.0% tone=0/s skips=0 under_total=24731
[18:39:22.000] up=0:48:04 [run] fps=60 cpu=10628us render=237us blit=1586us aud=0us | ls=J/FS conn=1 sof=2880605 usb=2 rpts=346611 rfail=0 eperr=0 ints=0 | freezes=0 last=none badfps=4
[18:39:22.000] [aud] fill=4352 prod=48001/s want=48000/s srv=47992 under=0/s short=0.0% tone=0/s skips=0 under_total=24731
[18:40:22.000] up=0:49:04 [run] fps=60 cpu=10639us render=237us blit=1562us aud=1us | ls=J/FS conn=1 sof=2940609 usb=2 rpts=353832 rfail=0 eperr=0 ints=0 | freezes=0 last=none badfps=4
[18:40:22.000] [aud] fill=4347 prod=48002/s want=48000/s srv=47992 under=0/s short=0.0% tone=0/s skips=0 under_total=24731
[18:41:22.000] up=0:50:04 [run] fps=60 cpu=10638us render=238us blit=1563us aud=0us | ls=J/FS conn=1 sof=3000612 usb=2 rpts=361060 rfail=0 eperr=0 ints=0 | freezes=0 last=none badfps=4
[18:41:22.000] [aud] fill=4355 prod=48001/s want=48000/s srv=47992 under=0/s short=0.0% tone=0/s skips=0 under_total=24731
[18:42:22.000] up=0:51:04 [run] fps=60 cpu=10645us render=237us blit=1566us aud=0us | ls=J/FS conn=1 sof=3060616 usb=2 rpts=368286 rfail=0 eperr=0 ints=0 | freezes=0 last=none badfps=4
[18:42:22.000] [aud] fill=4353 prod=48002/s want=48000/s srv=47992 under=0/s short=0.0% tone=0/s skips=0 under_total=24731
[18:43:22.000] up=0:52:04 [run] fps=60 cpu=10633us render=236us blit=1561us aud=0us | ls=J/FS conn=1 sof=3120619 usb=2 rpts=375512 rfail=0 eperr=0 ints=0 | freezes=0 last=none badfps=4
[18:43:22.000] [aud] fill=4373 prod=48000/s want=48000/s srv=47992 under=0/s short=0.0% tone=0/s skips=0 under_total=24731
[18:44:22.000] up=0:53:04 [run] fps=60 cpu=10681us render=202us blit=1600us aud=0us | ls=J/FS conn=1 sof=3180624 usb=2 rpts=382744 rfail=0 eperr=0 ints=0 | freezes=0 last=none badfps=4
[18:44:22.000] [aud] fill=4349 prod=48001/s want=48000/s srv=47992 under=0/s short=0.0% tone=0/s skips=0 under_total=24731
[18:45:22.000] up=0:54:04 [run] fps=60 cpu=10683us render=200us blit=1600us aud=1us | ls=J/FS conn=1 sof=3240628 usb=2 rpts=389957 rfail=0 eperr=0 ints=0 | freezes=0 last=none badfps=4
[18:45:22.000] [aud] fill=4351 prod=48002/s want=48000/s srv=47992 under=0/s short=0.0% tone=0/s skips=0 under_total=24731
[18:46:22.000] up=0:55:04 [run] fps=60 cpu=10687us render=200us blit=1600us aud=1us | ls=J/FS conn=1 sof=3300631 usb=2 rpts=397183 rfail=0 eperr=0 ints=0 | freezes=0 last=none badfps=4
[18:46:22.000] [aud] fill=4358 prod=48002/s want=48000/s srv=47992 under=0/s short=0.0% tone=0/s skips=0 under_total=24731
[18:47:22.000] up=0:56:04 [run] fps=60 cpu=10672us render=200us blit=1599us aud=1us | ls=J/FS conn=1 sof=3360635 usb=2 rpts=404411 rfail=0 eperr=0 ints=0 | freezes=0 last=none badfps=4
[18:47:22.000] [aud] fill=4375 prod=48000/s want=48000/s srv=47991 under=0/s short=0.0% tone=0/s skips=0 under_total=24731
[18:48:22.000] up=0:57:04 [run] fps=60 cpu=10674us render=200us blit=1600us aud=1us | ls=J/FS conn=1 sof=3420638 usb=2 rpts=411635 rfail=0 eperr=0 ints=0 | freezes=0 last=none badfps=4
[18:48:22.000] [aud] fill=4363 prod=48001/s want=48000/s srv=47992 under=0/s short=0.0% tone=0/s skips=0 under_total=24731
[18:49:22.000] up=0:58:04 [run] fps=60 cpu=10683us render=200us blit=1600us aud=1us | ls=J/FS conn=1 sof=3480642 usb=2 rpts=418854 rfail=0 eperr=0 ints=0 | freezes=0 last=none badfps=4
[18:49:22.000] [aud] fill=4350 prod=48001/s want=48000/s srv=47992 under=0/s short=0.0% tone=0/s skips=0 under_total=24731
[18:50:22.000] up=0:59:04 [run] fps=60 cpu=10685us render=199us blit=1601us aud=0us | ls=J/FS conn=1 sof=3540646 usb=2 rpts=426089 rfail=0 eperr=0 ints=0 | freezes=0 last=none badfps=4
[18:50:22.000] [aud] fill=4350 prod=48001/s want=48000/s srv=47992 under=0/s short=0.0% tone=0/s skips=0 under_total=24731
[18:51:22.000] up=1:00:04 [run] fps=60 cpu=10684us render=200us blit=1600us aud=1us | ls=J/FS conn=1 sof=3600649 usb=2 rpts=433310 rfail=0 eperr=0 ints=0 | freezes=0 last=none badfps=4
[18:51:22.000] [aud] fill=4359 prod=48002/s want=48000/s srv=47992 under=0/s short=0.0% tone=0/s skips=0 under_total=24731
[18:52:22.000] up=1:01:04 [run] fps=60 cpu=10675us render=199us blit=1599us aud=1us | ls=J/FS conn=1 sof=3660653 usb=2 rpts=440532 rfail=0 eperr=0 ints=0 | freezes=0 last=none badfps=4
[18:52:22.000] [aud] fill=4362 prod=48001/s want=48000/s srv=47992 under=0/s short=0.0% tone=0/s skips=0 under_total=24731
[18:53:22.000] up=1:02:04 [run] fps=60 cpu=10677us render=200us blit=1632us aud=0us | ls=J/FS conn=1 sof=3720656 usb=2 rpts=447758 rfail=0 eperr=0 ints=0 | freezes=0 last=none badfps=4
[18:53:22.000] [aud] fill=4360 prod=48001/s want=48000/s srv=47992 under=0/s short=0.0% tone=0/s skips=0 under_total=24731
[18:54:22.000] up=1:03:04 [run] fps=60 cpu=10686us render=200us blit=1601us aud=0us | ls=J/FS conn=1 sof=3780660 usb=2 rpts=454978 rfail=0 eperr=0 ints=0 | freezes=0 last=none badfps=4
[18:54:22.000] [aud] fill=4350 prod=48002/s want=48000/s srv=47992 under=0/s short=0.0% tone=0/s skips=0 under_total=24731
[18:55:22.000] up=1:04:04 [run] fps=60 cpu=10682us render=200us blit=1600us aud=0us | ls=J/FS conn=1 sof=3840664 usb=2 rpts=462201 rfail=0 eperr=0 ints=0 | freezes=0 last=none badfps=4
[18:55:22.000] [aud] fill=4351 prod=48002/s want=48000/s srv=47992 under=0/s short=0.0% tone=0/s skips=0 under_total=24731
[18:56:22.000] up=1:05:04 [run] fps=60 cpu=10687us render=200us blit=1565us aud=0us | ls=J/FS conn=1 sof=3900667 usb=2 rpts=469434 rfail=0 eperr=0 ints=0 | freezes=0 last=none badfps=4
[18:56:22.000] [aud] fill=4365 prod=48002/s want=48000/s srv=47992 under=0/s short=0.0% tone=0/s skips=0 under_total=24731
[18:57:22.000] up=1:06:04 [run] fps=60 cpu=10676us render=200us blit=1607us aud=1us | ls=J/FS conn=1 sof=3960671 usb=2 rpts=476655 rfail=0 eperr=0 ints=0 | freezes=0 last=none badfps=4
[18:57:22.000] [aud] fill=4361 prod=48001/s want=48000/s srv=47992 under=0/s short=0.0% tone=0/s skips=0 under_total=24731
[18:58:22.000] up=1:07:04 [run] fps=60 cpu=10674us render=201us blit=1570us aud=0us | ls=J/FS conn=1 sof=4020674 usb=2 rpts=483888 rfail=0 eperr=0 ints=0 | freezes=0 last=none badfps=4
[18:58:22.000] [aud] fill=4359 prod=48001/s want=48000/s srv=47992 under=0/s short=0.0% tone=0/s skips=0 under_total=24731
[18:59:22.000] up=1:08:04 [run] fps=60 cpu=10673us render=200us blit=1563us aud=0us | ls=J/FS conn=1 sof=4080678 usb=2 rpts=491118 rfail=0 eperr=0 ints=0 | freezes=0 last=none badfps=4
[18:59:22.000] [aud] fill=4351 prod=48001/s want=48000/s srv=47992 under=0/s short=0.0% tone=0/s skips=0 under_total=24731
[19:00:22.000] up=1:09:04 [run] fps=60 cpu=10679us render=200us blit=1600us aud=0us | ls=J/FS conn=1 sof=4140682 usb=2 rpts=498343 rfail=0 eperr=0 ints=0 | freezes=0 last=none badfps=4
[19:00:22.000] [aud] fill=4348 prod=48001/s want=48000/s srv=47992 under=0/s short=0.0% tone=0/s skips=0 under_total=24731
[19:01:22.000] up=1:10:04 [run] fps=60 cpu=10669us render=200us blit=1562us aud=1us | ls=J/FS conn=1 sof=4200685 usb=2 rpts=505572 rfail=0 eperr=0 ints=0 | freezes=0 last=none badfps=4
[19:01:22.000] [aud] fill=4389 prod=48000/s want=48000/s srv=47991 under=0/s short=0.0% tone=0/s skips=0 under_total=24731
[19:02:22.000] up=1:11:04 [run] fps=60 cpu=10671us render=200us blit=1624us aud=1us | ls=J/FS conn=1 sof=4260689 usb=2 rpts=512792 rfail=0 eperr=0 ints=0 | freezes=0 last=none badfps=4
[19:02:22.000] [aud] fill=4353 prod=48002/s want=48000/s srv=47992 under=0/s short=0.0% tone=0/s skips=0 under_total=24731
[19:03:22.000] up=1:12:04 [run] fps=60 cpu=10676us render=200us blit=1600us aud=1us | ls=J/FS conn=1 sof=4320692 usb=2 rpts=520014 rfail=0 eperr=0 ints=0 | freezes=0 last=none badfps=4
[19:03:22.000] [aud] fill=4358 prod=48001/s want=48000/s srv=47992 under=0/s short=0.0% tone=0/s skips=0 under_total=24731
[19:04:22.000] up=1:13:04 [run] fps=60 cpu=10680us render=199us blit=1601us aud=0us | ls=J/FS conn=1 sof=4380696 usb=2 rpts=527246 rfail=0 eperr=0 ints=0 | freezes=0 last=none badfps=4
[19:04:22.000] [aud] fill=4350 prod=48001/s want=48000/s srv=47992 under=0/s short=0.0% tone=0/s skips=0 under_total=24731
[19:05:22.000] up=1:14:04 [run] fps=60 cpu=10683us render=200us blit=1599us aud=1us | ls=J/FS conn=1 sof=4440700 usb=2 rpts=534477 rfail=0 eperr=0 ints=0 | freezes=0 last=none badfps=4
[19:05:22.000] [aud] fill=4357 prod=48001/s want=48000/s srv=47992 under=0/s short=0.0% tone=0/s skips=0 under_total=24731
[19:06:22.000] up=1:15:04 [run] fps=60 cpu=10673us render=200us blit=1598us aud=0us | ls=J/FS conn=1 sof=4500703 usb=2 rpts=541704 rfail=0 eperr=0 ints=0 | freezes=0 last=none badfps=4
[19:06:22.000] [aud] fill=4375 prod=48001/s want=48000/s srv=47992 under=0/s short=0.0% tone=0/s skips=0 under_total=24731
[19:07:22.000] up=1:16:04 [run] fps=60 cpu=10679us render=201us blit=1607us aud=1us | ls=J/FS conn=1 sof=4560707 usb=2 rpts=548926 rfail=0 eperr=0 ints=0 | freezes=0 last=none badfps=4
[19:07:22.000] [aud] fill=4352 prod=48001/s want=48000/s srv=47992 under=0/s short=0.0% tone=0/s skips=0 under_total=24731
[19:08:22.000] up=1:17:04 [run] fps=60 cpu=10680us render=199us blit=1599us aud=0us | ls=J/FS conn=1 sof=4620710 usb=2 rpts=556153 rfail=0 eperr=0 ints=0 | freezes=0 last=none badfps=4
[19:08:22.000] [aud] fill=4358 prod=48001/s want=48000/s srv=47992 under=0/s short=0.0% tone=0/s skips=0 under_total=24731
[19:09:22.000] up=1:18:04 [run] fps=60 cpu=10681us render=200us blit=1599us aud=1us | ls=J/FS conn=1 sof=4680714 usb=2 rpts=563382 rfail=0 eperr=0 ints=0 | freezes=0 last=none badfps=4
[19:09:22.000] [aud] fill=4351 prod=48002/s want=48000/s srv=47992 under=0/s short=0.0% tone=0/s skips=0 under_total=24731
[19:10:22.000] up=1:19:04 [run] fps=60 cpu=10682us render=199us blit=1561us aud=0us | ls=J/FS conn=1 sof=4740719 usb=2 rpts=570612 rfail=0 eperr=0 ints=0 | freezes=0 last=none badfps=4
[19:10:22.000] [aud] fill=4360 prod=48002/s want=48000/s srv=47992 under=0/s short=0.0% tone=0/s skips=0 under_total=24731
[19:11:22.000] up=1:20:04 [run] fps=60 cpu=10632us render=238us blit=1569us aud=1us | ls=J/FS conn=1 sof=4800721 usb=2 rpts=577841 rfail=0 eperr=0 ints=0 | freezes=0 last=none badfps=4
[19:11:22.000] [aud] fill=4360 prod=48002/s want=48000/s srv=47992 under=0/s short=0.0% tone=0/s skips=0 under_total=24731
[19:12:22.000] up=1:21:04 [run] fps=60 cpu=10645us render=237us blit=1563us aud=1us | ls=J/FS conn=1 sof=4860725 usb=2 rpts=585071 rfail=0 eperr=0 ints=0 | freezes=0 last=none badfps=4
[19:12:22.000] [aud] fill=4349 prod=48001/s want=48000/s srv=47992 under=0/s short=0.0% tone=0/s skips=0 under_total=24731
[19:13:22.000] up=1:22:04 [run] fps=60 cpu=10640us render=236us blit=1563us aud=0us | ls=J/FS conn=1 sof=4920729 usb=2 rpts=592294 rfail=0 eperr=0 ints=0 | freezes=0 last=none badfps=4
[19:13:22.000] [aud] fill=4347 prod=48002/s want=48000/s srv=47992 under=0/s short=0.0% tone=0/s skips=0 under_total=24731
[19:14:22.000] up=1:23:04 [run] fps=60 cpu=10648us render=236us blit=1563us aud=1us | ls=J/FS conn=1 sof=4980732 usb=2 rpts=599518 rfail=0 eperr=0 ints=0 | freezes=0 last=none badfps=4
[19:14:22.000] [aud] fill=4355 prod=48002/s want=48000/s srv=47992 under=0/s short=0.0% tone=0/s skips=0 under_total=24731
[19:15:22.000] up=1:24:04 [run] fps=60 cpu=10635us render=237us blit=1561us aud=1us | ls=J/FS conn=1 sof=5040736 usb=2 rpts=606743 rfail=0 eperr=0 ints=0 | freezes=0 last=none badfps=4
[19:15:22.000] [aud] fill=4360 prod=48001/s want=48000/s srv=47992 under=0/s short=0.0% tone=0/s skips=0 under_total=24731
[19:16:22.000] up=1:25:04 [run] fps=60 cpu=10634us render=239us blit=1588us aud=1us | ls=J/FS conn=1 sof=5100739 usb=2 rpts=613964 rfail=0 eperr=0 ints=0 | freezes=0 last=none badfps=4
[19:16:22.000] [aud] fill=4358 prod=48001/s want=48000/s srv=47992 under=0/s short=0.0% tone=0/s skips=0 under_total=24731
[19:17:22.000] up=1:26:04 [run] fps=60 cpu=10679us render=198us blit=1564us aud=1us | ls=J/FS conn=1 sof=5160744 usb=2 rpts=621193 rfail=0 eperr=0 ints=0 | freezes=0 last=none badfps=4
[19:17:22.000] [aud] fill=4347 prod=48001/s want=48000/s srv=47992 under=0/s short=0.0% tone=0/s skips=0 under_total=24731
[19:18:22.000] up=1:27:04 [run] fps=60 cpu=10678us render=201us blit=1563us aud=1us | ls=J/FS conn=1 sof=5220748 usb=2 rpts=628424 rfail=0 eperr=0 ints=0 | freezes=0 last=none badfps=4
[19:18:22.000] [aud] fill=4349 prod=48001/s want=48000/s srv=47992 under=0/s short=0.0% tone=0/s skips=0 under_total=24731
[19:19:22.000] up=1:28:04 [run] fps=60 cpu=10676us render=200us blit=1564us aud=0us | ls=J/FS conn=1 sof=5280751 usb=2 rpts=635655 rfail=0 eperr=0 ints=0 | freezes=0 last=none badfps=4
[19:19:22.000] [aud] fill=4388 prod=48000/s want=48000/s srv=47991 under=0/s short=0.0% tone=0/s skips=0 under_total=24731
[19:20:22.000] up=1:29:04 [run] fps=60 cpu=10675us render=200us blit=1568us aud=1us | ls=J/FS conn=1 sof=5340755 usb=2 rpts=642888 rfail=0 eperr=0 ints=0 | freezes=0 last=none badfps=4
[19:20:22.000] [aud] fill=4360 prod=48002/s want=48000/s srv=47992 under=0/s short=0.0% tone=0/s skips=0 under_total=24731
[19:21:22.000] up=1:30:04 [run] fps=60 cpu=10679us render=200us blit=1563us aud=0us | ls=J/FS conn=1 sof=5400758 usb=2 rpts=650119 rfail=0 eperr=0 ints=0 | freezes=0 last=none badfps=4
[19:21:22.000] [aud] fill=4358 prod=48002/s want=48000/s srv=47992 under=0/s short=0.0% tone=0/s skips=0 under_total=24731
[19:22:22.000] up=1:31:04 [run] fps=60 cpu=10681us render=199us blit=1564us aud=1us | ls=J/FS conn=1 sof=5460762 usb=2 rpts=657353 rfail=0 eperr=0 ints=0 | freezes=0 last=none badfps=4
[19:22:22.000] [aud] fill=4348 prod=48001/s want=48000/s srv=47992 under=0/s short=0.0% tone=0/s skips=0 under_total=24731
[19:23:22.000] up=1:32:04 [run] fps=60 cpu=10690us render=200us blit=1601us aud=0us | ls=J/FS conn=1 sof=5520766 usb=2 rpts=664577 rfail=0 eperr=0 ints=0 | freezes=0 last=none badfps=4
[19:23:22.000] [aud] fill=4348 prod=48001/s want=48000/s srv=47992 under=0/s short=0.0% tone=0/s skips=0 under_total=24731
[19:24:22.000] up=1:33:04 [run] fps=60 cpu=10674us render=200us blit=1559us aud=1us | ls=J/FS conn=1 sof=5580769 usb=2 rpts=671808 rfail=0 eperr=0 ints=0 | freezes=0 last=none badfps=4
[19:24:22.000] [aud] fill=4374 prod=48000/s want=48000/s srv=47991 under=0/s short=0.0% tone=0/s skips=0 under_total=24731
[19:25:22.000] up=1:34:04 [run] fps=60 cpu=10669us render=201us blit=1592us aud=1us | ls=J/FS conn=1 sof=5640773 usb=2 rpts=679045 rfail=0 eperr=0 ints=0 | freezes=0 last=none badfps=4
[19:25:22.000] [aud] fill=4353 prod=48002/s want=48000/s srv=47992 under=0/s short=0.0% tone=0/s skips=0 under_total=24731
[19:26:22.000] up=1:35:04 [run] fps=60 cpu=10681us render=199us blit=1564us aud=1us | ls=J/FS conn=1 sof=5700776 usb=2 rpts=686268 rfail=0 eperr=0 ints=0 | freezes=0 last=none badfps=4
[19:26:22.000] [aud] fill=4358 prod=48001/s want=48000/s srv=47992 under=0/s short=0.0% tone=0/s skips=0 under_total=24731
[19:27:22.000] up=1:36:04 [run] fps=60 cpu=10679us render=200us blit=1564us aud=0us | ls=J/FS conn=1 sof=5760780 usb=2 rpts=693489 rfail=0 eperr=0 ints=0 | freezes=0 last=none badfps=4
[19:27:22.000] [aud] fill=4351 prod=48002/s want=48000/s srv=47992 under=0/s short=0.0% tone=0/s skips=0 under_total=24731
[19:28:22.000] up=1:37:04 [run] fps=60 cpu=10678us render=199us blit=1601us aud=1us | ls=J/FS conn=1 sof=5820784 usb=2 rpts=700714 rfail=0 eperr=0 ints=0 | freezes=0 last=none badfps=4
[19:28:22.000] [aud] fill=4378 prod=48001/s want=48000/s srv=47992 under=0/s short=0.0% tone=0/s skips=0 under_total=24731
[19:29:22.000] up=1:38:04 [run] fps=60 cpu=10670us render=199us blit=1598us aud=1us | ls=J/FS conn=1 sof=5880787 usb=2 rpts=707935 rfail=0 eperr=0 ints=0 | freezes=0 last=none badfps=4
[19:29:22.000] [aud] fill=4372 prod=48001/s want=48000/s srv=47992 under=0/s short=0.0% tone=0/s skips=0 under_total=24731
[19:30:22.000] up=1:39:05 [run] fps=60 cpu=10679us render=200us blit=1600us aud=0us | ls=J/FS conn=1 sof=5940791 usb=2 rpts=715167 rfail=0 eperr=0 ints=0 | freezes=0 last=none badfps=4
[19:30:22.000] [aud] fill=4352 prod=48002/s want=48000/s srv=47992 under=0/s short=0.0% tone=0/s skips=0 under_total=24731
=== CoCo Zero soak log, interval 60s, clock 2026-10-05 19:30:47 from kept
=== DATE 2026-10-05
XRoar on RP2350-PiZero (soak log) fw=v0.7.2-292-gd3ec182-dirty env=pizero_stream_60 boot=watchdog-reboot freezes=1 last=frame-pace
=== DATE 2026-10-05
[19:30:47.000] up=0:00:04 [run] fps=1 cpu=10228us render=868us blit=1530us aud=3us | ls=J/FS conn=1 sof=277 usb=0 rpts=0 rfail=0 eperr=0 ints=0 | freezes=1 last=frame-pace badfps=1
[19:30:47.000] [aud] fill=800 prod=174/s want=48000/s srv=48000 under=2908/s short=6.0% tone=0/s skips=0 under_total=13296
[19:31:47.000] up=0:01:04 [run] fps=60 cpu=11198us render=479us blit=1614us aud=1us | ls=J/FS conn=1 sof=60279 usb=2 rpts=3410 rfail=0 eperr=0 ints=0 | freezes=1 last=frame-pace badfps=1
[19:31:47.000] [aud] fill=4192 prod=48001/s want=48000/s srv=47997 under=0/s short=0.0% tone=0/s skips=0 under_total=16584
[19:32:47.000] up=0:02:04 [run] fps=60 cpu=11161us render=524us blit=1613us aud=1us | ls=J/FS conn=1 sof=120283 usb=2 rpts=7019 rfail=0 eperr=0 ints=0 | freezes=1 last=frame-pace badfps=1
[19:32:47.000] [aud] fill=4192 prod=48002/s want=48000/s srv=47997 under=0/s short=0.0% tone=0/s skips=0 under_total=16584
[19:33:47.000] up=0:03:04 [run] fps=60 cpu=11147us render=521us blit=1636us aud=0us | ls=J/FS conn=1 sof=180288 usb=2 rpts=10629 rfail=0 eperr=0 ints=0 | freezes=1 last=frame-pace badfps=1
[19:33:47.000] [aud] fill=4192 prod=48001/s want=48000/s srv=47997 under=0/s short=0.0% tone=0/s skips=0 under_total=16584
[19:34:47.000] up=0:04:04 [run] fps=60 cpu=11157us render=523us blit=1565us aud=1us | ls=J/FS conn=1 sof=240292 usb=2 rpts=14233 rfail=0 eperr=0 ints=0 | freezes=1 last=frame-pace badfps=1
[19:34:47.000] [aud] fill=4191 prod=48001/s want=48000/s srv=47997 under=0/s short=0.0% tone=0/s skips=0 under_total=16584
[19:35:47.000] up=0:05:04 [run] fps=60 cpu=11171us render=523us blit=1569us aud=1us | ls=J/FS conn=1 sof=300297 usb=2 rpts=17841 rfail=0 eperr=0 ints=0 | freezes=1 last=frame-pace badfps=1
[19:35:47.000] [aud] fill=4182 prod=48003/s want=48000/s srv=47997 under=0/s short=0.0% tone=0/s skips=0 under_total=16584
[19:36:47.000] up=0:06:04 [run] fps=60 cpu=11150us render=525us blit=1565us aud=0us | ls=J/FS conn=1 sof=360302 usb=2 rpts=21448 rfail=0 eperr=0 ints=0 | freezes=1 last=frame-pace badfps=1
[19:36:47.000] [aud] fill=4200 prod=48001/s want=48000/s srv=47997 under=0/s short=0.0% tone=0/s skips=0 under_total=16584
[19:37:47.000] up=0:07:04 [run] fps=60 cpu=11138us render=483us blit=1635us aud=1us | ls=J/FS conn=1 sof=420305 usb=2 rpts=25053 rfail=0 eperr=0 ints=0 | freezes=1 last=frame-pace badfps=1
[19:37:47.000] [aud] fill=4190 prod=48002/s want=48000/s srv=47997 under=0/s short=0.0% tone=0/s skips=0 under_total=16584
[19:38:47.000] up=0:08:04 [run] fps=60 cpu=11152us render=478us blit=1611us aud=1us | ls=J/FS conn=1 sof=480310 usb=2 rpts=28663 rfail=0 eperr=0 ints=0 | freezes=1 last=frame-pace badfps=1
[19:38:47.000] [aud] fill=4181 prod=48001/s want=48000/s srv=47997 under=0/s short=0.0% tone=0/s skips=0 under_total=16584
[19:39:47.000] up=0:09:04 [run] fps=60 cpu=11146us render=475us blit=1612us aud=0us | ls=J/FS conn=1 sof=540314 usb=2 rpts=32270 rfail=0 eperr=0 ints=0 | freezes=1 last=frame-pace badfps=1
[19:39:47.000] [aud] fill=4185 prod=48001/s want=48000/s srv=47997 under=0/s short=0.0% tone=0/s skips=0 under_total=16584
[19:40:47.000] up=0:10:04 [run] fps=60 cpu=11144us render=477us blit=1610us aud=0us | ls=J/FS conn=1 sof=600319 usb=2 rpts=35878 rfail=0 eperr=0 ints=0 | freezes=1 last=frame-pace badfps=1
[19:40:47.000] [aud] fill=4188 prod=48001/s want=48000/s srv=47997 under=0/s short=0.0% tone=0/s skips=0 under_total=16584
[19:41:47.000] up=0:11:04 [run] fps=60 cpu=11151us render=479us blit=1614us aud=0us | ls=J/FS conn=1 sof=660324 usb=2 rpts=39485 rfail=0 eperr=0 ints=0 | freezes=1 last=frame-pace badfps=1
[19:41:47.000] [aud] fill=4180 prod=48002/s want=48000/s srv=47998 under=0/s short=0.0% tone=0/s skips=0 under_total=16584
[19:42:47.000] up=0:12:04 [run] fps=60 cpu=11196us render=478us blit=1611us aud=0us | ls=J/FS conn=1 sof=720328 usb=2 rpts=43090 rfail=0 eperr=0 ints=0 | freezes=1 last=frame-pace badfps=1
[19:42:47.000] [aud] fill=4190 prod=48001/s want=48000/s srv=47997 under=0/s short=0.0% tone=0/s skips=0 under_total=16584
[19:43:47.000] up=0:13:04 [run] fps=60 cpu=11153us render=477us blit=1613us aud=0us | ls=J/FS conn=1 sof=780333 usb=2 rpts=46701 rfail=0 eperr=0 ints=0 | freezes=1 last=frame-pace badfps=1
[19:43:47.000] [aud] fill=4189 prod=48003/s want=48000/s srv=47998 under=0/s short=0.0% tone=0/s skips=0 under_total=16584
[19:44:47.000] up=0:14:04 [run] fps=60 cpu=11185us render=475us blit=1641us aud=1us | ls=J/FS conn=1 sof=840338 usb=2 rpts=50308 rfail=0 eperr=0 ints=0 | freezes=1 last=frame-pace badfps=1
[19:44:47.000] [aud] fill=4190 prod=48001/s want=48000/s srv=47997 under=0/s short=0.0% tone=0/s skips=0 under_total=16584
[19:45:47.000] up=0:15:04 [run] fps=60 cpu=11150us render=526us blit=1612us aud=0us | ls=J/FS conn=1 sof=900342 usb=2 rpts=53914 rfail=0 eperr=0 ints=0 | freezes=1 last=frame-pace badfps=1
[19:45:47.000] [aud] fill=4191 prod=48002/s want=48000/s srv=47997 under=0/s short=0.0% tone=0/s skips=0 under_total=16584
[19:46:47.000] up=0:16:04 [run] fps=60 cpu=11150us render=525us blit=1567us aud=1us | ls=J/FS conn=1 sof=960347 usb=2 rpts=57519 rfail=0 eperr=0 ints=0 | freezes=1 last=frame-pace badfps=1
[19:46:47.000] [aud] fill=4182 prod=48001/s want=48000/s srv=47997 under=0/s short=0.0% tone=0/s skips=0 under_total=16584
[19:47:47.000] up=0:17:04 [run] fps=60 cpu=11149us render=524us blit=1565us aud=1us | ls=J/FS conn=1 sof=1020351 usb=2 rpts=61127 rfail=0 eperr=0 ints=0 | freezes=1 last=frame-pace badfps=1
[19:47:47.000] [aud] fill=4225 prod=48001/s want=48000/s srv=47996 under=0/s short=0.0% tone=0/s skips=0 under_total=16584
[19:48:47.000] up=0:18:04 [run] fps=60 cpu=11143us render=527us blit=1585us aud=1us | ls=J/FS conn=1 sof=1080356 usb=2 rpts=64738 rfail=0 eperr=0 ints=0 | freezes=1 last=frame-pace badfps=1
[19:48:47.000] [aud] fill=4188 prod=48001/s want=48000/s srv=47997 under=0/s short=0.0% tone=0/s skips=0 under_total=16584
[19:49:47.000] up=0:19:04 [run] fps=60 cpu=11153us render=526us blit=1568us aud=1us | ls=J/FS conn=1 sof=1140361 usb=2 rpts=68345 rfail=0 eperr=0 ints=0 | freezes=1 last=frame-pace badfps=1
[19:49:47.000] [aud] fill=4184 prod=48002/s want=48000/s srv=47997 under=0/s short=0.0% tone=0/s skips=0 under_total=16584
[19:50:47.000] up=0:20:04 [run] fps=60 cpu=11155us render=477us blit=1615us aud=1us | ls=J/FS conn=1 sof=1200364 usb=2 rpts=71953 rfail=0 eperr=0 ints=0 | freezes=1 last=frame-pace badfps=1
[19:50:47.000] [aud] fill=4188 prod=48001/s want=48000/s srv=47997 under=0/s short=0.0% tone=0/s skips=0 under_total=16584
[19:51:47.000] up=0:21:04 [run] fps=60 cpu=11153us render=479us blit=1612us aud=1us | ls=J/FS conn=1 sof=1260369 usb=2 rpts=75561 rfail=0 eperr=0 ints=0 | freezes=1 last=frame-pace badfps=1
[19:51:47.000] [aud] fill=4192 prod=48001/s want=48000/s srv=47997 under=0/s short=0.0% tone=0/s skips=0 under_total=16584
[19:52:47.000] up=0:22:04 [run] fps=60 cpu=11146us render=481us blit=1611us aud=1us | ls=J/FS conn=1 sof=1320373 usb=2 rpts=79167 rfail=0 eperr=0 ints=0 | freezes=1 last=frame-pace badfps=1
[19:52:47.000] [aud] fill=4191 prod=48002/s want=48000/s srv=47997 under=0/s short=0.0% tone=0/s skips=0 under_total=16584
[19:53:47.000] up=0:23:04 [run] fps=60 cpu=11157us render=478us blit=1614us aud=1us | ls=J/FS conn=1 sof=1380378 usb=2 rpts=82772 rfail=0 eperr=0 ints=0 | freezes=1 last=frame-pace badfps=1
[19:53:47.000] [aud] fill=4183 prod=48002/s want=48000/s srv=47997 under=0/s short=0.0% tone=0/s skips=0 under_total=16584
[19:54:47.000] up=0:24:04 [run] fps=60 cpu=11207us render=477us blit=1612us aud=1us | ls=J/FS conn=1 sof=1440383 usb=2 rpts=86380 rfail=0 eperr=0 ints=0 | freezes=1 last=frame-pace badfps=1
[19:54:47.000] [aud] fill=4184 prod=48001/s want=48000/s srv=47998 under=0/s short=0.0% tone=0/s skips=0 under_total=16584
[19:55:47.000] up=0:25:04 [run] fps=60 cpu=11147us render=524us blit=1564us aud=1us | ls=J/FS conn=1 sof=1500387 usb=2 rpts=89986 rfail=0 eperr=0 ints=0 | freezes=1 last=frame-pace badfps=1
[19:55:47.000] [aud] fill=4204 prod=48001/s want=48000/s srv=47997 under=0/s short=0.0% tone=0/s skips=0 under_total=16584
[19:56:47.000] up=0:26:04 [run] fps=60 cpu=11157us render=525us blit=1567us aud=0us | ls=J/FS conn=1 sof=1560392 usb=2 rpts=93592 rfail=0 eperr=0 ints=0 | freezes=1 last=frame-pace badfps=1
[19:56:47.000] [aud] fill=4183 prod=48001/s want=48000/s srv=47997 under=0/s short=0.0% tone=0/s skips=0 under_total=16584
[19:57:47.000] up=0:27:04 [run] fps=60 cpu=11156us render=523us blit=1567us aud=1us | ls=J/FS conn=1 sof=1620397 usb=2 rpts=97198 rfail=0 eperr=0 ints=0 | freezes=1 last=frame-pace badfps=1
[19:57:47.000] [aud] fill=4184 prod=48004/s want=48000/s srv=47997 under=0/s short=0.0% tone=0/s skips=0 under_total=16584
[19:58:47.000] up=0:28:04 [run] fps=60 cpu=11153us render=476us blit=1612us aud=0us | ls=J/FS conn=1 sof=1680400 usb=2 rpts=100806 rfail=0 eperr=0 ints=0 | freezes=1 last=frame-pace badfps=1
[19:58:47.000] [aud] fill=4219 prod=48002/s want=48000/s srv=47997 under=0/s short=0.0% tone=0/s skips=0 under_total=16584
[19:59:47.000] up=0:29:04 [run] fps=60 cpu=11145us render=484us blit=1633us aud=1us | ls=J/FS conn=1 sof=1740405 usb=2 rpts=104410 rfail=0 eperr=0 ints=0 | freezes=1 last=frame-pace badfps=1
[19:59:47.000] [aud] fill=4188 prod=48002/s want=48000/s srv=47997 under=0/s short=0.0% tone=0/s skips=0 under_total=16584
[20:00:47.000] up=0:30:04 [run] fps=60 cpu=11156us render=477us blit=1611us aud=1us | ls=J/FS conn=1 sof=1800409 usb=2 rpts=108023 rfail=0 eperr=0 ints=0 | freezes=1 last=frame-pace badfps=1
[20:00:47.000] [aud] fill=4185 prod=48001/s want=48000/s srv=47997 under=0/s short=0.0% tone=0/s skips=0 under_total=16584
[20:01:47.000] up=0:31:04 [run] fps=60 cpu=11156us render=478us blit=1612us aud=1us | ls=J/FS conn=1 sof=1860414 usb=2 rpts=111629 rfail=0 eperr=0 ints=0 | freezes=1 last=frame-pace badfps=1
[20:01:47.000] [aud] fill=4179 prod=48002/s want=48000/s srv=47998 under=0/s short=0.0% tone=0/s skips=0 under_total=16584
[20:02:47.000] up=0:32:04 [run] fps=60 cpu=11146us render=479us blit=1611us aud=1us | ls=J/FS conn=1 sof=1920419 usb=2 rpts=115236 rfail=0 eperr=0 ints=0 | freezes=1 last=frame-pace badfps=1
[20:02:47.000] [aud] fill=4190 prod=48001/s want=48000/s srv=47997 under=0/s short=0.0% tone=0/s skips=0 under_total=16584
[20:03:47.000] up=0:33:04 [run] fps=60 cpu=11158us render=479us blit=1613us aud=0us | ls=J/FS conn=1 sof=1980423 usb=2 rpts=118845 rfail=0 eperr=0 ints=0 | freezes=1 last=frame-pace badfps=1
[20:03:47.000] [aud] fill=4189 prod=48001/s want=48000/s srv=47997 under=0/s short=0.0% tone=0/s skips=0 under_total=16584
[20:04:47.000] up=0:34:04 [run] fps=60 cpu=11154us render=479us blit=1612us aud=1us | ls=J/FS conn=1 sof=2040428 usb=2 rpts=122451 rfail=0 eperr=0 ints=0 | freezes=1 last=frame-pace badfps=1
[20:04:47.000] [aud] fill=4180 prod=48002/s want=48000/s srv=47997 under=0/s short=0.0% tone=0/s skips=0 under_total=16584
[20:05:47.000] up=0:35:04 [run] fps=60 cpu=11151us render=481us blit=1611us aud=0us | ls=J/FS conn=1 sof=2100432 usb=2 rpts=126063 rfail=0 eperr=0 ints=0 | freezes=1 last=frame-pace badfps=1
[20:05:47.000] [aud] fill=4188 prod=48002/s want=48000/s srv=47997 under=0/s short=0.0% tone=0/s skips=0 under_total=16584
[20:06:47.000] up=0:36:04 [run] fps=60 cpu=11141us render=477us blit=1621us aud=1us | ls=J/FS conn=1 sof=2160437 usb=2 rpts=129671 rfail=0 eperr=0 ints=0 | freezes=1 last=frame-pace badfps=1
[20:06:47.000] [aud] fill=4186 prod=48001/s want=48000/s srv=47997 under=0/s short=0.0% tone=0/s skips=0 under_total=16584
[20:07:47.000] up=0:37:04 [run] fps=60 cpu=11162us render=477us blit=1612us aud=1us | ls=J/FS conn=1 sof=2220442 usb=2 rpts=133279 rfail=0 eperr=0 ints=0 | freezes=1 last=frame-pace badfps=1
[20:07:47.000] [aud] fill=4182 prod=48001/s want=48000/s srv=47998 under=0/s short=0.0% tone=0/s skips=0 under_total=16584
[20:08:47.000] up=0:38:04 [run] fps=60 cpu=11150us render=523us blit=1612us aud=0us | ls=J/FS conn=1 sof=2280446 usb=2 rpts=136888 rfail=0 eperr=0 ints=0 | freezes=1 last=frame-pace badfps=1
[20:08:47.000] [aud] fill=4188 prod=48001/s want=48000/s srv=47997 under=0/s short=0.0% tone=0/s skips=0 under_total=16584
[20:09:47.000] up=0:39:04 [run] fps=60 cpu=11144us render=480us blit=1611us aud=0us | ls=J/FS conn=1 sof=2340451 usb=2 rpts=140496 rfail=0 eperr=0 ints=0 | freezes=1 last=frame-pace badfps=1
[20:09:47.000] [aud] fill=4210 prod=48002/s want=48000/s srv=47997 under=0/s short=0.0% tone=0/s skips=0 under_total=16584
[20:10:47.000] up=0:40:04 [run] fps=60 cpu=11122us render=481us blit=1618us aud=0us | ls=J/FS conn=1 sof=2400456 usb=2 rpts=144100 rfail=0 eperr=0 ints=0 | freezes=1 last=frame-pace badfps=1
[20:10:47.000] [aud] fill=4185 prod=48001/s want=48000/s srv=47997 under=0/s short=0.0% tone=0/s skips=0 under_total=16584
[20:11:47.000] up=0:41:04 [run] fps=60 cpu=11152us render=524us blit=1610us aud=0us | ls=J/FS conn=1 sof=2460460 usb=2 rpts=147710 rfail=0 eperr=0 ints=0 | freezes=1 last=frame-pace badfps=1
[20:11:47.000] [aud] fill=4189 prod=48001/s want=48000/s srv=47997 under=0/s short=0.0% tone=0/s skips=0 under_total=16584
[20:12:47.000] up=0:42:04 [run] fps=60 cpu=11154us render=525us blit=1615us aud=1us | ls=J/FS conn=1 sof=2520465 usb=2 rpts=151317 rfail=0 eperr=0 ints=0 | freezes=1 last=frame-pace badfps=1
[20:12:47.000] [aud] fill=4181 prod=48003/s want=48000/s srv=47998 under=0/s short=0.0% tone=0/s skips=0 under_total=16584
[20:13:47.000] up=0:43:04 [run] fps=60 cpu=11143us render=527us blit=1565us aud=0us | ls=J/FS conn=1 sof=2580469 usb=2 rpts=154925 rfail=0 eperr=0 ints=0 | freezes=1 last=frame-pace badfps=1
[20:13:47.000] [aud] fill=4202 prod=48001/s want=48000/s srv=47997 under=0/s short=0.0% tone=0/s skips=0 under_total=16584
[20:14:47.000] up=0:44:04 [run] fps=60 cpu=11151us render=524us blit=1566us aud=1us | ls=J/FS conn=1 sof=2640474 usb=2 rpts=158533 rfail=0 eperr=0 ints=0 | freezes=1 last=frame-pace badfps=1
[20:14:47.000] [aud] fill=4182 prod=48001/s want=48000/s srv=47997 under=0/s short=0.0% tone=0/s skips=0 under_total=16584
[20:15:47.000] up=0:45:04 [run] fps=60 cpu=11152us render=522us blit=1568us aud=1us | ls=J/FS conn=1 sof=2700479 usb=2 rpts=162139 rfail=0 eperr=0 ints=0 | freezes=1 last=frame-pace badfps=1
[20:15:47.000] [aud] fill=4180 prod=48002/s want=48000/s srv=47998 under=0/s short=0.0% tone=0/s skips=0 under_total=16584
[20:16:47.000] up=0:46:04 [run] fps=60 cpu=11155us render=479us blit=1613us aud=0us | ls=J/FS conn=1 sof=2760482 usb=2 rpts=165749 rfail=0 eperr=0 ints=0 | freezes=1 last=frame-pace badfps=1
[20:16:47.000] [aud] fill=4184 prod=48001/s want=48000/s srv=47997 under=0/s short=0.0% tone=0/s skips=0 under_total=16584
[20:17:47.000] up=0:47:04 [run] fps=60 cpu=11147us render=478us blit=1621us aud=0us | ls=J/FS conn=1 sof=2820487 usb=2 rpts=169359 rfail=0 eperr=0 ints=0 | freezes=1 last=frame-pace badfps=1
[20:17:47.000] [aud] fill=4189 prod=48001/s want=48000/s srv=47997 under=0/s short=0.0% tone=0/s skips=0 under_total=16584
[20:18:47.000] up=0:48:04 [run] fps=60 cpu=11162us render=480us blit=1615us aud=0us | ls=J/FS conn=1 sof=2880492 usb=2 rpts=172964 rfail=0 eperr=0 ints=0 | freezes=1 last=frame-pace badfps=1
[20:18:47.000] [aud] fill=4180 prod=48003/s want=48000/s srv=47998 under=0/s short=0.0% tone=0/s skips=0 under_total=16584
[20:19:47.000] up=0:49:04 [run] fps=60 cpu=11155us render=477us blit=1611us aud=1us | ls=J/FS conn=1 sof=2940496 usb=2 rpts=176569 rfail=0 eperr=0 ints=0 | freezes=1 last=frame-pace badfps=1
[20:19:47.000] [aud] fill=4189 prod=48001/s want=48000/s srv=47997 under=0/s short=0.0% tone=0/s skips=0 under_total=16584
[20:20:47.000] up=0:50:04 [run] fps=60 cpu=11193us render=475us blit=1610us aud=0us | ls=J/FS conn=1 sof=3000501 usb=2 rpts=180173 rfail=0 eperr=0 ints=0 | freezes=1 last=frame-pace badfps=1
[20:20:47.000] [aud] fill=4219 prod=48002/s want=48000/s srv=47997 under=0/s short=0.0% tone=0/s skips=0 under_total=16584
[20:21:47.000] up=0:51:04 [run] fps=60 cpu=11142us render=521us blit=1595us aud=0us | ls=J/FS conn=1 sof=3060505 usb=2 rpts=183780 rfail=0 eperr=0 ints=0 | freezes=1 last=frame-pace badfps=1
[20:21:47.000] [aud] fill=4199 prod=48001/s want=48000/s srv=47997 under=0/s short=0.0% tone=0/s skips=0 under_total=16584
[20:22:47.000] up=0:52:04 [run] fps=60 cpu=11159us render=522us blit=1568us aud=1us | ls=J/FS conn=1 sof=3120510 usb=2 rpts=187387 rfail=0 eperr=0 ints=0 | freezes=1 last=frame-pace badfps=1
[20:22:47.000] [aud] fill=4185 prod=48002/s want=48000/s srv=47997 under=0/s short=0.0% tone=0/s skips=0 under_total=16584
[20:23:47.000] up=0:53:04 [run] fps=60 cpu=11169us render=525us blit=1569us aud=1us | ls=J/FS conn=1 sof=3180515 usb=2 rpts=190994 rfail=0 eperr=0 ints=0 | freezes=1 last=frame-pace badfps=1
[20:23:47.000] [aud] fill=4180 prod=48002/s want=48000/s srv=47998 under=0/s short=0.0% tone=0/s skips=0 under_total=16584
[20:24:47.000] up=0:54:04 [run] fps=60 cpu=11149us render=477us blit=1611us aud=1us | ls=J/FS conn=1 sof=3240518 usb=2 rpts=194599 rfail=0 eperr=0 ints=0 | freezes=1 last=frame-pace badfps=1
[20:24:47.000] [aud] fill=4211 prod=48001/s want=48000/s srv=47996 under=0/s short=0.0% tone=0/s skips=0 under_total=16584
[20:25:47.000] up=0:55:04 [run] fps=60 cpu=11155us render=524us blit=1568us aud=0us | ls=J/FS conn=1 sof=3300524 usb=2 rpts=198212 rfail=0 eperr=0 ints=0 | freezes=1 last=frame-pace badfps=1
[20:25:47.000] [aud] fill=4186 prod=48002/s want=48000/s srv=47997 under=0/s short=0.0% tone=0/s skips=0 under_total=16584
[20:26:47.000] up=0:56:04 [run] fps=60 cpu=11151us render=480us blit=1614us aud=1us | ls=J/FS conn=1 sof=3360527 usb=2 rpts=201818 rfail=0 eperr=0 ints=0 | freezes=1 last=frame-pace badfps=1
[20:26:47.000] [aud] fill=4185 prod=48001/s want=48000/s srv=47997 under=0/s short=0.0% tone=0/s skips=0 under_total=16584
[20:27:47.000] up=0:57:04 [run] fps=60 cpu=11157us render=480us blit=1611us aud=1us | ls=J/FS conn=1 sof=3420532 usb=2 rpts=205426 rfail=0 eperr=0 ints=0 | freezes=1 last=frame-pace badfps=1
[20:27:47.000] [aud] fill=4178 prod=48002/s want=48000/s srv=47998 under=0/s short=0.0% tone=0/s skips=0 under_total=16584
[20:28:47.000] up=0:58:04 [run] fps=60 cpu=11146us render=478us blit=1628us aud=1us | ls=J/FS conn=1 sof=3480537 usb=2 rpts=209034 rfail=0 eperr=0 ints=0 | freezes=1 last=frame-pace badfps=1
[20:28:47.000] [aud] fill=4185 prod=48002/s want=48000/s srv=47997 under=0/s short=0.0% tone=0/s skips=0 under_total=16584
[20:29:47.000] up=0:59:04 [run] fps=60 cpu=11159us render=477us blit=1612us aud=1us | ls=J/FS conn=1 sof=3540541 usb=2 rpts=212646 rfail=0 eperr=0 ints=0 | freezes=1 last=frame-pace badfps=1
[20:29:47.000] [aud] fill=4189 prod=48001/s want=48000/s srv=47997 under=0/s short=0.0% tone=0/s skips=0 under_total=16584
[20:30:47.000] up=1:00:04 [run] fps=60 cpu=11160us render=479us blit=1613us aud=1us | ls=J/FS conn=1 sof=3600546 usb=2 rpts=216250 rfail=0 eperr=0 ints=0 | freezes=1 last=frame-pace badfps=1
[20:30:47.000] [aud] fill=4177 prod=48002/s want=48000/s srv=47998 under=0/s short=0.0% tone=0/s skips=0 under_total=16584
[20:31:47.000] up=1:01:04 [run] fps=60 cpu=11151us render=478us blit=1609us aud=1us | ls=J/FS conn=1 sof=3660551 usb=2 rpts=219857 rfail=0 eperr=0 ints=0 | freezes=1 last=frame-pace badfps=1
[20:31:47.000] [aud] fill=4205 prod=48001/s want=48000/s srv=47997 under=0/s short=0.0% tone=0/s skips=0 under_total=16584
[20:32:47.000] up=1:02:04 [run] fps=60 cpu=11139us render=479us blit=1640us aud=1us | ls=J/FS conn=1 sof=3720555 usb=2 rpts=223468 rfail=0 eperr=0 ints=0 | freezes=1 last=frame-pace badfps=1
[20:32:47.000] [aud] fill=4192 prod=48001/s want=48000/s srv=47997 under=0/s short=0.0% tone=0/s skips=0 under_total=16584
[20:33:47.000] up=1:03:04 [run] fps=60 cpu=11157us render=479us blit=1612us aud=1us | ls=J/FS conn=1 sof=3780560 usb=2 rpts=227078 rfail=0 eperr=0 ints=0 | freezes=1 last=frame-pace badfps=1
[20:33:47.000] [aud] fill=4181 prod=48002/s want=48000/s srv=47998 under=0/s short=0.0% tone=0/s skips=0 under_total=16584
[20:34:47.000] up=1:04:04 [run] fps=60 cpu=11154us render=523us blit=1611us aud=1us | ls=J/FS conn=1 sof=3840564 usb=2 rpts=230688 rfail=0 eperr=0 ints=0 | freezes=1 last=frame-pace badfps=1
[20:34:47.000] [aud] fill=4191 prod=48002/s want=48000/s srv=47997 under=0/s short=0.0% tone=0/s skips=0 under_total=16584
[20:35:47.000] up=1:05:04 [run] fps=60 cpu=11144us render=478us blit=1612us aud=1us | ls=J/FS conn=1 sof=3900569 usb=2 rpts=234294 rfail=0 eperr=0 ints=0 | freezes=1 last=frame-pace badfps=1
[20:35:47.000] [aud] fill=4188 prod=48002/s want=48000/s srv=47997 under=0/s short=0.0% tone=0/s skips=0 under_total=16584
[20:36:47.000] up=1:06:04 [run] fps=60 cpu=11157us render=477us blit=1612us aud=1us | ls=J/FS conn=1 sof=3960574 usb=2 rpts=237901 rfail=0 eperr=0 ints=0 | freezes=1 last=frame-pace badfps=1
[20:36:47.000] [aud] fill=4182 prod=48001/s want=48000/s srv=47998 under=0/s short=0.0% tone=0/s skips=0 under_total=16584
[20:37:48.000] up=1:07:04 [run] fps=60 cpu=11155us render=524us blit=1613us aud=1us | ls=J/FS conn=1 sof=4020578 usb=2 rpts=241513 rfail=0 eperr=0 ints=0 | freezes=1 last=frame-pace badfps=1
[20:37:48.000] [aud] fill=4189 prod=48001/s want=48000/s srv=47997 under=0/s short=0.0% tone=0/s skips=0 under_total=16584
[20:38:48.000] up=1:08:04 [run] fps=60 cpu=11158us render=523us blit=1614us aud=0us | ls=J/FS conn=1 sof=4080583 usb=2 rpts=245122 rfail=0 eperr=0 ints=0 | freezes=1 last=frame-pace badfps=1
[20:38:48.000] [aud] fill=4179 prod=48002/s want=48000/s srv=47998 under=0/s short=0.0% tone=0/s skips=0 under_total=16584
[20:39:48.000] up=1:09:04 [run] fps=60 cpu=11142us render=532us blit=1565us aud=1us | ls=J/FS conn=1 sof=4140587 usb=2 rpts=248730 rfail=0 eperr=0 ints=0 | freezes=1 last=frame-pace badfps=1
[20:39:48.000] [aud] fill=4204 prod=48002/s want=48000/s srv=47997 under=0/s short=0.0% tone=0/s skips=0 under_total=16584
[20:40:48.000] up=1:10:04 [run] fps=60 cpu=11157us render=522us blit=1566us aud=1us | ls=J/FS conn=1 sof=4200592 usb=2 rpts=252337 rfail=0 eperr=0 ints=0 | freezes=1 last=frame-pace badfps=1
[20:40:48.000] [aud] fill=4183 prod=48003/s want=48000/s srv=47997 under=0/s short=0.0% tone=0/s skips=0 under_total=16584
[20:41:48.000] up=1:11:04 [run] fps=60 cpu=11153us render=522us blit=1567us aud=0us | ls=J/FS conn=1 sof=4260597 usb=2 rpts=255949 rfail=0 eperr=0 ints=0 | freezes=1 last=frame-pace badfps=1
[20:41:48.000] [aud] fill=4179 prod=48003/s want=48000/s srv=47998 under=0/s short=0.0% tone=0/s skips=0 under_total=16584
[20:42:48.000] up=1:12:04 [run] fps=60 cpu=11158us render=477us blit=1610us aud=0us | ls=J/FS conn=1 sof=4320600 usb=2 rpts=259558 rfail=0 eperr=0 ints=0 | freezes=1 last=frame-pace badfps=1
[20:42:48.000] [aud] fill=4219 prod=48001/s want=48000/s srv=47997 under=0/s short=0.0% tone=0/s skips=0 under_total=16584
[20:43:48.000] up=1:13:04 [run] fps=60 cpu=11149us render=481us blit=1637us aud=0us | ls=J/FS conn=1 sof=4380605 usb=2 rpts=263164 rfail=0 eperr=0 ints=0 | freezes=1 last=frame-pace badfps=1
[20:43:48.000] [aud] fill=4187 prod=48002/s want=48000/s srv=47997 under=0/s short=0.0% tone=0/s skips=0 under_total=16584
[20:44:48.000] up=1:14:04 [run] fps=60 cpu=11157us render=480us blit=1610us aud=0us | ls=J/FS conn=1 sof=4440610 usb=2 rpts=266768 rfail=0 eperr=0 ints=0 | freezes=1 last=frame-pace badfps=1
[20:44:48.000] [aud] fill=4178 prod=48001/s want=48000/s srv=47998 under=0/s short=0.0% tone=0/s skips=0 under_total=16584
[20:45:48.000] up=1:15:04 [run] fps=60 cpu=11164us render=477us blit=1612us aud=1us | ls=J/FS conn=1 sof=4500614 usb=2 rpts=270376 rfail=0 eperr=0 ints=0 | freezes=1 last=frame-pace badfps=1
[20:45:48.000] [aud] fill=4188 prod=48001/s want=48000/s srv=47997 under=0/s short=0.0% tone=0/s skips=0 under_total=16584
[20:46:48.000] up=1:16:04 [run] fps=60 cpu=11154us render=477us blit=1608us aud=1us | ls=J/FS conn=1 sof=4560619 usb=2 rpts=273982 rfail=0 eperr=0 ints=0 | freezes=1 last=frame-pace badfps=1
[20:46:48.000] [aud] fill=4193 prod=48001/s want=48000/s srv=47997 under=0/s short=0.0% tone=0/s skips=0 under_total=16584
[20:47:48.000] up=1:17:04 [run] fps=60 cpu=11154us render=525us blit=1572us aud=1us | ls=J/FS conn=1 sof=4620623 usb=2 rpts=277593 rfail=0 eperr=0 ints=0 | freezes=1 last=frame-pace badfps=1
[20:47:48.000] [aud] fill=4192 prod=48001/s want=48000/s srv=47997 under=0/s short=0.0% tone=0/s skips=0 under_total=16584
[20:48:48.000] up=1:18:04 [run] fps=60 cpu=11164us render=526us blit=1568us aud=1us | ls=J/FS conn=1 sof=4680628 usb=2 rpts=281203 rfail=0 eperr=0 ints=0 | freezes=1 last=frame-pace badfps=1
[20:48:48.000] [aud] fill=4178 prod=48002/s want=48000/s srv=47998 under=0/s short=0.0% tone=0/s skips=0 under_total=16584
[20:49:48.000] up=1:19:04 [run] fps=60 cpu=11162us render=525us blit=1566us aud=0us | ls=J/FS conn=1 sof=4740633 usb=2 rpts=284810 rfail=0 eperr=0 ints=0 | freezes=1 last=frame-pace badfps=1
[20:49:48.000] [aud] fill=4180 prod=48001/s want=48000/s srv=47998 under=0/s short=0.0% tone=0/s skips=0 under_total=16584
[20:50:48.000] up=1:20:04 [run] fps=60 cpu=11148us render=522us blit=1567us aud=1us | ls=J/FS conn=1 sof=4800637 usb=2 rpts=288417 rfail=0 eperr=0 ints=0 | freezes=1 last=frame-pace badfps=1
[20:50:48.000] [aud] fill=4202 prod=48002/s want=48000/s srv=47997 under=0/s short=0.0% tone=0/s skips=0 under_total=16584
[20:51:48.000] up=1:21:04 [run] fps=60 cpu=11157us render=524us blit=1565us aud=1us | ls=J/FS conn=1 sof=4860642 usb=2 rpts=292026 rfail=0 eperr=0 ints=0 | freezes=1 last=frame-pace badfps=1
[20:51:48.000] [aud] fill=4183 prod=48001/s want=48000/s srv=47997 under=0/s short=0.0% tone=0/s skips=0 under_total=16584
[20:52:48.000] up=1:22:04 [run] fps=60 cpu=11161us render=479us blit=1611us aud=1us | ls=J/FS conn=1 sof=4920645 usb=2 rpts=295630 rfail=0 eperr=0 ints=0 | freezes=1 last=frame-pace badfps=1
[20:52:48.000] [aud] fill=4186 prod=48002/s want=48000/s srv=47997 under=0/s short=0.0% tone=0/s skips=0 under_total=16584
[20:53:48.000] up=1:23:04 [run] fps=60 cpu=11151us render=521us blit=1564us aud=1us | ls=J/FS conn=1 sof=4980651 usb=2 rpts=299237 rfail=0 eperr=0 ints=0 | freezes=1 last=frame-pace badfps=1
[20:53:48.000] [aud] fill=4211 prod=48001/s want=48000/s srv=47997 under=0/s short=0.0% tone=0/s skips=0 under_total=16584
[20:54:48.000] up=1:24:04 [run] fps=60 cpu=11148us render=526us blit=1586us aud=0us | ls=J/FS conn=1 sof=5040656 usb=2 rpts=302846 rfail=0 eperr=0 ints=0 | freezes=1 last=frame-pace badfps=1
[20:54:48.000] [aud] fill=4188 prod=48001/s want=48000/s srv=47997 under=0/s short=0.0% tone=0/s skips=0 under_total=16584
[20:55:48.000] up=1:25:04 [run] fps=60 cpu=11160us render=477us blit=1613us aud=0us | ls=J/FS conn=1 sof=5100659 usb=2 rpts=306451 rfail=0 eperr=0 ints=0 | freezes=1 last=frame-pace badfps=1
[20:55:48.000] [aud] fill=4188 prod=48001/s want=48000/s srv=47997 under=0/s short=0.0% tone=0/s skips=0 under_total=16584
[20:56:48.000] up=1:26:04 [run] fps=60 cpu=11164us render=523us blit=1567us aud=0us | ls=J/FS conn=1 sof=5160665 usb=2 rpts=310058 rfail=0 eperr=0 ints=0 | freezes=1 last=frame-pace badfps=1
[20:56:48.000] [aud] fill=4182 prod=48002/s want=48000/s srv=47997 under=0/s short=0.0% tone=0/s skips=0 under_total=16584
[20:57:48.000] up=1:27:04 [run] fps=60 cpu=11150us render=523us blit=1567us aud=1us | ls=J/FS conn=1 sof=5220670 usb=2 rpts=313668 rfail=0 eperr=0 ints=0 | freezes=1 last=frame-pace badfps=1
[20:57:48.000] [aud] fill=4194 prod=48001/s want=48000/s srv=47997 under=0/s short=0.0% tone=0/s skips=0 under_total=16584
[20:58:48.000] up=1:28:04 [run] fps=60 cpu=11156us render=479us blit=1614us aud=1us | ls=J/FS conn=1 sof=5280673 usb=2 rpts=317274 rfail=0 eperr=0 ints=0 | freezes=1 last=frame-pace badfps=1
[20:58:48.000] [aud] fill=4186 prod=48001/s want=48000/s srv=47997 under=0/s short=0.0% tone=0/s skips=0 under_total=16584
[20:59:48.000] up=1:29:04 [run] fps=60 cpu=11158us render=478us blit=1611us aud=1us | ls=J/FS conn=1 sof=5340678 usb=2 rpts=320881 rfail=0 eperr=0 ints=0 | freezes=1 last=frame-pace badfps=1
[20:59:48.000] [aud] fill=4178 prod=48002/s want=48000/s srv=47998 under=0/s short=0.0% tone=0/s skips=0 under_total=16584
[21:00:48.000] up=1:30:04 [run] fps=60 cpu=11154us render=478us blit=1611us aud=1us | ls=J/FS conn=1 sof=5400682 usb=2 rpts=324489 rfail=0 eperr=0 ints=0 | freezes=1 last=frame-pace badfps=1
[21:00:48.000] [aud] fill=4188 prod=48002/s want=48000/s srv=47997 under=0/s short=0.0% tone=0/s skips=0 under_total=16584
[21:01:48.000] up=1:31:04 [run] fps=60 cpu=11143us render=525us blit=1582us aud=1us | ls=J/FS conn=1 sof=5460688 usb=2 rpts=328097 rfail=0 eperr=0 ints=0 | freezes=1 last=frame-pace badfps=1
[21:01:48.000] [aud] fill=4191 prod=48001/s want=48000/s srv=47997 under=0/s short=0.0% tone=0/s skips=0 under_total=16584
[21:02:48.000] up=1:32:04 [run] fps=60 cpu=11153us render=478us blit=1611us aud=1us | ls=J/FS conn=1 sof=5520692 usb=2 rpts=331701 rfail=0 eperr=0 ints=0 | freezes=1 last=frame-pace badfps=1
[21:02:48.000] [aud] fill=4179 prod=48002/s want=48000/s srv=47997 under=0/s short=0.0% tone=0/s skips=0 under_total=16584
[21:03:48.000] up=1:33:04 [run] fps=60 cpu=11156us render=478us blit=1613us aud=1us | ls=J/FS conn=1 sof=5580696 usb=2 rpts=335312 rfail=0 eperr=0 ints=0 | freezes=1 last=frame-pace badfps=1
[21:03:48.000] [aud] fill=4186 prod=48001/s want=48000/s srv=47997 under=0/s short=0.0% tone=0/s skips=0 under_total=16584
[21:04:48.000] up=1:34:04 [run] fps=60 cpu=11146us render=479us blit=1613us aud=0us | ls=J/FS conn=1 sof=5640701 usb=2 rpts=338919 rfail=0 eperr=0 ints=0 | freezes=1 last=frame-pace badfps=1
[21:04:48.000] [aud] fill=4208 prod=48001/s want=48000/s srv=47997 under=0/s short=0.0% tone=0/s skips=0 under_total=16584
[21:05:48.000] up=1:35:05 [run] fps=60 cpu=11148us render=481us blit=1615us aud=0us | ls=J/FS conn=1 sof=5700706 usb=2 rpts=342527 rfail=0 eperr=0 ints=0 | freezes=1 last=frame-pace badfps=1
[21:05:48.000] [aud] fill=4181 prod=48001/s want=48000/s srv=47997 under=0/s short=0.0% tone=0/s skips=0 under_total=16584
[21:06:48.000] up=1:36:05 [run] fps=60 cpu=11159us render=480us blit=1610us aud=1us | ls=J/FS conn=1 sof=5760710 usb=2 rpts=346133 rfail=0 eperr=0 ints=0 | freezes=1 last=frame-pace badfps=1
[21:06:48.000] [aud] fill=4190 prod=48001/s want=48000/s srv=47997 under=0/s short=0.0% tone=0/s skips=0 under_total=16584
[21:07:48.000] up=1:37:05 [run] fps=60 cpu=11163us render=480us blit=1612us aud=1us | ls=J/FS conn=1 sof=5820715 usb=2 rpts=349741 rfail=0 eperr=0 ints=0 | freezes=1 last=frame-pace badfps=1
[21:07:48.000] [aud] fill=4182 prod=48002/s want=48000/s srv=47997 under=0/s short=0.0% tone=0/s skips=0 under_total=16584
[21:08:48.000] up=1:38:05 [run] fps=60 cpu=11150us render=479us blit=1609us aud=1us | ls=J/FS conn=1 sof=5880719 usb=2 rpts=353348 rfail=0 eperr=0 ints=0 | freezes=1 last=frame-pace badfps=1
[21:08:48.000] [aud] fill=4203 prod=48002/s want=48000/s srv=47997 under=0/s short=0.0% tone=0/s skips=0 under_total=16584
[21:09:48.000] up=1:39:05 [run] fps=60 cpu=11162us render=479us blit=1615us aud=0us | ls=J/FS conn=1 sof=5940724 usb=2 rpts=356960 rfail=0 eperr=0 ints=0 | freezes=1 last=frame-pace badfps=1
[21:09:48.000] [aud] fill=4183 prod=48003/s want=48000/s srv=47998 under=0/s short=0.0% tone=0/s skips=0 under_total=16584
[21:10:48.000] up=1:40:05 [run] fps=60 cpu=11158us render=479us blit=1612us aud=1us | ls=J/FS conn=1 sof=6000729 usb=2 rpts=360568 rfail=0 eperr=0 ints=0 | freezes=1 last=frame-pace badfps=1
[21:10:48.000] [aud] fill=4181 prod=48002/s want=48000/s srv=47998 under=0/s short=0.0% tone=0/s skips=0 under_total=16584
[21:11:48.000] up=1:41:05 [run] fps=60 cpu=11161us render=523us blit=1613us aud=1us | ls=J/FS conn=1 sof=6060733 usb=2 rpts=364176 rfail=0 eperr=0 ints=0 | freezes=1 last=frame-pace badfps=1
[21:11:48.000] [aud] fill=4189 prod=48002/s want=48000/s srv=47997 under=0/s short=0.0% tone=0/s skips=0 under_total=16584
[21:12:48.000] up=1:42:05 [run] fps=60 cpu=11152us render=524us blit=1589us aud=1us | ls=J/FS conn=1 sof=6120738 usb=2 rpts=367785 rfail=0 eperr=0 ints=0 | freezes=1 last=frame-pace badfps=1
[21:12:48.000] [aud] fill=4194 prod=48002/s want=48000/s srv=47997 under=0/s short=0.0% tone=0/s skips=0 under_total=16584
[21:13:48.000] up=1:43:05 [run] fps=60 cpu=11164us render=524us blit=1564us aud=1us | ls=J/FS conn=1 sof=6180742 usb=2 rpts=371395 rfail=0 eperr=0 ints=0 | freezes=1 last=frame-pace badfps=1
[21:13:48.000] [aud] fill=4188 prod=48001/s want=48000/s srv=47997 under=0/s short=0.0% tone=0/s skips=0 under_total=16584
[21:14:48.000] up=1:44:05 [run] fps=60 cpu=11157us render=525us blit=1567us aud=1us | ls=J/FS conn=1 sof=6240747 usb=2 rpts=375000 rfail=0 eperr=0 ints=0 | freezes=1 last=frame-pace badfps=1
[21:14:48.000] [aud] fill=4182 prod=48002/s want=48000/s srv=47997 under=0/s short=0.0% tone=0/s skips=0 under_total=16584
[21:15:48.000] up=1:45:05 [run] fps=60 cpu=11147us render=478us blit=1611us aud=0us | ls=J/FS conn=1 sof=6300751 usb=2 rpts=378604 rfail=0 eperr=0 ints=0 | freezes=1 last=frame-pace badfps=1
[21:15:48.000] [aud] fill=4203 prod=48001/s want=48000/s srv=47997 under=0/s short=0.0% tone=0/s skips=0 under_total=16584
[21:16:48.000] up=1:46:05 [run] fps=60 cpu=11149us render=480us blit=1637us aud=1us | ls=J/FS conn=1 sof=6360755 usb=2 rpts=382214 rfail=0 eperr=0 ints=0 | freezes=1 last=frame-pace badfps=1
[21:16:48.000] [aud] fill=4188 prod=48001/s want=48000/s srv=47997 under=0/s short=0.0% tone=0/s skips=0 under_total=16584
[21:17:48.000] up=1:47:05 [run] fps=60 cpu=11162us render=480us blit=1611us aud=0us | ls=J/FS conn=1 sof=6420760 usb=2 rpts=385818 rfail=0 eperr=0 ints=0 | freezes=1 last=frame-pace badfps=1
[21:17:48.000] [aud] fill=4179 prod=48002/s want=48000/s srv=47998 under=0/s short=0.0% tone=0/s skips=0 under_total=16584
[21:18:48.000] up=1:48:05 [run] fps=60 cpu=11167us render=477us blit=1612us aud=1us | ls=J/FS conn=1 sof=6480765 usb=2 rpts=389427 rfail=0 eperr=0 ints=0 | freezes=1 last=frame-pace badfps=1
[21:18:48.000] [aud] fill=4174 prod=48003/s want=48000/s srv=47998 under=0/s short=0.0% tone=0/s skips=0 under_total=16584
[21:19:48.000] up=1:49:05 [run] fps=60 cpu=11150us render=479us blit=1609us aud=1us | ls=J/FS conn=1 sof=6540769 usb=2 rpts=393034 rfail=0 eperr=0 ints=0 | freezes=1 last=frame-pace badfps=1
[21:19:48.000] [aud] fill=4199 prod=48002/s want=48000/s srv=47997 under=0/s short=0.0% tone=0/s skips=0 under_total=16584
[21:20:48.000] up=1:50:05 [run] fps=60 cpu=11162us render=478us blit=1613us aud=0us | ls=J/FS conn=1 sof=6600774 usb=2 rpts=396641 rfail=0 eperr=0 ints=0 | freezes=1 last=frame-pace badfps=1
[21:20:48.000] [aud] fill=4178 prod=48002/s want=48000/s srv=47998 under=0/s short=0.0% tone=0/s skips=0 under_total=16584
[21:21:48.000] up=1:51:05 [run] fps=60 cpu=11157us render=479us blit=1612us aud=0us | ls=J/FS conn=1 sof=6660778 usb=2 rpts=400251 rfail=0 eperr=0 ints=0 | freezes=1 last=frame-pace badfps=1
[21:21:48.000] [aud] fill=4186 prod=48001/s want=48000/s srv=47997 under=0/s short=0.0% tone=0/s skips=0 under_total=16584
[21:22:48.000] up=1:52:05 [run] fps=60 cpu=11158us render=479us blit=1611us aud=1us | ls=J/FS conn=1 sof=6720783 usb=2 rpts=403857 rfail=0 eperr=0 ints=0 | freezes=1 last=frame-pace badfps=1
[21:22:48.000] [aud] fill=4196 prod=48002/s want=48000/s srv=47997 under=0/s short=0.0% tone=0/s skips=0 under_total=16584
[21:23:48.000] up=1:53:05 [run] fps=60 cpu=11151us render=476us blit=1643us aud=1us | ls=J/FS conn=1 sof=6780788 usb=2 rpts=407464 rfail=0 eperr=0 ints=0 | freezes=1 last=frame-pace badfps=1
[21:23:48.000] [aud] fill=4189 prod=48001/s want=48000/s srv=47997 under=0/s short=0.0% tone=0/s skips=0 under_total=16584
[21:24:48.000] up=1:54:05 [run] fps=60 cpu=11172us render=479us blit=1614us aud=1us | ls=J/FS conn=1 sof=6840792 usb=2 rpts=411070 rfail=0 eperr=0 ints=0 | freezes=1 last=frame-pace badfps=1
[21:24:48.000] [aud] fill=4186 prod=48001/s want=48000/s srv=47997 under=0/s short=0.0% tone=0/s skips=0 under_total=16584
[21:25:48.000] up=1:55:05 [run] fps=60 cpu=11162us render=478us blit=1611us aud=1us | ls=J/FS conn=1 sof=6900797 usb=2 rpts=414680 rfail=0 eperr=0 ints=0 | freezes=1 last=frame-pace badfps=1
[21:25:48.000] [aud] fill=4179 prod=48001/s want=48000/s srv=47997 under=0/s short=0.0% tone=0/s skips=0 under_total=16584
[21:26:48.000] up=1:56:05 [run] fps=60 cpu=11198us render=478us blit=1608us aud=1us | ls=J/FS conn=1 sof=6960801 usb=2 rpts=418283 rfail=0 eperr=0 ints=0 | freezes=1 last=frame-pace badfps=1
[21:26:48.000] [aud] fill=4228 prod=48000/s want=48000/s srv=47996 under=0/s short=0.0% tone=0/s skips=0 under_total=16584
=== CoCo Zero soak log, interval 60s, clock 2026-10-05 21:27:27 from kept
=== DATE 2026-10-05
XRoar on RP2350-PiZero (soak log) fw=v0.7.2-292-gd3ec182-dirty env=pizero_stream_60 boot=watchdog-reboot freezes=2 last=frame-pace
=== DATE 2026-10-05
[21:27:28.000] up=0:00:04 [run] fps=1 cpu=10231us render=867us blit=1533us aud=2us | ls=J/FS conn=1 sof=279 usb=0 rpts=0 rfail=0 eperr=0 ints=0 | freezes=2 last=frame-pace badfps=1
[21:27:28.000] [aud] fill=800 prod=174/s want=48000/s srv=48000 under=2921/s short=6.0% tone=0/s skips=0 under_total=13361
[21:28:28.000] up=0:01:04 [run] fps=60 cpu=11152us render=479us blit=1613us aud=1us | ls=J/FS conn=1 sof=60280 usb=2 rpts=3396 rfail=0 eperr=0 ints=0 | freezes=2 last=frame-pace badfps=1
[21:28:28.000] [aud] fill=4190 prod=48002/s want=48000/s srv=47997 under=0/s short=0.0% tone=0/s skips=0 under_total=16649
[21:29:28.000] up=0:02:04 [run] fps=60 cpu=11150us render=480us blit=1613us aud=0us | ls=J/FS conn=1 sof=120284 usb=2 rpts=7001 rfail=0 eperr=0 ints=0 | freezes=2 last=frame-pace badfps=1
[21:29:28.000] [aud] fill=4228 prod=48000/s want=48000/s srv=47996 under=0/s short=0.0% tone=0/s skips=0 under_total=16649
[21:30:28.000] up=0:03:04 [run] fps=60 cpu=11149us render=481us blit=1624us aud=1us | ls=J/FS conn=1 sof=180289 usb=2 rpts=10613 rfail=0 eperr=0 ints=0 | freezes=2 last=frame-pace badfps=1
[21:30:28.000] [aud] fill=4188 prod=48002/s want=48000/s srv=47997 under=0/s short=0.0% tone=0/s skips=0 under_total=16649
[21:31:28.000] up=0:04:04 [run] fps=60 cpu=11154us render=477us blit=1614us aud=1us | ls=J/FS conn=1 sof=240293 usb=2 rpts=14224 rfail=0 eperr=0 ints=0 | freezes=2 last=frame-pace badfps=1
[21:31:28.000] [aud] fill=4189 prod=48002/s want=48000/s srv=47997 under=0/s short=0.0% tone=0/s skips=0 under_total=16649
[21:32:28.000] up=0:05:04 [run] fps=60 cpu=11161us render=479us blit=1624us aud=1us | ls=J/FS conn=1 sof=300298 usb=2 rpts=17833 rfail=0 eperr=0 ints=0 | freezes=2 last=frame-pace badfps=1
[21:32:28.000] [aud] fill=4182 prod=48003/s want=48000/s srv=47998 under=0/s short=0.0% tone=0/s skips=0 under_total=16649
[21:33:28.000] up=0:06:04 [run] fps=60 cpu=11146us render=480us blit=1608us aud=0us | ls=J/FS conn=1 sof=360303 usb=2 rpts=21441 rfail=0 eperr=0 ints=0 | freezes=2 last=frame-pace badfps=1
[21:33:28.000] [aud] fill=4189 prod=48001/s want=48000/s srv=47997 under=0/s short=0.0% tone=0/s skips=0 under_total=16649
[21:34:28.000] up=0:07:04 [run] fps=60 cpu=11196us render=480us blit=1610us aud=1us | ls=J/FS conn=1 sof=420307 usb=2 rpts=25047 rfail=0 eperr=0 ints=0 | freezes=2 last=frame-pace badfps=1
[21:34:28.000] [aud] fill=4189 prod=48002/s want=48000/s srv=47997 under=0/s short=0.0% tone=0/s skips=0 under_total=16649
[21:35:28.000] up=0:08:04 [run] fps=60 cpu=11153us render=524us blit=1613us aud=1us | ls=J/FS conn=1 sof=480312 usb=2 rpts=28654 rfail=0 eperr=0 ints=0 | freezes=2 last=frame-pace badfps=1
[21:35:28.000] [aud] fill=4182 prod=48001/s want=48000/s srv=47997 under=0/s short=0.0% tone=0/s skips=0 under_total=16649
[21:36:28.000] up=0:09:04 [run] fps=60 cpu=11147us render=522us blit=1566us aud=0us | ls=J/FS conn=1 sof=540316 usb=2 rpts=32263 rfail=0 eperr=0 ints=0 | freezes=2 last=frame-pace badfps=1
[21:36:28.000] [aud] fill=4187 prod=48001/s want=48000/s srv=47997 under=0/s short=0.0% tone=0/s skips=0 under_total=16649
[21:37:28.000] up=0:10:04 [run] fps=60 cpu=11140us render=524us blit=1580us aud=1us | ls=J/FS conn=1 sof=600321 usb=2 rpts=35873 rfail=0 eperr=0 ints=0 | freezes=2 last=frame-pace badfps=1
[21:37:28.000] [aud] fill=4191 prod=48002/s want=48000/s srv=47997 under=0/s short=0.0% tone=0/s skips=0 under_total=16649
[21:38:28.000] up=0:11:04 [run] fps=60 cpu=11148us render=524us blit=1568us aud=0us | ls=J/FS conn=1 sof=660326 usb=2 rpts=39483 rfail=0 eperr=0 ints=0 | freezes=2 last=frame-pace badfps=1
[21:38:28.000] [aud] fill=4182 prod=48001/s want=48000/s srv=47997 under=0/s short=0.0% tone=0/s skips=0 under_total=16649
[21:39:28.000] up=0:12:04 [run] fps=60 cpu=11153us render=478us blit=1615us aud=1us | ls=J/FS conn=1 sof=720329 usb=2 rpts=43092 rfail=0 eperr=0 ints=0 | freezes=2 last=frame-pace badfps=1
[21:39:28.000] [aud] fill=4187 prod=48001/s want=48000/s srv=47997 under=0/s short=0.0% tone=0/s skips=0 under_total=16649
[21:40:28.000] up=0:13:04 [run] fps=60 cpu=11140us render=525us blit=1563us aud=1us | ls=J/FS conn=1 sof=780335 usb=2 rpts=46697 rfail=0 eperr=0 ints=0 | freezes=2 last=frame-pace badfps=1
[21:40:28.000] [aud] fill=4212 prod=48002/s want=48000/s srv=47997 under=0/s short=0.0% tone=0/s skips=0 under_total=16649
[21:41:28.000] up=0:14:04 [run] fps=60 cpu=11144us render=481us blit=1622us aud=1us | ls=J/FS conn=1 sof=840339 usb=2 rpts=50305 rfail=0 eperr=0 ints=0 | freezes=2 last=frame-pace badfps=1
[21:41:28.000] [aud] fill=4183 prod=48001/s want=48000/s srv=47997 under=0/s short=0.0% tone=0/s skips=0 under_total=16649
[21:42:28.000] up=0:15:04 [run] fps=60 cpu=11151us render=477us blit=1613us aud=1us | ls=J/FS conn=1 sof=900343 usb=2 rpts=53916 rfail=0 eperr=0 ints=0 | freezes=2 last=frame-pace badfps=1
[21:42:28.000] [aud] fill=4189 prod=48001/s want=48000/s srv=47997 under=0/s short=0.0% tone=0/s skips=0 under_total=16649
[21:43:28.000] up=0:16:04 [run] fps=60 cpu=11152us render=478us blit=1615us aud=1us | ls=J/FS conn=1 sof=960348 usb=2 rpts=57528 rfail=0 eperr=0 ints=0 | freezes=2 last=frame-pace badfps=1
[21:43:28.000] [aud] fill=4181 prod=48002/s want=48000/s srv=47998 under=0/s short=0.0% tone=0/s skips=0 under_total=16649
[21:44:28.000] up=0:17:04 [run] fps=60 cpu=11188us render=478us blit=1610us aud=0us | ls=J/FS conn=1 sof=1020352 usb=2 rpts=61134 rfail=0 eperr=0 ints=0 | freezes=2 last=frame-pace badfps=1
[21:44:28.000] [aud] fill=4206 prod=48002/s want=48000/s srv=47997 under=0/s short=0.0% tone=0/s skips=0 under_total=16649
[21:45:28.000] up=0:18:04 [run] fps=60 cpu=11153us render=479us blit=1614us aud=1us | ls=J/FS conn=1 sof=1080357 usb=2 rpts=64746 rfail=0 eperr=0 ints=0 | freezes=2 last=frame-pace badfps=1
[21:45:28.000] [aud] fill=4182 prod=48001/s want=48000/s srv=47998 under=0/s short=0.0% tone=0/s skips=0 under_total=16649
[21:46:28.000] up=0:19:04 [run] fps=60 cpu=10710us render=199us blit=1617us aud=0us | ls=J/FS conn=1 sof=1140385 usb=2 rpts=68354 rfail=0 eperr=0 ints=0 | freezes=2 last=frame-pace badfps=4
[21:46:28.000] [aud] fill=2946 prod=48046/s want=48000/s srv=48035 under=0/s short=0.0% tone=0/s skips=0 under_total=16649
